STATEFIP,YEAR,QUARTER,bartik_shock
1,1978,1,0.04011112797100969
1,1978,2,0.05042676676164463
1,1978,3,0.043714322455917186
1,1978,4,0.04891251925498634
1,1979,1,0.05119411925813241
1,1979,2,0.03998328092632192
1,1979,3,0.033712979215368324
1,1979,4,0.026435046515189405
1,1980,1,0.020630644774313346
1,1980,2,0.005633221070627549
1,1980,3,-0.005443332591530589
1,1980,4,0.0004474657236208173
1,1981,1,0.003763124168751898
1,1981,2,0.01421275504432674
1,1981,3,0.020579333089319946
1,1981,4,0.009654449004879329
1,1982,1,-0.0035582715897631767
1,1982,2,-0.016057338612628366
1,1982,3,-0.02704810595660422
1,1982,4,-0.02793537349384984
1,1983,1,-0.02100969371438674
1,1983,2,-0.004750246750635497
1,1983,3,0.015245712639937115
1,1983,4,0.040024919036865086
1,1984,1,0.05291430635619419
1,1984,2,0.05637539494762272
1,1984,3,0.052694037891927704
1,1984,4,0.046646446459188376
1,1985,1,0.03900684402636454
1,1985,2,0.03469215104593178
1,1985,3,0.027872588647798728
1,1985,4,0.026816664333153304
1,1986,1,0.02316371753456955
1,1986,2,0.01905035996752262
1,1986,3,0.017714711361595657
1,1986,4,0.019339218574355582
1,1987,1,0.022023960197190946
1,1987,2,0.02446668130316657
1,1987,3,0.028466195601400138
1,1987,4,0.032319141421846546
1,1988,1,0.03380837019481916
1,1988,2,0.035056321237925465
1,1988,3,0.03497331286519508
1,1988,4,0.033188809763823234
1,1989,1,0.03160789013718859
1,1989,2,0.028584197665777147
1,1989,3,0.023914097611805313
1,1989,4,0.018907634607800254
1,1990,1,0.01771160712364815
1,1990,2,0.012810838527164218
1,1990,3,0.007389990119513623
1,1990,4,0.0017553888283950712
1,1991,1,-0.010611173583742577
1,1991,2,-0.016868320440895264
1,1991,3,-0.01672242773815155
1,1991,4,-0.011447681941425886
1,1992,1,-0.00797824971098693
1,1992,2,0.0005003817406926197
1,1992,3,0.0017581269284414288
1,1992,4,0.006982865892292262
1,1993,1,0.014078650907720704
1,1993,2,0.016115595972410544
1,1993,3,0.021738420709533756
1,1993,4,0.024985209278035058
1,1994,1,0.0277654120384814
1,1994,2,0.03260469067038043
1,1994,3,0.03437583705781038
1,1994,4,0.03504971522581449
1,1995,1,0.037160904151910576
1,1995,2,0.030459802758973035
1,1995,3,0.022710508802055822
1,1995,4,0.01934953991171682
1,1996,1,0.017856965952334106
1,1996,2,0.020025501012434496
1,1996,3,0.020271315053712376
1,1996,4,0.02260157974555023
1,1997,1,0.02521398186713286
1,1997,2,0.02655498895751382
1,1997,3,0.025473128549987366
1,1997,4,0.026703373885475275
1,1998,1,0.02839791023215778
1,1998,2,0.027051213402750355
1,1998,3,0.025324474731104607
1,1998,4,0.023278078803682038
1,1999,1,0.023622328993089987
1,1999,2,0.02241577077132851
1,1999,3,0.02150257467129039
1,1999,4,0.023829530134894233
1,2000,1,0.023173470866787834
1,2000,2,0.021904869002121158
1,2000,3,0.0182556322338699
1,2000,4,0.01527629223521219
1,2001,1,0.010321877920200966
1,2001,2,0.0012884764090781288
1,2001,3,-0.006431669487004295
1,2001,4,-0.017569100264983865
1,2002,1,-0.021696870243193465
1,2002,2,-0.018172667393151726
1,2002,3,-0.013869338429246895
1,2002,4,-0.008181641188071966
1,2003,1,-0.006751508761118412
1,2003,2,-0.007166213922577492
1,2003,3,-0.005574708669003964
1,2003,4,-0.0022445742977182
1,2004,1,0.0027222127617721257
1,2004,2,0.01024068461370812
1,2004,3,0.014265292565055524
1,2004,4,0.016706199258541457
1,2005,1,0.0172549916757757
1,2005,2,0.017451374033084922
1,2005,3,0.01921359956683972
1,2005,4,0.020097509945244462
1,2006,1,0.023112544601446117
1,2006,2,0.019466385218535935
1,2006,3,0.0172202990971849
1,2006,4,0.013339368389094301
1,2007,1,0.009664827118912388
1,2007,2,0.009640144727994841
1,2007,3,0.008793532694152999
1,2007,4,0.0068438409829985865
1,2008,1,0.0017483040336342683
1,2008,2,-0.00626485407902488
1,2008,3,-0.010482344623486779
1,2008,4,-0.023350291158544697
1,2009,1,-0.03946285749963017
1,2009,2,-0.05429230187985191
1,2009,3,-0.06080581559644816
1,2009,4,-0.04794754324290958
1,2010,1,-0.03162930744277019
1,2010,2,-0.011579664193024575
1,2010,3,-0.0024174802972445984
1,2010,4,0.0058464524021929485
1,2011,1,0.011903825405122515
1,2011,2,0.014634214485731389
1,2011,3,0.018069649843895426
1,2011,4,0.017863886024479105
1,2012,1,0.020982823220665615
1,2012,2,0.02044154767442364
1,2012,3,0.019265342151232285
1,2012,4,0.01721884976329503
1,2013,1,0.014753498996064037
1,2013,2,0.01592194630766835
1,2013,3,0.017887543551628988
1,2013,4,0.019516000740392534
1,2014,1,0.017017362945095833
1,2014,2,0.01962344869956703
1,2014,3,0.021512808958360222
1,2014,4,0.022155846347427198
1,2015,1,0.02329204825690713
1,2015,2,0.02204476452054194
1,2015,3,0.020878453211613385
1,2015,4,0.02085613942028212
1,2016,1,0.019034355861167137
1,2016,2,0.015530322536116515
1,2016,3,0.01564548412870971
1,2016,4,0.015974711499967816
1,2017,1,0.016071935093967305
1,2017,2,0.015283168214079683
1,2017,3,0.013800737108032741
1,2017,4,0.014215163187535665
1,2018,1,0.015917369738293066
1,2018,2,0.018296483956915185
1,2018,3,0.017615369438964912
1,2018,4,0.016668378882982542
1,2019,1,0.01459854325893978
1,2019,2,0.012612856886236349
1,2019,3,0.011941426851886969
1,2019,4,0.011336289762556583
1,2020,1,0.010220430640109546
1,2020,2,-0.08783239100428238
1,2020,3,-0.05075331729610881
1,2020,4,-0.03984357071687469
1,2021,1,-0.03355258619511801
1,2021,2,0.07187475886027823
1,2021,3,0.03817542111739774
1,2021,4,0.036491943366552
1,2022,1,0.038205901108006354
1,2022,2,0.0380956843579393
1,2022,3,0.03608061398604603
1,2022,4,0.02893636515790081
1,2023,1,0.024260656862114496
1,2023,2,0.019715327467499988
1,2023,3,0.016454793525749946
1,2023,4,0.012908369918127521
1,2024,1,0.011898052852435007
1,2024,2,0.010451028016035663
1,2024,3,0.008857806777439558
1,2024,4,0.007429302745171893
1,2025,1,0.0053623078487210225
1,2025,2,0.003976727593045366
1,2025,3,0.0038290055429896688
1,2025,4,0.0019096014773841746
2,1978,1,0.04969708374064814
2,1978,2,0.057699408790952166
2,1978,3,0.05316936915579324
2,1978,4,0.05485854312715448
2,1979,1,0.058459431052517954
2,1979,2,0.03944467680816828
2,1979,3,0.03687158926464339
2,1979,4,0.03325385868574515
2,1980,1,0.028823037231735422
2,1980,2,0.018586606198561093
2,1980,3,0.010646138473076588
2,1980,4,0.011812202851955927
2,1981,1,0.011638853314555947
2,1981,2,0.013300700098648068
2,1981,3,0.01962690572061943
2,1981,4,0.010855868538106016
2,1982,1,0.004492193403851622
2,1982,2,-0.002180048156320057
2,1982,3,-0.01683671207517754
2,1982,4,-0.016449529852563493
2,1983,1,-0.010848852302809704
2,1983,2,-0.0018723883393128374
2,1983,3,0.016440874925762027
2,1983,4,0.036089753570518565
2,1984,1,0.047195416593999846
2,1984,2,0.0543711481840328
2,1984,3,0.055409449800193085
2,1984,4,0.05043719291575538
2,1985,1,0.04289000394855457
2,1985,2,0.0411652511316297
2,1985,3,0.037406708770368835
2,1985,4,0.03402810570634234
2,1986,1,0.030147398583156088
2,1986,2,0.023374216616655417
2,1986,3,0.020711863163885014
2,1986,4,0.019174601363566402
2,1987,1,0.02143293133010913
2,1987,2,0.029536819942871956
2,1987,3,0.0321257584652543
2,1987,4,0.03469445153300651
2,1988,1,0.036215571466578195
2,1988,2,0.036460816858375565
2,1988,3,0.03602176356030404
2,1988,4,0.0339820803591059
2,1989,1,0.03403203906846368
2,1989,2,0.030061584343685492
2,1989,3,0.026140341495366093
2,1989,4,0.024620851052722548
2,1990,1,0.024777846767342362
2,1990,2,0.022262431465901365
2,1990,3,0.015903535923099416
2,1990,4,0.009253788136433398
2,1991,1,0.0004198438298237849
2,1991,2,-0.008139078707863344
2,1991,3,-0.010334112671063102
2,1991,4,-0.008346287538676335
2,1992,1,-0.002457805232423979
2,1992,2,0.0017891479192230519
2,1992,3,0.002263083470058014
2,1992,4,0.009337213503445121
2,1993,1,0.017010729294458005
2,1993,2,0.01950759105533101
2,1993,3,0.024679204756578844
2,1993,4,0.028852145150775835
2,1994,1,0.029856756547486363
2,1994,2,0.03257869143665896
2,1994,3,0.035839186234997836
2,1994,4,0.03814224548664185
2,1995,1,0.03670181020842179
2,1995,2,0.030150519438412685
2,1995,3,0.024280819772414062
2,1995,4,0.0220144375026428
2,1996,1,0.020264314244306723
2,1996,2,0.0239571190197699
2,1996,3,0.02631100180024192
2,1996,4,0.02652024226048927
2,1997,1,0.02787544929197492
2,1997,2,0.028543090887077197
2,1997,3,0.02703897715326915
2,1997,4,0.029516647525669303
2,1998,1,0.02918429908614145
2,1998,2,0.027579301224356777
2,1998,3,0.02996027819394959
2,1998,4,0.02616580773053553
2,1999,1,0.027697064598235486
2,1999,2,0.02918021016606791
2,1999,3,0.028526448343041935
2,1999,4,0.028897290050399968
2,2000,1,0.027289739739841556
2,2000,2,0.026307529806197796
2,2000,3,0.022677271139999886
2,2000,4,0.01850426823552654
2,2001,1,0.014876803950863179
2,2001,2,0.008872683067821567
2,2001,3,0.004659327928899605
2,2001,4,-0.0026875532351990977
2,2002,1,-0.00809567229569919
2,2002,2,-0.005800754737942664
2,2002,3,-0.005553740606849324
2,2002,4,0.0011354981817184662
2,2003,1,0.00035213733402733214
2,2003,2,0.0006697477309246811
2,2003,3,0.0015666424194966618
2,2003,4,0.005234330189127075
2,2004,1,0.008317559298947091
2,2004,2,0.014648616588017183
2,2004,3,0.017441888359570123
2,2004,4,0.01900285767130526
2,2005,1,0.01937490413984965
2,2005,2,0.019844428670880196
2,2005,3,0.023965066969240324
2,2005,4,0.024790694087399517
2,2006,1,0.026725637290238722
2,2006,2,0.024112732700168345
2,2006,3,0.021162753443436363
2,2006,4,0.0190924395482679
2,2007,1,0.017153737032892028
2,2007,2,0.015011556377361752
2,2007,3,0.01221125461093724
2,2007,4,0.011782477578957253
2,2008,1,0.00893831341057085
2,2008,2,-0.0002673503518968032
2,2008,3,-0.005300960525278202
2,2008,4,-0.01864824907862882
2,2009,1,-0.035627787794280115
2,2009,2,-0.05135964698206569
2,2009,3,-0.05614611356083211
2,2009,4,-0.047165228405801486
2,2010,1,-0.027999541984003284
2,2010,2,-0.008778822551300147
2,2010,3,-0.0008718130081014243
2,2010,4,0.008899980641020443
2,2011,1,0.012218826400267628
2,2011,2,0.014382572577826182
2,2011,3,0.018568090216870885
2,2011,4,0.0191414577146392
2,2012,1,0.023670646063306492
2,2012,2,0.019138343654483258
2,2012,3,0.017515347319749176
2,2012,4,0.017131122119543513
2,2013,1,0.015783895877730887
2,2013,2,0.016955440573383274
2,2013,3,0.01821009486236444
2,2013,4,0.0195380798671034
2,2014,1,0.018451567021135262
2,2014,2,0.01954613347630037
2,2014,3,0.022697207248223085
2,2014,4,0.02400398681469476
2,2015,1,0.024284126295798104
2,2015,2,0.022233146795164974
2,2015,3,0.020528460676149628
2,2015,4,0.017303851179406474
2,2016,1,0.015757557200978118
2,2016,2,0.014145165862826476
2,2016,3,0.015087570365706847
2,2016,4,0.01302719449632372
2,2017,1,0.01558481177482459
2,2017,2,0.018059605391493896
2,2017,3,0.016859803184669644
2,2017,4,0.016537585888182285
2,2018,1,0.015857520622702376
2,2018,2,0.019729687044551678
2,2018,3,0.017876647772923325
2,2018,4,0.016801742079908363
2,2019,1,0.015875777531325172
2,2019,2,0.01377118215065986
2,2019,3,0.012790873447390562
2,2019,4,0.011793839013732332
2,2020,1,0.011249099381706342
2,2020,2,-0.08513831652316321
2,2020,3,-0.051555629917546995
2,2020,4,-0.0436390800948437
2,2021,1,-0.038370308392261854
2,2021,2,0.07194084690751108
2,2021,3,0.04071460402054532
2,2021,4,0.03837341231034876
2,2022,1,0.03958466651248613
2,2022,2,0.0382526441404141
2,2022,3,0.03746736492748358
2,2022,4,0.030859824273910808
2,2023,1,0.025965993031920435
2,2023,2,0.021654559290468472
2,2023,3,0.01797272362344919
2,2023,4,0.01729206580977397
2,2024,1,0.015241117714980676
2,2024,2,0.01497846005861687
2,2024,3,0.010921451969470657
2,2024,4,0.011718392032222271
2,2025,1,0.009354732924543193
2,2025,2,0.007536195679968039
2,2025,3,0.005518858973440508
2,2025,4,0.002614485877707843
4,1978,1,0.04609151223254125
4,1978,2,0.054564225598113615
4,1978,3,0.050269757567355466
4,1978,4,0.05258103955715085
4,1979,1,0.05579503487457352
4,1979,2,0.04376070914303152
4,1979,3,0.03657231524723646
4,1979,4,0.03187627771062495
4,1980,1,0.027677845741739655
4,1980,2,0.011265276308934348
4,1980,3,0.002624642323632806
4,1980,4,0.004629527021641764
4,1981,1,0.008754667767891695
4,1981,2,0.015900158994918267
4,1981,3,0.021956609772954046
4,1981,4,0.011468983499876831
4,1982,1,-0.0007375234438284353
4,1982,2,-0.00955715524072474
4,1982,3,-0.023630095324128658
4,1982,4,-0.026548460074779727
4,1983,1,-0.01529447671213228
4,1983,2,-0.0022187576743126726
4,1983,3,0.017426317298080085
4,1983,4,0.03976165188363394
4,1984,1,0.05310786789292989
4,1984,2,0.058133067464858246
4,1984,3,0.05545747195483014
4,1984,4,0.05140618729895928
4,1985,1,0.04516791478564078
4,1985,2,0.04224652189908561
4,1985,3,0.03687905981126052
4,1985,4,0.03284561935337415
4,1986,1,0.027879648107148953
4,1986,2,0.024479458461811873
4,1986,3,0.02384186869513624
4,1986,4,0.02004592966559206
4,1987,1,0.025423779328193317
4,1987,2,0.029662938606156836
4,1987,3,0.03138399645874381
4,1987,4,0.03358708003976573
4,1988,1,0.03426035871946328
4,1988,2,0.03577125283812315
4,1988,3,0.035733141723443856
4,1988,4,0.03307321883919846
4,1989,1,0.034192339871028134
4,1989,2,0.02923657413135322
4,1989,3,0.026282866875813514
4,1989,4,0.021881842269870378
4,1990,1,0.020089143120354192
4,1990,2,0.016266451830463158
4,1990,3,0.009335457996219189
4,1990,4,0.0035434448193601346
4,1991,1,-0.004747341809489354
4,1991,2,-0.012999122179700392
4,1991,3,-0.015263801536781337
4,1991,4,-0.011689255910935089
4,1992,1,-0.005190410479713487
4,1992,2,0.0007374930150071201
4,1992,3,0.004294050324963911
4,1992,4,0.009728973057144331
4,1993,1,0.015445853104858218
4,1993,2,0.019748386699152937
4,1993,3,0.024953014749035666
4,1993,4,0.028888415413637375
4,1994,1,0.029669565628679086
4,1994,2,0.03452874986751147
4,1994,3,0.037082125013800524
4,1994,4,0.0385011164059738
4,1995,1,0.03902247002769242
4,1995,2,0.029998301505636937
4,1995,3,0.025052812668177625
4,1995,4,0.02208553697832734
4,1996,1,0.02003565668300188
4,1996,2,0.02488945077877864
4,1996,3,0.027625565954553084
4,1996,4,0.02828607827428372
4,1997,1,0.03054145818783814
4,1997,2,0.030751102817532724
4,1997,3,0.028913129869233396
4,1997,4,0.030396571275916526
4,1998,1,0.03128736443503534
4,1998,2,0.030734253388838607
4,1998,3,0.029647519486232215
4,1998,4,0.028482073831122615
4,1999,1,0.026534207305264304
4,1999,2,0.02765602687496172
4,1999,3,0.026299407762576072
4,1999,4,0.027808074667708307
4,2000,1,0.026354940822459632
4,2000,2,0.023699608194991246
4,2000,3,0.019956849056498863
4,2000,4,0.016255696455255656
4,2001,1,0.011977766596527727
4,2001,2,0.003930021312394644
4,2001,3,-0.00235577944637796
4,2001,4,-0.009191709363986132
4,2002,1,-0.01205321714595325
4,2002,2,-0.016190087366133123
4,2002,3,-0.009687437139549502
4,2002,4,-0.0020411127324443746
4,2003,1,-0.0009289966633000633
4,2003,2,-0.003632413889000126
4,2003,3,-0.002362589074817402
4,2003,4,0.0017045488036534116
4,2004,1,0.006117676309548482
4,2004,2,0.012229079482239887
4,2004,3,0.015272900441456903
4,2004,4,0.017647515063622606
4,2005,1,0.018388404218157076
4,2005,2,0.018648270223347585
4,2005,3,0.02224166062714477
4,2005,4,0.022231688349436514
4,2006,1,0.02378264058307416
4,2006,2,0.02146644470540254
4,2006,3,0.01870520206073747
4,2006,4,0.01560156753843931
4,2007,1,0.012470783347880493
4,2007,2,0.011023142542439851
4,2007,3,0.008982519699365404
4,2007,4,0.006657869733188451
4,2008,1,0.003030111752497792
4,2008,2,-0.005065209043278253
4,2008,3,-0.012943884007229014
4,2008,4,-0.02921247847909393
4,2009,1,-0.04773442873958877
4,2009,2,-0.060451210293270795
4,2009,3,-0.060407559067236
4,2009,4,-0.04734355036791045
4,2010,1,-0.030836845592271483
4,2010,2,-0.011274149247072957
4,2010,3,-0.00019912500091339626
4,2010,4,0.008302049020646272
4,2011,1,0.013386353456606442
4,2011,2,0.013788514207015143
4,2011,3,0.01781719986597714
4,2011,4,0.018472984985683942
4,2012,1,0.023667361780072758
4,2012,2,0.020466295777064866
4,2012,3,0.018988088082693044
4,2012,4,0.018648633712014365
4,2013,1,0.015187489806535184
4,2013,2,0.018597683395168294
4,2013,3,0.019099211939716833
4,2013,4,0.019985185873093073
4,2014,1,0.01939939362843633
4,2014,2,0.02080351997101398
4,2014,3,0.022156957420566743
4,2014,4,0.02235299522535617
4,2015,1,0.024074954568093557
4,2015,2,0.023407195386309268
4,2015,3,0.022105085836234425
4,2015,4,0.021829572086245842
4,2016,1,0.019949207517900927
4,2016,2,0.018541675115956103
4,2016,3,0.017832190823521592
4,2016,4,0.01651826498066024
4,2017,1,0.017238429838914302
4,2017,2,0.01722875196541517
4,2017,3,0.014891927679323312
4,2017,4,0.014543366856884427
4,2018,1,0.015336729163186468
4,2018,2,0.017284495834212245
4,2018,3,0.016179932429689715
4,2018,4,0.016673091217407992
4,2019,1,0.014929611087076624
4,2019,2,0.012754155980512551
4,2019,3,0.0133886836908722
4,2019,4,0.01235252040226362
4,2020,1,0.00986499813545734
4,2020,2,-0.09335498487858046
4,2020,3,-0.05177141747128543
4,2020,4,-0.03927226971333844
4,2021,1,-0.03515468003810909
4,2021,2,0.07640964074162818
4,2021,3,0.039183330376397534
4,2021,4,0.035616251770710046
4,2022,1,0.04151836753414277
4,2022,2,0.04200337600761184
4,2022,3,0.03862835912095758
4,2022,4,0.03135355673625106
4,2023,1,0.02373135402912212
4,2023,2,0.020161554610846642
4,2023,3,0.015300988485383863
4,2023,4,0.013553307138539535
4,2024,1,0.011348343657990097
4,2024,2,0.011631057503175701
4,2024,3,0.00945635610129926
4,2024,4,0.008783515749219439
4,2025,1,0.008465553951080283
4,2025,2,0.006379594781298507
4,2025,3,0.004401793864858291
4,2025,4,0.0038405185492645455
5,1978,1,0.04555891374999985
5,1978,2,0.051973045296633436
5,1978,3,0.048385756541488065
5,1978,4,0.05034170527776302
5,1979,1,0.05099064059543971
5,1979,2,0.03994255295126979
5,1979,3,0.034109288892127
5,1979,4,0.026413081514787762
5,1980,1,0.02016664667926099
5,1980,2,0.0044167567395102195
5,1980,3,-0.005201160087494605
5,1980,4,0.0019443822381928037
5,1981,1,0.0018828229081316616
5,1981,2,0.014107752379491287
5,1981,3,0.01953126292216751
5,1981,4,0.007261324092259533
5,1982,1,-0.004270567283304595
5,1982,2,-0.015349302827643668
5,1982,3,-0.024352673974363824
5,1982,4,-0.025678337868205857
5,1983,1,-0.01638130484197247
5,1983,2,-0.00057789259984031
5,1983,3,0.019234603339885706
5,1983,4,0.040412688416076196
5,1984,1,0.05323225216173848
5,1984,2,0.05568630096329824
5,1984,3,0.054074739857907415
5,1984,4,0.049836721553208924
5,1985,1,0.04080078782048785
5,1985,2,0.035678974338520845
5,1985,3,0.03116051734055239
5,1985,4,0.026219202634868734
5,1986,1,0.026108669965157337
5,1986,2,0.021700374384078697
5,1986,3,0.020198373189043127
5,1986,4,0.019394638275234348
5,1987,1,0.023450787878781885
5,1987,2,0.02567036485859882
5,1987,3,0.029426050661162575
5,1987,4,0.032201912793989367
5,1988,1,0.03272028536677314
5,1988,2,0.03507513045984026
5,1988,3,0.03403459102783881
5,1988,4,0.030454826111687417
5,1989,1,0.030969641574385535
5,1989,2,0.028316294840608068
5,1989,3,0.02344116427249763
5,1989,4,0.01804761637407439
5,1990,1,0.017815261821877277
5,1990,2,0.013090342175611126
5,1990,3,0.007626430901354618
5,1990,4,0.0017922196086307247
5,1991,1,-0.0062870366749988495
5,1991,2,-0.014963895325872528
5,1991,3,-0.01404093352366535
5,1991,4,-0.011251015195275825
5,1992,1,-0.006161515123065326
5,1992,2,0.0008031384618121002
5,1992,3,0.001140715873456892
5,1992,4,0.005725379839535437
5,1993,1,0.014269520487807219
5,1993,2,0.01696730420952715
5,1993,3,0.0214741573508389
5,1993,4,0.025399503395082974
5,1994,1,0.026365546160756148
5,1994,2,0.03138541673692885
5,1994,3,0.03465521906705772
5,1994,4,0.03482504968968833
5,1995,1,0.03459840626223085
5,1995,2,0.029727553713075804
5,1995,3,0.02372794140370564
5,1995,4,0.01916113368144677
5,1996,1,0.016317882168947768
5,1996,2,0.01956833220817485
5,1996,3,0.023007549903657196
5,1996,4,0.024909136320271467
5,1997,1,0.02590233875944751
5,1997,2,0.026102129929395156
5,1997,3,0.02530083799375041
5,1997,4,0.027632340323586475
5,1998,1,0.028370711321704614
5,1998,2,0.0266382028965454
5,1998,3,0.025045197935666685
5,1998,4,0.02343458655123995
5,1999,1,0.023034584848454217
5,1999,2,0.02354579977188493
5,1999,3,0.020958811607696498
5,1999,4,0.02167640757390949
5,2000,1,0.021952209979045945
5,2000,2,0.020548962851770037
5,2000,3,0.017559275200006372
5,2000,4,0.013498341457612893
5,2001,1,0.009340406483842632
5,2001,2,0.0016030251463824447
5,2001,3,-0.007235439225554332
5,2001,4,-0.014586931272947445
5,2002,1,-0.017615149676730637
5,2002,2,-0.015778340060169566
5,2002,3,-0.012004126855219635
5,2002,4,-0.007338291836280434
5,2003,1,-0.0058115931873267464
5,2003,2,-0.006509234575598983
5,2003,3,-0.005941837263270334
5,2003,4,-0.0015940433989214482
5,2004,1,0.002665560200343082
5,2004,2,0.010434028521951681
5,2004,3,0.01375246978834107
5,2004,4,0.015385588739376514
5,2005,1,0.015958879420705428
5,2005,2,0.015947650285079377
5,2005,3,0.018317745304475618
5,2005,4,0.01886407604689628
5,2006,1,0.02115039747106718
5,2006,2,0.018939134410185444
5,2006,3,0.015975840057496526
5,2006,4,0.014665775521040229
5,2007,1,0.010393514860089725
5,2007,2,0.008618527638546505
5,2007,3,0.007831238747234497
5,2007,4,0.007428750358130379
5,2008,1,0.004155568410204147
5,2008,2,-0.005158868806961063
5,2008,3,-0.011467195735849851
5,2008,4,-0.022885463491473645
5,2009,1,-0.03800611109683422
5,2009,2,-0.05573752446881412
5,2009,3,-0.06080925163343962
5,2009,4,-0.05114210128280991
5,2010,1,-0.03289196015544603
5,2010,2,-0.01157033025814275
5,2010,3,0.00035463689769165774
5,2010,4,0.008808344494699884
5,2011,1,0.012056478535035699
5,2011,2,0.013461048117633068
5,2011,3,0.017814728998767418
5,2011,4,0.018812983564541797
5,2012,1,0.021768495026623983
5,2012,2,0.01804197278883879
5,2012,3,0.017355012677085745
5,2012,4,0.017367245159584585
5,2013,1,0.016103474371742334
5,2013,2,0.015892731206866236
5,2013,3,0.01816365740155559
5,2013,4,0.01792108178607503
5,2014,1,0.017146062953229638
5,2014,2,0.019480714854102927
5,2014,3,0.02097698230564796
5,2014,4,0.0220683552937469
5,2015,1,0.024007941492608976
5,2015,2,0.022577827952546658
5,2015,3,0.021907557817057645
5,2015,4,0.02130144058018666
5,2016,1,0.01941146725667487
5,2016,2,0.018299279510525835
5,2016,3,0.01892555360685598
5,2016,4,0.01746381907745859
5,2017,1,0.01689566552904686
5,2017,2,0.01635059983936917
5,2017,3,0.015329701193072587
5,2017,4,0.015010520122876316
5,2018,1,0.015054607037147144
5,2018,2,0.017656112788013715
5,2018,3,0.017026259655817635
5,2018,4,0.015951428842015503
5,2019,1,0.013767857979526558
5,2019,2,0.012289795607194572
5,2019,3,0.012222485351453111
5,2019,4,0.01128224993831781
5,2020,1,0.010654270871114037
5,2020,2,-0.08717986023768047
5,2020,3,-0.04833781604862996
5,2020,4,-0.0364390191139969
5,2021,1,-0.03297103815876344
5,2021,2,0.07620425686074028
5,2021,3,0.03809708273010865
5,2021,4,0.03471305401029899
5,2022,1,0.0390589086342535
5,2022,2,0.03830417264202554
5,2022,3,0.035941591771165196
5,2022,4,0.028996483488617837
5,2023,1,0.02411311801665259
5,2023,2,0.020341614937275473
5,2023,3,0.01687896401257232
5,2023,4,0.014746595954308498
5,2024,1,0.014034419914937386
5,2024,2,0.012027151534706024
5,2024,3,0.010186402606819751
5,2024,4,0.009352384284731709
5,2025,1,0.008495826185925226
5,2025,2,0.006049351548939894
5,2025,3,0.0050686575457039775
5,2025,4,0.0038058775408304256
6,1977,1,0.04202424557112906
6,1977,2,0.06220201432138026
6,1977,3,0.05640926168780756
6,1977,4,0.07961976749258667
6,1978,1,0.07649218001363053
6,1978,2,0.0668978127739775
6,1978,3,0.08158181591444787
6,1978,4,0.06547120418127922
6,1979,1,0.05309596529703066
6,1979,2,0.04118792058723357
6,1979,3,0.03251424455534617
6,1979,4,0.02734810462939208
6,1980,1,0.021457690918284453
6,1980,2,0.004564560575356251
6,1980,3,-0.0025235424636338207
6,1980,4,0.002519722812352326
6,1981,1,0.004470558539845013
6,1981,2,0.016463467949077548
6,1981,3,0.02329106800625729
6,1981,4,0.008626920553624493
6,1982,1,-0.003717261449524195
6,1982,2,-0.015076257029480495
6,1982,3,-0.02376356814602165
6,1982,4,-0.02525858555994709
6,1983,1,-0.0143417975873089
6,1983,2,0.0009226851014243488
6,1983,3,0.019668445513592283
6,1983,4,0.041216109882838706
6,1984,1,0.05488910403306522
6,1984,2,0.05850731313078295
6,1984,3,0.05406415118784108
6,1984,4,0.04913533305589101
6,1985,1,0.03975054713134185
6,1985,2,0.03688498984511771
6,1985,3,0.03398515735326005
6,1985,4,0.03145626276944731
6,1986,1,0.025898765291071275
6,1986,2,0.019951669133063406
6,1986,3,0.01952590028037273
6,1986,4,0.018858678600068898
6,1987,1,0.023664518281536758
6,1987,2,0.026534703602639802
6,1987,3,0.029083388103880545
6,1987,4,0.031535888488677555
6,1988,1,0.03191861169223033
6,1988,2,0.03515661527715866
6,1988,3,0.03556250878892757
6,1988,4,0.032053312083378686
6,1989,1,0.03466428757787063
6,1989,2,0.029758627025758728
6,1989,3,0.024264612289015355
6,1989,4,0.024347984583831018
6,1990,1,0.014013144992830245
6,1990,2,0.008531093570036362
6,1990,3,0.004409990067359591
6,1990,4,-9.424210616666777e-06
6,1991,1,-0.0061170630492881
6,1991,2,-0.010258763016612476
6,1991,3,-0.01381371935547329
6,1991,4,-0.012322440529745803
6,1992,1,-0.004594117534946589
6,1992,2,0.0013965782436154868
6,1992,3,0.0052232761763209195
6,1992,4,0.014120659015567224
6,1993,1,0.019431660842993956
6,1993,2,0.021712897765736473
6,1993,3,0.027565351237991555
6,1993,4,0.02967064850434671
6,1994,1,0.03020272435812282
6,1994,2,0.0362920616361595
6,1994,3,0.03915831104899101
6,1994,4,0.03894353468881047
6,1995,1,0.042469618199186196
6,1995,2,0.03539241019465413
6,1995,3,0.026579494113909648
6,1995,4,0.022502600647961134
6,1996,1,0.019786324111453986
6,1996,2,0.02414367618203965
6,1996,3,0.02607259215541427
6,1996,4,0.027838342040669328
6,1997,1,0.027358853777540194
6,1997,2,0.027331295050850673
6,1997,3,0.027749576555210022
6,1997,4,0.02866137328313029
6,1998,1,0.029510153980470057
6,1998,2,0.025516602927088388
6,1998,3,0.028624575793349046
6,1998,4,0.027901508016498384
6,1999,1,0.025263400987645117
6,1999,2,0.025501106159958143
6,1999,3,0.024099339585234525
6,1999,4,0.02338019161287277
6,2000,1,0.02735030258421127
6,2000,2,0.02685419227412451
6,2000,3,0.02208873464778693
6,2000,4,0.01653242095237221
6,2001,1,0.011069026655636164
6,2001,2,-0.002244313780716749
6,2001,3,-0.007843462303647311
6,2001,4,-0.013143823523398575
6,2002,1,-0.017839732556214075
6,2002,2,-0.011779092057416942
6,2002,3,-0.009875245657041301
6,2002,4,-0.004671087662744109
6,2003,1,-0.006680609860643824
6,2003,2,-0.00778874469673522
6,2003,3,-0.007626948504024523
6,2003,4,-0.0046047060297209836
6,2004,1,0.005489208551470073
6,2004,2,0.011431521925134802
6,2004,3,0.01409832944286246
6,2004,4,0.018280663949087336
6,2005,1,0.01911617440858618
6,2005,2,0.019535196939928074
6,2005,3,0.021666015048368074
6,2005,4,0.022007508094479027
6,2006,1,0.027547004330156753
6,2006,2,0.02365569326503536
6,2006,3,0.02148221883881603
6,2006,4,0.01803822995574255
6,2007,1,0.011439984584164163
6,2007,2,0.01143483530817473
6,2007,3,0.00924190655851609
6,2007,4,0.0076234012253613434
6,2008,1,0.003807150525030086
6,2008,2,-0.0033904071840289186
6,2008,3,-0.01134243716839051
6,2008,4,-0.026734683941147277
6,2009,1,-0.043414312021187035
6,2009,2,-0.05428393900773049
6,2009,3,-0.05657015801438726
6,2009,4,-0.046208745129030275
6,2010,1,-0.02627847050282621
6,2010,2,-0.008149453996648043
6,2010,3,0.0025120616819198673
6,2010,4,0.011147677270691382
6,2011,1,0.015989115427309807
6,2011,2,0.017480855746205146
6,2011,3,0.018740663771439205
6,2011,4,0.016794137234057656
6,2012,1,0.020645760422033144
6,2012,2,0.018202631286677134
6,2012,3,0.016616776112477517
6,2012,4,0.01736481111942697
6,2013,1,0.012687174522280412
6,2013,2,0.015848080442982217
6,2013,3,0.018439424279346365
6,2013,4,0.018445261693024226
6,2014,1,0.01945399469479382
6,2014,2,0.019227707007853
6,2014,3,0.020713296889545353
6,2014,4,0.02190801835135363
6,2015,1,0.022971167507425283
6,2015,2,0.021120085328913546
6,2015,3,0.019795145137955886
6,2015,4,0.022223527474907183
6,2016,1,0.021885791716728498
6,2016,2,0.020484826900051278
6,2016,3,0.01819578556628406
6,2016,4,0.016786967208679827
6,2017,1,0.0188920974858646
6,2017,2,0.016904257711657007
6,2017,3,0.01605406960945325
6,2017,4,0.014631056479954404
6,2018,1,0.013880709213874156
6,2018,2,0.017595682638393353
6,2018,3,0.017338488948933584
6,2018,4,0.01520974561143274
6,2019,1,0.015084941687616258
6,2019,2,0.015421256272345604
6,2019,3,0.013532110888588994
6,2019,4,0.016219065066073513
6,2020,1,0.013425313397147861
6,2020,2,-0.09257028423483735
6,2020,3,-0.049113385925164794
6,2020,4,-0.03727741067570103
6,2021,1,-0.034470348148488726
6,2021,2,0.0819464089560685
6,2021,3,0.04059704218583879
6,2021,4,0.03802395618797301
6,2022,1,0.04065651171765737
6,2022,2,0.04053808940224391
6,2022,3,0.038904154207384176
6,2022,4,0.033055747689385954
6,2023,1,0.029354128193976044
6,2023,2,0.024030858212790638
6,2023,3,0.019067372537734315
6,2023,4,0.01586058130448886
6,2024,1,0.012612665294361778
6,2024,2,0.012281110769375167
6,2024,3,0.009076536084751036
6,2024,4,0.01068914741288403
6,2025,1,0.005164998698145643
6,2025,2,0.0031044274403186417
6,2025,3,0.005092879705962435
6,2025,4,0.0005269135897340489
8,1978,1,0.04226443218657265
8,1978,2,0.056129637065900996
8,1978,3,0.04863315328249394
8,1978,4,0.0525946605960586
8,1979,1,0.058673138804197875
8,1979,2,0.04188338309824912
8,1979,3,0.03618558515375288
8,1979,4,0.029988919354995768
8,1980,1,0.024482747395262516
8,1980,2,0.010936600925075205
8,1980,3,0.00038764040313598176
8,1980,4,0.005420481839277581
8,1981,1,0.009163807354997864
8,1981,2,0.015643363032561676
8,1981,3,0.022466730513583374
8,1981,4,0.013455748656757948
8,1982,1,0.0027018690094116117
8,1982,2,-0.005611549288834408
8,1982,3,-0.020506449600599656
8,1982,4,-0.026819453407603066
8,1983,1,-0.018052762464222827
8,1983,2,-0.004913632640605832
8,1983,3,0.015824793292910044
8,1983,4,0.03723152630784428
8,1984,1,0.053084023260364155
8,1984,2,0.05714198919005403
8,1984,3,0.054484369192977396
8,1984,4,0.05031505213946222
8,1985,1,0.04400308681165983
8,1985,2,0.038945561275204967
8,1985,3,0.03482988570347713
8,1985,4,0.032912001127405645
8,1986,1,0.02773000566423206
8,1986,2,0.021013967947638514
8,1986,3,0.019536907432888613
8,1986,4,0.020638472623091642
8,1987,1,0.023924013411168416
8,1987,2,0.029553349843637538
8,1987,3,0.032580739991127414
8,1987,4,0.03489162913506652
8,1988,1,0.035800804816652924
8,1988,2,0.03566998941802351
8,1988,3,0.0361442861279621
8,1988,4,0.03378362496070619
8,1989,1,0.034555527593951654
8,1989,2,0.031001383612850823
8,1989,3,0.02619696883696565
8,1989,4,0.021638401352676806
8,1990,1,0.020797827971051206
8,1990,2,0.016288757598679843
8,1990,3,0.010574980236154632
8,1990,4,0.005089617159873097
8,1991,1,-0.005196276922942878
8,1991,2,-0.012830137441290463
8,1991,3,-0.013549326525396792
8,1991,4,-0.00860636320649315
8,1992,1,-0.005146263962300575
8,1992,2,0.0030644360417309492
8,1992,3,0.005084510219023571
8,1992,4,0.008184823118685148
8,1993,1,0.01661966768282759
8,1993,2,0.01947327454966808
8,1993,3,0.02626045464604054
8,1993,4,0.02906743571042212
8,1994,1,0.03094585153284445
8,1994,2,0.03564550586817853
8,1994,3,0.03742609921927736
8,1994,4,0.0392632779036171
8,1995,1,0.03837882199983371
8,1995,2,0.030285888459684402
8,1995,3,0.026510545951397565
8,1995,4,0.023586435120863565
8,1996,1,0.019907700477217884
8,1996,2,0.02454531196563517
8,1996,3,0.02867757068237341
8,1996,4,0.029989422766226816
8,1997,1,0.030932605936359523
8,1997,2,0.03242465792725776
8,1997,3,0.03024116421175653
8,1997,4,0.031246601095510338
8,1998,1,0.03182084306247469
8,1998,2,0.030071344231063116
8,1998,3,0.030616284905392636
8,1998,4,0.027989881666211375
8,1999,1,0.029531420105794015
8,1999,2,0.029263251712583385
8,1999,3,0.02889824363568719
8,1999,4,0.028749727439456564
8,2000,1,0.026174386571662444
8,2000,2,0.024876300819959764
8,2000,3,0.021552363613779723
8,2000,4,0.0175945520283596
8,2001,1,0.012566209053396966
8,2001,2,0.0030098655249620673
8,2001,3,-0.0036325933885448863
8,2001,4,-0.013346021688836925
8,2002,1,-0.01822706921673377
8,2002,2,-0.016181077412467423
8,2002,3,-0.013300866527055923
8,2002,4,-0.005737217324868779
8,2003,1,-0.003982889582454918
8,2003,2,-0.004323897979418538
8,2003,3,-0.0025857550323022073
8,2003,4,0.0019994686148424976
8,2004,1,0.005975817738735963
8,2004,2,0.012632744202586775
8,2004,3,0.015361892611644222
8,2004,4,0.017839215653498074
8,2005,1,0.018266013712535722
8,2005,2,0.019644556872072987
8,2005,3,0.02278051494753649
8,2005,4,0.022819588277380985
8,2006,1,0.024625987244346843
8,2006,2,0.021991662550462122
8,2006,3,0.018048099978108755
8,2006,4,0.015393396174513106
8,2007,1,0.013325343396686444
8,2007,2,0.011448643924185297
8,2007,3,0.009372736616749021
8,2007,4,0.007859679265240893
8,2008,1,0.0025130235296610256
8,2008,2,-0.003991808581251982
8,2008,3,-0.009910947992040918
8,2008,4,-0.025493596710099785
8,2009,1,-0.0442935768618635
8,2009,2,-0.05807285056423252
8,2009,3,-0.06017208561001197
8,2009,4,-0.04987275179501117
8,2010,1,-0.030132072003548702
8,2010,2,-0.00991255525486262
8,2010,3,-0.0015339592090456756
8,2010,4,0.007909878680726859
8,2011,1,0.012721755180746957
8,2011,2,0.015576363930937073
8,2011,3,0.01787389204243601
8,2011,4,0.018896659484301238
8,2012,1,0.023677740820378913
8,2012,2,0.020405759483246497
8,2012,3,0.01886516045301283
8,2012,4,0.018738339467326046
8,2013,1,0.016132648246407977
8,2013,2,0.0183370065528747
8,2013,3,0.019367805309122462
8,2013,4,0.01974648365420558
8,2014,1,0.018562781181545182
8,2014,2,0.019878093017159107
8,2014,3,0.021571024163368997
8,2014,4,0.023490153967374743
8,2015,1,0.02424168233268091
8,2015,2,0.023966423847546072
8,2015,3,0.021780569867419934
8,2015,4,0.019827248713755567
8,2016,1,0.01816481288618941
8,2016,2,0.017137635766523565
8,2016,3,0.018526460900995075
8,2016,4,0.018066961963889027
8,2017,1,0.018755417460289074
8,2017,2,0.0169086633752933
8,2017,3,0.015666833590565865
8,2017,4,0.01528505306942473
8,2018,1,0.015281165362097275
8,2018,2,0.018228527684484096
8,2018,3,0.018772746278457434
8,2018,4,0.018362380027245717
8,2019,1,0.016820455785740762
8,2019,2,0.014209344125097997
8,2019,3,0.01337901035304672
8,2019,4,0.01337945429262733
8,2020,1,0.01181078632190674
8,2020,2,-0.08774097701079404
8,2020,3,-0.05603014189474022
8,2020,4,-0.04608348248654772
8,2021,1,-0.037876168614889315
8,2021,2,0.07477662677785081
8,2021,3,0.04355209400251447
8,2021,4,0.04162520033756509
8,2022,1,0.041837049109073286
8,2022,2,0.0404454018722969
8,2022,3,0.0386911693997273
8,2022,4,0.03238990376487032
8,2023,1,0.025356862862187562
8,2023,2,0.021490146435557137
8,2023,3,0.01668181621021945
8,2023,4,0.01333319693801647
8,2024,1,0.013760533242975926
8,2024,2,0.01121834512476021
8,2024,3,0.010069313565173129
8,2024,4,0.010684996800358209
8,2025,1,0.008414910972934236
8,2025,2,0.006519751988736827
8,2025,3,0.004684090209184609
8,2025,4,0.003471306403426947
9,1977,1,0.034091868958926186
9,1977,2,0.040691347929196535
9,1977,3,0.04823608517188899
9,1977,4,0.05464234646213583
9,1978,1,0.052994970141766455
9,1978,2,0.05611850874077715
9,1978,3,0.054283397204667606
9,1978,4,0.054578925946005136
9,1979,1,0.0525081167699619
9,1979,2,0.043641686453839694
9,1979,3,0.03552944809133119
9,1979,4,0.02828084403235006
9,1980,1,0.02002389862490318
9,1980,2,0.0011100910684369806
9,1980,3,-0.0059801347234468795
9,1980,4,-0.001667637679849451
9,1981,1,0.001413447784610927
9,1981,2,0.01602533504530057
9,1981,3,0.02312626223410383
9,1981,4,0.008895683690420271
9,1982,1,-0.006492401574559206
9,1982,2,-0.021076980884197787
9,1982,3,-0.03079588175724405
9,1982,4,-0.029347021538271314
9,1983,1,-0.02088289496997285
9,1983,2,-0.004224768785631067
9,1983,3,0.01797066710914015
9,1983,4,0.04376727599268707
9,1984,1,0.055798019461430266
9,1984,2,0.05905237337143061
9,1984,3,0.05608345633617893
9,1984,4,0.048994500349325586
9,1985,1,0.04121223890446893
9,1985,2,0.03436726762231044
9,1985,3,0.028521326181143995
9,1985,4,0.025563703570964876
9,1986,1,0.02213387172581438
9,1986,2,0.0188573828276868
9,1986,3,0.020938372928407178
9,1986,4,0.021243541066245226
9,1987,1,0.021163705271949128
9,1987,2,0.02556964765458592
9,1987,3,0.028922483574066786
9,1987,4,0.03270274737929828
9,1988,1,0.03359285332240755
9,1988,2,0.03391973971471052
9,1988,3,0.034176403330369795
9,1988,4,0.031303031824190676
9,1989,1,0.031603104273904885
9,1989,2,0.028724427260068134
9,1989,3,0.02397062491005978
9,1989,4,0.017701110559045906
9,1990,1,0.01624308391930539
9,1990,2,0.012712515158255904
9,1990,3,0.006676476997904256
9,1990,4,0.0015179795530982886
9,1991,1,-0.009768094789005626
9,1991,2,-0.01565037035904763
9,1991,3,-0.013571370779429314
9,1991,4,-0.010271724035224512
9,1992,1,-0.005330039635192337
9,1992,2,0.00273965750798116
9,1992,3,0.0033360296098998194
9,1992,4,0.007774895033777501
9,1993,1,0.016157939620142517
9,1993,2,0.01854684368181206
9,1993,3,0.02328303361594631
9,1993,4,0.027989762251770668
9,1994,1,0.029479903330640142
9,1994,2,0.03532492729210263
9,1994,3,0.038235478008217326
9,1994,4,0.0392110101573981
9,1995,1,0.0379675759552732
9,1995,2,0.03174426718755919
9,1995,3,0.02568801600100842
9,1995,4,0.02096760097609593
9,1996,1,0.018650262920322673
9,1996,2,0.022904898522213796
9,1996,3,0.025389476713871553
9,1996,4,0.02718220169669635
9,1997,1,0.029386905458089436
9,1997,2,0.031121409877398202
9,1997,3,0.029224013226449352
9,1997,4,0.03205381022071254
9,1998,1,0.032197269424975875
9,1998,2,0.030629500561111377
9,1998,3,0.028122398565433016
9,1998,4,0.02581370500808181
9,1999,1,0.02435022552044651
9,1999,2,0.024363836559114786
9,1999,3,0.02475584312296322
9,1999,4,0.02264264327756666
9,2000,1,0.022968194762297608
9,2000,2,0.021705694061568272
9,2000,3,0.018676210019890952
9,2000,4,0.015076578043971335
9,2001,1,0.01138222447598933
9,2001,2,0.002680797622597603
9,2001,3,-0.0021445959833998407
9,2001,4,-0.007951032517540828
9,2002,1,-0.016506277285354923
9,2002,2,-0.013348951929068627
9,2002,3,-0.01149850522369704
9,2002,4,-0.0053091458077536525
9,2003,1,-0.0020607890514511254
9,2003,2,-0.003618602226551384
9,2003,3,-0.0017493339523833257
9,2003,4,0.0002866956589173508
9,2004,1,0.004401688165662701
9,2004,2,0.012072288214532597
9,2004,3,0.01578384119168305
9,2004,4,0.017577150124924727
9,2005,1,0.017486935314378314
9,2005,2,0.017205707238110487
9,2005,3,0.020218696322636707
9,2005,4,0.01888186663015468
9,2006,1,0.022434920758078267
9,2006,2,0.021026461586400442
9,2006,3,0.01767197927395241
9,2006,4,0.015450676942471743
9,2007,1,0.013524814878424905
9,2007,2,0.011422640163429094
9,2007,3,0.008767407645535826
9,2007,4,0.00733771322743019
9,2008,1,0.0041757009807154456
9,2008,2,-0.0030478652548239157
9,2008,3,-0.009598639236576455
9,2008,4,-0.02336773591133512
9,2009,1,-0.04148893567634271
9,2009,2,-0.055853687883950474
9,2009,3,-0.056708683242777336
9,2009,4,-0.04710239384998897
9,2010,1,-0.028197765244961523
9,2010,2,-0.009510859644924636
9,2010,3,9.940674945388916e-05
9,2010,4,0.008553427887716068
9,2011,1,0.013203307714338567
9,2011,2,0.015211037278228721
9,2011,3,0.017793043398956567
9,2011,4,0.01819390787308089
9,2012,1,0.02140633416710385
9,2012,2,0.019380373627627068
9,2012,3,0.019158114761270814
9,2012,4,0.01872324672316711
9,2013,1,0.01634769295584011
9,2013,2,0.017799600227248805
9,2013,3,0.018464191402381255
9,2013,4,0.018644160138963244
9,2014,1,0.01773492314369056
9,2014,2,0.019551985033850635
9,2014,3,0.021770917767451367
9,2014,4,0.022429855405709975
9,2015,1,0.024090112994063443
9,2015,2,0.02409709212005191
9,2015,3,0.022960714006454802
9,2015,4,0.022244952301469105
9,2016,1,0.02044624916560714
9,2016,2,0.01957114576121577
9,2016,3,0.01840810115182842
9,2016,4,0.016932150386612905
9,2017,1,0.018358110352785947
9,2017,2,0.017726968717559622
9,2017,3,0.01670352108416305
9,2017,4,0.01611716824920367
9,2018,1,0.01668170176765437
9,2018,2,0.018225914626230452
9,2018,3,0.01699248186252958
9,2018,4,0.01624851247456622
9,2019,1,0.015180136760358086
9,2019,2,0.014339221217694605
9,2019,3,0.014573325559571556
9,2019,4,0.013683347848674048
9,2020,1,0.010991113884056956
9,2020,2,-0.08999777782030977
9,2020,3,-0.051385462362524253
9,2020,4,-0.03807977939716161
9,2021,1,-0.03410854171568114
9,2021,2,0.06995502908222492
9,2021,3,0.03831900841686761
9,2021,4,0.03617660860790273
9,2022,1,0.040763453446448765
9,2022,2,0.0422280091867924
9,2022,3,0.038361068629396915
9,2022,4,0.031642605103273436
9,2023,1,0.02638296557957647
9,2023,2,0.02109528551706529
9,2023,3,0.015990027804598475
9,2023,4,0.014232991834783607
9,2024,1,0.014037233129043139
9,2024,2,0.012374610483661402
9,2024,3,0.007856131802993561
9,2024,4,0.007980485820888054
9,2025,1,0.008573303127576315
9,2025,2,0.007364386052467814
9,2025,3,0.004822407846533306
9,2025,4,0.003872038786467423
10,1978,1,0.0476704601029595
10,1978,2,0.05225214549121947
10,1978,3,0.050765242160941346
10,1978,4,0.04770104133110534
10,1979,1,0.046525405486171505
10,1979,2,0.03883153495773178
10,1979,3,0.032763049191460135
10,1979,4,0.02471502648133486
10,1980,1,0.019255550624357156
10,1980,2,0.00714371725926832
10,1980,3,7.861721234952458e-05
10,1980,4,0.003639996009696976
10,1981,1,0.0029373768050986538
10,1981,2,0.015468183303642434
10,1981,3,0.019327418970744307
10,1981,4,0.006212688911871184
10,1982,1,-0.003706394760242464
10,1982,2,-0.012126446894017411
10,1982,3,-0.02135483083383973
10,1982,4,-0.022137848686168304
10,1983,1,-0.010464604803119969
10,1983,2,0.0022907044230994537
10,1983,3,0.020794763809461138
10,1983,4,0.03956596387756968
10,1984,1,0.0506029305077807
10,1984,2,0.05459954905075875
10,1984,3,0.05124075704625169
10,1984,4,0.04733744349431332
10,1985,1,0.038933777189957816
10,1985,2,0.03616857448811437
10,1985,3,0.03229248161920828
10,1985,4,0.030336217881811903
10,1986,1,0.025370740677247774
10,1986,2,0.02402305947507666
10,1986,3,0.023012404921262518
10,1986,4,0.022503089788394836
10,1987,1,0.024633312519505467
10,1987,2,0.028736416252429686
10,1987,3,0.03086561896453658
10,1987,4,0.03272254280903522
10,1988,1,0.033628919730473605
10,1988,2,0.03280108539209527
10,1988,3,0.03352311428106756
10,1988,4,0.03170467553140731
10,1989,1,0.03141329906595719
10,1989,2,0.02741045531688865
10,1989,3,0.02546691710398181
10,1989,4,0.020977846549721114
10,1990,1,0.01909582916282114
10,1990,2,0.013915051819316378
10,1990,3,0.008711388200591537
10,1990,4,0.0056245464246385095
10,1991,1,-0.007160008948705429
10,1991,2,-0.014088694447297496
10,1991,3,-0.014446863332464468
10,1991,4,-0.009641309511538297
10,1992,1,-0.005050515696372623
10,1992,2,0.002806853089851914
10,1992,3,0.0047476212305786036
10,1992,4,0.00898323664138966
10,1993,1,0.016771712076868943
10,1993,2,0.01887791953423742
10,1993,3,0.024111149439089458
10,1993,4,0.029554262768870243
10,1994,1,0.02948419532815741
10,1994,2,0.03267313835778762
10,1994,3,0.03608957108583195
10,1994,4,0.03684756085437501
10,1995,1,0.035330555618146624
10,1995,2,0.028223979156084503
10,1995,3,0.023235132640173847
10,1995,4,0.019997885931566508
10,1996,1,0.016633798418891073
10,1996,2,0.020443722394179405
10,1996,3,0.023208203326455085
10,1996,4,0.02416375250909176
10,1997,1,0.026577658807190555
10,1997,2,0.02762140841533381
10,1997,3,0.02751761875076117
10,1997,4,0.030473440123593105
10,1998,1,0.02860563890903723
10,1998,2,0.028014497341508793
10,1998,3,0.028348777027453698
10,1998,4,0.026833918323946
10,1999,1,0.027025503726526994
10,1999,2,0.02659857523024059
10,1999,3,0.024336096777387312
10,1999,4,0.024486696648280855
10,2000,1,0.024636110172520174
10,2000,2,0.0213909369045679
10,2000,3,0.017687338779805148
10,2000,4,0.014438231568149294
10,2001,1,0.010806473471254645
10,2001,2,0.0033421238028335095
10,2001,3,-0.002272496845184888
10,2001,4,-0.011058013751997529
10,2002,1,-0.017388780331276634
10,2002,2,-0.013014879301718296
10,2002,3,-0.008366078451630657
10,2002,4,-0.0031710480488555902
10,2003,1,-0.0024562299490422435
10,2003,2,-0.0018519681823236525
10,2003,3,0.0006676079037614332
10,2003,4,0.001144923509873364
10,2004,1,0.0045529658049074774
10,2004,2,0.01184956547158384
10,2004,3,0.014112480229975842
10,2004,4,0.015610980743078245
10,2005,1,0.0162706442324972
10,2005,2,0.017082982438523336
10,2005,3,0.020109284862010586
10,2005,4,0.019780471112501558
10,2006,1,0.023171481734513385
10,2006,2,0.021481876784280086
10,2006,3,0.01685094831957959
10,2006,4,0.014817099054325747
10,2007,1,0.012108421424705295
10,2007,2,0.011329123638451906
10,2007,3,0.008957355368655195
10,2007,4,0.006707935090444889
10,2008,1,0.0034319079214955714
10,2008,2,-0.0027705038504872606
10,2008,3,-0.010580677060220037
10,2008,4,-0.023001525034480635
10,2009,1,-0.04114687675472176
10,2009,2,-0.05040285269462637
10,2009,3,-0.051846678806015324
10,2009,4,-0.04505384524290292
10,2010,1,-0.027412425134231574
10,2010,2,-0.008836558635034722
10,2010,3,-0.0014937500251587233
10,2010,4,0.005611097776496736
10,2011,1,0.008985040557072723
10,2011,2,0.011715848700283181
10,2011,3,0.014682539840452603
10,2011,4,0.01589908218189987
10,2012,1,0.018976346432829014
10,2012,2,0.017421028611645056
10,2012,3,0.01638936060604002
10,2012,4,0.01714770542933852
10,2013,1,0.01606286893631492
10,2013,2,0.017147535315068217
10,2013,3,0.01814483880946343
10,2013,4,0.018432527502031386
10,2014,1,0.01818384259066655
10,2014,2,0.018881260724177062
10,2014,3,0.02057196896779192
10,2014,4,0.020822722008298433
10,2015,1,0.02303893431225182
10,2015,2,0.024267644996845437
10,2015,3,0.02308168241485278
10,2015,4,0.021827921251132816
10,2016,1,0.02157818263325304
10,2016,2,0.019894606506552035
10,2016,3,0.02120066814147271
10,2016,4,0.019262915533966377
10,2017,1,0.018737988469039082
10,2017,2,0.017186334675079677
10,2017,3,0.016032307409447062
10,2017,4,0.015641415558048957
10,2018,1,0.015324167656609156
10,2018,2,0.016849760061162854
10,2018,3,0.016330211366882
10,2018,4,0.016466692539218668
10,2019,1,0.014331754837412421
10,2019,2,0.013309202677783523
10,2019,3,0.01254954502781506
10,2019,4,0.013264686716817853
10,2020,1,0.011935596029723263
10,2020,2,-0.08681319341218369
10,2020,3,-0.04717015319765942
10,2020,4,-0.03626617976424346
10,2021,1,-0.02948351076211769
10,2021,2,0.07302391374026997
10,2021,3,0.0371455593691541
10,2021,4,0.03609895034517937
10,2022,1,0.03815290430897924
10,2022,2,0.038755426658849644
10,2022,3,0.037149134539392205
10,2022,4,0.030064710679284117
10,2023,1,0.024147797573485105
10,2023,2,0.019777293438071965
10,2023,3,0.016435493198962484
10,2023,4,0.014394008539524992
10,2024,1,0.014607892800152374
10,2024,2,0.013307335142597784
10,2024,3,0.010947278399432141
10,2024,4,0.010572748200202141
10,2025,1,0.008699140040382677
10,2025,2,0.006670419764919982
10,2025,3,0.005318766002554503
10,2025,4,0.003442009084100598
11,1977,1,0.0289472799552161
11,1977,2,0.03580744285149351
11,1977,3,0.04357347826116755
11,1977,4,0.05102196764258875
11,1978,1,0.0518421280547301
11,1978,2,0.05675700102091556
11,1978,3,0.05308596674266229
11,1978,4,0.046963276416117694
11,1979,1,0.04640276232065799
11,1979,2,0.038853165863260625
11,1979,3,0.03651412102280246
11,1979,4,0.03295148527077315
11,1980,1,0.029820477659637922
11,1980,2,0.021997328809135505
11,1980,3,0.015512767175935992
11,1980,4,0.015705208458761454
11,1981,1,0.01611563240692227
11,1981,2,0.01618880493994087
11,1981,3,0.016566570809404754
11,1981,4,0.010970865424596413
11,1982,1,0.0031214315530820958
11,1982,2,0.0005343671581013804
11,1982,3,-0.004592266721628085
11,1982,4,-0.0051360693133510075
11,1983,1,0.00022307833422408215
11,1983,2,0.01056195134053381
11,1983,3,0.023541876348733365
11,1983,4,0.03372344546425639
11,1984,1,0.0422415006658089
11,1984,2,0.0453509769953365
11,1984,3,0.04472971865922289
11,1984,4,0.044382125607161496
11,1985,1,0.04207192340084183
11,1985,2,0.04171098141571158
11,1985,3,0.04110517956275722
11,1985,4,0.038598417240350215
11,1986,1,0.035143107179361574
11,1986,2,0.03179379477826352
11,1986,3,0.03070965950368541
11,1986,4,0.029605205495889353
11,1987,1,0.030961457431676703
11,1987,2,0.03402532879013741
11,1987,3,0.03613001453522867
11,1987,4,0.036869589919337004
11,1988,1,0.03725056170635871
11,1988,2,0.03767467648197769
11,1988,3,0.03903215830933408
11,1988,4,0.03838638588601788
11,1989,1,0.03768672413302959
11,1989,2,0.03696270778092913
11,1989,3,0.032799424125547795
11,1989,4,0.02703156178968369
11,1990,1,0.028451944873974417
11,1990,2,0.025913683744782732
11,1990,3,0.020116389677921825
11,1990,4,0.01177314673790501
11,1991,1,0.0018733144949490998
11,1991,2,-0.003955242693786999
11,1991,3,-0.005252200425800225
11,1991,4,0.0007795231872666841
11,1992,1,0.00288592342960169
11,1992,2,0.011291451474075691
11,1992,3,0.013435903082869608
11,1992,4,0.017631054912173455
11,1993,1,0.023283686451115768
11,1993,2,0.025875083755700638
11,1993,3,0.028491069249556526
11,1993,4,0.0310092878633576
11,1994,1,0.031725775544988746
11,1994,2,0.03516547318962726
11,1994,3,0.037179808893129954
11,1994,4,0.03754234128885351
11,1995,1,0.03763328476806727
11,1995,2,0.0338144047613189
11,1995,3,0.0278872504842186
11,1995,4,0.024719025517689414
11,1996,1,0.02294064395274377
11,1996,2,0.026968040660254988
11,1996,3,0.027653384253446253
11,1996,4,0.026931237374176426
11,1997,1,0.030217543868844208
11,1997,2,0.03414640200357027
11,1997,3,0.031326940208502005
11,1997,4,0.0330290317041911
11,1998,1,0.033006929119631497
11,1998,2,0.031439899132278716
11,1998,3,0.03201780453140832
11,1998,4,0.029671165611299576
11,1999,1,0.030517417409677883
11,1999,2,0.03320799666514833
11,1999,3,0.03261629913958604
11,1999,4,0.03219071853106355
11,2000,1,0.030886413116362945
11,2000,2,0.028340549123916904
11,2000,3,0.025411502745772797
11,2000,4,0.02021943021374597
11,2001,1,0.016360291767059606
11,2001,2,0.008386161150150943
11,2001,3,0.005540023170985812
11,2001,4,-0.0010639430470225659
11,2002,1,-0.007003432912807233
11,2002,2,-0.004359641802777198
11,2002,3,-0.0031026067467119847
11,2002,4,0.0022277726753184733
11,2003,1,0.004193211853973223
11,2003,2,0.00372614980855346
11,2003,3,0.003000173394451987
11,2003,4,0.005123715250427076
11,2004,1,0.009322341259159933
11,2004,2,0.015246191137844778
11,2004,3,0.016871827683528202
11,2004,4,0.018740020653859393
11,2005,1,0.019656929452418894
11,2005,2,0.0184631028877608
11,2005,3,0.02270482724738884
11,2005,4,0.022932584499024005
11,2006,1,0.024769431062098255
11,2006,2,0.02274309834306749
11,2006,3,0.020160579652757825
11,2006,4,0.0195905157231123
11,2007,1,0.01839104718917059
11,2007,2,0.016132461113154528
11,2007,3,0.013953178163260447
11,2007,4,0.013215623155633667
11,2008,1,0.009167711573619218
11,2008,2,0.002628579985815999
11,2008,3,-0.002266805012277051
11,2008,4,-0.015425818608745343
11,2009,1,-0.031155514392921677
11,2009,2,-0.04110140894041344
11,2009,3,-0.04036552883931196
11,2009,4,-0.033440181371524005
11,2010,1,-0.016845945678961805
11,2010,2,-0.0007810019603705994
11,2010,3,0.005328973815507855
11,2010,4,0.00884016870539891
11,2011,1,0.012893611621979013
11,2011,2,0.012982673849305168
11,2011,3,0.015062100675174864
11,2011,4,0.016443155791292793
11,2012,1,0.01914537636825259
11,2012,2,0.016829503074957255
11,2012,3,0.01742466408688448
11,2012,4,0.017783119959576665
11,2013,1,0.015604306271923
11,2013,2,0.016956977366566463
11,2013,3,0.01877207436454882
11,2013,4,0.018916212832179438
11,2014,1,0.017180150452369033
11,2014,2,0.017652384081447543
11,2014,3,0.020111349881479973
11,2014,4,0.02063878062192806
11,2015,1,0.022586128074412647
11,2015,2,0.022723491188605803
11,2015,3,0.022830373927267247
11,2015,4,0.022048930244378425
11,2016,1,0.02168629079204551
11,2016,2,0.020257854440110516
11,2016,3,0.02032166985001215
11,2016,4,0.018546440550028163
11,2017,1,0.018485492272649937
11,2017,2,0.018045960606595537
11,2017,3,0.016236983153228128
11,2017,4,0.015130174678594406
11,2018,1,0.014755966425722872
11,2018,2,0.016589577156785953
11,2018,3,0.016827578875222463
11,2018,4,0.01624241399870422
11,2019,1,0.013951821742643741
11,2019,2,0.01362084433275859
11,2019,3,0.013706175154159457
11,2019,4,0.01436762313210416
11,2020,1,0.012688382373921309
11,2020,2,-0.08375050760412471
11,2020,3,-0.052630440456287404
11,2020,4,-0.04226837202328249
11,2021,1,-0.03469996859877025
11,2021,2,0.06708970356395005
11,2021,3,0.04220166151581661
11,2021,4,0.04267263510397404
11,2022,1,0.04225042491759292
11,2022,2,0.04044383247498792
11,2022,3,0.03830372451072358
11,2022,4,0.030111239689989838
11,2023,1,0.025110162366238066
11,2023,2,0.021946273162259108
11,2023,3,0.016933797891878072
11,2023,4,0.013609219990247045
11,2024,1,0.013157898652794348
11,2024,2,0.012840565618941664
11,2024,3,0.009788840470206258
11,2024,4,0.009521628107566443
11,2025,1,0.008288967756041538
11,2025,2,0.0065141239420547165
11,2025,3,0.0053450543697666
11,2025,4,0.0021999700549268546
12,1977,1,0.034964082998883754
12,1977,2,0.0424517160699979
12,1977,3,0.04977800240830871
12,1977,4,0.05389987610231797
12,1978,1,0.050809089762638766
12,1978,2,0.05425395856740326
12,1978,3,0.05380478318716259
12,1978,4,0.05350573315132554
12,1979,1,0.052224449060275374
12,1979,2,0.04118453374534607
12,1979,3,0.036967953549259455
12,1979,4,0.031223997126794276
12,1980,1,0.025921466906742352
12,1980,2,0.010518270796809035
12,1980,3,0.0014811861935640721
12,1980,4,0.0012157321434472356
12,1981,1,0.003282800147562239
12,1981,2,0.015655400506996077
12,1981,3,0.018406643704956222
12,1981,4,0.007824100421579756
12,1982,1,-0.005554589570525422
12,1982,2,-0.013886356711469556
12,1982,3,-0.02219801629830726
12,1982,4,-0.023075916695866512
12,1983,1,-0.0071973095464009495
12,1983,2,0.00272487052675494
12,1983,3,0.021156397861626403
12,1983,4,0.04145358977751664
12,1984,1,0.050698214150944776
12,1984,2,0.057949561803081966
12,1984,3,0.05495848575185972
12,1984,4,0.05264128568351628
12,1985,1,0.04398002690953423
12,1985,2,0.040304660318514096
12,1985,3,0.037896659559435206
12,1985,4,0.034828942389993275
12,1986,1,0.030061111007325853
12,1986,2,0.02425985954095363
12,1986,3,0.02375366288502595
12,1986,4,0.022827398841365733
12,1987,1,0.024008901329344082
12,1987,2,0.029465441332033163
12,1987,3,0.031768950898309244
12,1987,4,0.03331368401597041
12,1988,1,0.034244521585846406
12,1988,2,0.03417943631668977
12,1988,3,0.03492667715768338
12,1988,4,0.033579671169532394
12,1989,1,0.036012214772262435
12,1989,2,0.030829067650174465
12,1989,3,0.026888586182817645
12,1989,4,0.023257964355249343
12,1990,1,0.020088094419717806
12,1990,2,0.01666862343071055
12,1990,3,0.009388252586144213
12,1990,4,0.0033388254145092383
12,1991,1,-0.0072361447271730335
12,1991,2,-0.013201895676638077
12,1991,3,-0.013052488168677292
12,1991,4,-0.009493103495390055
12,1992,1,-0.004527949996019904
12,1992,2,0.0027125604970168844
12,1992,3,0.005220255901815139
12,1992,4,0.009721497662611763
12,1993,1,0.016904139425728448
12,1993,2,0.019528003460269998
12,1993,3,0.02658291462404718
12,1993,4,0.029129105127350407
12,1994,1,0.030854307490130847
12,1994,2,0.03586633387533155
12,1994,3,0.03791179651516388
12,1994,4,0.04027610588471615
12,1995,1,0.038304881009603164
12,1995,2,0.03132674967763245
12,1995,3,0.0261526668789489
12,1995,4,0.02411157110281902
12,1996,1,0.021241982212770984
12,1996,2,0.024976446544844797
12,1996,3,0.027465129413866193
12,1996,4,0.026905704240242478
12,1997,1,0.030648344732350334
12,1997,2,0.03054802655918077
12,1997,3,0.02806173709262919
12,1997,4,0.030788391405668414
12,1998,1,0.03213950727981676
12,1998,2,0.029745877174899994
12,1998,3,0.02861753256491703
12,1998,4,0.028038876286943345
12,1999,1,0.029049974714417
12,1999,2,0.028743237594458435
12,1999,3,0.02937287957921301
12,1999,4,0.027928172438158077
12,2000,1,0.02502133992717247
12,2000,2,0.02350383656305411
12,2000,3,0.018980546987003726
12,2000,4,0.014250905739506157
12,2001,1,0.010773185289687733
12,2001,2,0.005927626469104583
12,2001,3,-0.0005230927532248542
12,2001,4,-0.007998840311379526
12,2002,1,-0.013498365574308065
12,2002,2,-0.013759822702311995
12,2002,3,-0.010077220355134359
12,2002,4,-0.004656688913868719
12,2003,1,-0.0009359603515958591
12,2003,2,0.00045203526032142256
12,2003,3,0.0017901127491750256
12,2003,4,0.0037731997818616168
12,2004,1,0.0064715445244169474
12,2004,2,0.01182667093831234
12,2004,3,0.01339043106974109
12,2004,4,0.014967488043015913
12,2005,1,0.01788426583005472
12,2005,2,0.016389796239981488
12,2005,3,0.020737345864728793
12,2005,4,0.021362713954145473
12,2006,1,0.022771000180141797
12,2006,2,0.020956451660681552
12,2006,3,0.017938305617110625
12,2006,4,0.01533249762333906
12,2007,1,0.013588913028963565
12,2007,2,0.01293571706995644
12,2007,3,0.009765561285085893
12,2007,4,0.01003087234273242
12,2008,1,0.00481171454138671
12,2008,2,-0.002189253032601387
12,2008,3,-0.009550941068903489
12,2008,4,-0.0223096168649559
12,2009,1,-0.03952330252582991
12,2009,2,-0.05047982715230695
12,2009,3,-0.05246632423431404
12,2009,4,-0.04213666424746515
12,2010,1,-0.02636709042333598
12,2010,2,-0.009598552126581342
12,2010,3,-0.001334784441522738
12,2010,4,0.0074774203747964025
12,2011,1,0.010323917508776145
12,2011,2,0.014987577179119964
12,2011,3,0.01766094659928154
12,2011,4,0.016391084809989253
12,2012,1,0.019164987937767764
12,2012,2,0.016666177364001594
12,2012,3,0.015808522964965172
12,2012,4,0.01574581179487797
12,2013,1,0.01530443119365215
12,2013,2,0.016428664164161735
12,2013,3,0.01787337482200525
12,2013,4,0.02025336488221664
12,2014,1,0.020183820646664748
12,2014,2,0.02072634698555497
12,2014,3,0.021352528104215913
12,2014,4,0.02483172286737141
12,2015,1,0.027544027429764067
12,2015,2,0.026255861435919934
12,2015,3,0.023722438041451688
12,2015,4,0.022117160302979652
12,2016,1,0.0207352775538644
12,2016,2,0.019240468000883228
12,2016,3,0.020920057556055083
12,2016,4,0.01715450459618381
12,2017,1,0.015992971725844803
12,2017,2,0.015004501593551198
12,2017,3,0.015607659964013169
12,2017,4,0.014390960589299293
12,2018,1,0.015746126752853196
12,2018,2,0.017242685578935154
12,2018,3,0.016232470348457553
12,2018,4,0.017004612217821787
12,2019,1,0.014336913198903825
12,2019,2,0.014825131197967472
12,2019,3,0.013153269706501073
12,2019,4,0.012284576964453503
12,2020,1,0.01082235880713175
12,2020,2,-0.09018162307327211
12,2020,3,-0.05220392730546579
12,2020,4,-0.040245221735717644
12,2021,1,-0.03569783594505488
12,2021,2,0.0745058980540368
12,2021,3,0.039012705028032356
12,2021,4,0.038697732781057176
12,2022,1,0.04302360694454771
12,2022,2,0.04073046374651258
12,2022,3,0.03830875682237461
12,2022,4,0.030852750607348413
12,2023,1,0.022586759525721613
12,2023,2,0.02015781598895099
12,2023,3,0.013923056734822827
12,2023,4,0.01162625915441218
12,2024,1,0.012914608494583512
12,2024,2,0.014908367390771712
12,2024,3,0.011059238232624186
12,2024,4,0.00793809576444099
12,2025,1,0.006872624012700291
12,2025,2,0.007072408228916389
12,2025,3,0.006124608902651218
12,2025,4,0.004391512910790652
13,1977,1,0.030464956597753858
13,1977,2,0.037679077612722496
13,1977,3,0.0443950679384864
13,1977,4,0.05211936166604683
13,1978,1,0.05146216722061168
13,1978,2,0.05440947358503423
13,1978,3,0.055218173211646945
13,1978,4,0.05181767779057979
13,1979,1,0.049525308805266656
13,1979,2,0.04030249260651647
13,1979,3,0.03348131099793316
13,1979,4,0.027506907002667665
13,1980,1,0.021263131328905685
13,1980,2,0.005838749384621718
13,1980,3,-0.0024792793066031635
13,1980,4,0.0016286923597873153
13,1981,1,0.0038469270856064837
13,1981,2,0.013914701040138915
13,1981,3,0.01809087227822396
13,1981,4,0.0064625838504206575
13,1982,1,-0.0059018327302412564
13,1982,2,-0.015130354383577802
13,1982,3,-0.02232607112133059
13,1982,4,-0.023620996182168504
13,1983,1,-0.013902968530762965
13,1983,2,-0.00030498924316948127
13,1983,3,0.019287535613294063
13,1983,4,0.039273190697460686
13,1984,1,0.051818039660821866
13,1984,2,0.05450350855346526
13,1984,3,0.050882605212496615
13,1984,4,0.04611103757200536
13,1985,1,0.03903611545840101
13,1985,2,0.035196409474416844
13,1985,3,0.030337010215860674
13,1985,4,0.028895090546219814
13,1986,1,0.024731674796403477
13,1986,2,0.020523914260074338
13,1986,3,0.02193773949059014
13,1986,4,0.021478679440349646
13,1987,1,0.02391714135374745
13,1987,2,0.028070548088668015
13,1987,3,0.030799818427350054
13,1987,4,0.03445977872674441
13,1988,1,0.03526114312633654
13,1988,2,0.034386083517093144
13,1988,3,0.03236503169815953
13,1988,4,0.03160374093022931
13,1989,1,0.030533013517504353
13,1989,2,0.028085475378877588
13,1989,3,0.024704422683855063
13,1989,4,0.01998751464828101
13,1990,1,0.01996000999893943
13,1990,2,0.014594067277393397
13,1990,3,0.009421600702540002
13,1990,4,0.0031827345029870474
13,1991,1,-0.005768356535374558
13,1991,2,-0.013269612118852601
13,1991,3,-0.010565463287504682
13,1991,4,-0.008251325668237384
13,1992,1,-0.004669175386189485
13,1992,2,0.0027266443039299596
13,1992,3,0.005085415491378245
13,1992,4,0.00810659729896357
13,1993,1,0.015953766153671743
13,1993,2,0.01814123452233656
13,1993,3,0.022016010234589538
13,1993,4,0.026414472752540084
13,1994,1,0.027976883025017517
13,1994,2,0.03239544931892682
13,1994,3,0.035369721313410846
13,1994,4,0.037245854762533996
13,1995,1,0.03798481967373355
13,1995,2,0.030659272731036698
13,1995,3,0.024609813313744646
13,1995,4,0.018952176934839287
13,1996,1,0.01709839485863178
13,1996,2,0.021040897117378863
13,1996,3,0.022408410032694587
13,1996,4,0.02424078785833087
13,1997,1,0.02619369020581378
13,1997,2,0.026573577555536087
13,1997,3,0.02641288118895423
13,1997,4,0.028236394190532046
13,1998,1,0.028120949770128002
13,1998,2,0.026657952694215885
13,1998,3,0.02759844124195286
13,1998,4,0.02442471068554446
13,1999,1,0.02381054357953943
13,1999,2,0.02431574094920292
13,1999,3,0.023381527759307335
13,1999,4,0.02392316118265451
13,2000,1,0.024369166035655275
13,2000,2,0.02220380414059306
13,2000,3,0.018215130852274043
13,2000,4,0.014178907474162086
13,2001,1,0.010761653581573159
13,2001,2,0.0029282129506124563
13,2001,3,-0.006252442567097626
13,2001,4,-0.014573280977783206
13,2002,1,-0.021485792656856254
13,2002,2,-0.017668422185931665
13,2002,3,-0.014929167244691266
13,2002,4,-0.008265630993344661
13,2003,1,-0.005895608331313321
13,2003,2,-0.0062669518143388505
13,2003,3,-0.003569930233611481
13,2003,4,-7.360536769246133e-05
13,2004,1,0.00475162658678734
13,2004,2,0.012266492260427777
13,2004,3,0.013816817424847206
13,2004,4,0.016402378669455035
13,2005,1,0.0172483737032989
13,2005,2,0.017875429337138288
13,2005,3,0.021676664176536208
13,2005,4,0.020974939779793898
13,2006,1,0.02202140846486955
13,2006,2,0.019073773064194194
13,2006,3,0.016764217490003255
13,2006,4,0.014774822742951776
13,2007,1,0.010949851511746378
13,2007,2,0.01033884272325262
13,2007,3,0.008515409044982186
13,2007,4,0.006032472975592639
13,2008,1,0.0031316184493546066
13,2008,2,-0.005065701170314193
13,2008,3,-0.011042764194986867
13,2008,4,-0.022754050987629146
13,2009,1,-0.042508588206108054
13,2009,2,-0.054233047051550104
13,2009,3,-0.05913431026605757
13,2009,4,-0.04777932316165806
13,2010,1,-0.03158870068434351
13,2010,2,-0.010705054336747653
13,2010,3,-0.001362438165177028
13,2010,4,0.008702312609076937
13,2011,1,0.012605691441886023
13,2011,2,0.013863356452949232
13,2011,3,0.016709597893412934
13,2011,4,0.016867737175847265
13,2012,1,0.020881713209059745
13,2012,2,0.01953605737344087
13,2012,3,0.016969745634142296
13,2012,4,0.017891201206148365
13,2013,1,0.016761538899423094
13,2013,2,0.01755936759232321
13,2013,3,0.018932885462297783
13,2013,4,0.019846288367489393
13,2014,1,0.018851681945562755
13,2014,2,0.020375016374628383
13,2014,3,0.023892668032206195
13,2014,4,0.023725372510363302
13,2015,1,0.02469183326661624
13,2015,2,0.02337316572060189
13,2015,3,0.022028348614491513
13,2015,4,0.02107730114632908
13,2016,1,0.021434722986574138
13,2016,2,0.018348852115207134
13,2016,3,0.018474407411281556
13,2016,4,0.01737354583103857
13,2017,1,0.016344884784596156
13,2017,2,0.01695584202074903
13,2017,3,0.014884146120635785
13,2017,4,0.014424056252478678
13,2018,1,0.014340021567521608
13,2018,2,0.017838336943656587
13,2018,3,0.017616049592378776
13,2018,4,0.01800790109363634
13,2019,1,0.017270564472840935
13,2019,2,0.012790692852396833
13,2019,3,0.01370093470628303
13,2019,4,0.011258702549306242
13,2020,1,0.01039433157965342
13,2020,2,-0.0913159029343352
13,2020,3,-0.05104005926628831
13,2020,4,-0.03802700872897799
13,2021,1,-0.03365307942002278
13,2021,2,0.07769441292479631
13,2021,3,0.042258189731972685
13,2021,4,0.041668001444474745
13,2022,1,0.04222391197781146
13,2022,2,0.04253380065428136
13,2022,3,0.038181155171372334
13,2022,4,0.02978875862423048
13,2023,1,0.023971911308116954
13,2023,2,0.019551891461087493
13,2023,3,0.014967351341144554
13,2023,4,0.0119570754600885
13,2024,1,0.011548904909269941
13,2024,2,0.010554625209656788
13,2024,3,0.009302157800495215
13,2024,4,0.009634170542847483
13,2025,1,0.00838433702398571
13,2025,2,0.0045599019215064075
13,2025,3,0.004084613034720496
13,2025,4,0.0027127294495279874
15,1977,1,0.032114992009773594
15,1977,2,0.03814955098748975
15,1977,3,0.04763535343234597
15,1977,4,0.05508430782034325
15,1978,1,0.05359214169048314
15,1978,2,0.057726587176391016
15,1978,3,0.056636263602808955
15,1978,4,0.05504221247617047
15,1979,1,0.050294198609854436
15,1979,2,0.039948555620099795
15,1979,3,0.035257189028312236
15,1979,4,0.03153146575427381
15,1980,1,0.025319774390926326
15,1980,2,0.014611768327503858
15,1980,3,0.006145248002367603
15,1980,4,0.00827953540544233
15,1981,1,0.011164215245100991
15,1981,2,0.018002250074954197
15,1981,3,0.019607990087973613
15,1981,4,0.009741762285383466
15,1982,1,0.0019148932673596945
15,1982,2,-0.004522551111583455
15,1982,3,-0.011081590218528272
15,1982,4,-0.010769191837960799
15,1983,1,-0.004083522018704799
15,1983,2,0.006696225519934533
15,1983,3,0.02310930853165826
15,1983,4,0.04020943740274827
15,1984,1,0.04999774593004945
15,1984,2,0.05402855434947545
15,1984,3,0.05259234055605699
15,1984,4,0.04969275196826888
15,1985,1,0.04447354852492263
15,1985,2,0.04212656139055947
15,1985,3,0.038490953590949284
15,1985,4,0.03583409873709393
15,1986,1,0.03140611292358993
15,1986,2,0.027578792194784808
15,1986,3,0.028993259972707568
15,1986,4,0.028433968856266985
15,1987,1,0.0292161982987794
15,1987,2,0.03340427841928644
15,1987,3,0.033825466777883124
15,1987,4,0.036031718671661814
15,1988,1,0.036760352033970725
15,1988,2,0.037461365802983496
15,1988,3,0.037348005389828964
15,1988,4,0.036778260813889456
15,1989,1,0.03605221376989761
15,1989,2,0.03192868935393291
15,1989,3,0.028746911747102002
15,1989,4,0.024995873498105586
15,1990,1,0.024168355388239613
15,1990,2,0.01962294362210599
15,1990,3,0.013679466899935076
15,1990,4,0.007656237685787903
15,1991,1,-0.003994163951008471
15,1991,2,-0.012185012295570442
15,1991,3,-0.011321891292352747
15,1991,4,-0.007517422484549913
15,1992,1,-0.0037560529723224905
15,1992,2,0.0031336500400432634
15,1992,3,0.004665596780705282
15,1992,4,0.010930578327649453
15,1993,1,0.01900404110704556
15,1993,2,0.021779407993467774
15,1993,3,0.027679323050019945
15,1993,4,0.03159566098295748
15,1994,1,0.03153215702305629
15,1994,2,0.03541356449216794
15,1994,3,0.03952879142542346
15,1994,4,0.040261601611369074
15,1995,1,0.03988590060508874
15,1995,2,0.031931144370409864
15,1995,3,0.026713528417703226
15,1995,4,0.023476140419209233
15,1996,1,0.020171286344671958
15,1996,2,0.025440105674134985
15,1996,3,0.027845501158494015
15,1996,4,0.029356701999489993
15,1997,1,0.030136174413930534
15,1997,2,0.030451881919654523
15,1997,3,0.029023520442810816
15,1997,4,0.030616184152269375
15,1998,1,0.0284832618488387
15,1998,2,0.028026932188859533
15,1998,3,0.03053151507350056
15,1998,4,0.02857606640286194
15,1999,1,0.028344938234954105
15,1999,2,0.029143331960595844
15,1999,3,0.028121273885728798
15,1999,4,0.02782575826821693
15,2000,1,0.026459282108069065
15,2000,2,0.02391449183922763
15,2000,3,0.0206616003299266
15,2000,4,0.016739557755448345
15,2001,1,0.01386280570846871
15,2001,2,0.006769640816441361
15,2001,3,0.0032932168927224015
15,2001,4,-0.00410634252942097
15,2002,1,-0.007614248731946147
15,2002,2,-0.0067564881993622235
15,2002,3,-0.005067149382440842
15,2002,4,-0.00017435355676141955
15,2003,1,0.0022118227780591067
15,2003,2,0.0019215029834305005
15,2003,3,0.0023267507658664534
15,2003,4,0.004038541998549987
15,2004,1,0.007550084074982015
15,2004,2,0.012856416183936644
15,2004,3,0.015629679961581554
15,2004,4,0.017058734048782182
15,2005,1,0.017585501474362566
15,2005,2,0.01883590708110838
15,2005,3,0.021843749686442662
15,2005,4,0.020120076854458078
15,2006,1,0.023404854639453715
15,2006,2,0.020959350044530384
15,2006,3,0.01750748449496261
15,2006,4,0.017033767193607434
15,2007,1,0.015097946050745447
15,2007,2,0.014515364484914936
15,2007,3,0.012858636905999674
15,2007,4,0.009720033556244652
15,2008,1,0.004718293943984476
15,2008,2,-0.0006977863478083009
15,2008,3,-0.007211289792836661
15,2008,4,-0.022515477784259892
15,2009,1,-0.0379086387468535
15,2009,2,-0.04369465303303315
15,2009,3,-0.04743111706117311
15,2009,4,-0.04328945835391157
15,2010,1,-0.027619184169041217
15,2010,2,-0.00811034073643898
15,2010,3,-0.0016413965215397396
15,2010,4,0.0062548527462291175
15,2011,1,0.009527595116250726
15,2011,2,0.012562587503256135
15,2011,3,0.015408496001688672
15,2011,4,0.017184647571537096
15,2012,1,0.020409306961559823
15,2012,2,0.017876583392213572
15,2012,3,0.01643892076113486
15,2012,4,0.01605177239410511
15,2013,1,0.016027086222252473
15,2013,2,0.017762680276681264
15,2013,3,0.019097318951313107
15,2013,4,0.019121880160992418
15,2014,1,0.01746377120622906
15,2014,2,0.02021750731276963
15,2014,3,0.02185711907599409
15,2014,4,0.02308024321803278
15,2015,1,0.023625083589674106
15,2015,2,0.023559563891132236
15,2015,3,0.022653549938291027
15,2015,4,0.022074957470066305
15,2016,1,0.021307989623701312
15,2016,2,0.020262356014125273
15,2016,3,0.02116931603978708
15,2016,4,0.0191188744775375
15,2017,1,0.018441280850074473
15,2017,2,0.016880967458816478
15,2017,3,0.014635507494856936
15,2017,4,0.015165628469487148
15,2018,1,0.014922317742031217
15,2018,2,0.016581529387909074
15,2018,3,0.016293432843801612
15,2018,4,0.015507423190021697
15,2019,1,0.014244253541005922
15,2019,2,0.012711868515698886
15,2019,3,0.012493052949924085
15,2019,4,0.012459935084108352
15,2020,1,0.01231536016316906
15,2020,2,-0.09634992920186837
15,2020,3,-0.05243626222322904
15,2020,4,-0.04258296369043161
15,2021,1,-0.03741517604942141
15,2021,2,0.07434295911790734
15,2021,3,0.03885204965990753
15,2021,4,0.03686102525078323
15,2022,1,0.04050941581086346
15,2022,2,0.04162641600458695
15,2022,3,0.03685694197880584
15,2022,4,0.028424892117674058
15,2023,1,0.02374901028919295
15,2023,2,0.021086987030580744
15,2023,3,0.016404131675682308
15,2023,4,0.015205195361773567
15,2024,1,0.014363111950990423
15,2024,2,0.013382602320696593
15,2024,3,0.01101195736389314
15,2024,4,0.010809690012277171
15,2025,1,0.00871842395239847
15,2025,2,0.008077170276062683
15,2025,3,0.006130636247242024
15,2025,4,0.0030283236686269805
16,1978,1,0.04971028090550744
16,1978,2,0.05700579918858909
16,1978,3,0.0547491413536431
16,1978,4,0.055811862898142106
16,1979,1,0.055248087657184815
16,1979,2,0.04194828161652311
16,1979,3,0.035755376149501646
16,1979,4,0.02856727432839635
16,1980,1,0.0231061059352216
16,1980,2,0.00965258894331846
16,1980,3,-0.0011114616843540316
16,1980,4,0.002852942517454937
16,1981,1,0.00759395056906851
16,1981,2,0.014635112080619937
16,1981,3,0.020997927550840068
16,1981,4,0.008691135140644301
16,1982,1,-0.0012331465875205444
16,1982,2,-0.011444297103175755
16,1982,3,-0.020040929897473983
16,1982,4,-0.019064423876127765
16,1983,1,-0.009588756219133259
16,1983,2,0.00013237183032839713
16,1983,3,0.021226454076661197
16,1983,4,0.04057449372272553
16,1984,1,0.051405069438937176
16,1984,2,0.0557852937090854
16,1984,3,0.05380199147738825
16,1984,4,0.04889998299953848
16,1985,1,0.04334963467677291
16,1985,2,0.04061312629981934
16,1985,3,0.03564238171100194
16,1985,4,0.031604514013349086
16,1986,1,0.02899839423594607
16,1986,2,0.02435020762261071
16,1986,3,0.023912823315895303
16,1986,4,0.023697103787438743
16,1987,1,0.02615711860035333
16,1987,2,0.03055012714753319
16,1987,3,0.031988799341972476
16,1987,4,0.03496979156775204
16,1988,1,0.034835687575089286
16,1988,2,0.03610663914661554
16,1988,3,0.03637321027300004
16,1988,4,0.03351965378708867
16,1989,1,0.03368339934368659
16,1989,2,0.030217120250750795
16,1989,3,0.026211516114315103
16,1989,4,0.020968419297585972
16,1990,1,0.020149216544415337
16,1990,2,0.015476579944431872
16,1990,3,0.009160415944413278
16,1990,4,0.0043925673500347035
16,1991,1,-0.009013490906984528
16,1991,2,-0.016257035566362415
16,1991,3,-0.013958337642841039
16,1991,4,-0.01317176191730448
16,1992,1,-0.005981419254580291
16,1992,2,0.0011776574267759554
16,1992,3,0.003889906753666868
16,1992,4,0.00835692046562712
16,1993,1,0.01609983195022125
16,1993,2,0.01905816270795975
16,1993,3,0.024364280374331464
16,1993,4,0.027914187806064288
16,1994,1,0.028421867946930614
16,1994,2,0.03387015051469154
16,1994,3,0.0375849941189215
16,1994,4,0.0393807127606478
16,1995,1,0.038180159012731175
16,1995,2,0.03041304593882383
16,1995,3,0.02555694711630745
16,1995,4,0.021733104173714747
16,1996,1,0.018981965982985842
16,1996,2,0.022674181482277796
16,1996,3,0.024365577973175474
16,1996,4,0.025928724915029008
16,1997,1,0.026805111653106582
16,1997,2,0.028085377189150128
16,1997,3,0.027418363130177186
16,1997,4,0.0292497978985736
16,1998,1,0.02890696571568606
16,1998,2,0.028039260189958073
16,1998,3,0.0278032581891149
16,1998,4,0.024745389460267345
16,1999,1,0.024778943573994735
16,1999,2,0.02410840670588403
16,1999,3,0.0241085818158904
16,1999,4,0.024234510451474144
16,2000,1,0.02406262769918626
16,2000,2,0.02178938873834629
16,2000,3,0.019572693106856186
16,2000,4,0.015934784453693104
16,2001,1,0.010452043093637706
16,2001,2,0.002902055787445048
16,2001,3,-0.006315920291317088
16,2001,4,-0.016306582603492197
16,2002,1,-0.018429020465727232
16,2002,2,-0.01427776845641184
16,2002,3,-0.01085264424222961
16,2002,4,-0.006571485084073492
16,2003,1,-0.0034452997200940805
16,2003,2,-0.004310984675313093
16,2003,3,-0.003043132126137743
16,2003,4,-0.00021423223146409124
16,2004,1,0.006528775690786221
16,2004,2,0.013567100261980398
16,2004,3,0.01582946757331377
16,2004,4,0.01746023742463176
16,2005,1,0.01853696029607429
16,2005,2,0.01848923526796992
16,2005,3,0.021781790556555967
16,2005,4,0.020786561874093733
16,2006,1,0.023777793283044798
16,2006,2,0.020629860675773787
16,2006,3,0.016966406114760267
16,2006,4,0.015134375624057237
16,2007,1,0.01405308754442221
16,2007,2,0.011740711787923453
16,2007,3,0.008078519478814827
16,2007,4,0.005458306796853428
16,2008,1,0.003514926146408439
16,2008,2,-0.004787054909891559
16,2008,3,-0.013124099367163643
16,2008,4,-0.02798009884024956
16,2009,1,-0.04122345471547203
16,2009,2,-0.05542465865479086
16,2009,3,-0.060020303662585664
16,2009,4,-0.04870250416239496
16,2010,1,-0.025478376150853473
16,2010,2,-0.009350855647121766
16,2010,3,-0.00042574726698951023
16,2010,4,0.007632025092297573
16,2011,1,0.012292650532138438
16,2011,2,0.013312822538930617
16,2011,3,0.01695754539006085
16,2011,4,0.01803739360606262
16,2012,1,0.02122861842001275
16,2012,2,0.018470882058078834
16,2012,3,0.01697790468810877
16,2012,4,0.017157280105247138
16,2013,1,0.015820922131068203
16,2013,2,0.01734752718748773
16,2013,3,0.018139795216043978
16,2013,4,0.018693868017346637
16,2014,1,0.018499392240218352
16,2014,2,0.02010163961057531
16,2014,3,0.021848090475158486
16,2014,4,0.022745685199354933
16,2015,1,0.02411483719788233
16,2015,2,0.02371250190576966
16,2015,3,0.021914057383943857
16,2015,4,0.02227959429044875
16,2016,1,0.01988751728263414
16,2016,2,0.01979925605199485
16,2016,3,0.019288632445573328
16,2016,4,0.016924155841749063
16,2017,1,0.016059531913749245
16,2017,2,0.016182366495666015
16,2017,3,0.014695456474128177
16,2017,4,0.014789057076893233
16,2018,1,0.014789108963304227
16,2018,2,0.017043151167826405
16,2018,3,0.017491407841627494
16,2018,4,0.01637565930989653
16,2019,1,0.014586202985043598
16,2019,2,0.01293555416036927
16,2019,3,0.013223643614587346
16,2019,4,0.011449356235667618
16,2020,1,0.00969764749142858
16,2020,2,-0.09025157851148054
16,2020,3,-0.05097340173278254
16,2020,4,-0.037069672801490004
16,2021,1,-0.03138234998762709
16,2021,2,0.07147279083243512
16,2021,3,0.04019618874460298
16,2021,4,0.03667162193511053
16,2022,1,0.03956142566584873
16,2022,2,0.03990460111713698
16,2022,3,0.03690092548784066
16,2022,4,0.028958690278375884
16,2023,1,0.02452878437175717
16,2023,2,0.02034344733763794
16,2023,3,0.01590615713054498
16,2023,4,0.014613063800174473
16,2024,1,0.013751791855326016
16,2024,2,0.01376081383433282
16,2024,3,0.011303677113389164
16,2024,4,0.009210447611348203
16,2025,1,0.007604019106566687
16,2025,2,0.005595100199074245
16,2025,3,0.005398606006066443
16,2025,4,0.0032876782543120944
17,1977,1,0.03290293197315417
17,1977,2,0.037474635720088474
17,1977,3,0.046001244321338355
17,1977,4,0.05275398101238442
17,1978,1,0.05274314247183773
17,1978,2,0.057734045432982654
17,1978,3,0.05618406306788475
17,1978,4,0.05478483434609256
17,1979,1,0.05569300271155118
17,1979,2,0.044518364340813896
17,1979,3,0.03633821269358578
17,1979,4,0.027618495067379727
17,1980,1,0.02001029524139749
17,1980,2,0.00422763625286422
17,1980,3,-0.0033540742026632385
17,1980,4,0.002305485769614502
17,1981,1,0.004144509704803344
17,1981,2,0.01607500234525612
17,1981,3,0.021853659293057454
17,1981,4,0.009943318780610274
17,1982,1,-0.004234992096553866
17,1982,2,-0.015277860701585782
17,1982,3,-0.02353787536731022
17,1982,4,-0.02457834127431956
17,1983,1,-0.01617655694308016
17,1983,2,-0.0007180873306876482
17,1983,3,0.020424299239803573
17,1983,4,0.04102963695742348
17,1984,1,0.05496946566398481
17,1984,2,0.05715396990922114
17,1984,3,0.053410212922134034
17,1984,4,0.04810474321413202
17,1985,1,0.04074086479991108
17,1985,2,0.035246376571560385
17,1985,3,0.031008017633849236
17,1985,4,0.027826799201275274
17,1986,1,0.026673780788223078
17,1986,2,0.02206761921093236
17,1986,3,0.0207858413032579
17,1986,4,0.021541227566985056
17,1987,1,0.024171718543859053
17,1987,2,0.02789880774380583
17,1987,3,0.02962483843708663
17,1987,4,0.033985198598883284
17,1988,1,0.034305770747542146
17,1988,2,0.035542851617441286
17,1988,3,0.03501436747143476
17,1988,4,0.03262024031542113
17,1989,1,0.031382221256607265
17,1989,2,0.02828882561716005
17,1989,3,0.025357758515275972
17,1989,4,0.020500474692916517
17,1990,1,0.02017710671574896
17,1990,2,0.014924865620323483
17,1990,3,0.008965973508646386
17,1990,4,0.003921054265252444
17,1991,1,-0.007449345833406306
17,1991,2,-0.014003030186114217
17,1991,3,-0.012407355953393158
17,1991,4,-0.0071816571373843315
17,1992,1,-0.0038915762249818594
17,1992,2,0.0021376509525611247
17,1992,3,0.004134031664965314
17,1992,4,0.006242094096343521
17,1993,1,0.016877872512376976
17,1993,2,0.019141199196402843
17,1993,3,0.024834545566217628
17,1993,4,0.028685739586819907
17,1994,1,0.028516819806433693
17,1994,2,0.03289921753049708
17,1994,3,0.03736022232504074
17,1994,4,0.03886111795653066
17,1995,1,0.037073941359964745
17,1995,2,0.030817641323105875
17,1995,3,0.02478334193846521
17,1995,4,0.020769269418673113
17,1996,1,0.018573272187413316
17,1996,2,0.022614663144541143
17,1996,3,0.02565851474384594
17,1996,4,0.02627884312214857
17,1997,1,0.028787712397439092
17,1997,2,0.03007548690796173
17,1997,3,0.029219928184646665
17,1997,4,0.032813236514771756
17,1998,1,0.03143281483288789
17,1998,2,0.02962127314793914
17,1998,3,0.028390916476129725
17,1998,4,0.025325674922083135
17,1999,1,0.023330869651283552
17,1999,2,0.02275621893415667
17,1999,3,0.021897076902469958
17,1999,4,0.023091114582347343
17,2000,1,0.024391618863329682
17,2000,2,0.022338223017932507
17,2000,3,0.019231584191014436
17,2000,4,0.01659024773254637
17,2001,1,0.011576924232122058
17,2001,2,0.0016080285136069183
17,2001,3,-0.004967051843354593
17,2001,4,-0.016086080610157046
17,2002,1,-0.023110190583845138
17,2002,2,-0.016258774998761834
17,2002,3,-0.011979847179422983
17,2002,4,-0.006692414978873471
17,2003,1,-0.003145324191118408
17,2003,2,-0.004896786912103853
17,2003,3,-0.0034896605347523057
17,2003,4,-0.0009310238749931181
17,2004,1,0.004154851781670278
17,2004,2,0.011862544383782302
17,2004,3,0.015145346829543386
17,2004,4,0.018298559508660456
17,2005,1,0.016992463805485185
17,2005,2,0.018520772419831615
17,2005,3,0.021352668984430483
17,2005,4,0.021145221825738608
17,2006,1,0.02323545165037832
17,2006,2,0.02055188661953431
17,2006,3,0.015715519664528194
17,2006,4,0.014330458141033191
17,2007,1,0.013109957588786364
17,2007,2,0.011254114124642792
17,2007,3,0.009748226095440592
17,2007,4,0.008976409682306728
17,2008,1,0.0024477104715426206
17,2008,2,-0.003207441583152851
17,2008,3,-0.008243763293016555
17,2008,4,-0.022721798651197236
17,2009,1,-0.04200249871635766
17,2009,2,-0.05458389082600915
17,2009,3,-0.05765872627478069
17,2009,4,-0.04671837241659901
17,2010,1,-0.027472025095155738
17,2010,2,-0.008600144383869968
17,2010,3,-0.00037377698768480366
17,2010,4,0.007521983990054218
17,2011,1,0.014319268289479103
17,2011,2,0.01621829690343062
17,2011,3,0.018505047851987186
17,2011,4,0.01985370809288236
17,2012,1,0.021394008951257402
17,2012,2,0.019546465175620024
17,2012,3,0.01821495376815543
17,2012,4,0.017805154717553937
17,2013,1,0.017964729602240267
17,2013,2,0.018073949248021564
17,2013,3,0.019267125086609056
17,2013,4,0.02026940505838226
17,2014,1,0.017877799943415488
17,2014,2,0.01982461301879342
17,2014,3,0.021456765042311903
17,2014,4,0.02252810924347122
17,2015,1,0.024966930539852265
17,2015,2,0.02420193595077188
17,2015,3,0.023100442915082967
17,2015,4,0.021497740142976195
17,2016,1,0.020420718439952776
17,2016,2,0.020901023077192108
17,2016,3,0.020101732288323605
17,2016,4,0.018070040208234023
17,2017,1,0.018105070333557946
17,2017,2,0.017663584468472885
17,2017,3,0.01647820610446545
17,2017,4,0.014950225771151288
17,2018,1,0.01622500579955054
17,2018,2,0.018152669867014994
17,2018,3,0.017597205915421053
17,2018,4,0.019081700495000808
17,2019,1,0.016881297938685896
17,2019,2,0.013586257855437206
17,2019,3,0.013749006358072684
17,2019,4,0.014235723072819135
17,2020,1,0.012603960970683047
17,2020,2,-0.08642792790917549
17,2020,3,-0.048897630999614354
17,2020,4,-0.03921316233314669
17,2021,1,-0.030627319218698826
17,2021,2,0.07394600435879072
17,2021,3,0.04218575226744075
17,2021,4,0.037301143871805886
17,2022,1,0.03815969328944353
17,2022,2,0.04295765792007524
17,2022,3,0.03797534994216756
17,2022,4,0.030773173990020213
17,2023,1,0.026685811680697082
17,2023,2,0.021754559326144503
17,2023,3,0.0159041206789589
17,2023,4,0.013372046860912933
17,2024,1,0.013305411849873031
17,2024,2,0.011393096100984709
17,2024,3,0.009448078093855563
17,2024,4,0.007849150211201743
17,2025,1,0.006590218443265566
17,2025,2,0.0056287716129384486
17,2025,3,0.004646960488254421
17,2025,4,0.004784347780568045
18,1977,1,0.03626309421848415
18,1977,2,0.04199364561579203
18,1977,3,0.05125780397613141
18,1977,4,0.05739135570455451
18,1978,1,0.05278180228143292
18,1978,2,0.05669824296059258
18,1978,3,0.05615206788186073
18,1978,4,0.05527779842516829
18,1979,1,0.05327008484073761
18,1979,2,0.04382222649290688
18,1979,3,0.0361816522320735
18,1979,4,0.025841872561728627
18,1980,1,0.019722323310562208
18,1980,2,6.857445804842987e-05
18,1980,3,-0.008747367868942821
18,1980,4,-0.004136785790497251
18,1981,1,-0.000654869225246287
18,1981,2,0.014948090136467222
18,1981,3,0.020861531967891127
18,1981,4,0.0068138460689861225
18,1982,1,-0.006111235058657312
18,1982,2,-0.01953212377100299
18,1982,3,-0.031912751740520086
18,1982,4,-0.03238686864501181
18,1983,1,-0.02306151667466378
18,1983,2,-0.0049897331874375235
18,1983,3,0.018044586118331908
18,1983,4,0.043143151006575946
18,1984,1,0.05624232781968205
18,1984,2,0.0583103220632665
18,1984,3,0.056309215810112924
18,1984,4,0.04926477112399155
18,1985,1,0.0398681546772766
18,1985,2,0.03327994151257047
18,1985,3,0.027192531889883687
18,1985,4,0.023588222580216294
18,1986,1,0.02128393067219661
18,1986,2,0.020476936363670286
18,1986,3,0.019135563292344865
18,1986,4,0.01778208526281137
18,1987,1,0.0205445644436828
18,1987,2,0.025164441555853685
18,1987,3,0.030002513197714117
18,1987,4,0.03315647175179511
18,1988,1,0.03307426909942224
18,1988,2,0.033367256996292796
18,1988,3,0.03291585537985982
18,1988,4,0.031697778984642704
18,1989,1,0.032351746188446766
18,1989,2,0.028407106585705475
18,1989,3,0.02177249763804362
18,1989,4,0.016107098482633506
18,1990,1,0.015678395818319313
18,1990,2,0.013997302816633896
18,1990,3,0.006845127309341549
18,1990,4,0.0008996383375172302
18,1991,1,-0.01115207965067887
18,1991,2,-0.019857269159860996
18,1991,3,-0.01754108683673617
18,1991,4,-0.011291277116488361
18,1992,1,-0.008660779471842522
18,1992,2,-0.0008987620247784903
18,1992,3,0.0006148148224143022
18,1992,4,0.006454443668740558
18,1993,1,0.012912848724065208
18,1993,2,0.0155587594133486
18,1993,3,0.01899032692964457
18,1993,4,0.02215189936007582
18,1994,1,0.025712767144615595
18,1994,2,0.032171624686071786
18,1994,3,0.03682195703240711
18,1994,4,0.03644279880680947
18,1995,1,0.03698966665496398
18,1995,2,0.030147385934582084
18,1995,3,0.02316508835303471
18,1995,4,0.020896849973687053
18,1996,1,0.018334076829385097
18,1996,2,0.021796513091056468
18,1996,3,0.025169246953346543
18,1996,4,0.02637952630661354
18,1997,1,0.0263860575159413
18,1997,2,0.02619956674674707
18,1997,3,0.027717841116451772
18,1997,4,0.030184449117732794
18,1998,1,0.029577713178788434
18,1998,2,0.028665664371552317
18,1998,3,0.02652567773827856
18,1998,4,0.02121459163741203
18,1999,1,0.021151964438195277
18,1999,2,0.02177318320930769
18,1999,3,0.021257111417135762
18,1999,4,0.02127787051567016
18,2000,1,0.021726051809518847
18,2000,2,0.019933950497528264
18,2000,3,0.01707525948313828
18,2000,4,0.014882157984352625
18,2001,1,0.009402716384862415
18,2001,2,-0.0018096215947367349
18,2001,3,-0.010678289871284743
18,2001,4,-0.019134838089545088
18,2002,1,-0.02415877291302723
18,2002,2,-0.022488069457503763
18,2002,3,-0.01941948418965409
18,2002,4,-0.011097933832475697
18,2003,1,-0.006575388800176005
18,2003,2,-0.007857374106104254
18,2003,3,-0.007175627239773671
18,2003,4,-0.0029626043385259935
18,2004,1,0.0018957989517156464
18,2004,2,0.011926465279590709
18,2004,3,0.01575711470432091
18,2004,4,0.017189613337676074
18,2005,1,0.01584241725352721
18,2005,2,0.015485830956748787
18,2005,3,0.018436338345629397
18,2005,4,0.01823795466895898
18,2006,1,0.020220746888553957
18,2006,2,0.020283621718818305
18,2006,3,0.015713637808141896
18,2006,4,0.013343217195644831
18,2007,1,0.011241032980261684
18,2007,2,0.009643049846466849
18,2007,3,0.007188579994543217
18,2007,4,0.005238750735109341
18,2008,1,0.001142774308580442
18,2008,2,-0.005214791745455209
18,2008,3,-0.011123056734200576
18,2008,4,-0.02525654691824129
18,2009,1,-0.047331248690051675
18,2009,2,-0.06090945446724463
18,2009,3,-0.05813950811328758
18,2009,4,-0.05108602067545207
18,2010,1,-0.03104735030863352
18,2010,2,-0.010495713751182589
18,2010,3,-0.001024163684380173
18,2010,4,0.008308588635198722
18,2011,1,0.014509962802654678
18,2011,2,0.015477247378193764
18,2011,3,0.01829633470842608
18,2011,4,0.019532522556042643
18,2012,1,0.022008069652556465
18,2012,2,0.01975017426053911
18,2012,3,0.018267360584694508
18,2012,4,0.017919246280315947
18,2013,1,0.01555405936232412
18,2013,2,0.016263432636016092
18,2013,3,0.017249070087880403
18,2013,4,0.018083843835656227
18,2014,1,0.016401915461102763
18,2014,2,0.019061726616254594
18,2014,3,0.021212746718743323
18,2014,4,0.023003722922503723
18,2015,1,0.024641550143877127
18,2015,2,0.022127334165298416
18,2015,3,0.021040517388337558
18,2015,4,0.01958931345344062
18,2016,1,0.01772893066648871
18,2016,2,0.01622233334361933
18,2016,3,0.01686746310666301
18,2016,4,0.015455356088306903
18,2017,1,0.016151461452999047
18,2017,2,0.01711696226233907
18,2017,3,0.016257233364079283
18,2017,4,0.01687244491905448
18,2018,1,0.015930699384544625
18,2018,2,0.018349601241791403
18,2018,3,0.01759121002773776
18,2018,4,0.01655138048192589
18,2019,1,0.01607685094962622
18,2019,2,0.014444432552433151
18,2019,3,0.013392815891540516
18,2019,4,0.010142171698177981
18,2020,1,0.008175374539921884
18,2020,2,-0.0848243085587648
18,2020,3,-0.0512094421243708
18,2020,4,-0.04027977864664855
18,2021,1,-0.033706932361263285
18,2021,2,0.07136643470844124
18,2021,3,0.03930696014564378
18,2021,4,0.036573922673875485
18,2022,1,0.040608888005576396
18,2022,2,0.03982119149816703
18,2022,3,0.03845932091975089
18,2022,4,0.030264308934219396
18,2023,1,0.02419117751323208
18,2023,2,0.02089469674900709
18,2023,3,0.016567688201960064
18,2023,4,0.013686473533406867
18,2024,1,0.011357649385981557
18,2024,2,0.011697012757379058
18,2024,3,0.00897190746359688
18,2024,4,0.00851467595672859
18,2025,1,0.004742105173064943
18,2025,2,0.0038674281457026644
18,2025,3,0.00506548404129792
18,2025,4,0.002649292800260869
19,1977,1,0.03332328225190895
19,1977,2,0.03888727946644192
19,1977,3,0.04762949052293954
19,1977,4,0.05210849861628368
19,1978,1,0.052831045455429645
19,1978,2,0.055934536121723846
19,1978,3,0.05283424054634677
19,1978,4,0.053346279128541785
19,1979,1,0.05402769785051909
19,1979,2,0.04333031311824476
19,1979,3,0.03655484589167671
19,1979,4,0.02863536493637402
19,1980,1,0.023052559759176167
19,1980,2,0.006624699127762334
19,1980,3,-0.0011099068976105815
19,1980,4,0.0017144342060971575
19,1981,1,0.003372637204027272
19,1981,2,0.01683618689651444
19,1981,3,0.02105423878038781
19,1981,4,0.009071494936175995
19,1982,1,-0.0020620970107513774
19,1982,2,-0.012786034296604474
19,1982,3,-0.01922716538838015
19,1982,4,-0.019545305508356578
19,1983,1,-0.010793339534031134
19,1983,2,0.0005283361503188847
19,1983,3,0.021357210180309824
19,1983,4,0.041901661767478664
19,1984,1,0.051744469251232154
19,1984,2,0.05571459310300308
19,1984,3,0.05408245387008795
19,1984,4,0.050054883255873955
19,1985,1,0.041769815222826995
19,1985,2,0.03806700594856254
19,1985,3,0.035417129709308104
19,1985,4,0.02955885343402991
19,1986,1,0.026960894854435934
19,1986,2,0.025643304883233686
19,1986,3,0.024183000075512752
19,1986,4,0.023214832391565143
19,1987,1,0.02466992905928991
19,1987,2,0.029190061445898943
19,1987,3,0.0321175741213335
19,1987,4,0.034946222134222056
19,1988,1,0.035163209525414026
19,1988,2,0.036099112708775534
19,1988,3,0.03625436970567203
19,1988,4,0.03513532435249537
19,1989,1,0.033877589888141574
19,1989,2,0.03076116867563965
19,1989,3,0.02561505076738599
19,1989,4,0.020974951149832683
19,1990,1,0.020794946622978674
19,1990,2,0.015337109966427958
19,1990,3,0.009517301920134443
19,1990,4,0.005883687384850063
19,1991,1,-0.002829444866258455
19,1991,2,-0.01097747634386274
19,1991,3,-0.00941308630193561
19,1991,4,-0.00785387164842531
19,1992,1,-0.0035048077044659105
19,1992,2,0.004168159710851894
19,1992,3,0.0043607120386083675
19,1992,4,0.009367944290091332
19,1993,1,0.01549070909566123
19,1993,2,0.0180017118739591
19,1993,3,0.02377561196268892
19,1993,4,0.0287456447005432
19,1994,1,0.029296429501494928
19,1994,2,0.0340599492596462
19,1994,3,0.03735441085986738
19,1994,4,0.04034112859495368
19,1995,1,0.038536809495560306
19,1995,2,0.03130153571519175
19,1995,3,0.02637492127548616
19,1995,4,0.022004279907457357
19,1996,1,0.019140748654485805
19,1996,2,0.021832000527774214
19,1996,3,0.02447938123696062
19,1996,4,0.02619690289974327
19,1997,1,0.027273156911396368
19,1997,2,0.029402119759715847
19,1997,3,0.028457109369612307
19,1997,4,0.030172001516037474
19,1998,1,0.030863903756362037
19,1998,2,0.028686728044191537
19,1998,3,0.027015602049950665
19,1998,4,0.02523597866376058
19,1999,1,0.02447395065849805
19,1999,2,0.023069195325300836
19,1999,3,0.02419456627167053
19,1999,4,0.023980480591371756
19,2000,1,0.02137042065360324
19,2000,2,0.020793141737601148
19,2000,3,0.019335154247054086
19,2000,4,0.015294834149191534
19,2001,1,0.009527248107624791
19,2001,2,0.001979648685493102
19,2001,3,-0.0059534145503220715
19,2001,4,-0.01508447830706958
19,2002,1,-0.020284724130599566
19,2002,2,-0.017598443453155643
19,2002,3,-0.013717875881318621
19,2002,4,-0.008470649193956502
19,2003,1,-0.0055713230748148474
19,2003,2,-0.0058164107613134855
19,2003,3,-0.004669494715542383
19,2003,4,-0.002735500075664653
19,2004,1,0.0025784174967573175
19,2004,2,0.010605465566074506
19,2004,3,0.013846640218244301
19,2004,4,0.01598757050377791
19,2005,1,0.015899898157810517
19,2005,2,0.015530530809797808
19,2005,3,0.018245967307574947
19,2005,4,0.01900039261492417
19,2006,1,0.02178426548275594
19,2006,2,0.01896353403555576
19,2006,3,0.015654677060626638
19,2006,4,0.01297966004800213
19,2007,1,0.012166769475106136
19,2007,2,0.010697549435900566
19,2007,3,0.008478791903020887
19,2007,4,0.007173809364087505
19,2008,1,0.0030109101271827707
19,2008,2,-0.0045543186094163975
19,2008,3,-0.011149531404568917
19,2008,4,-0.025379486511844993
19,2009,1,-0.04330984319304626
19,2009,2,-0.056025387740908886
19,2009,3,-0.059921589446712505
19,2009,4,-0.04780189638379461
19,2010,1,-0.029467526034040164
19,2010,2,-0.010223329863424406
19,2010,3,-0.0002523781785964655
19,2010,4,0.00817603349505227
19,2011,1,0.011667659504522629
19,2011,2,0.014460840665996975
19,2011,3,0.017413302115658495
19,2011,4,0.017815175432894827
19,2012,1,0.02101680894518783
19,2012,2,0.018292930372170238
19,2012,3,0.017352926064112074
19,2012,4,0.01698196878547414
19,2013,1,0.015251354728303424
19,2013,2,0.01559947925884999
19,2013,3,0.017078559027686575
19,2013,4,0.017816218426365563
19,2014,1,0.01677017208370724
19,2014,2,0.018504750486223458
19,2014,3,0.020873863075748574
19,2014,4,0.022491420960222303
19,2015,1,0.023814895807571866
19,2015,2,0.024063750648646375
19,2015,3,0.022218207606347514
19,2015,4,0.021670717159335204
19,2016,1,0.020689460229726727
19,2016,2,0.01932659190236581
19,2016,3,0.019194883433762015
19,2016,4,0.017880350866174594
19,2017,1,0.01788866843070256
19,2017,2,0.01690299514061781
19,2017,3,0.015281080027301741
19,2017,4,0.01510076735264309
19,2018,1,0.015267201531646799
19,2018,2,0.01707622040995608
19,2018,3,0.017345346201739092
19,2018,4,0.01636200602408358
19,2019,1,0.013666566147202895
19,2019,2,0.013541894258022324
19,2019,3,0.011932116521221567
19,2019,4,0.011448411241005993
19,2020,1,0.010519804911555502
19,2020,2,-0.08972176819703646
19,2020,3,-0.050883720512071344
19,2020,4,-0.03774037862473742
19,2021,1,-0.03240383852428222
19,2021,2,0.07274582569938767
19,2021,3,0.037587587047184436
19,2021,4,0.03365797499382795
19,2022,1,0.03785064074601904
19,2022,2,0.03945502125402084
19,2022,3,0.036466997155636005
19,2022,4,0.029835342803539333
19,2023,1,0.024675950740763473
19,2023,2,0.019947999405453092
19,2023,3,0.015903806062313657
19,2023,4,0.014770166467550859
19,2024,1,0.012679787693163197
19,2024,2,0.011854958218403386
19,2024,3,0.00901212189976444
19,2024,4,0.007668711569219751
19,2025,1,0.0071907466546786885
19,2025,2,0.005437938953724404
19,2025,3,0.005699691080890693
19,2025,4,0.003542044941842469
20,1978,1,0.043401637615408314
20,1978,2,0.052048544312683506
20,1978,3,0.04832979278464441
20,1978,4,0.049089601396741914
20,1979,1,0.05340314855359211
20,1979,2,0.042195919107102964
20,1979,3,0.03567344743962764
20,1979,4,0.028811593139379178
20,1980,1,0.024523651779037894
20,1980,2,0.006552466598654734
20,1980,3,-0.0018491834917725794
20,1980,4,0.00356993919543118
20,1981,1,0.005258472547902579
20,1981,2,0.015765037621029373
20,1981,3,0.020863637766097176
20,1981,4,0.01077879955926355
20,1982,1,-0.001758526678685827
20,1982,2,-0.014484844829508367
20,1982,3,-0.023788049619734075
20,1982,4,-0.024588694398158462
20,1983,1,-0.016167974766166035
20,1983,2,-0.0033604782013121077
20,1983,3,0.017398632952403358
20,1983,4,0.04082373898231521
20,1984,1,0.053526949887408734
20,1984,2,0.05516657684889934
20,1984,3,0.05317608610549034
20,1984,4,0.04930347937966237
20,1985,1,0.041119345322711255
20,1985,2,0.03711824080331841
20,1985,3,0.032664999482882436
20,1985,4,0.02960190310322577
20,1986,1,0.026952794132581986
20,1986,2,0.020461218173637954
20,1986,3,0.019017538678482823
20,1986,4,0.01874594481091193
20,1987,1,0.022169554198009308
20,1987,2,0.02779661013223733
20,1987,3,0.030138882284514865
20,1987,4,0.033580431926011116
20,1988,1,0.035166342050761364
20,1988,2,0.03620270024432681
20,1988,3,0.034397694145483756
20,1988,4,0.03342882673264204
20,1989,1,0.03486910135762056
20,1989,2,0.029840786035851705
20,1989,3,0.02428046936789341
20,1989,4,0.020987354384114944
20,1990,1,0.02048173004590553
20,1990,2,0.015201139337072294
20,1990,3,0.009820698168833188
20,1990,4,0.005110090284045561
20,1991,1,-0.004524986334964776
20,1991,2,-0.009111962190081237
20,1991,3,-0.010543982342485967
20,1991,4,-0.007607787788640049
20,1992,1,-0.005121476594400582
20,1992,2,0.0024153676674272227
20,1992,3,0.004722210138276848
20,1992,4,0.00850228331786666
20,1993,1,0.016065863462996745
20,1993,2,0.019072686615484065
20,1993,3,0.022391755808652127
20,1993,4,0.027753219622548363
20,1994,1,0.029662933859615322
20,1994,2,0.033372985879147485
20,1994,3,0.03686589513692152
20,1994,4,0.03866142963436037
20,1995,1,0.037216497835630566
20,1995,2,0.03264221415793821
20,1995,3,0.024532704675940674
20,1995,4,0.021480668797719774
20,1996,1,0.01954044868502792
20,1996,2,0.02365972729543572
20,1996,3,0.024955414824197296
20,1996,4,0.0263672193448541
20,1997,1,0.02847197779598991
20,1997,2,0.02905860591171711
20,1997,3,0.027687614457429743
20,1997,4,0.030297290298808698
20,1998,1,0.03138546360712781
20,1998,2,0.02840638871438713
20,1998,3,0.02783884555043888
20,1998,4,0.024805006476800555
20,1999,1,0.02520077381686571
20,1999,2,0.02428476128512105
20,1999,3,0.025688303388555787
20,1999,4,0.02431389339433305
20,2000,1,0.02491845356661608
20,2000,2,0.023192853379958637
20,2000,3,0.01945221977403175
20,2000,4,0.01676680478358015
20,2001,1,0.01152898286927214
20,2001,2,0.004615030219596411
20,2001,3,-0.0011903100822323164
20,2001,4,-0.014823903141027784
20,2002,1,-0.01658098194843086
20,2002,2,-0.0134810562913288
20,2002,3,-0.008926008320362227
20,2002,4,-0.006594675605731848
20,2003,1,-0.0019788425533716074
20,2003,2,-0.002703500191661739
20,2003,3,-0.0027397901940796046
20,2003,4,0.000785686901449526
20,2004,1,0.005710836360612238
20,2004,2,0.011508355968112394
20,2004,3,0.014800137235954637
20,2004,4,0.01632562193679496
20,2005,1,0.016598447882161742
20,2005,2,0.016166626100327274
20,2005,3,0.0191316311284801
20,2005,4,0.01960947180209376
20,2006,1,0.022352027581135237
20,2006,2,0.019855527404694113
20,2006,3,0.01644353248909603
20,2006,4,0.014422465134456802
20,2007,1,0.011874821749640992
20,2007,2,0.011298322178056028
20,2007,3,0.009419330192705818
20,2007,4,0.008402042441153647
20,2008,1,0.0046341755315377434
20,2008,2,-0.002370422049137604
20,2008,3,-0.010440459884748073
20,2008,4,-0.022448168531983413
20,2009,1,-0.04195787260850343
20,2009,2,-0.05519608974328094
20,2009,3,-0.056528465301931466
20,2009,4,-0.0453717922365652
20,2010,1,-0.029807219924126587
20,2010,2,-0.008623115545709829
20,2010,3,0.0007194389254235285
20,2010,4,0.008340436860631321
20,2011,1,0.011336973358446807
20,2011,2,0.014444489211265801
20,2011,3,0.017693049686501695
20,2011,4,0.018033466704597424
20,2012,1,0.02126952236941486
20,2012,2,0.018950019262359848
20,2012,3,0.017784121725845314
20,2012,4,0.017666592586651823
20,2013,1,0.015754262225634724
20,2013,2,0.016477657751191675
20,2013,3,0.01829893465673096
20,2013,4,0.018379145359799818
20,2014,1,0.01774369957763548
20,2014,2,0.019430441996643916
20,2014,3,0.02126477361179135
20,2014,4,0.022986135979262353
20,2015,1,0.02420044887473
20,2015,2,0.023626502353559568
20,2015,3,0.021249585460298592
20,2015,4,0.020106465970897828
20,2016,1,0.018455710040707025
20,2016,2,0.017651449974968408
20,2016,3,0.01906614074807243
20,2016,4,0.01652068033877651
20,2017,1,0.016020966765530845
20,2017,2,0.016227032285807224
20,2017,3,0.015416314562682427
20,2017,4,0.016462449456753996
20,2018,1,0.016372081979117072
20,2018,2,0.016688945356490324
20,2018,3,0.017575468284960864
20,2018,4,0.018429460860349682
20,2019,1,0.014610336952293496
20,2019,2,0.01317337992165232
20,2019,3,0.012764016035564351
20,2019,4,0.011911605561686566
20,2020,1,0.0099953949851572
20,2020,2,-0.08706132834853117
20,2020,3,-0.05342226149162071
20,2020,4,-0.0404422488381081
20,2021,1,-0.03483297450420196
20,2021,2,0.07123590213200684
20,2021,3,0.038672338723507005
20,2021,4,0.03854901365934235
20,2022,1,0.03858715572331731
20,2022,2,0.03914329052491927
20,2022,3,0.038017007302628955
20,2022,4,0.029211534209230984
20,2023,1,0.025349740725533594
20,2023,2,0.022641306176563635
20,2023,3,0.017754538564825128
20,2023,4,0.014971284015992434
20,2024,1,0.0152451233955391
20,2024,2,0.013052922297278223
20,2024,3,0.010096745042821749
20,2024,4,0.00814405979374588
20,2025,1,0.007300393595290836
20,2025,2,0.003449271744251935
20,2025,3,0.004218964271191722
20,2025,4,0.002550372605305507
21,1977,1,0.031736501157687794
21,1977,2,0.040942208001861595
21,1977,3,0.04812177852828656
21,1977,4,0.05360266437081011
21,1978,1,0.050502245269374045
21,1978,2,0.0570276321798127
21,1978,3,0.05585787835563247
21,1978,4,0.05628722803850443
21,1979,1,0.055980666942629397
21,1979,2,0.04261689337415958
21,1979,3,0.03636823621657868
21,1979,4,0.027304516841414543
21,1980,1,0.021551831124626563
21,1980,2,0.008059665531572224
21,1980,3,-0.0035046637565234406
21,1980,4,0.0016940743977297786
21,1981,1,0.0054453395044423555
21,1981,2,0.014026252117870147
21,1981,3,0.024381445345435904
21,1981,4,0.011597343971557582
21,1982,1,-0.0014780048195189124
21,1982,2,-0.0104017034452178
21,1982,3,-0.026620917864619658
21,1982,4,-0.027289323615753
21,1983,1,-0.016435283532575347
21,1983,2,-0.00450630498448511
21,1983,3,0.016734060985330913
21,1983,4,0.03761938084205604
21,1984,1,0.05104637410419255
21,1984,2,0.055496531248535354
21,1984,3,0.05258280566887366
21,1984,4,0.04664474755049815
21,1985,1,0.03970330042433452
21,1985,2,0.03620568504288544
21,1985,3,0.029215097373884582
21,1985,4,0.02661657638263739
21,1986,1,0.02461603652030705
21,1986,2,0.016945436590438866
21,1986,3,0.015660775124998454
21,1986,4,0.015575140532734935
21,1987,1,0.01867985075068629
21,1987,2,0.02573484625596067
21,1987,3,0.030117766475927503
21,1987,4,0.03306700111228892
21,1988,1,0.03356750957918331
21,1988,2,0.034627353693153555
21,1988,3,0.034460638391721705
21,1988,4,0.03252444684854982
21,1989,1,0.030460187864549158
21,1989,2,0.02726778428765759
21,1989,3,0.024668955847917062
21,1989,4,0.019413978555465554
21,1990,1,0.018489534877343925
21,1990,2,0.013695222983642587
21,1990,3,0.008343126094669424
21,1990,4,0.0028387869089194547
21,1991,1,-0.005000132666358384
21,1991,2,-0.010082879281021829
21,1991,3,-0.010150789097708552
21,1991,4,-0.010602056380254164
21,1992,1,-0.006169732078638674
21,1992,2,0.0017686063482282093
21,1992,3,0.0021526914523218228
21,1992,4,0.00569966842535053
21,1993,1,0.013587691913012854
21,1993,2,0.01683726648560564
21,1993,3,0.022565795200495377
21,1993,4,0.02720299205752701
21,1994,1,0.028517815539834523
21,1994,2,0.0331256517271541
21,1994,3,0.03690622167630954
21,1994,4,0.038564365086660425
21,1995,1,0.03529518061485079
21,1995,2,0.029972661783353203
21,1995,3,0.025399762962506088
21,1995,4,0.021777620234991954
21,1996,1,0.018739454114435786
21,1996,2,0.020772816425187995
21,1996,3,0.02301835358162504
21,1996,4,0.024977887230476916
21,1997,1,0.027812787027049327
21,1997,2,0.027248078746441615
21,1997,3,0.026079331555951008
21,1997,4,0.02892237788562681
21,1998,1,0.028135360024916643
21,1998,2,0.027501680563747424
21,1998,3,0.02685597363594051
21,1998,4,0.02385511815920189
21,1999,1,0.022430047975191533
21,1999,2,0.022686235625468
21,1999,3,0.024134825397516893
21,1999,4,0.02297070823330048
21,2000,1,0.02304882492691859
21,2000,2,0.02167741053325885
21,2000,3,0.018989796526598338
21,2000,4,0.01509689816286471
21,2001,1,0.011194748559208517
21,2001,2,0.003736695391083649
21,2001,3,-0.0019164034810246855
21,2001,4,-0.014328627429969692
21,2002,1,-0.01706610625189408
21,2002,2,-0.014547500560260435
21,2002,3,-0.011739608357078716
21,2002,4,-0.005307643401243971
21,2003,1,-0.003348142516039389
21,2003,2,-0.003360265504682447
21,2003,3,-0.003031381627916486
21,2003,4,-0.0007232664923850181
21,2004,1,0.0045725024706935605
21,2004,2,0.01177619600805443
21,2004,3,0.015503006184786134
21,2004,4,0.01748353254668308
21,2005,1,0.017708266529042994
21,2005,2,0.01809874103440698
21,2005,3,0.022668020644630624
21,2005,4,0.02093914794740692
21,2006,1,0.024115470875646257
21,2006,2,0.020066383142799706
21,2006,3,0.016152816731306127
21,2006,4,0.015810351708545514
21,2007,1,0.013844437573026475
21,2007,2,0.011445163938967124
21,2007,3,0.010499842699926246
21,2007,4,0.008752541581133975
21,2008,1,0.003983649375276386
21,2008,2,-0.0024639534059811567
21,2008,3,-0.006056141639939938
21,2008,4,-0.021176861274978625
21,2009,1,-0.041578890845954126
21,2009,2,-0.05505878692591885
21,2009,3,-0.06000883716726218
21,2009,4,-0.049898488458636155
21,2010,1,-0.03142020464240935
21,2010,2,-0.010229187741783347
21,2010,3,0.00025630108614724896
21,2010,4,0.008487843627660804
21,2011,1,0.01219497668742139
21,2011,2,0.014868893314618364
21,2011,3,0.019363847287222888
21,2011,4,0.01970449318577445
21,2012,1,0.02227173461173713
21,2012,2,0.018868630937974005
21,2012,3,0.017114612592409855
21,2012,4,0.01717495782246262
21,2013,1,0.014917475731853206
21,2013,2,0.0169222643408988
21,2013,3,0.01856197467055796
21,2013,4,0.01923343704169076
21,2014,1,0.01762996532054547
21,2014,2,0.01962104744982723
21,2014,3,0.022422829085136528
21,2014,4,0.023140402940481097
21,2015,1,0.02370846067479128
21,2015,2,0.024695260307418643
21,2015,3,0.021933905902170453
21,2015,4,0.01956344143550237
21,2016,1,0.01930347110163921
21,2016,2,0.016876150739980094
21,2016,3,0.016006493847196615
21,2016,4,0.01424119980317475
21,2017,1,0.01646500618200937
21,2017,2,0.015999856790463302
21,2017,3,0.01619679119400456
21,2017,4,0.01588663010291383
21,2018,1,0.016491762701903723
21,2018,2,0.017927348059635483
21,2018,3,0.01820367664062267
21,2018,4,0.01874698850813228
21,2019,1,0.015445716427366836
21,2019,2,0.01332701568274085
21,2019,3,0.01373314230714388
21,2019,4,0.010874640899962732
21,2020,1,0.008282949426898556
21,2020,2,-0.08782468560380645
21,2020,3,-0.0501175327407193
21,2020,4,-0.03836759857860419
21,2021,1,-0.034427688545136816
21,2021,2,0.07320563683598857
21,2021,3,0.0399998620781671
21,2021,4,0.03713399516685764
21,2022,1,0.040098849366570904
21,2022,2,0.040531779787999496
21,2022,3,0.03709588703216568
21,2022,4,0.02910062355373097
21,2023,1,0.02541932299030633
21,2023,2,0.020831544646651767
21,2023,3,0.017614114009182866
21,2023,4,0.013968327663623353
21,2024,1,0.012940399357575348
21,2024,2,0.010545724033280014
21,2024,3,0.008293839117299164
21,2024,4,0.00843403178832308
21,2025,1,0.006015139250457785
21,2025,2,0.005028689853984805
21,2025,3,0.003745324882166503
21,2025,4,0.0023458756087623377
22,1977,1,0.034226556968773275
22,1977,2,0.04361038149075466
22,1977,3,0.05121951334717691
22,1977,4,0.0552100583311882
22,1978,1,0.049109151034889574
22,1978,2,0.05863450450955092
22,1978,3,0.05977863669015548
22,1978,4,0.060165450229727954
22,1979,1,0.06084641943866553
22,1979,2,0.04307481282582881
22,1979,3,0.036692831375935035
22,1979,4,0.03003086745536123
22,1980,1,0.027325552835287908
22,1980,2,0.011977953144256526
22,1980,3,0.0005320412685811968
22,1980,4,0.005994408295846135
22,1981,1,0.006325917467577105
22,1981,2,0.014748058541008292
22,1981,3,0.0239033927070628
22,1981,4,0.011956392846391046
22,1982,1,0.00019026164342464982
22,1982,2,-0.006517901454780711
22,1982,3,-0.021396342752965824
22,1982,4,-0.026720194565934132
22,1983,1,-0.01827617865719651
22,1983,2,-0.0051534183936348225
22,1983,3,0.015243935867652578
22,1983,4,0.03766357139862878
22,1984,1,0.0506020463391472
22,1984,2,0.056302812391512407
22,1984,3,0.05461431830842601
22,1984,4,0.04962363822444071
22,1985,1,0.04463139694587848
22,1985,2,0.040832119272819774
22,1985,3,0.03571475088273007
22,1985,4,0.03196687493441705
22,1986,1,0.027920792639738175
22,1986,2,0.02124412885623205
22,1986,3,0.019344086095106107
22,1986,4,0.01868448681699764
22,1987,1,0.02098323606078012
22,1987,2,0.029111105691665168
22,1987,3,0.031004547414665323
22,1987,4,0.03465855827442007
22,1988,1,0.03611830289977179
22,1988,2,0.03546505387389121
22,1988,3,0.037296678270730584
22,1988,4,0.03258536527178407
22,1989,1,0.034033689496010454
22,1989,2,0.030222319544152124
22,1989,3,0.025391115057125057
22,1989,4,0.02181786935232605
22,1990,1,0.02246445258786075
22,1990,2,0.017213241216693428
22,1990,3,0.01155960707009929
22,1990,4,0.007988994329195559
22,1991,1,-0.004307408545764048
22,1991,2,-0.013726947521464526
22,1991,3,-0.012676759555558255
22,1991,4,-0.007854038092123861
22,1992,1,-0.003907961292006167
22,1992,2,0.0011532606996427761
22,1992,3,0.0027364266509234854
22,1992,4,0.009241728568684177
22,1993,1,0.015270878631562545
22,1993,2,0.02022772396928384
22,1993,3,0.026261824347857773
22,1993,4,0.028718568745196682
22,1994,1,0.02935964603500436
22,1994,2,0.036506210131811816
22,1994,3,0.0366324087512665
22,1994,4,0.03797981721079428
22,1995,1,0.03546812912117875
22,1995,2,0.02890449832960215
22,1995,3,0.025437407428468804
22,1995,4,0.019872305926868547
22,1996,1,0.019240252053853477
22,1996,2,0.02236082998025331
22,1996,3,0.024288301571318973
22,1996,4,0.025115496031849024
22,1997,1,0.028915003475501074
22,1997,2,0.030028371565821155
22,1997,3,0.02883346888222416
22,1997,4,0.030520045273303643
22,1998,1,0.02715105742115853
22,1998,2,0.026260520356464728
22,1998,3,0.026670718361956634
22,1998,4,0.02433315958524694
22,1999,1,0.025436110238880708
22,1999,2,0.023900957303830846
22,1999,3,0.023191649524001084
22,1999,4,0.024313288076212514
22,2000,1,0.024792659432837625
22,2000,2,0.02108666158656516
22,2000,3,0.02050519899700806
22,2000,4,0.01842139663133343
22,2001,1,0.013387928527525829
22,2001,2,0.007520645901317177
22,2001,3,-0.0002705715838934603
22,2001,4,-0.008514751935749723
22,2002,1,-0.011002202188509684
22,2002,2,-0.009919719799896143
22,2002,3,-0.008643572429200963
22,2002,4,-0.0013961529925563786
22,2003,1,-0.0012889201353516269
22,2003,2,-0.0019855276616938073
22,2003,3,0.0001851061755956593
22,2003,4,-0.0010230857631485534
22,2004,1,0.00684941768956193
22,2004,2,0.014238969394813557
22,2004,3,0.01709403574052354
22,2004,4,0.0204436769218985
22,2005,1,0.018872537632986297
22,2005,2,0.01833793290912004
22,2005,3,0.022680161260859786
22,2005,4,0.024034527146431263
22,2006,1,0.02844089122558521
22,2006,2,0.026969515957721884
22,2006,3,0.019949804177694982
22,2006,4,0.018037408758577806
22,2007,1,0.015346260438829832
22,2007,2,0.013837913746995587
22,2007,3,0.01128325071040883
22,2007,4,0.007909584166016349
22,2008,1,0.004148880555606025
22,2008,2,-0.003618847453266375
22,2008,3,-0.008891479690333286
22,2008,4,-0.02004885202111416
22,2009,1,-0.03690948145697458
22,2009,2,-0.05071238316325317
22,2009,3,-0.055654457286974206
22,2009,4,-0.0489700083526307
22,2010,1,-0.032128896343993574
22,2010,2,-0.008883473884950093
22,2010,3,0.002119120831707774
22,2010,4,0.011290725749459416
22,2011,1,0.015463519610710423
22,2011,2,0.016884825880762278
22,2011,3,0.02055632967315039
22,2011,4,0.02045946200622286
22,2012,1,0.026320345849849592
22,2012,2,0.02359052136759831
22,2012,3,0.019900095723597785
22,2012,4,0.016826280057288895
22,2013,1,0.015364372048247615
22,2013,2,0.01773241137835016
22,2013,3,0.018519003723662206
22,2013,4,0.01852999370263492
22,2014,1,0.018026991990936148
22,2014,2,0.021742202141194295
22,2014,3,0.02204985618806409
22,2014,4,0.0243536118208449
22,2015,1,0.02507232882537809
22,2015,2,0.02149790604988172
22,2015,3,0.018375584440871003
22,2015,4,0.015776049631140116
22,2016,1,0.013222875021271216
22,2016,2,0.013784922135600225
22,2016,3,0.015572339228132321
22,2016,4,0.014493876788212215
22,2017,1,0.01524561986440659
22,2017,2,0.01777937789013861
22,2017,3,0.0162000338832068
22,2017,4,0.01595895421621501
22,2018,1,0.018680414727030085
22,2018,2,0.02041662581237854
22,2018,3,0.020369000755514642
22,2018,4,0.01818783880614169
22,2019,1,0.014552722195782767
22,2019,2,0.012016204594649539
22,2019,3,0.012094461629313477
22,2019,4,0.012067522515286028
22,2020,1,0.008579440373866314
22,2020,2,-0.09492628818375173
22,2020,3,-0.05631449974468431
22,2020,4,-0.04317445860522029
22,2021,1,-0.04029005775548037
22,2021,2,0.07265741800248107
22,2021,3,0.03739702855081464
22,2021,4,0.03603106595023672
22,2022,1,0.039617420688053157
22,2022,2,0.04015675094659755
22,2022,3,0.03958501951264812
22,2022,4,0.03182308702118813
22,2023,1,0.02553525175192293
22,2023,2,0.023923664210264043
22,2023,3,0.01783040606470612
22,2023,4,0.01800111800776621
22,2024,1,0.01623327422024894
22,2024,2,0.013907537934031138
22,2024,3,0.01135156263985903
22,2024,4,0.010579255921654202
22,2025,1,0.008307051540515484
22,2025,2,0.006909729061217393
22,2025,3,0.005945491516233911
22,2025,4,0.0018564616788882557
23,1978,1,0.04710643061410773
23,1978,2,0.05322636430333413
23,1978,3,0.05067846963817414
23,1978,4,0.04995570156485767
23,1979,1,0.04853636498808502
23,1979,2,0.03953110595417292
23,1979,3,0.033711023853636585
23,1979,4,0.027099060732533608
23,1980,1,0.02055054142717617
23,1980,2,0.004264402381322594
23,1980,3,-0.004621912001220936
23,1980,4,0.000987773234711222
23,1981,1,0.002237200131976963
23,1981,2,0.015299829418853007
23,1981,3,0.01950565574981029
23,1981,4,0.005529357053112618
23,1982,1,-0.005809156920663565
23,1982,2,-0.016004163674022197
23,1982,3,-0.028019941195773654
23,1982,4,-0.028226337112182632
23,1983,1,-0.016997552560241068
23,1983,2,-0.0009005187153836749
23,1983,3,0.02001868920055224
23,1983,4,0.041244999882948274
23,1984,1,0.05159672253165179
23,1984,2,0.05499547462861114
23,1984,3,0.053385866502405455
23,1984,4,0.0471982328376759
23,1985,1,0.038201420076487184
23,1985,2,0.0341548660248317
23,1985,3,0.032099055846550914
23,1985,4,0.02796198204091529
23,1986,1,0.024930235423682775
23,1986,2,0.023877588556768425
23,1986,3,0.022675618395808474
23,1986,4,0.02245532259518298
23,1987,1,0.023580928620262474
23,1987,2,0.02751765900868452
23,1987,3,0.030030944276906602
23,1987,4,0.033776096501765135
23,1988,1,0.034133085791077
23,1988,2,0.03502790479275268
23,1988,3,0.034646436029143746
23,1988,4,0.03322032763602603
23,1989,1,0.033579003830675774
23,1989,2,0.029655787400845877
23,1989,3,0.025405078254917928
23,1989,4,0.01972260161141646
23,1990,1,0.0200097430620478
23,1990,2,0.014369407440467866
23,1990,3,0.008870403309947974
23,1990,4,0.0032938973575458406
23,1991,1,-0.005820000267403003
23,1991,2,-0.012125581915253208
23,1991,3,-0.01186393310930883
23,1991,4,-0.009278461086119268
23,1992,1,-0.0028125472139859343
23,1992,2,0.004318663779892064
23,1992,3,0.00484374963344898
23,1992,4,0.007737477552876174
23,1993,1,0.015732549083002596
23,1993,2,0.01944742849427493
23,1993,3,0.024555915298969257
23,1993,4,0.026862867844210454
23,1994,1,0.027973293730582893
23,1994,2,0.033680649041032976
23,1994,3,0.03657285426314292
23,1994,4,0.03808963667207262
23,1995,1,0.038358299659408235
23,1995,2,0.030585322922286308
23,1995,3,0.0243279457965678
23,1995,4,0.02110198622957768
23,1996,1,0.019226000076123958
23,1996,2,0.021958095312061117
23,1996,3,0.02408759702883035
23,1996,4,0.02693288845826312
23,1997,1,0.027656025179806983
23,1997,2,0.027758984612857772
23,1997,3,0.027226527667723932
23,1997,4,0.029200838664004906
23,1998,1,0.02964140896114054
23,1998,2,0.027307002707305596
23,1998,3,0.02655409716735381
23,1998,4,0.024025950870759816
23,1999,1,0.02483060492559944
23,1999,2,0.024416444089978617
23,1999,3,0.022921266728864843
23,1999,4,0.023309418660459807
23,2000,1,0.02283489230273021
23,2000,2,0.0216381977011017
23,2000,3,0.01942421562001295
23,2000,4,0.015438013846876231
23,2001,1,0.011309841908553445
23,2001,2,0.0028384536529338284
23,2001,3,-0.0043943456126146595
23,2001,4,-0.009342850517109999
23,2002,1,-0.012059817580367092
23,2002,2,-0.012689783024356055
23,2002,3,-0.010677116081047778
23,2002,4,-0.004359980517267733
23,2003,1,-0.0019888290287131995
23,2003,2,-0.002206934701322641
23,2003,3,-0.0009979264639327183
23,2003,4,0.002596254542905789
23,2004,1,0.005372939002411208
23,2004,2,0.012553856833961761
23,2004,3,0.01564828786174712
23,2004,4,0.016991087684356622
23,2005,1,0.016442564776417538
23,2005,2,0.01752448669529979
23,2005,3,0.020678378955367102
23,2005,4,0.01975143857281763
23,2006,1,0.02234826152456452
23,2006,2,0.021126506647057276
23,2006,3,0.01657972535674793
23,2006,4,0.015061453961227348
23,2007,1,0.012778788359660303
23,2007,2,0.011621030336628748
23,2007,3,0.00979778381981052
23,2007,4,0.008322857000442344
23,2008,1,0.004577500428109255
23,2008,2,-0.0031004946113210273
23,2008,3,-0.009807073836895304
23,2008,4,-0.024423175046436995
23,2009,1,-0.03960732683972928
23,2009,2,-0.048997797513121104
23,2009,3,-0.05515284152511485
23,2009,4,-0.050377089409143976
23,2010,1,-0.02836590793235184
23,2010,2,-0.00995730886231598
23,2010,3,-0.000988387483515177
23,2010,4,0.007457903943866281
23,2011,1,0.012486150808691565
23,2011,2,0.01410349475130037
23,2011,3,0.0179137922457232
23,2011,4,0.018739950879091832
23,2012,1,0.021794206971537
23,2012,2,0.01873576839891731
23,2012,3,0.01721447664649079
23,2012,4,0.01768841335775048
23,2013,1,0.015880739646206506
23,2013,2,0.01714640215395096
23,2013,3,0.019136020740821123
23,2013,4,0.019144379938201422
23,2014,1,0.017585545767461023
23,2014,2,0.019866293148101323
23,2014,3,0.021291659888937463
23,2014,4,0.022070776406896742
23,2015,1,0.023926740198506657
23,2015,2,0.023430714583134917
23,2015,3,0.02242167420208762
23,2015,4,0.022177154585603126
23,2016,1,0.02168068064290216
23,2016,2,0.019581548732417103
23,2016,3,0.018432208626708295
23,2016,4,0.016655352591886285
23,2017,1,0.01735344480332612
23,2017,2,0.018259217728751057
23,2017,3,0.01576925848197979
23,2017,4,0.01566791241437266
23,2018,1,0.015534283778227985
23,2018,2,0.016584656385252305
23,2018,3,0.017539014336131455
23,2018,4,0.0167066588134926
23,2019,1,0.014520672876660853
23,2019,2,0.013038829219417826
23,2019,3,0.012607756780362965
23,2019,4,0.011476418161833899
23,2020,1,0.010447113527091932
23,2020,2,-0.09318097178926855
23,2020,3,-0.05204823927357648
23,2020,4,-0.0417345459448678
23,2021,1,-0.03551861049779413
23,2021,2,0.07248723629557334
23,2021,3,0.036911335951728304
23,2021,4,0.03553606356009747
23,2022,1,0.03682691778510106
23,2022,2,0.03839009171757967
23,2022,3,0.03631426515191312
23,2022,4,0.029084519140143095
23,2023,1,0.02387236270984532
23,2023,2,0.020939432752554426
23,2023,3,0.01652126799918571
23,2023,4,0.014894294106341315
23,2024,1,0.013341518700509952
23,2024,2,0.012883239934050996
23,2024,3,0.009515626497660738
23,2024,4,0.00918374979129161
23,2025,1,0.007678772258725325
23,2025,2,0.00664092822553825
23,2025,3,0.006671762668975483
23,2025,4,0.0034901733154388856
24,1978,1,0.03460630843762185
24,1978,2,0.049689318709013976
24,1978,3,0.03631929967178594
24,1978,4,0.04250108701671441
24,1979,1,0.04854970053819909
24,1979,2,0.04025736819431663
24,1979,3,0.03424398347609374
24,1979,4,0.029813736890072304
24,1980,1,0.025085281550889894
24,1980,2,0.01198474054976362
24,1980,3,0.002789237707478744
24,1980,4,0.006708905548881395
24,1981,1,0.008164698967309057
24,1981,2,0.014262557720536648
24,1981,3,0.017860856721779284
24,1981,4,0.008174825895251165
24,1982,1,-0.00195578488321607
24,1982,2,-0.009425036378428373
24,1982,3,-0.01701280130644172
24,1982,4,-0.01729207200766762
24,1983,1,-0.007996224045122345
24,1983,2,0.0038904250574242805
24,1983,3,0.020355325523227306
24,1983,4,0.03879131125373083
24,1984,1,0.04748095380248796
24,1984,2,0.0522687229387061
24,1984,3,0.05183550848669506
24,1984,4,0.04839238271057491
24,1985,1,0.04369380169195404
24,1985,2,0.04101475694820298
24,1985,3,0.03668960406436002
24,1985,4,0.03504352692642538
24,1986,1,0.030726278747199867
24,1986,2,0.027532586258748156
24,1986,3,0.026320689161941652
24,1986,4,0.025186285701394674
24,1987,1,0.026134851500233983
24,1987,2,0.029924075616939504
24,1987,3,0.03197632920946494
24,1987,4,0.0349274717188931
24,1988,1,0.03532256985710883
24,1988,2,0.0354754561625773
24,1988,3,0.03597379741782457
24,1988,4,0.03466328352992515
24,1989,1,0.035100850656470145
24,1989,2,0.032010842320168716
24,1989,3,0.025004264070544808
24,1989,4,0.02098703935585702
24,1990,1,0.02191493988162165
24,1990,2,0.017779583978885998
24,1990,3,0.012340494094504361
24,1990,4,0.007498763432510648
24,1991,1,-0.002080193761925047
24,1991,2,-0.010140498303896074
24,1991,3,-0.01178673034569439
24,1991,4,-0.006114652237241215
24,1992,1,-0.002645610897101515
24,1992,2,0.004630466037108414
24,1992,3,0.006939676707787658
24,1992,4,0.010072012466414513
24,1993,1,0.019235671371602026
24,1993,2,0.02448671913585291
24,1993,3,0.02683301544372248
24,1993,4,0.029794623247502885
24,1994,1,0.031691890892309796
24,1994,2,0.034028266514216116
24,1994,3,0.038312356340725995
24,1994,4,0.03812424356409746
24,1995,1,0.03896997622009658
24,1995,2,0.030929349711113614
24,1995,3,0.024437210826508064
24,1995,4,0.025069633596973565
24,1996,1,0.019195175415389776
24,1996,2,0.02338380291730413
24,1996,3,0.026134293779553393
24,1996,4,0.025833954158286477
24,1997,1,0.030677440331910024
24,1997,2,0.029838754724168894
24,1997,3,0.03004604213358838
24,1997,4,0.03302104050728774
24,1998,1,0.032433321553536
24,1998,2,0.031342319504674906
24,1998,3,0.0311056555202913
24,1998,4,0.02741810939259012
24,1999,1,0.0296968535940828
24,1999,2,0.03152207932283595
24,1999,3,0.030157257351474166
24,1999,4,0.027608167260845494
24,2000,1,0.026290057385768846
24,2000,2,0.025919193389146774
24,2000,3,0.022855260583719176
24,2000,4,0.019735083813008415
24,2001,1,0.014638464012306462
24,2001,2,0.005248523351776243
24,2001,3,0.0006786077085011585
24,2001,4,-0.008008121871175656
24,2002,1,-0.01157413224022914
24,2002,2,-0.005676574481743839
24,2002,3,-0.0048336097083795685
24,2002,4,-0.001493987334437253
24,2003,1,-0.0009995656377208679
24,2003,2,8.334195800488827e-05
24,2003,3,0.0014230224093683208
24,2003,4,0.002766108128624772
24,2004,1,0.007838100623188082
24,2004,2,0.013781446499638812
24,2004,3,0.016318773957881505
24,2004,4,0.018925867677151775
24,2005,1,0.019220377811560295
24,2005,2,0.01948316001943172
24,2005,3,0.021766961106265005
24,2005,4,0.021918281438074755
24,2006,1,0.023816098269134195
24,2006,2,0.02278373338274618
24,2006,3,0.019646135288883138
24,2006,4,0.01735581804387872
24,2007,1,0.01634774851068193
24,2007,2,0.014658822240389016
24,2007,3,0.011078441952745998
24,2007,4,0.009426697982558097
24,2008,1,0.006176797108552486
24,2008,2,9.097917253305868e-05
24,2008,3,-0.006662227540777077
24,2008,4,-0.019979417904004912
24,2009,1,-0.035732296359554584
24,2009,2,-0.0464039052494581
24,2009,3,-0.051143830906100675
24,2009,4,-0.041529401704134807
24,2010,1,-0.023210132239618576
24,2010,2,-0.005821367450646786
24,2010,3,0.0005084585672676555
24,2010,4,0.006336469568528433
24,2011,1,0.010900024387311738
24,2011,2,0.012741308599782364
24,2011,3,0.016172292097981603
24,2011,4,0.016296709485339747
24,2012,1,0.019765874585067893
24,2012,2,0.01791577910576302
24,2012,3,0.01650207373176532
24,2012,4,0.016896336118865093
24,2013,1,0.016380889954694097
24,2013,2,0.017826799578252072
24,2013,3,0.0184923899479114
24,2013,4,0.018386178052049187
24,2014,1,0.018584355932448293
24,2014,2,0.019475184630770716
24,2014,3,0.021680665781810073
24,2014,4,0.02341104526840371
24,2015,1,0.024043250419781254
24,2015,2,0.023470649020539
24,2015,3,0.023141306916980325
24,2015,4,0.0225924120846222
24,2016,1,0.022102386083226996
24,2016,2,0.020835206976580183
24,2016,3,0.0202082750055084
24,2016,4,0.018806773343698225
24,2017,1,0.018801655082678413
24,2017,2,0.01720330918570672
24,2017,3,0.015690435680762168
24,2017,4,0.017697708085531963
24,2018,1,0.016757384084254496
24,2018,2,0.017097309951455062
24,2018,3,0.018843798641678705
24,2018,4,0.016697350568144944
24,2019,1,0.014574279168669357
24,2019,2,0.012810214541164367
24,2019,3,0.012728735331137008
24,2019,4,0.013343399511929723
24,2020,1,0.012749842436313634
24,2020,2,-0.08603081036478123
24,2020,3,-0.0506040460356728
24,2020,4,-0.03830440127921566
24,2021,1,-0.033629661447153
24,2021,2,0.07471942273050967
24,2021,3,0.04183308511090834
24,2021,4,0.0368957933189399
24,2022,1,0.0373158629687476
24,2022,2,0.03887459548333283
24,2022,3,0.03790824197908596
24,2022,4,0.028896473739883553
24,2023,1,0.024729791594047635
24,2023,2,0.020883223030908938
24,2023,3,0.018141678789900896
24,2023,4,0.016910552334696165
24,2024,1,0.01678294994919247
24,2024,2,0.01320857146537254
24,2024,3,0.012076800187143662
24,2024,4,0.012842885925920642
24,2025,1,0.009362557891983724
24,2025,2,0.009683071447042208
24,2025,3,0.006920839040745848
24,2025,4,0.004230067813851371
25,1977,1,0.03394501576460574
25,1977,2,0.03844878491673183
25,1977,3,0.04793418652030675
25,1977,4,0.053132631656553436
25,1978,1,0.04901193098180561
25,1978,2,0.05369098259934783
25,1978,3,0.05052713625442834
25,1978,4,0.05082440559814913
25,1979,1,0.050975923459787575
25,1979,2,0.04348887782308166
25,1979,3,0.034741555573913875
25,1979,4,0.027587369408546634
25,1980,1,0.022363344688204712
25,1980,2,0.005757973292232916
25,1980,3,-0.003552208525103793
25,1980,4,0.00046949226883856595
25,1981,1,0.0026445144483288087
25,1981,2,0.016371819451859893
25,1981,3,0.02208885732486965
25,1981,4,0.008075278079507997
25,1982,1,-0.003746344741667638
25,1982,2,-0.016415998411919534
25,1982,3,-0.025707018539504203
25,1982,4,-0.027420788785546903
25,1983,1,-0.016777175235593814
25,1983,2,-0.0020120998616701014
25,1983,3,0.019175435051818047
25,1983,4,0.04371209842862108
25,1984,1,0.0548185130807286
25,1984,2,0.05734864414245197
25,1984,3,0.054565924077094756
25,1984,4,0.048096599237693334
25,1985,1,0.04008325864186564
25,1985,2,0.03489684027395289
25,1985,3,0.030570532616955148
25,1985,4,0.02806213923211323
25,1986,1,0.024608571210450205
25,1986,2,0.02316003123586455
25,1986,3,0.022934676548276533
25,1986,4,0.02250564975038618
25,1987,1,0.024598014419660738
25,1987,2,0.027792695602125102
25,1987,3,0.030751348414839928
25,1987,4,0.03417497498537281
25,1988,1,0.03415422178728151
25,1988,2,0.0355578793086476
25,1988,3,0.03538291477679518
25,1988,4,0.033953870735448095
25,1989,1,0.03455222227907465
25,1989,2,0.030753785401138954
25,1989,3,0.025669823914580614
25,1989,4,0.021028329779629065
25,1990,1,0.019419927491723412
25,1990,2,0.014554837486352494
25,1990,3,0.009181169658656958
25,1990,4,0.0055976212185565345
25,1991,1,-0.003122916575125421
25,1991,2,-0.010929456779781249
25,1991,3,-0.010986119467802072
25,1991,4,-0.007091123030618654
25,1992,1,-0.0011208015002741034
25,1992,2,0.004613424515080452
25,1992,3,0.0056655067828846875
25,1992,4,0.010782360595842555
25,1993,1,0.0173663865859803
25,1993,2,0.01958298486254873
25,1993,3,0.02435594727030551
25,1993,4,0.02824408586427497
25,1994,1,0.03042243458151759
25,1994,2,0.03561035470393929
25,1994,3,0.03825879008851247
25,1994,4,0.03965675989269484
25,1995,1,0.038374775569583526
25,1995,2,0.03176154130167514
25,1995,3,0.027141626272198644
25,1995,4,0.023119376569536255
25,1996,1,0.02090484167322666
25,1996,2,0.024294993047775996
25,1996,3,0.0264196069586128
25,1996,4,0.026574823992082584
25,1997,1,0.028216924984402536
25,1997,2,0.030427733450660497
25,1997,3,0.029185813793327298
25,1997,4,0.031584684136047356
25,1998,1,0.032144116469449376
25,1998,2,0.03101620345578682
25,1998,3,0.02877393274406845
25,1998,4,0.026832853218015096
25,1999,1,0.026196427855863454
25,1999,2,0.02638485205239733
25,1999,3,0.02544151931886511
25,1999,4,0.026741634968185376
25,2000,1,0.026280491943040326
25,2000,2,0.022680604505419356
25,2000,3,0.020047787522269978
25,2000,4,0.016772028929235953
25,2001,1,0.012115050878790013
25,2001,2,0.0036923097118441092
25,2001,3,-0.0035256627586986522
25,2001,4,-0.013920280796788247
25,2002,1,-0.018814528516965367
25,2002,2,-0.013406138452538992
25,2002,3,-0.008875888116594238
25,2002,4,-0.005451518330904135
25,2003,1,-0.0007384342054597518
25,2003,2,0.00012232341108521185
25,2003,3,-0.000597241734349458
25,2003,4,0.0019957469622649427
25,2004,1,0.006214277029243389
25,2004,2,0.012750451962324376
25,2004,3,0.016675461160652785
25,2004,4,0.019595280989304246
25,2005,1,0.01995052302893059
25,2005,2,0.018457295311869487
25,2005,3,0.020928877322770236
25,2005,4,0.022823210464789134
25,2006,1,0.02538663949897431
25,2006,2,0.022920176823682747
25,2006,3,0.019183322813327377
25,2006,4,0.018161775830386667
25,2007,1,0.013965088348277137
25,2007,2,0.012673355620099481
25,2007,3,0.011013606480876197
25,2007,4,0.010310466367384433
25,2008,1,0.006020576029427686
25,2008,2,0.000249752388387072
25,2008,3,-0.00800558032103667
25,2008,4,-0.020247450274071033
25,2009,1,-0.03430395923883794
25,2009,2,-0.04894474767315741
25,2009,3,-0.050514279258094964
25,2009,4,-0.04266313848162833
25,2010,1,-0.023413036594772035
25,2010,2,-0.0064838987317746575
25,2010,3,0.0030089959174697837
25,2010,4,0.008986363945217075
25,2011,1,0.011515836504522953
25,2011,2,0.015202998010138118
25,2011,3,0.018407008254764233
25,2011,4,0.019477000227904884
25,2012,1,0.02338995593114207
25,2012,2,0.02012458750620663
25,2012,3,0.019409021500853274
25,2012,4,0.019442100394097002
25,2013,1,0.017179686889703803
25,2013,2,0.01885595196485448
25,2013,3,0.01949162547839549
25,2013,4,0.019740540336047423
25,2014,1,0.017805257520993382
25,2014,2,0.01977158567215927
25,2014,3,0.021534093399930437
25,2014,4,0.02106250805226735
25,2015,1,0.02497410152362301
25,2015,2,0.02421613235466251
25,2015,3,0.023352463117337796
25,2015,4,0.022985046750411835
25,2016,1,0.021323310010326654
25,2016,2,0.019855893187729123
25,2016,3,0.02021056282934686
25,2016,4,0.018738182255299937
25,2017,1,0.017474121747579015
25,2017,2,0.018089796711177938
25,2017,3,0.016411989935435196
25,2017,4,0.015944587468861047
25,2018,1,0.016623294650465054
25,2018,2,0.01695423071570089
25,2018,3,0.016859137593568035
25,2018,4,0.017090226515735166
25,2019,1,0.015421619497582056
25,2019,2,0.013791398737780425
25,2019,3,0.014093227845992859
25,2019,4,0.012989345332914829
25,2020,1,0.012798063652741335
25,2020,2,-0.08506671771221899
25,2020,3,-0.05163229402157458
25,2020,4,-0.03968663924221004
25,2021,1,-0.0343952592973684
25,2021,2,0.07169178479622813
25,2021,3,0.03985242895073277
25,2021,4,0.0371791249514856
25,2022,1,0.03980645044540166
25,2022,2,0.040090999910234563
25,2022,3,0.03797448659565503
25,2022,4,0.030727472514374916
25,2023,1,0.025185391531044342
25,2023,2,0.02214815753785486
25,2023,3,0.017962298385405424
25,2023,4,0.01493359642848467
25,2024,1,0.014731164531356752
25,2024,2,0.013163329868727161
25,2024,3,0.00955992912471781
25,2024,4,0.01006783922499321
25,2025,1,0.00853335645939255
25,2025,2,0.006794824641781958
25,2025,3,0.005328330488115949
25,2025,4,0.004998526943724062
26,1977,1,0.0339373530738631
26,1977,2,0.039632287783784435
26,1977,3,0.04659568066870425
26,1977,4,0.05393555033741611
26,1978,1,0.054755978270855835
26,1978,2,0.05702476226280341
26,1978,3,0.05796725559905505
26,1978,4,0.05589978346238226
26,1979,1,0.05309263401574275
26,1979,2,0.04470250874722413
26,1979,3,0.03638584312619505
26,1979,4,0.026784653894876585
26,1980,1,0.022317667420705727
26,1980,2,0.0034424527543111295
26,1980,3,-0.00711803207090106
26,1980,4,-0.0012810705051542327
26,1981,1,0.0024502983698675516
26,1981,2,0.014421476013564007
26,1981,3,0.02071193515245753
26,1981,4,0.007100930078897277
26,1982,1,-0.003863694606927796
26,1982,2,-0.016338641420415172
26,1982,3,-0.027140086608376836
26,1982,4,-0.03034787750385265
26,1983,1,-0.020707687610728828
26,1983,2,-0.004225236459430001
26,1983,3,0.01924856105089064
26,1983,4,0.04321067706262591
26,1984,1,0.05555750120129664
26,1984,2,0.058716949755691666
26,1984,3,0.053918953942276346
26,1984,4,0.04885190832729788
26,1985,1,0.040042736202598246
26,1985,2,0.035428542278312436
26,1985,3,0.029507498646933285
26,1985,4,0.022285103702715938
26,1986,1,0.02141262788190562
26,1986,2,0.01901098626024507
26,1986,3,0.018471549281380208
26,1986,4,0.01745550842292288
26,1987,1,0.019369988714639498
26,1987,2,0.023560963908050826
26,1987,3,0.027425969277741467
26,1987,4,0.03297914578421098
26,1988,1,0.03430320878767282
26,1988,2,0.034813243156749
26,1988,3,0.036179251640337536
26,1988,4,0.033203628787916065
26,1989,1,0.03240320208322522
26,1989,2,0.029765516820845647
26,1989,3,0.023395971050042364
26,1989,4,0.018470516351555156
26,1990,1,0.01769746255865961
26,1990,2,0.011011752907795883
26,1990,3,0.006237177611336251
26,1990,4,0.002523302172579801
26,1991,1,-0.007924448483110663
26,1991,2,-0.015886570326471006
26,1991,3,-0.014484134916169898
26,1991,4,-0.010941045403010398
26,1992,1,-0.0074654205593074514
26,1992,2,-0.00013934740408275972
26,1992,3,0.000599816285558455
26,1992,4,0.005707880054224735
26,1993,1,0.013601885486391437
26,1993,2,0.015015343807254706
26,1993,3,0.02078952914942048
26,1993,4,0.02620821414119112
26,1994,1,0.02867220698150651
26,1994,2,0.03294748035027643
26,1994,3,0.03744016571930628
26,1994,4,0.03881739651370282
26,1995,1,0.03909444875087086
26,1995,2,0.0319102252831058
26,1995,3,0.02677815544405892
26,1995,4,0.022751354036131967
26,1996,1,0.016494805771577872
26,1996,2,0.019549337015698373
26,1996,3,0.022699796064513174
26,1996,4,0.024036330617908393
26,1997,1,0.02736082722763864
26,1997,2,0.029943813236116633
26,1997,3,0.028492019722259742
26,1997,4,0.029196218203581148
26,1998,1,0.029306407435477775
26,1998,2,0.028420491711839094
26,1998,3,0.026018985734878257
26,1998,4,0.022824752024231128
26,1999,1,0.02323821542813837
26,1999,2,0.023389437865911935
26,1999,3,0.02145615414934238
26,1999,4,0.02307525472447845
26,2000,1,0.022267163296387543
26,2000,2,0.02083092503303644
26,2000,3,0.020395796812711732
26,2000,4,0.016409153832868638
26,2001,1,0.009198918324979063
26,2001,2,-0.0017318337258565614
26,2001,3,-0.009381891803717997
26,2001,4,-0.021053524589025444
26,2002,1,-0.024554271640681368
26,2002,2,-0.020068054161240474
26,2002,3,-0.015557679599965296
26,2002,4,-0.009304123842965674
26,2003,1,-0.007445950432740161
26,2003,2,-0.008128857987357732
26,2003,3,-0.00744914023662923
26,2003,4,-0.001785020303647821
26,2004,1,0.0019028994274754888
26,2004,2,0.01100815235936943
26,2004,3,0.015104729582400053
26,2004,4,0.01657681830272946
26,2005,1,0.017318627419731336
26,2005,2,0.01704412879047201
26,2005,3,0.019879344694218568
26,2005,4,0.01848975457421451
26,2006,1,0.022571207550538427
26,2006,2,0.020694641781669788
26,2006,3,0.017474930945832898
26,2006,4,0.015333833537076088
26,2007,1,0.010749287901439773
26,2007,2,0.010422483932038751
26,2007,3,0.008066925164053192
26,2007,4,0.00746596723089535
26,2008,1,0.003004708807694877
26,2008,2,-0.0030530113898336233
26,2008,3,-0.011513503223829845
26,2008,4,-0.02401084877240486
26,2009,1,-0.04500026280956514
26,2009,2,-0.05736895388005334
26,2009,3,-0.0611163144611376
26,2009,4,-0.049924511848343865
26,2010,1,-0.029822031288671717
26,2010,2,-0.00812261564709793
26,2010,3,0.002088788200639689
26,2010,4,0.009325643568263792
26,2011,1,0.013970169077856875
26,2011,2,0.016328618540445573
26,2011,3,0.019611819911857332
26,2011,4,0.01977253194618888
26,2012,1,0.02244484143779874
26,2012,2,0.019338117172389962
26,2012,3,0.01699763467706807
26,2012,4,0.018082199590630146
26,2013,1,0.014894487860087777
26,2013,2,0.014938862261782643
26,2013,3,0.018351796931043846
26,2013,4,0.019494706114664993
26,2014,1,0.017256248558446565
26,2014,2,0.020413086175716327
26,2014,3,0.021520402498744387
26,2014,4,0.021285596794508522
26,2015,1,0.02392799707066114
26,2015,2,0.023735794244096754
26,2015,3,0.02065944451506971
26,2015,4,0.019854775592304922
26,2016,1,0.018673406178279284
26,2016,2,0.01673411914194355
26,2016,3,0.015512736366477951
26,2016,4,0.015134953830131956
26,2017,1,0.015811470655287492
26,2017,2,0.014950581597932952
26,2017,3,0.01583906594848704
26,2017,4,0.015088482213586121
26,2018,1,0.016163614351149512
26,2018,2,0.01813624464084888
26,2018,3,0.01717313384863511
26,2018,4,0.01896984339376732
26,2019,1,0.01773057230758322
26,2019,2,0.014133695394478304
26,2019,3,0.012570581841246053
26,2019,4,0.011311047735158493
26,2020,1,0.007883810720624239
26,2020,2,-0.09000471762858897
26,2020,3,-0.05341646128542404
26,2020,4,-0.04020419609298108
26,2021,1,-0.03526797123879098
26,2021,2,0.0683162999677989
26,2021,3,0.039015727521368296
26,2021,4,0.03814086590559626
26,2022,1,0.03712654275309931
26,2022,2,0.03919416931186595
26,2022,3,0.03720124658856776
26,2022,4,0.02934680254393826
26,2023,1,0.026773973406248465
26,2023,2,0.01956135251941399
26,2023,3,0.014746573232415397
26,2023,4,0.011293508885429559
26,2024,1,0.010038123725183467
26,2024,2,0.011256519297249827
26,2024,3,0.0076316103817940205
26,2024,4,0.006944762823660082
26,2025,1,0.006112932643070627
26,2025,2,0.004132528925876879
26,2025,3,0.004166122189839728
26,2025,4,0.004003808385302036
27,1978,1,0.03660885223696934
27,1978,2,0.05093389415246067
27,1978,3,0.041377601123097414
27,1978,4,0.04752677447704051
27,1979,1,0.05503168615337116
27,1979,2,0.04310458727334816
27,1979,3,0.03542297963998397
27,1979,4,0.02895382234585162
27,1980,1,0.023257573877962002
27,1980,2,0.00703790523004472
27,1980,3,-0.0007140793265145533
27,1980,4,0.0039430343493709035
27,1981,1,0.006803874906964817
27,1981,2,0.017129462130302635
27,1981,3,0.021288173906911317
27,1981,4,0.011272473332029872
27,1982,1,0.0011863756573080651
27,1982,2,-0.007844605268451989
27,1982,3,-0.019677993906219878
27,1982,4,-0.02158406584348023
27,1983,1,-0.012758876272047694
27,1983,2,0.0022324556610190827
27,1983,3,0.020169138603523803
27,1983,4,0.0415211114700958
27,1984,1,0.05285247884261758
27,1984,2,0.05689467328273841
27,1984,3,0.054897761374193506
27,1984,4,0.050067818237471376
27,1985,1,0.043119706877482
27,1985,2,0.038894158331113246
27,1985,3,0.033434699292152883
27,1985,4,0.030172156415052546
27,1986,1,0.027772276265238507
27,1986,2,0.024600660525322605
27,1986,3,0.024027190746043967
27,1986,4,0.02314061831442036
27,1987,1,0.02464885994044387
27,1987,2,0.02986273936942136
27,1987,3,0.0327320052548864
27,1987,4,0.03548242931006818
27,1988,1,0.034467166274303344
27,1988,2,0.03646490247964684
27,1988,3,0.03594063167692053
27,1988,4,0.0325804102532174
27,1989,1,0.034556162393021436
27,1989,2,0.032897590287358454
27,1989,3,0.026677284507132016
27,1989,4,0.021888231486407828
27,1990,1,0.01988782035549272
27,1990,2,0.014502032236316189
27,1990,3,0.009310719701834903
27,1990,4,0.005891663101977108
27,1991,1,-0.004674042468274773
27,1991,2,-0.012609336276682615
27,1991,3,-0.009854643909343005
27,1991,4,-0.006825631384442434
27,1992,1,-0.002486521995174617
27,1992,2,0.005000984345739802
27,1992,3,0.004093348551030269
27,1992,4,0.008020762302785825
27,1993,1,0.01637057171966975
27,1993,2,0.019333291314827042
27,1993,3,0.023708338655440996
27,1993,4,0.027833049694291317
27,1994,1,0.02950616762614865
27,1994,2,0.03329890695524263
27,1994,3,0.038862598829193865
27,1994,4,0.038895586219289575
27,1995,1,0.03780444714266827
27,1995,2,0.03414634838410781
27,1995,3,0.025709738478444783
27,1995,4,0.023602306073302742
27,1996,1,0.01941429130962087
27,1996,2,0.02161988064828435
27,1996,3,0.025743100265671826
27,1996,4,0.02848443438437688
27,1997,1,0.027916456217827804
27,1997,2,0.02808133359699439
27,1997,3,0.02884799672509523
27,1997,4,0.03080607580196676
27,1998,1,0.030606149964773455
27,1998,2,0.02812307724409212
27,1998,3,0.028290158597067256
27,1998,4,0.026702880613303066
27,1999,1,0.025281126628532196
27,1999,2,0.025125275352731045
27,1999,3,0.025224359746987043
27,1999,4,0.02402572341352746
27,2000,1,0.02288373812994511
27,2000,2,0.020789692134291694
27,2000,3,0.019634682104840154
27,2000,4,0.014362191115896742
27,2001,1,0.00932308470283684
27,2001,2,0.0015511168638516148
27,2001,3,-0.00786400760815073
27,2001,4,-0.017060643737114585
27,2002,1,-0.02071423975921276
27,2002,2,-0.018993932886844665
27,2002,3,-0.014658470295813224
27,2002,4,-0.006592691618832292
27,2003,1,-0.0035783537144742973
27,2003,2,-0.004478496747994779
27,2003,3,-0.0028306416994190982
27,2003,4,0.0019730883506522906
27,2004,1,0.004953700378505101
27,2004,2,0.011974506590737273
27,2004,3,0.015477165133005965
27,2004,4,0.01796686651293398
27,2005,1,0.01732306119430724
27,2005,2,0.017554423288104967
27,2005,3,0.020645885046230918
27,2005,4,0.019731443073250057
27,2006,1,0.0229200565461779
27,2006,2,0.021218700395011083
27,2006,3,0.01696286855395946
27,2006,4,0.01458975722541149
27,2007,1,0.01329909064959165
27,2007,2,0.010849368252799065
27,2007,3,0.008504559184268679
27,2007,4,0.007837023475207728
27,2008,1,0.003836783082912708
27,2008,2,-0.003912258703824404
27,2008,3,-0.011580091683291513
27,2008,4,-0.02495340344941637
27,2009,1,-0.0415862225763147
27,2009,2,-0.054611498761272165
27,2009,3,-0.05898953734200833
27,2009,4,-0.04841600521482193
27,2010,1,-0.028584700071501934
27,2010,2,-0.008355113138166838
27,2010,3,0.0006778968863764581
27,2010,4,0.008495403344764193
27,2011,1,0.013538403725167627
27,2011,2,0.015927558897154928
27,2011,3,0.017975758432671327
27,2011,4,0.01809605735764588
27,2012,1,0.021907652453644195
27,2012,2,0.01927460299275804
27,2012,3,0.01877339370947581
27,2012,4,0.01813682389255989
27,2013,1,0.015794375406612517
27,2013,2,0.016859976032736243
27,2013,3,0.018375440981902833
27,2013,4,0.01928206142203367
27,2014,1,0.01830248571153103
27,2014,2,0.019634489472219612
27,2014,3,0.021396089456651016
27,2014,4,0.0221879691778248
27,2015,1,0.023929202655394156
27,2015,2,0.0242364817851303
27,2015,3,0.022725052607346818
27,2015,4,0.02183928733637054
27,2016,1,0.020577622473956756
27,2016,2,0.019075630365603186
27,2016,3,0.018942122264728658
27,2016,4,0.016925695080556007
27,2017,1,0.01752120111124383
27,2017,2,0.01609276290414027
27,2017,3,0.014857371913191883
27,2017,4,0.014766377783156252
27,2018,1,0.016430410018828657
27,2018,2,0.01775333486826323
27,2018,3,0.020050593707491165
27,2018,4,0.01720389467584247
27,2019,1,0.014732165738080073
27,2019,2,0.013829180732687423
27,2019,3,0.013131463515702997
27,2019,4,0.012896125092586877
27,2020,1,0.01087401308377869
27,2020,2,-0.08862999519678186
27,2020,3,-0.05317336498843484
27,2020,4,-0.040219438572690745
27,2021,1,-0.032009351626735204
27,2021,2,0.07535980840079949
27,2021,3,0.04111168500774342
27,2021,4,0.03888106658010616
27,2022,1,0.03989720719655179
27,2022,2,0.041553625810137995
27,2022,3,0.03902595700614963
27,2022,4,0.03068584527437129
27,2023,1,0.024942663147764454
27,2023,2,0.019837416650516086
27,2023,3,0.016316004773052967
27,2023,4,0.015889224787139222
27,2024,1,0.012545850829863108
27,2024,2,0.012500319878808135
27,2024,3,0.009868403001324152
27,2024,4,0.0069478019774380445
27,2025,1,0.0058285867252085765
27,2025,2,0.004699466492505748
27,2025,3,0.004750716115181213
27,2025,4,0.004316098585293048
28,1978,1,0.039176839406318026
28,1978,2,0.05199824195821754
28,1978,3,0.04733582305339521
28,1978,4,0.05037852686744537
28,1979,1,0.05551681597546294
28,1979,2,0.040130161454409785
28,1979,3,0.03476075354274438
28,1979,4,0.026991901911776157
28,1980,1,0.020921676234709564
28,1980,2,0.002619901456963073
28,1980,3,-0.0028392107300842734
28,1980,4,0.0028302970398836795
28,1981,1,0.0032113570571854462
28,1981,2,0.013713390609562878
28,1981,3,0.02220717497312175
28,1981,4,0.009397717488105419
28,1982,1,-0.0025954256742660845
28,1982,2,-0.012588078896280434
28,1982,3,-0.027268418075138762
28,1982,4,-0.028067878900797344
28,1983,1,-0.022506776813774377
28,1983,2,-0.009287137778826053
28,1983,3,0.014790862492909191
28,1983,4,0.03884552218165905
28,1984,1,0.05212831643356793
28,1984,2,0.05636638029638015
28,1984,3,0.053646325047639366
28,1984,4,0.04757928804375811
28,1985,1,0.038684583370464376
28,1985,2,0.0334926224760813
28,1985,3,0.028770959957116485
28,1985,4,0.026402359145906548
28,1986,1,0.022547431361705148
28,1986,2,0.01769028133100129
28,1986,3,0.017659839181223522
28,1986,4,0.016597755147043577
28,1987,1,0.020618858423874543
28,1987,2,0.024217340933771647
28,1987,3,0.028984144477564797
28,1987,4,0.03220630496990157
28,1988,1,0.0335599978363973
28,1988,2,0.03377107900037512
28,1988,3,0.03457205883322445
28,1988,4,0.03264296731301045
28,1989,1,0.03144960384408707
28,1989,2,0.027370482346815342
28,1989,3,0.023707677409625125
28,1989,4,0.019099082959413437
28,1990,1,0.017979550164067968
28,1990,2,0.013108604181967822
28,1990,3,0.008373871298319154
28,1990,4,0.0025980435730037017
28,1991,1,-0.007242048735257203
28,1991,2,-0.014795438397616711
28,1991,3,-0.014569145365498023
28,1991,4,-0.011322107388686548
28,1992,1,-0.006018902256332488
28,1992,2,-0.0002827987507188998
28,1992,3,0.002160824502650552
28,1992,4,0.005661430590388384
28,1993,1,0.013412958106819991
28,1993,2,0.015883347301294266
28,1993,3,0.022422396690936142
28,1993,4,0.025165653205876777
28,1994,1,0.02749108286723113
28,1994,2,0.03308107707636475
28,1994,3,0.0360637542026053
28,1994,4,0.03765652133746525
28,1995,1,0.03642370903131954
28,1995,2,0.030430275498546933
28,1995,3,0.023110885333813364
28,1995,4,0.018603658194070217
28,1996,1,0.016411841975394383
28,1996,2,0.01950119348906407
28,1996,3,0.022507891647089405
28,1996,4,0.022906024663592296
28,1997,1,0.026280763890060285
28,1997,2,0.026289526679989763
28,1997,3,0.025553307933163936
28,1997,4,0.027021392075485137
28,1998,1,0.027384429410446096
28,1998,2,0.025666260837322125
28,1998,3,0.025716468113091303
28,1998,4,0.022407079596419646
28,1999,1,0.020875551761963797
28,1999,2,0.01976596533089518
28,1999,3,0.021234103563830237
28,1999,4,0.020877100698785723
28,2000,1,0.022055861200258552
28,2000,2,0.019400669412903256
28,2000,3,0.01738870354301435
28,2000,4,0.014597500430002987
28,2001,1,0.010069972292524695
28,2001,2,0.0029306785426935437
28,2001,3,-0.0069346375911589824
28,2001,4,-0.012649121557111963
28,2002,1,-0.018182832564720933
28,2002,2,-0.015975904432233387
28,2002,3,-0.012112701543124507
28,2002,4,-0.008202802645515133
28,2003,1,-0.0061989283043883785
28,2003,2,-0.007035762951432073
28,2003,3,-0.005483341550223452
28,2003,4,-0.0021506544191760273
28,2004,1,0.00238272409468473
28,2004,2,0.010828734057539289
28,2004,3,0.015541255675429237
28,2004,4,0.017672030886538303
28,2005,1,0.01680006617540579
28,2005,2,0.01714435052087925
28,2005,3,0.019252641939784834
28,2005,4,0.01951020648088239
28,2006,1,0.022457903746844983
28,2006,2,0.02019418246528496
28,2006,3,0.016782368452995005
28,2006,4,0.01606614392521283
28,2007,1,0.012349130274989982
28,2007,2,0.00981930274823014
28,2007,3,0.00674632530118427
28,2007,4,0.00569531078759309
28,2008,1,0.003364093020118292
28,2008,2,-0.003210421588905386
28,2008,3,-0.01222644426369714
28,2008,4,-0.023792694744359955
28,2009,1,-0.03938218399012351
28,2009,2,-0.05222130007720647
28,2009,3,-0.060095223980937244
28,2009,4,-0.048536805218396796
28,2010,1,-0.031012074406330574
28,2010,2,-0.010924674632991689
28,2010,3,-0.0007510035299094904
28,2010,4,0.009807656415375858
28,2011,1,0.013980234150822017
28,2011,2,0.01477867189905585
28,2011,3,0.018708584517876783
28,2011,4,0.01961547517128528
28,2012,1,0.023503173753862548
28,2012,2,0.019322364072958852
28,2012,3,0.01771950200251414
28,2012,4,0.017126151886233062
28,2013,1,0.016090043991280605
28,2013,2,0.01682422514513302
28,2013,3,0.01684650442954978
28,2013,4,0.018953271045388846
28,2014,1,0.017627474510272516
28,2014,2,0.019679303501355865
28,2014,3,0.021826303395380445
28,2014,4,0.022823098661317678
28,2015,1,0.02351564869104386
28,2015,2,0.022114169308505523
28,2015,3,0.019858479338616692
28,2015,4,0.01771203043158694
28,2016,1,0.015756161477168223
28,2016,2,0.015713636276506033
28,2016,3,0.01565532167297822
28,2016,4,0.01358130705540975
28,2017,1,0.014895084758800624
28,2017,2,0.0155746128956005
28,2017,3,0.015064174268864337
28,2017,4,0.01576415271723022
28,2018,1,0.015805943240990893
28,2018,2,0.01804678437100877
28,2018,3,0.018441486943846567
28,2018,4,0.01848864864294613
28,2019,1,0.015584124509114585
28,2019,2,0.0138249589434636
28,2019,3,0.012409310788361149
28,2019,4,0.010815412120113865
28,2020,1,0.009808378664197025
28,2020,2,-0.08997298705807888
28,2020,3,-0.05357187620826078
28,2020,4,-0.0402531270838697
28,2021,1,-0.034880947804011464
28,2021,2,0.07339876967466495
28,2021,3,0.039090841359554554
28,2021,4,0.0365527691730259
28,2022,1,0.03838176973506639
28,2022,2,0.039054685800859835
28,2022,3,0.03924570112879752
28,2022,4,0.03080622815672255
28,2023,1,0.02464850987653071
28,2023,2,0.020848858605184227
28,2023,3,0.01675072141929479
28,2023,4,0.014264699840893935
28,2024,1,0.014268892285351246
28,2024,2,0.012614901272514722
28,2024,3,0.010354776797280398
28,2024,4,0.009047517949045588
28,2025,1,0.007527152242503624
28,2025,2,0.0058861186322971305
28,2025,3,0.004900530811032607
28,2025,4,0.0034717500127034034
29,1977,1,0.04835385232253583
29,1977,2,0.07522329001192742
29,1977,3,0.06513738574572225
29,1977,4,0.08627779434631562
29,1978,1,0.08497722815766047
29,1978,2,0.07357552813356179
29,1978,3,0.09014948455185123
29,1978,4,0.07146900017939505
29,1979,1,0.05228672414564527
29,1979,2,0.04224680559772341
29,1979,3,0.03551417332021952
29,1979,4,0.028949646137750654
29,1980,1,0.024013701414021104
29,1980,2,0.007853007303002804
29,1980,3,-0.0014265251231389334
29,1980,4,0.0008365721138462279
29,1981,1,0.00591985385230094
29,1981,2,0.015987326094565508
29,1981,3,0.02007439182506636
29,1981,4,0.008056814161812132
29,1982,1,-0.003194151267009407
29,1982,2,-0.012949044469100812
29,1982,3,-0.020340780335643762
29,1982,4,-0.023979393755395692
29,1983,1,-0.015215675560361429
29,1983,2,0.0015262491525501382
29,1983,3,0.020623920020719794
29,1983,4,0.04134333408014817
29,1984,1,0.054303587378985885
29,1984,2,0.05657175047034874
29,1984,3,0.05482491627051262
29,1984,4,0.05004698328682433
29,1985,1,0.04102477124219267
29,1985,2,0.03519189164843233
29,1985,3,0.03069844173067152
29,1985,4,0.028831222280567968
29,1986,1,0.0259476298389972
29,1986,2,0.022627696761953878
29,1986,3,0.023037832944211384
29,1986,4,0.021405222751792147
29,1987,1,0.02451181906248454
29,1987,2,0.02895659139772943
29,1987,3,0.030979180484674584
29,1987,4,0.03392960586074927
29,1988,1,0.03470947143127564
29,1988,2,0.03517304431186747
29,1988,3,0.03485985481555646
29,1988,4,0.032759086477398815
29,1989,1,0.03401226141354079
29,1989,2,0.029397614822292906
29,1989,3,0.025314998441783552
29,1989,4,0.02152717844580109
29,1990,1,0.020649103710931888
29,1990,2,0.015433929679685935
29,1990,3,0.010216163042448066
29,1990,4,0.004913866276915821
29,1991,1,-0.008413593961316036
29,1991,2,-0.015332393826154748
29,1991,3,-0.013294218237973096
29,1991,4,-0.009890265410099207
29,1992,1,-0.003937633740169194
29,1992,2,0.0012174230025950648
29,1992,3,0.004711213698271647
29,1992,4,0.009785296936893947
29,1993,1,0.0178009541616766
29,1993,2,0.01971151749253646
29,1993,3,0.024255752125897617
29,1993,4,0.028009395333407065
29,1994,1,0.029460509873424495
29,1994,2,0.033791906104253325
29,1994,3,0.03752509029173972
29,1994,4,0.0392602545253509
29,1995,1,0.03697918951611947
29,1995,2,0.02980410655726739
29,1995,3,0.024786573975592228
29,1995,4,0.021666614075352378
29,1996,1,0.01870727457579069
29,1996,2,0.021627471376714575
29,1996,3,0.024764165662754686
29,1996,4,0.02631795441044891
29,1997,1,0.029092076992187372
29,1997,2,0.029791648440605285
29,1997,3,0.02827421848437056
29,1997,4,0.03084245714508182
29,1998,1,0.030457239721574964
29,1998,2,0.029863576880348013
29,1998,3,0.029694974988303507
29,1998,4,0.026716817420038556
29,1999,1,0.026035985455253985
29,1999,2,0.02583253334602636
29,1999,3,0.02578834691475813
29,1999,4,0.023575610714077294
29,2000,1,0.023725859853581957
29,2000,2,0.02105189214398202
29,2000,3,0.020178394884274344
29,2000,4,0.015002024769677269
29,2001,1,0.01145254539561446
29,2001,2,0.004232009688020835
29,2001,3,-0.003745022211424538
29,2001,4,-0.01378701769388556
29,2002,1,-0.015908327568221955
29,2002,2,-0.014994869247686745
29,2002,3,-0.011909405883629785
29,2002,4,-0.006913344589271658
29,2003,1,-0.003926469166506198
29,2003,2,-0.0024045483631740076
29,2003,3,-0.0028621827867100803
29,2003,4,0.0005111599991038786
29,2004,1,0.006855343475382439
29,2004,2,0.013788005943534635
29,2004,3,0.0158147948795314
29,2004,4,0.01950535159928397
29,2005,1,0.01873311446112313
29,2005,2,0.018054564611663847
29,2005,3,0.020222759207174635
29,2005,4,0.020062439923368317
29,2006,1,0.022673302751173935
29,2006,2,0.01950568202723866
29,2006,3,0.017329375860598246
29,2006,4,0.014277761146222869
29,2007,1,0.011702444180496516
29,2007,2,0.011272641816549963
29,2007,3,0.009320743113301394
29,2007,4,0.007026124905826049
29,2008,1,0.0033262751132719635
29,2008,2,-0.0034169300133231853
29,2008,3,-0.009702860216112488
29,2008,4,-0.026023511012747524
29,2009,1,-0.042440440652637856
29,2009,2,-0.056577524797278206
29,2009,3,-0.059890542219661856
29,2009,4,-0.0492482001601361
29,2010,1,-0.02915913094658504
29,2010,2,-0.011302602913031118
29,2010,3,-0.00021189414723158607
29,2010,4,0.007750853638655165
29,2011,1,0.011724182351449373
29,2011,2,0.014066290954456507
29,2011,3,0.01728265460335544
29,2011,4,0.018283373944286647
29,2012,1,0.022145156812995774
29,2012,2,0.01960287088482868
29,2012,3,0.018535212512809016
29,2012,4,0.0181851997315772
29,2013,1,0.016056346421359835
29,2013,2,0.01731933965847667
29,2013,3,0.01809909975649347
29,2013,4,0.019090173365355834
29,2014,1,0.018749521210477123
29,2014,2,0.019578405732321485
29,2014,3,0.021584268691331794
29,2014,4,0.022242978659768733
29,2015,1,0.02321951358832215
29,2015,2,0.024209711092707267
29,2015,3,0.023100369210299617
29,2015,4,0.022034300271517215
29,2016,1,0.021087564751851563
29,2016,2,0.0200265536022737
29,2016,3,0.019582018573734702
29,2016,4,0.017753570419221702
29,2017,1,0.018000124208472405
29,2017,2,0.017580862505317412
29,2017,3,0.016821541331786156
29,2017,4,0.016119974647686483
29,2018,1,0.015833860220633197
29,2018,2,0.016900807368771507
29,2018,3,0.01839958715400647
29,2018,4,0.017637171605474303
29,2019,1,0.015678843634365332
29,2019,2,0.01352233936721945
29,2019,3,0.012850571894957198
29,2019,4,0.011266062501994033
29,2020,1,0.011269650753738446
29,2020,2,-0.08684874949575877
29,2020,3,-0.05169261743780416
29,2020,4,-0.041271139656174925
29,2021,1,-0.03533895944380229
29,2021,2,0.07295634680368861
29,2021,3,0.04015626349279431
29,2021,4,0.03706717163719344
29,2022,1,0.039579761945535134
29,2022,2,0.040785217530729966
29,2022,3,0.03812758367201097
29,2022,4,0.029593640941375416
29,2023,1,0.0249333600179866
29,2023,2,0.019850742579022047
29,2023,3,0.016738915285498056
29,2023,4,0.014945036647440929
29,2024,1,0.012999041729593238
29,2024,2,0.012301971711302503
29,2024,3,0.007786999076374363
29,2024,4,0.005957488380522073
29,2025,1,0.007660342191813145
29,2025,2,0.006460480637883319
29,2025,3,0.004629988945589394
29,2025,4,0.0016737480031470916
30,1977,1,0.053736743729864596
30,1977,2,0.07585551412723222
30,1977,3,0.06413339079160978
30,1977,4,0.08693441195377699
30,1978,1,0.0822506758333282
30,1978,2,0.07314215387941451
30,1978,3,0.09199760512429911
30,1978,4,0.07387856784153303
30,1979,1,0.05657639246682365
30,1979,2,0.04198942739907483
30,1979,3,0.03851555939740678
30,1979,4,0.03228870696230646
30,1980,1,0.027640848498890355
30,1980,2,0.01845058631571173
30,1980,3,0.005503285992667665
30,1980,4,0.008814946966615481
30,1981,1,0.011517545068614854
30,1981,2,0.017209862860289978
30,1981,3,0.022010333199255588
30,1981,4,0.012201292029062968
30,1982,1,0.003262386948357827
30,1982,2,-0.003931545796162349
30,1982,3,-0.018116193350159706
30,1982,4,-0.017737906924176997
30,1983,1,-0.011490792986222392
30,1983,2,-0.0061416223849722635
30,1983,3,0.012715019429496955
30,1983,4,0.039123993999639846
30,1984,1,0.05005143128578344
30,1984,2,0.05562802853551565
30,1984,3,0.05507728786438824
30,1984,4,0.0501657977627988
30,1985,1,0.044105976572234515
30,1985,2,0.039875664322140084
30,1985,3,0.03538594639476257
30,1985,4,0.03374938465239701
30,1986,1,0.029844632398613794
30,1986,2,0.02662817840415727
30,1986,3,0.024128644099816368
30,1986,4,0.024973382227788433
30,1987,1,0.02663140177060979
30,1987,2,0.03112349956585104
30,1987,3,0.03278766095940553
30,1987,4,0.036745420430560796
30,1988,1,0.03769896705540631
30,1988,2,0.03691622506312102
30,1988,3,0.03730671869867878
30,1988,4,0.03638586870334759
30,1989,1,0.035776030195495835
30,1989,2,0.03186717349729311
30,1989,3,0.02786507166915017
30,1989,4,0.02444913570969446
30,1990,1,0.023627693918881625
30,1990,2,0.01850232189078854
30,1990,3,0.012454459713271233
30,1990,4,0.009838687920256729
30,1991,1,-0.0003319235381461944
30,1991,2,-0.007514037669822425
30,1991,3,-0.009645544009954866
30,1991,4,-0.004546146421654173
30,1992,1,-0.0004947956743230281
30,1992,2,0.003702360226116975
30,1992,3,0.004273956730469315
30,1992,4,0.009904888189580411
30,1993,1,0.017578602746572608
30,1993,2,0.021656895766018966
30,1993,3,0.02631831888564134
30,1993,4,0.031200118489809532
30,1994,1,0.03138632054071503
30,1994,2,0.03543363940675568
30,1994,3,0.03905936939843137
30,1994,4,0.041379340179322655
30,1995,1,0.04024772030720943
30,1995,2,0.033042498507460216
30,1995,3,0.026347369533655497
30,1995,4,0.02309785136275753
30,1996,1,0.020821610437161717
30,1996,2,0.023917510300746465
30,1996,3,0.026791505442675834
30,1996,4,0.02817356000403913
30,1997,1,0.029238434510980908
30,1997,2,0.029071306356989464
30,1997,3,0.028326793040248682
30,1997,4,0.03021437528089663
30,1998,1,0.029066590114554692
30,1998,2,0.028043087602644436
30,1998,3,0.028878269560455475
30,1998,4,0.02817300100948812
30,1999,1,0.02661943641594249
30,1999,2,0.028538711789074703
30,1999,3,0.02751010906055902
30,1999,4,0.02681755894302692
30,2000,1,0.025459429081255997
30,2000,2,0.024599548328921375
30,2000,3,0.02158619740674527
30,2000,4,0.016961370390238272
30,2001,1,0.01294826692130056
30,2001,2,0.006455846652048449
30,2001,3,0.0006532235551598231
30,2001,4,-0.009102093662282935
30,2002,1,-0.01254162298583727
30,2002,2,-0.009092478663460891
30,2002,3,-0.0077911615042791415
30,2002,4,-0.002265868097838076
30,2003,1,-5.413686507033306e-05
30,2003,2,-0.00026874961571635506
30,2003,3,-0.0005895740794535189
30,2003,4,0.003681169513376611
30,2004,1,0.008333733151439374
30,2004,2,0.014383419725570445
30,2004,3,0.01713156841748089
30,2004,4,0.01966936819970536
30,2005,1,0.019028363996212883
30,2005,2,0.01961626283800263
30,2005,3,0.02373052401277451
30,2005,4,0.023787158616073265
30,2006,1,0.02589559752984103
30,2006,2,0.02281380625644462
30,2006,3,0.019797982415514497
30,2006,4,0.016812785262719523
30,2007,1,0.014538003171591707
30,2007,2,0.013370642318652882
30,2007,3,0.010914613953573548
30,2007,4,0.008910730921353801
30,2008,1,0.005227064575004759
30,2008,2,-0.002430124531837873
30,2008,3,-0.009162896647920207
30,2008,4,-0.023338952133730176
30,2009,1,-0.04163412745769711
30,2009,2,-0.05361087438691935
30,2009,3,-0.055280988095094526
30,2009,4,-0.046211947092450016
30,2010,1,-0.026883227352538893
30,2010,2,-0.011252162962793915
30,2010,3,-0.001667740566132397
30,2010,4,0.008139278690717296
30,2011,1,0.011710901046028737
30,2011,2,0.015113103205237764
30,2011,3,0.01937245557685136
30,2011,4,0.02063695064136814
30,2012,1,0.022142929800269603
30,2012,2,0.020388586685550464
30,2012,3,0.018489638942214903
30,2012,4,0.017772915416084806
30,2013,1,0.01642225348523621
30,2013,2,0.018863265024150477
30,2013,3,0.020080028985301993
30,2013,4,0.020193429402001924
30,2014,1,0.018785970693463657
30,2014,2,0.020816143224163385
30,2014,3,0.022867969460992527
30,2014,4,0.023007523594369788
30,2015,1,0.02424320413591775
30,2015,2,0.023381471520849798
30,2015,3,0.02055285476781142
30,2015,4,0.019634188631157068
30,2016,1,0.019249865348500535
30,2016,2,0.017758375398994983
30,2016,3,0.017872163128850344
30,2016,4,0.017313335613778846
30,2017,1,0.01667142663563585
30,2017,2,0.01727088426644883
30,2017,3,0.015856669022828902
30,2017,4,0.014937832013309412
30,2018,1,0.014904918102511076
30,2018,2,0.01685467118994128
30,2018,3,0.017011599201823657
30,2018,4,0.01730432319548187
30,2019,1,0.01445576165524256
30,2019,2,0.012517831332622631
30,2019,3,0.012004817748655706
30,2019,4,0.012107425757615515
30,2020,1,0.010293560869400909
30,2020,2,-0.09297929870964959
30,2020,3,-0.05365519493979968
30,2020,4,-0.04380184177280066
30,2021,1,-0.03623320867839002
30,2021,2,0.08061543684969398
30,2021,3,0.0427553910384964
30,2021,4,0.0387390383438259
30,2022,1,0.03859776205232385
30,2022,2,0.038791760882586124
30,2022,3,0.03704115830158388
30,2022,4,0.030117482382624086
30,2023,1,0.025197200504471835
30,2023,2,0.02169224229586033
30,2023,3,0.016691051442259623
30,2023,4,0.014424315101325054
30,2024,1,0.013918799676906828
30,2024,2,0.013799284372780938
30,2024,3,0.010147283191616811
30,2024,4,0.008878887141904348
30,2025,1,0.007412643102395131
30,2025,2,0.0069218159987672195
30,2025,3,0.0049607840725227744
30,2025,4,0.0026093981872394776
31,1978,1,0.04681110795745721
31,1978,2,0.054776857250919256
31,1978,3,0.051331642502893446
31,1978,4,0.05224302678659405
31,1979,1,0.05346031468307412
31,1979,2,0.04369426355969424
31,1979,3,0.03579580153762468
31,1979,4,0.028592756898961316
31,1980,1,0.02475013622458535
31,1980,2,0.009327907353185406
31,1980,3,-0.00105222335534585
31,1980,4,0.004506922241635609
31,1981,1,0.006079157111446587
31,1981,2,0.01675827627832663
31,1981,3,0.018363303253371644
31,1981,4,0.008608275203010286
31,1982,1,0.00018233906152053788
31,1982,2,-0.008842780613712308
31,1982,3,-0.01740501529694953
31,1982,4,-0.016889187200049335
31,1983,1,-0.008651584781325359
31,1983,2,0.004478126164781502
31,1983,3,0.021841333496687886
31,1983,4,0.04045488613037798
31,1984,1,0.05298589869082755
31,1984,2,0.056741045181375946
31,1984,3,0.05473053195926608
31,1984,4,0.05004635080473188
31,1985,1,0.04428621159809903
31,1985,2,0.03983977883163549
31,1985,3,0.03444291275665772
31,1985,4,0.03391170383290008
31,1986,1,0.030621281570287793
31,1986,2,0.024691136604621265
31,1986,3,0.02470634489970326
31,1986,4,0.024629702532848782
31,1987,1,0.027465083872748198
31,1987,2,0.03041429954322299
31,1987,3,0.032454103400378916
31,1987,4,0.03513896306797587
31,1988,1,0.03517076942481315
31,1988,2,0.03566929140163099
31,1988,3,0.035809274210823666
31,1988,4,0.0343656524734237
31,1989,1,0.03403009550929277
31,1989,2,0.0315596514979573
31,1989,3,0.026778848591501363
31,1989,4,0.02243539489090208
31,1990,1,0.020884029900796273
31,1990,2,0.015595500330406815
31,1990,3,0.011875125414817495
31,1990,4,0.005662700920457804
31,1991,1,-0.003937019350094941
31,1991,2,-0.01154737901635625
31,1991,3,-0.01096878505641316
31,1991,4,-0.007495340744559007
31,1992,1,-0.0014706413580768765
31,1992,2,0.003858355973860932
31,1992,3,0.004741476535210795
31,1992,4,0.01023509644658712
31,1993,1,0.016119420014175913
31,1993,2,0.020056368182527217
31,1993,3,0.024862224677860128
31,1993,4,0.028356691790975427
31,1994,1,0.02936456761763708
31,1994,2,0.03408101683999736
31,1994,3,0.03816419730416358
31,1994,4,0.039790741963829215
31,1995,1,0.03890243207562546
31,1995,2,0.03287552759002236
31,1995,3,0.025474430959754588
31,1995,4,0.021990099400855497
31,1996,1,0.020045128612366635
31,1996,2,0.024299344649194934
31,1996,3,0.025999894789015102
31,1996,4,0.02685943602757585
31,1997,1,0.029100417262821473
31,1997,2,0.030088399076352156
31,1997,3,0.029110366790478993
31,1997,4,0.03141730593782102
31,1998,1,0.030587512835728078
31,1998,2,0.02800716919358986
31,1998,3,0.029195461326093613
31,1998,4,0.02749830728798902
31,1999,1,0.026620328195898206
31,1999,2,0.02641595172676409
31,1999,3,0.026840540042578954
31,1999,4,0.02436886384245202
31,2000,1,0.023116686745706955
31,2000,2,0.022255921257655572
31,2000,3,0.019472048085643005
31,2000,4,0.015456297978160833
31,2001,1,0.011430676034106375
31,2001,2,0.004487822460853422
31,2001,3,-0.0023971108157803496
31,2001,4,-0.012042159232709935
31,2002,1,-0.017018293875875775
31,2002,2,-0.014481353820521512
31,2002,3,-0.010080481721268974
31,2002,4,-0.0037035609500925704
31,2003,1,-0.0014098877779043105
31,2003,2,-0.0016110523406850518
31,2003,3,-0.001415120118000202
31,2003,4,0.0017826460369699492
31,2004,1,0.005863239657944273
31,2004,2,0.011814072021307222
31,2004,3,0.014423321282346451
31,2004,4,0.017536055965391203
31,2005,1,0.01738080438193245
31,2005,2,0.017812922461335545
31,2005,3,0.02041349575152188
31,2005,4,0.01947176460886584
31,2006,1,0.022276192757583496
31,2006,2,0.020139401705167283
31,2006,3,0.017088859447122018
31,2006,4,0.013985627373943094
31,2007,1,0.01208806613781286
31,2007,2,0.010694241030766672
31,2007,3,0.00888006756134634
31,2007,4,0.008079278215111835
31,2008,1,0.002684862149978781
31,2008,2,-0.0037243229200385167
31,2008,3,-0.009554647940050696
31,2008,4,-0.023186869165059326
31,2009,1,-0.04444196706124295
31,2009,2,-0.053000623471708856
31,2009,3,-0.05466792079625225
31,2009,4,-0.04481621913488221
31,2010,1,-0.02760148679056518
31,2010,2,-0.009236279545088454
31,2010,3,-0.00041490328710833997
31,2010,4,0.008093125012058588
31,2011,1,0.010972060355541892
31,2011,2,0.013610593528981323
31,2011,3,0.015764984679722555
31,2011,4,0.016599617197954775
31,2012,1,0.019751082754401784
31,2012,2,0.01731570926967098
31,2012,3,0.01632738195167074
31,2012,4,0.017063036226417427
31,2013,1,0.015587644377009158
31,2013,2,0.0162610194348151
31,2013,3,0.018358730651588766
31,2013,4,0.01957411698645945
31,2014,1,0.018167297370629925
31,2014,2,0.019879539654788992
31,2014,3,0.02223211949293454
31,2014,4,0.022192002107203315
31,2015,1,0.02390713196159632
31,2015,2,0.024021759837841716
31,2015,3,0.022723643086038595
31,2015,4,0.02270580643794461
31,2016,1,0.021522573757459924
31,2016,2,0.01992637122344514
31,2016,3,0.020140505307726875
31,2016,4,0.01800151678099977
31,2017,1,0.017976769081646086
31,2017,2,0.017192473665132445
31,2017,3,0.01604672040729398
31,2017,4,0.014506134683916969
31,2018,1,0.015136987447568064
31,2018,2,0.018361816575823305
31,2018,3,0.016836342292643487
31,2018,4,0.016398293886762314
31,2019,1,0.014951125905053687
31,2019,2,0.013167545003126559
31,2019,3,0.012945167585970635
31,2019,4,0.01314716456711536
31,2020,1,0.011251518888792892
31,2020,2,-0.0860484095975782
31,2020,3,-0.04913460220779162
31,2020,4,-0.0396397075230604
31,2021,1,-0.03291293862795579
31,2021,2,0.07146354590445915
31,2021,3,0.03915750063947537
31,2021,4,0.03540057117540083
31,2022,1,0.037400105626337735
31,2022,2,0.03944689051232707
31,2022,3,0.038880158739753846
31,2022,4,0.029446801295123004
31,2023,1,0.023025495086640663
31,2023,2,0.019237502153520273
31,2023,3,0.015473389339208459
31,2023,4,0.013417152685216488
31,2024,1,0.012827888366401046
31,2024,2,0.010995711710214316
31,2024,3,0.009232667578333754
31,2024,4,0.007485364883990888
31,2025,1,0.006455206373089161
31,2025,2,0.005197204522680262
31,2025,3,0.004987543355416777
31,2025,4,0.002851587389489876
32,1978,1,0.040632602894894836
32,1978,2,0.0568265300553273
32,1978,3,0.05597108828138654
32,1978,4,0.057132517865134416
32,1979,1,0.0672140028222716
32,1979,2,0.043682416734688784
32,1979,3,0.03872023301789305
32,1979,4,0.03434092810647391
32,1980,1,0.028611663748047626
32,1980,2,0.017116549744284178
32,1980,3,0.011955218293542473
32,1980,4,0.011343884895261027
32,1981,1,0.015205935732899878
32,1981,2,0.019338477402641756
32,1981,3,0.025376783050297815
32,1981,4,0.015520964978037786
32,1982,1,0.00637097565511292
32,1982,2,0.005373188644379253
32,1982,3,-0.010240995026022433
32,1982,4,-0.01255753335648883
32,1983,1,-0.0076334756830737935
32,1983,2,0.006526470367547366
32,1983,3,0.02117345655083702
32,1983,4,0.04066345584106326
32,1984,1,0.050812508729563784
32,1984,2,0.0557447581231237
32,1984,3,0.054985396439974285
32,1984,4,0.05082212874464937
32,1985,1,0.04745825575053714
32,1985,2,0.044567044347476714
32,1985,3,0.041303349157613974
32,1985,4,0.03948155790136643
32,1986,1,0.03516575175178332
32,1986,2,0.03128300858511978
32,1986,3,0.03027676978514544
32,1986,4,0.027733486964207504
32,1987,1,0.028346947549598038
32,1987,2,0.03384331834213898
32,1987,3,0.034746171554887906
32,1987,4,0.03658410373093741
32,1988,1,0.03821401547323619
32,1988,2,0.038280443639197935
32,1988,3,0.03988391361454338
32,1988,4,0.03856623196771363
32,1989,1,0.03813521116494043
32,1989,2,0.03415653686315208
32,1989,3,0.029233246512613855
32,1989,4,0.02627503294073551
32,1990,1,0.026091288921874452
32,1990,2,0.022172015181757074
32,1990,3,0.014448841291649216
32,1990,4,0.005913741508295515
32,1991,1,-0.006077099590516494
32,1991,2,-0.014096722238368577
32,1991,3,-0.01512937064529091
32,1991,4,-0.012529341934610647
32,1992,1,-0.008061138221419057
32,1992,2,-7.720952287302142e-05
32,1992,3,0.0029253362383254767
32,1992,4,0.008572722075286933
32,1993,1,0.01920088087539453
32,1993,2,0.023128679902730022
32,1993,3,0.027141097072092727
32,1993,4,0.029709334216120667
32,1994,1,0.02739906943950646
32,1994,2,0.03250306222182103
32,1994,3,0.03575528539126017
32,1994,4,0.038124759435408426
32,1995,1,0.0393228519425125
32,1995,2,0.03178541446076233
32,1995,3,0.026581453030362395
32,1995,4,0.02272875437947771
32,1996,1,0.02119103887262951
32,1996,2,0.026002691498310745
32,1996,3,0.027987411159726132
32,1996,4,0.028245851640953435
32,1997,1,0.029018355293606243
32,1997,2,0.030210702592550508
32,1997,3,0.03021470491648386
32,1997,4,0.03305017646000385
32,1998,1,0.03213182390328759
32,1998,2,0.03125944499608085
32,1998,3,0.03190638351712002
32,1998,4,0.027655282940910617
32,1999,1,0.028971750254565488
32,1999,2,0.027266771665861746
32,1999,3,0.026950369559300726
32,1999,4,0.027900231770405102
32,2000,1,0.02719501429182588
32,2000,2,0.022470895607532976
32,2000,3,0.019537639204517634
32,2000,4,0.01582682654446372
32,2001,1,0.014078126365622785
32,2001,2,0.008250726521891199
32,2001,3,0.003997019510307603
32,2001,4,-0.0015260689555698982
32,2002,1,-0.006993444395458872
32,2002,2,-0.004333231667066365
32,2002,3,-0.004613120924653317
32,2002,4,-0.0008575759632288937
32,2003,1,0.00017767073415300553
32,2003,2,0.0007808272689123156
32,2003,3,0.0032275442347272747
32,2003,4,0.004174466546616897
32,2004,1,0.007146395316462738
32,2004,2,0.01410846592466847
32,2004,3,0.01574189927938324
32,2004,4,0.0184183389967763
32,2005,1,0.018270642819276397
32,2005,2,0.01870166101787904
32,2005,3,0.021536635975439786
32,2005,4,0.020793381533170875
32,2006,1,0.02685791392161752
32,2006,2,0.022787616617496922
32,2006,3,0.01806023425007924
32,2006,4,0.01672343502583337
32,2007,1,0.014295723365573058
32,2007,2,0.013046257329750784
32,2007,3,0.010741001480933111
32,2007,4,0.008284262622613604
32,2008,1,0.003876528575391651
32,2008,2,-0.005751645678996158
32,2008,3,-0.01026089461695306
32,2008,4,-0.022938442007110954
32,2009,1,-0.0426204784053911
32,2009,2,-0.055336041889658974
32,2009,3,-0.05363944919287889
32,2009,4,-0.04507887145798829
32,2010,1,-0.028744543562697584
32,2010,2,-0.010172088776705258
32,2010,3,-0.0027192664530853046
32,2010,4,0.007944817885010757
32,2011,1,0.01210925363812327
32,2011,2,0.014733827412011988
32,2011,3,0.017909113373809148
32,2011,4,0.018993814451990772
32,2012,1,0.021534520829873026
32,2012,2,0.019336686082535578
32,2012,3,0.01872381013031646
32,2012,4,0.017913294145642678
32,2013,1,0.017795786880318753
32,2013,2,0.01926225569235009
32,2013,3,0.020578290664473944
32,2013,4,0.021557372874461873
32,2014,1,0.019985727454371185
32,2014,2,0.020979339678367563
32,2014,3,0.021194856203425365
32,2014,4,0.02265404839031113
32,2015,1,0.02461451784613188
32,2015,2,0.02289636934976747
32,2015,3,0.020208188440171956
32,2015,4,0.020228168439904295
32,2016,1,0.0194396405782235
32,2016,2,0.019724330256483166
32,2016,3,0.018990019742077115
32,2016,4,0.017620382553510835
32,2017,1,0.01845117800548204
32,2017,2,0.0178801344662936
32,2017,3,0.016096408213027578
32,2017,4,0.016656562035958535
32,2018,1,0.015250530680756283
32,2018,2,0.017111870893518843
32,2018,3,0.01683608139708539
32,2018,4,0.015947586604873366
32,2019,1,0.016832605240582606
32,2019,2,0.013314314446975044
32,2019,3,0.012296804137924777
32,2019,4,0.012638030302718978
32,2020,1,0.010821180091768315
32,2020,2,-0.11517975304951172
32,2020,3,-0.07140020316366792
32,2020,4,-0.054774588622574484
32,2021,1,-0.046396616545622806
32,2021,2,0.08034503024137014
32,2021,3,0.04674470802615054
32,2021,4,0.04509008720362316
32,2022,1,0.04868927997813575
32,2022,2,0.0488608966867825
32,2022,3,0.040830981089238085
32,2022,4,0.031831665926080104
32,2023,1,0.02575906095070413
32,2023,2,0.02045980302297477
32,2023,3,0.017426787021839515
32,2023,4,0.013887377364603397
32,2024,1,0.012733649495197685
32,2024,2,0.011978249035623468
32,2024,3,0.009730356737423103
32,2024,4,0.008135943444203621
32,2025,1,0.005378369625089679
32,2025,2,0.004474521364670777
32,2025,3,0.004133361741082768
32,2025,4,0.0016062692366652304
33,1978,1,0.049367635451969115
33,1978,2,0.05375447376892397
33,1978,3,0.04873238261691497
33,1978,4,0.05142178010304222
33,1979,1,0.05049074291918654
33,1979,2,0.041605744326953416
33,1979,3,0.03234512300718256
33,1979,4,0.02436849453165898
33,1980,1,0.01901500341507876
33,1980,2,0.001986349422534754
33,1980,3,-0.009976400975507775
33,1980,4,-0.00040883174070396595
33,1981,1,-0.0007039668015778455
33,1981,2,0.014909387813157052
33,1981,3,0.020380499403719114
33,1981,4,0.0072028091639156164
33,1982,1,-0.006094653909834539
33,1982,2,-0.02085034168330851
33,1982,3,-0.02807746523817442
33,1982,4,-0.03344094226214765
33,1983,1,-0.022130802108689028
33,1983,2,-0.004948232466929147
33,1983,3,0.019384519375474724
33,1983,4,0.043758132902010714
33,1984,1,0.056549805489507776
33,1984,2,0.059380714616407
33,1984,3,0.055510528223429854
33,1984,4,0.04879370126574533
33,1985,1,0.03979562517339256
33,1985,2,0.03365172051714237
33,1985,3,0.027576371265410994
33,1985,4,0.02467430316753664
33,1986,1,0.020768100646307953
33,1986,2,0.018213819701263397
33,1986,3,0.017557658801956668
33,1986,4,0.018597223641575174
33,1987,1,0.01967110233731342
33,1987,2,0.024460756557327944
33,1987,3,0.027483427643829647
33,1987,4,0.031356937931639975
33,1988,1,0.03250472473042253
33,1988,2,0.033607374553998835
33,1988,3,0.03395154712239099
33,1988,4,0.03129607442956147
33,1989,1,0.030706283639406074
33,1989,2,0.02718371801992129
33,1989,3,0.021912051632804904
33,1989,4,0.01703020192368671
33,1990,1,0.015656631708778637
33,1990,2,0.01123462692827497
33,1990,3,0.004411857569046562
33,1990,4,0.0009097123810938269
33,1991,1,-0.011571530806069121
33,1991,2,-0.021395245051264233
33,1991,3,-0.019344847779135574
33,1991,4,-0.012156173529701535
33,1992,1,-0.007784505429310784
33,1992,2,-0.0004554115642168941
33,1992,3,0.0022313417691963025
33,1992,4,0.006432344923977398
33,1993,1,0.014554368579730671
33,1993,2,0.017377621357499835
33,1993,3,0.02328488896804622
33,1993,4,0.026117471577226187
33,1994,1,0.02831468572520491
33,1994,2,0.03393902014086482
33,1994,3,0.03836032099344982
33,1994,4,0.04000290140297197
33,1995,1,0.038357165812370884
33,1995,2,0.032416056851083425
33,1995,3,0.025586569331267815
33,1995,4,0.020487439349980624
33,1996,1,0.0183382128444254
33,1996,2,0.022230226385841302
33,1996,3,0.024456478903475642
33,1996,4,0.025258569726992162
33,1997,1,0.02626006873796326
33,1997,2,0.02690848429959997
33,1997,3,0.027426786644636745
33,1997,4,0.03013181728367197
33,1998,1,0.030071250831540254
33,1998,2,0.029092687180149207
33,1998,3,0.02837074575744088
33,1998,4,0.024293707556213903
33,1999,1,0.02165300538839768
33,1999,2,0.02193542449582345
33,1999,3,0.023768989343752135
33,1999,4,0.023582279007827223
33,2000,1,0.02305744870526113
33,2000,2,0.02153263999612408
33,2000,3,0.019633320985728002
33,2000,4,0.01590247605738643
33,2001,1,0.01040380651381992
33,2001,2,-0.00025886755322481413
33,2001,3,-0.007803234868826404
33,2001,4,-0.017754505414581727
33,2002,1,-0.024926774574494697
33,2002,2,-0.021877710774955605
33,2002,3,-0.01656972990666406
33,2002,4,-0.008771466545704886
33,2003,1,-0.006231455537389386
33,2003,2,-0.00612495164890681
33,2003,3,-0.005158145365451041
33,2003,4,-0.0005354060384400328
33,2004,1,0.004354022516250693
33,2004,2,0.01240959772552117
33,2004,3,0.015495741896985
33,2004,4,0.01692788817803006
33,2005,1,0.017249099241567492
33,2005,2,0.0179579278327214
33,2005,3,0.020350165057183373
33,2005,4,0.019465535821701702
33,2006,1,0.022591669224520577
33,2006,2,0.02084106135777333
33,2006,3,0.017922538175742412
33,2006,4,0.014593134296107032
33,2007,1,0.011843644069536644
33,2007,2,0.010271328902306306
33,2007,3,0.008224378365931146
33,2007,4,0.006884672081335233
33,2008,1,0.002931783243037062
33,2008,2,-0.00505834135250604
33,2008,3,-0.01114608809680628
33,2008,4,-0.025355696689652756
33,2009,1,-0.045048865706301254
33,2009,2,-0.057674632030735196
33,2009,3,-0.05994435184320555
33,2009,4,-0.0489298205246424
33,2010,1,-0.030271370581838118
33,2010,2,-0.01090448580925356
33,2010,3,7.346922192398857e-05
33,2010,4,0.008267137951742448
33,2011,1,0.012685036834102431
33,2011,2,0.015212941579650457
33,2011,3,0.018165484380088658
33,2011,4,0.01886482729356832
33,2012,1,0.02148582011513009
33,2012,2,0.019520279865652516
33,2012,3,0.01854536026346534
33,2012,4,0.017896720776939143
33,2013,1,0.016314861419804236
33,2013,2,0.01753009619083826
33,2013,3,0.018706227689457657
33,2013,4,0.019216520784779725
33,2014,1,0.018179277705975484
33,2014,2,0.02018484346945729
33,2014,3,0.021896405501637912
33,2014,4,0.022117711185419046
33,2015,1,0.02425291517749495
33,2015,2,0.02415534864817514
33,2015,3,0.022519405954431627
33,2015,4,0.021274654756998607
33,2016,1,0.020408278148478957
33,2016,2,0.018483539753110734
33,2016,3,0.019098746841331695
33,2016,4,0.017603418303629954
33,2017,1,0.01683588869834487
33,2017,2,0.01628715856021226
33,2017,3,0.015021884187810376
33,2017,4,0.014435258439062505
33,2018,1,0.015557152244449228
33,2018,2,0.017924799297540216
33,2018,3,0.017782097954333265
33,2018,4,0.016883274962914665
33,2019,1,0.01469600448665276
33,2019,2,0.012749448457512533
33,2019,3,0.013049666736297613
33,2019,4,0.011927857815616685
33,2020,1,0.00991694692932779
33,2020,2,-0.09117423087206114
33,2020,3,-0.05290322628290973
33,2020,4,-0.04033952352665701
33,2021,1,-0.033999668633332175
33,2021,2,0.0714393003295499
33,2021,3,0.03812643857766522
33,2021,4,0.03577149178937048
33,2022,1,0.03722542219787827
33,2022,2,0.03741340952796731
33,2022,3,0.036131020629251616
33,2022,4,0.030688208659397222
33,2023,1,0.025701376840785953
33,2023,2,0.02113861231256687
33,2023,3,0.01611348865536218
33,2023,4,0.013492676207517556
33,2024,1,0.0123110414814943
33,2024,2,0.011113832706629216
33,2024,3,0.008715742479417058
33,2024,4,0.007836484044011547
33,2025,1,0.007281831448284433
33,2025,2,0.006024822745712838
33,2025,3,0.005126275146868024
33,2025,4,0.0034705967314374686
34,1977,1,0.032360071583221454
34,1977,2,0.037969687470927965
34,1977,3,0.04642325274928031
34,1977,4,0.053048335500861174
34,1978,1,0.05213236716595491
34,1978,2,0.055464226857189776
34,1978,3,0.05150798479290031
34,1978,4,0.050286689349883944
34,1979,1,0.04957162695959126
34,1979,2,0.03987622544517023
34,1979,3,0.03367063798385584
34,1979,4,0.026715450082851873
34,1980,1,0.020831081843559852
34,1980,2,0.005554743933751556
34,1980,3,-0.003342660415698604
34,1980,4,0.0007357473919402016
34,1981,1,0.002885578822610943
34,1981,2,0.015408208786631294
34,1981,3,0.02130552687959155
34,1981,4,0.008158597667669713
34,1982,1,-0.0032961210412966236
34,1982,2,-0.015730598533850802
34,1982,3,-0.024120768889615004
34,1982,4,-0.0270637895897115
34,1983,1,-0.016934537616856503
34,1983,2,-0.0014574801236210081
34,1983,3,0.0186641846214415
34,1983,4,0.039956068243715025
34,1984,1,0.05219523598951504
34,1984,2,0.054435782185454744
34,1984,3,0.05279925389469753
34,1984,4,0.04731942295689296
34,1985,1,0.03928148153253984
34,1985,2,0.03540701489292623
34,1985,3,0.030096961711793283
34,1985,4,0.028518580934116286
34,1986,1,0.025733958362672865
34,1986,2,0.022682038976419426
34,1986,3,0.022490446597137687
34,1986,4,0.022373804605847508
34,1987,1,0.02439984358172102
34,1987,2,0.02795325090521788
34,1987,3,0.030891731533599285
34,1987,4,0.033451621849741646
34,1988,1,0.03413794583737134
34,1988,2,0.03545669690635311
34,1988,3,0.03398381486476782
34,1988,4,0.03279307462005896
34,1989,1,0.03267573683454427
34,1989,2,0.030511462552062184
34,1989,3,0.025611410778082974
34,1989,4,0.02081997255060281
34,1990,1,0.02047303376375619
34,1990,2,0.015512606462552241
34,1990,3,0.009422129256431022
34,1990,4,0.004749174802016335
34,1991,1,-0.005155649227003783
34,1991,2,-0.012220951627740666
34,1991,3,-0.012504974815841778
34,1991,4,-0.00806323882816365
34,1992,1,-0.003593485276273215
34,1992,2,0.004505052432827258
34,1992,3,0.006817919412479126
34,1992,4,0.00940183505508349
34,1993,1,0.01806304434989621
34,1993,2,0.02023210050063203
34,1993,3,0.02436341245503042
34,1993,4,0.027591756224279996
34,1994,1,0.028991854985856536
34,1994,2,0.034730630342189046
34,1994,3,0.03655883119139021
34,1994,4,0.038779036165711454
34,1995,1,0.03806297475556728
34,1995,2,0.02952709522927686
34,1995,3,0.025754734370351022
34,1995,4,0.022023352002275846
34,1996,1,0.018978903657504768
34,1996,2,0.022936280314124053
34,1996,3,0.02492817353486503
34,1996,4,0.026204987268832518
34,1997,1,0.0275722551083751
34,1997,2,0.02790379109518215
34,1997,3,0.0284423591760726
34,1997,4,0.03089695149413064
34,1998,1,0.03034218382067547
34,1998,2,0.028428171936570976
34,1998,3,0.028486614259393653
34,1998,4,0.026037312373199527
34,1999,1,0.025892034980591245
34,1999,2,0.026557023212125195
34,1999,3,0.025998394450344138
34,1999,4,0.024703259557724296
34,2000,1,0.025457750193066543
34,2000,2,0.02281487136470917
34,2000,3,0.018991202990712552
34,2000,4,0.015433180451542829
34,2001,1,0.011672297187758716
34,2001,2,0.005120588954907159
34,2001,3,-0.003728640252913071
34,2001,4,-0.013538471235462637
34,2002,1,-0.017566446199001204
34,2002,2,-0.01632322397754592
34,2002,3,-0.010202198212195706
34,2002,4,-0.00415423339717862
34,2003,1,-0.00090082822367438
34,2003,2,-0.0016144677537245486
34,2003,3,0.00043091701811951084
34,2003,4,0.003757877473020757
34,2004,1,0.005257342304058015
34,2004,2,0.011890953250171145
34,2004,3,0.015103603934383203
34,2004,4,0.017063267111767675
34,2005,1,0.016407684548719003
34,2005,2,0.0172174007936957
34,2005,3,0.01970052534795637
34,2005,4,0.0201962978106154
34,2006,1,0.02429039705327238
34,2006,2,0.02159274218136131
34,2006,3,0.017198642488907866
34,2006,4,0.015293300518173023
34,2007,1,0.013726372426588028
34,2007,2,0.01277715501047762
34,2007,3,0.011187698799957327
34,2007,4,0.01028176790769286
34,2008,1,0.00578278680027826
34,2008,2,-0.0014388728693189832
34,2008,3,-0.007703897544963161
34,2008,4,-0.022967218472338936
34,2009,1,-0.039886011970608856
34,2009,2,-0.05228745243461088
34,2009,3,-0.053777419824348
34,2009,4,-0.0432573748176327
34,2010,1,-0.025306937827825234
34,2010,2,-0.007721421959445836
34,2010,3,-0.00020224673828533434
34,2010,4,0.007627229740675205
34,2011,1,0.01281322754380532
34,2011,2,0.014372026274589136
34,2011,3,0.0167130271947841
34,2011,4,0.018806575548619787
34,2012,1,0.021624944892191546
34,2012,2,0.01949944625484869
34,2012,3,0.018626180082155115
34,2012,4,0.017301952147523825
34,2013,1,0.01597470916400676
34,2013,2,0.016815920419643204
34,2013,3,0.020062005192453655
34,2013,4,0.019970777155545724
34,2014,1,0.019516540104441704
34,2014,2,0.01934060253476507
34,2014,3,0.02075045625522038
34,2014,4,0.022388844715023743
34,2015,1,0.024767213808465416
34,2015,2,0.025833198074980822
34,2015,3,0.02365678601076133
34,2015,4,0.0213265054906345
34,2016,1,0.021280066967091206
34,2016,2,0.022278351295077298
34,2016,3,0.02147659174291123
34,2016,4,0.020753738415375426
34,2017,1,0.01925967424796428
34,2017,2,0.018705317420230884
34,2017,3,0.017622538439670488
34,2017,4,0.016849656780388567
34,2018,1,0.016205714572204783
34,2018,2,0.018054050617500404
34,2018,3,0.018102165396424688
34,2018,4,0.016240199269787408
34,2019,1,0.015695501824725285
34,2019,2,0.013984507542771273
34,2019,3,0.013662279957279434
34,2019,4,0.015672339433602467
34,2020,1,0.012615237618889037
34,2020,2,-0.08416095160890145
34,2020,3,-0.0506353011662989
34,2020,4,-0.03964342928414594
34,2021,1,-0.03116150337017042
34,2021,2,0.0717636612485212
34,2021,3,0.04310363036130685
34,2021,4,0.03894099839842487
34,2022,1,0.04116602253844251
34,2022,2,0.041961497699961686
34,2022,3,0.03696434239609453
34,2022,4,0.02801675516394382
34,2023,1,0.023568160575485695
34,2023,2,0.02054590287492449
34,2023,3,0.015714912011343476
34,2023,4,0.013613263755677209
34,2024,1,0.012965911259622024
34,2024,2,0.01154418617774849
34,2024,3,0.008325309100497596
34,2024,4,0.009645358781314216
34,2025,1,0.008401248037551854
34,2025,2,0.007116219938595352
34,2025,3,0.005199638796566249
34,2025,4,0.003248737174301952
35,1978,1,0.0448869692185545
35,1978,2,0.0573184862902787
35,1978,3,0.054702342501808256
35,1978,4,0.054798737985408144
35,1979,1,0.05708273536219384
35,1979,2,0.0430545396645967
35,1979,3,0.03684691206655921
35,1979,4,0.03187521014428298
35,1980,1,0.02873401932702079
35,1980,2,0.01620199876587231
35,1980,3,0.009054377418675494
35,1980,4,0.01262808067110751
35,1981,1,0.014273976848236466
35,1981,2,0.017264366151665645
35,1981,3,0.022917158430630004
35,1981,4,0.015422962237765363
35,1982,1,0.00578312418015842
35,1982,2,-0.0015805623542297152
35,1982,3,-0.014651834228474594
35,1982,4,-0.018002251745108902
35,1983,1,-0.013945997184024709
35,1983,2,0.00017959439607258048
35,1983,3,0.01881751080886337
35,1983,4,0.03883412442226766
35,1984,1,0.048258636861306395
35,1984,2,0.05567228638764166
35,1984,3,0.05305648172946997
35,1984,4,0.0480750132381267
35,1985,1,0.04272332236337604
35,1985,2,0.04017205098674102
35,1985,3,0.03699163925042627
35,1985,4,0.03336818097353003
35,1986,1,0.03010653851709391
35,1986,2,0.02395027009854844
35,1986,3,0.020970779084437514
35,1986,4,0.021668261243139048
35,1987,1,0.02416664236967585
35,1987,2,0.03025017722414274
35,1987,3,0.03274566206577017
35,1987,4,0.034557868324440216
35,1988,1,0.036105146188770115
35,1988,2,0.03665721962823592
35,1988,3,0.03646258793648818
35,1988,4,0.0342290894778726
35,1989,1,0.03515320617996648
35,1989,2,0.030857765391219854
35,1989,3,0.026447033569632395
35,1989,4,0.02402232581321442
35,1990,1,0.023036151839165145
35,1990,2,0.018009376986096743
35,1990,3,0.012452394609962055
35,1990,4,0.006488906451016013
35,1991,1,-0.004161362549890092
35,1991,2,-0.013387666604572548
35,1991,3,-0.013467114278946132
35,1991,4,-0.010207060310740415
35,1992,1,-0.0058980697378710435
35,1992,2,0.002605643587032086
35,1992,3,0.004867636919909347
35,1992,4,0.009693948191999063
35,1993,1,0.0165643744211934
35,1993,2,0.020427698408062425
35,1993,3,0.024902926869076098
35,1993,4,0.03079301484755524
35,1994,1,0.031926609253546984
35,1994,2,0.03504288064467914
35,1994,3,0.03996466999990426
35,1994,4,0.0402172342645743
35,1995,1,0.04005034799764252
35,1995,2,0.030683046688879934
35,1995,3,0.02529984222420062
35,1995,4,0.02319761079566566
35,1996,1,0.02074364762754237
35,1996,2,0.024389208590101078
35,1996,3,0.02706535745824333
35,1996,4,0.029772599785541292
35,1997,1,0.030946072463329487
35,1997,2,0.03194232694128312
35,1997,3,0.029934367889181177
35,1997,4,0.030755880076299934
35,1998,1,0.030474102833713587
35,1998,2,0.02991152936250406
35,1998,3,0.029542594013644514
35,1998,4,0.02671433250637785
35,1999,1,0.02726870291974604
35,1999,2,0.028099204167013066
35,1999,3,0.026946841229516606
35,1999,4,0.02649712020969467
35,2000,1,0.02830386195913925
35,2000,2,0.025135936008062583
35,2000,3,0.02105978771230299
35,2000,4,0.017278229287139745
35,2001,1,0.015031089918131634
35,2001,2,0.007411895239521724
35,2001,3,0.0022150269892870396
35,2001,4,-0.004523495817120564
35,2002,1,-0.012418592480326047
35,2002,2,-0.010113807949806876
35,2002,3,-0.008448837205817124
35,2002,4,-0.002163070303554565
35,2003,1,-0.0012652322536005633
35,2003,2,0.0005536148993440842
35,2003,3,0.0009276839280642037
35,2003,4,0.004980897829010983
35,2004,1,0.009153663712563249
35,2004,2,0.015472166681193575
35,2004,3,0.017591872858949052
35,2004,4,0.020489646746854745
35,2005,1,0.020216981948194056
35,2005,2,0.02040556321450505
35,2005,3,0.0242810123425727
35,2005,4,0.02419448901164792
35,2006,1,0.02630474253140123
35,2006,2,0.02548202193920636
35,2006,3,0.022561178124023907
35,2006,4,0.01860576180687705
35,2007,1,0.015304301958970774
35,2007,2,0.014829876004675682
35,2007,3,0.011246962548528527
35,2007,4,0.010629741849551259
35,2008,1,0.007851433166011971
35,2008,2,1.3727857087952395e-05
35,2008,3,-0.007261499245013682
35,2008,4,-0.018919087006590486
35,2009,1,-0.0402549505108447
35,2009,2,-0.051869193664887805
35,2009,3,-0.054651964647863586
35,2009,4,-0.04204455997754867
35,2010,1,-0.02614928022130114
35,2010,2,-0.008995605110975888
35,2010,3,0.0011860741326657602
35,2010,4,0.010589780029136601
35,2011,1,0.014589982735873459
35,2011,2,0.014753508145667837
35,2011,3,0.020234422843541718
35,2011,4,0.020386764217999617
35,2012,1,0.022509432486762935
35,2012,2,0.019698031315779123
35,2012,3,0.0182947094630553
35,2012,4,0.018747973247818246
35,2013,1,0.017072322974303913
35,2013,2,0.0168673707956335
35,2013,3,0.01962533349138345
35,2013,4,0.020529972533505716
35,2014,1,0.01881882744296672
35,2014,2,0.020871465751976775
35,2014,3,0.02227251929086508
35,2014,4,0.023859952073523514
35,2015,1,0.023933987342379785
35,2015,2,0.0213892107736424
35,2015,3,0.01804231423763964
35,2015,4,0.017621263349828317
35,2016,1,0.015857720554021806
35,2016,2,0.0159942487664898
35,2016,3,0.015818155081791074
35,2016,4,0.015515603615732225
35,2017,1,0.01646058410537532
35,2017,2,0.016935560018503014
35,2017,3,0.015539625187475826
35,2017,4,0.01584030380566774
35,2018,1,0.016449337325259744
35,2018,2,0.01724455442274973
35,2018,3,0.017004027885256085
35,2018,4,0.01637238822127944
35,2019,1,0.01406569053528628
35,2019,2,0.012234956048472898
35,2019,3,0.011953494653330305
35,2019,4,0.012068681634542224
35,2020,1,0.009835329943354567
35,2020,2,-0.09365377642087029
35,2020,3,-0.05473172630078228
35,2020,4,-0.04496665620277773
35,2021,1,-0.03849057680974364
35,2021,2,0.07170754081555038
35,2021,3,0.03860239048822279
35,2021,4,0.0389046779366183
35,2022,1,0.038153881391889376
35,2022,2,0.037196503441222065
35,2022,3,0.03641344608085109
35,2022,4,0.0301208155227081
35,2023,1,0.026109398164589268
35,2023,2,0.02340155084061379
35,2023,3,0.01771061620489215
35,2023,4,0.014089261213755564
35,2024,1,0.013636068527169727
35,2024,2,0.01518561157058677
35,2024,3,0.010349182992403526
35,2024,4,0.008755001015035934
35,2025,1,0.00702044953682004
35,2025,2,0.007710312595625903
35,2025,3,0.005764655573785404
35,2025,4,0.0023759895069364505
36,1977,1,0.035234387124191316
36,1977,2,0.04016652438719792
36,1977,3,0.047780810077357704
36,1977,4,0.05168326236012571
36,1978,1,0.04904474838970159
36,1978,2,0.05450580106712349
36,1978,3,0.05010240793245404
36,1978,4,0.04799833739958296
36,1979,1,0.050800150435170735
36,1979,2,0.04180213509199082
36,1979,3,0.0376053276749771
36,1979,4,0.02992627288043145
36,1980,1,0.024597462234360146
36,1980,2,0.011357136633195163
36,1980,3,0.0014250789390835975
36,1980,4,0.006357819170940531
36,1981,1,0.007641812418051259
36,1981,2,0.018028596564399698
36,1981,3,0.024013032545983335
36,1981,4,0.011098241964434227
36,1982,1,0.0004369582863309525
36,1982,2,-0.008318371700763858
36,1982,3,-0.017409272131312638
36,1982,4,-0.018214319273321428
36,1983,1,-0.012452769485474725
36,1983,2,0.003128425934996217
36,1983,3,0.018307142635479445
36,1983,4,0.04049035036139899
36,1984,1,0.05525612040679269
36,1984,2,0.05743370143174337
36,1984,3,0.05527971328882977
36,1984,4,0.04649956913575795
36,1985,1,0.040560888453058684
36,1985,2,0.03684729527143599
36,1985,3,0.03249466048660909
36,1985,4,0.02997390172731628
36,1986,1,0.028310769635160042
36,1986,2,0.027336543724087038
36,1986,3,0.02731076413009074
36,1986,4,0.0280724906479495
36,1987,1,0.02620156734014068
36,1987,2,0.03053271601248768
36,1987,3,0.033614932994905034
36,1987,4,0.03495175115246317
36,1988,1,0.036734109471939794
36,1988,2,0.03794054374337132
36,1988,3,0.03732291698324317
36,1988,4,0.03641176254136029
36,1989,1,0.03611294163385694
36,1989,2,0.03164335807855012
36,1989,3,0.028727335925566276
36,1989,4,0.0220928340372172
36,1990,1,0.02059249052884162
36,1990,2,0.01677335566418419
36,1990,3,0.010821498480770228
36,1990,4,0.007376513333979694
36,1991,1,-0.0012997588022637709
36,1991,2,-0.0079199885180453
36,1991,3,-0.007509415344331775
36,1991,4,-0.0036940004801907307
36,1992,1,0.0021452525752945293
36,1992,2,0.006513132768603469
36,1992,3,0.009249091347669991
36,1992,4,0.01185484566055549
36,1993,1,0.01751311504224557
36,1993,2,0.022540739665882614
36,1993,3,0.027038464887766057
36,1993,4,0.031936486573596747
36,1994,1,0.03269517017765654
36,1994,2,0.036509687050448554
36,1994,3,0.03773376997300983
36,1994,4,0.0384288554866249
36,1995,1,0.039730933049581516
36,1995,2,0.03333755031626789
36,1995,3,0.027233535739615573
36,1995,4,0.025286365445733056
36,1996,1,0.021283440703242704
36,1996,2,0.023909259715552154
36,1996,3,0.025575883371590398
36,1996,4,0.026927826185807514
36,1997,1,0.028662402771796255
36,1997,2,0.0293440866445869
36,1997,3,0.02915321379015559
36,1997,4,0.030778353028647655
36,1998,1,0.03073568372452399
36,1998,2,0.028903317120964993
36,1998,3,0.03016268189841286
36,1998,4,0.02809173796282915
36,1999,1,0.027826592066141985
36,1999,2,0.027658989662786362
36,1999,3,0.025861202190181672
36,1999,4,0.026504987045429012
36,2000,1,0.022787601528667455
36,2000,2,0.020628471983262158
36,2000,3,0.01983219990452715
36,2000,4,0.01509852433919985
36,2001,1,0.014224148085894577
36,2001,2,0.0077088426147221235
36,2001,3,0.0016751458276470545
36,2001,4,-0.0077229225351267
36,2002,1,-0.014779248015951745
36,2002,2,-0.011248682743525296
36,2002,3,-0.008018026626851756
36,2002,4,-0.0006475114269052773
36,2003,1,-0.001048438413638067
36,2003,2,-0.001183832845263888
36,2003,3,-0.0004968767465819197
36,2003,4,0.002692500203891956
36,2004,1,0.009228065593985568
36,2004,2,0.016027960095335424
36,2004,3,0.014580874818071748
36,2004,4,0.016524957673647925
36,2005,1,0.0174372155211126
36,2005,2,0.018409210395584998
36,2005,3,0.022874022189273664
36,2005,4,0.02299238377802969
36,2006,1,0.02370510971783837
36,2006,2,0.021533041108737123
36,2006,3,0.02028220187428591
36,2006,4,0.01805367705776044
36,2007,1,0.01589020001707127
36,2007,2,0.01597141460164271
36,2007,3,0.012136601186321339
36,2007,4,0.010301848879533986
36,2008,1,0.006177636975792391
36,2008,2,-0.0009801898917720978
36,2008,3,-0.008768996014492193
36,2008,4,-0.020348643614968534
36,2009,1,-0.03719695615197072
36,2009,2,-0.047216924467596975
36,2009,3,-0.048650918400776136
36,2009,4,-0.03984491344079083
36,2010,1,-0.02345472901122113
36,2010,2,-0.007952914468838683
36,2010,3,-0.00029425591533940073
36,2010,4,0.010111495309380608
36,2011,1,0.012794558974288977
36,2011,2,0.015293714991584318
36,2011,3,0.018695350172255935
36,2011,4,0.019315567507434135
36,2012,1,0.02297875334460162
36,2012,2,0.021887716960899292
36,2012,3,0.01916456695363281
36,2012,4,0.017682419441006094
36,2013,1,0.015703485055298033
36,2013,2,0.017385256007170814
36,2013,3,0.01772327700572586
36,2013,4,0.018957786831191054
36,2014,1,0.01837702041773088
36,2014,2,0.01911575946263743
36,2014,3,0.023799771983488094
36,2014,4,0.023756283550807295
36,2015,1,0.022558885142751083
36,2015,2,0.02466209362247864
36,2015,3,0.023526558182903612
36,2015,4,0.02236524987592336
36,2016,1,0.022882571585198422
36,2016,2,0.022808191909274904
36,2016,3,0.022891240218810248
36,2016,4,0.020075401646735044
36,2017,1,0.019985760624628267
36,2017,2,0.019177776232148305
36,2017,3,0.01651475183811021
36,2017,4,0.018171920256551666
36,2018,1,0.01841481733127403
36,2018,2,0.0173527278345178
36,2018,3,0.019588005085449296
36,2018,4,0.01651503490992977
36,2019,1,0.016285095917882225
36,2019,2,0.01686289438069646
36,2019,3,0.017678897613773475
36,2019,4,0.016816152074689873
36,2020,1,0.01158818114209648
36,2020,2,-0.08646494989241141
36,2020,3,-0.04969513429704352
36,2020,4,-0.03724719979986027
36,2021,1,-0.03169153878141278
36,2021,2,0.07408631632218418
36,2021,3,0.03956167414726398
36,2021,4,0.040958032522066715
36,2022,1,0.04084363806812563
36,2022,2,0.03866341051059989
36,2022,3,0.03700304331360734
36,2022,4,0.027769384365273302
36,2023,1,0.02434460863988712
36,2023,2,0.021585412659442867
36,2023,3,0.01722653057932899
36,2023,4,0.017179862653724436
36,2024,1,0.014714915218991435
36,2024,2,0.01569440597001587
36,2024,3,0.013698157942869823
36,2024,4,0.010806834918462913
36,2025,1,0.009084516766908142
36,2025,2,0.008177738733955112
36,2025,3,0.007587308421373925
36,2025,4,0.003090110279533441
37,1977,1,0.04688394680674643
37,1977,2,0.06943947302312724
37,1977,3,0.06167336496505448
37,1977,4,0.08195046917075981
37,1978,1,0.07812452065695674
37,1978,2,0.06798254779483644
37,1978,3,0.07992857990817999
37,1978,4,0.0660385295870986
37,1979,1,0.048780419377720374
37,1979,2,0.040201336247509184
37,1979,3,0.03148238125939329
37,1979,4,0.024513046631240227
37,1980,1,0.0189497750705056
37,1980,2,0.0010875935740240657
37,1980,3,-0.008877616488809968
37,1980,4,-0.002129061051182315
37,1981,1,0.0006759821399739531
37,1981,2,0.011949586843173168
37,1981,3,0.01846592927605614
37,1981,4,0.004309766431155233
37,1982,1,-0.005905649823859798
37,1982,2,-0.017159758545498602
37,1982,3,-0.026704017589267874
37,1982,4,-0.027660667657222145
37,1983,1,-0.01584720276429346
37,1983,2,-0.0021857805322104025
37,1983,3,0.01780759563718276
37,1983,4,0.03962145945315253
37,1984,1,0.050020171045451804
37,1984,2,0.054530624863820966
37,1984,3,0.05214323695239458
37,1984,4,0.044146579676196764
37,1985,1,0.035588073663119696
37,1985,2,0.029500948098981083
37,1985,3,0.026535669951495866
37,1985,4,0.022059448560132998
37,1986,1,0.020100659803012257
37,1986,2,0.01906742578958855
37,1986,3,0.018709684903321352
37,1986,4,0.020344262181331865
37,1987,1,0.02015751345337152
37,1987,2,0.024239447052244564
37,1987,3,0.028123057322086212
37,1987,4,0.03127847043124436
37,1988,1,0.03279961999396374
37,1988,2,0.03331103202333914
37,1988,3,0.0322414780707531
37,1988,4,0.030424907550502693
37,1989,1,0.03004670382595245
37,1989,2,0.025871377637365828
37,1989,3,0.022231983359880046
37,1989,4,0.017589174800094896
37,1990,1,0.01633387253466564
37,1990,2,0.011473735836826255
37,1990,3,0.0058092349889807835
37,1990,4,0.0006709571756478463
37,1991,1,-0.010848768318258532
37,1991,2,-0.016693085062335085
37,1991,3,-0.01678930867472811
37,1991,4,-0.011463931556414203
37,1992,1,-0.006489321017884958
37,1992,2,0.0011260483878198888
37,1992,3,0.0024008192574901176
37,1992,4,0.005122806288108415
37,1993,1,0.01414817019378046
37,1993,2,0.01658363835251071
37,1993,3,0.021183155382749883
37,1993,4,0.02518787820785341
37,1994,1,0.026418198925819713
37,1994,2,0.030991750683074096
37,1994,3,0.03550218306923399
37,1994,4,0.036431594665637966
37,1995,1,0.03606520866712386
37,1995,2,0.02929702286277991
37,1995,3,0.023579198823322323
37,1995,4,0.019643808932961842
37,1996,1,0.015268038626921557
37,1996,2,0.018611495290594162
37,1996,3,0.021345597112865173
37,1996,4,0.02313677310773231
37,1997,1,0.024826556842942122
37,1997,2,0.026493562911888698
37,1997,3,0.026021442065918457
37,1997,4,0.02767627476410651
37,1998,1,0.02904196567097975
37,1998,2,0.02914482670999337
37,1998,3,0.026065318199403685
37,1998,4,0.022220329178785234
37,1999,1,0.02146160212382515
37,1999,2,0.020952430199066334
37,1999,3,0.020109992377210516
37,1999,4,0.021451714169246974
37,2000,1,0.020197368851921187
37,2000,2,0.0185942149929416
37,2000,3,0.01596399760246047
37,2000,4,0.01273881544884255
37,2001,1,0.008703991975095747
37,2001,2,0.000407763923202448
37,2001,3,-0.006550348243832481
37,2001,4,-0.015739304613677098
37,2002,1,-0.020017254690894774
37,2002,2,-0.01809199903426237
37,2002,3,-0.01375134955540041
37,2002,4,-0.007198981941396787
37,2003,1,-0.0059559762395518
37,2003,2,-0.0039562505606632395
37,2003,3,-0.004596993198374511
37,2003,4,-0.002542399318982098
37,2004,1,0.0035982529809563996
37,2004,2,0.010426545408004563
37,2004,3,0.013978018726295408
37,2004,4,0.017866085575893222
37,2005,1,0.016222804482197418
37,2005,2,0.01684837733787357
37,2005,3,0.01908996392236131
37,2005,4,0.019763369101924746
37,2006,1,0.023837564843264707
37,2006,2,0.02047515302090495
37,2006,3,0.01526169436134139
37,2006,4,0.0138013642891099
37,2007,1,0.011224547988320384
37,2007,2,0.008946604153622906
37,2007,3,0.007472971281192525
37,2007,4,0.006634031008707993
37,2008,1,0.003157264786542744
37,2008,2,-0.004916022338841812
37,2008,3,-0.01079174020861334
37,2008,4,-0.023992238976700265
37,2009,1,-0.04435113871407353
37,2009,2,-0.05560009815031841
37,2009,3,-0.056894868441507915
37,2009,4,-0.048593068236832335
37,2010,1,-0.029932039375642632
37,2010,2,-0.009459781655385004
37,2010,3,-0.0005832979812658506
37,2010,4,0.0068967254210047
37,2011,1,0.011300999894746377
37,2011,2,0.013987404989271807
37,2011,3,0.0168163152989052
37,2011,4,0.018326099674938
37,2012,1,0.020545836765191196
37,2012,2,0.01839668857335967
37,2012,3,0.016264227688475907
37,2012,4,0.015800896051097166
37,2013,1,0.01735433362451958
37,2013,2,0.01748588549940666
37,2013,3,0.020288109528431818
37,2013,4,0.01922027218696434
37,2014,1,0.01722118634590706
37,2014,2,0.019181987449244466
37,2014,3,0.022417888033770317
37,2014,4,0.023221290083982757
37,2015,1,0.023427305748710832
37,2015,2,0.024260756597415976
37,2015,3,0.022946563250302084
37,2015,4,0.02133044465423109
37,2016,1,0.020757880396523435
37,2016,2,0.019126756728684736
37,2016,3,0.01893585338738115
37,2016,4,0.01669486074760776
37,2017,1,0.017232155504614592
37,2017,2,0.016028892671023122
37,2017,3,0.015296907708981072
37,2017,4,0.015942010448015582
37,2018,1,0.015029375532224176
37,2018,2,0.01658575277211121
37,2018,3,0.016789329903440252
37,2018,4,0.017091653871574405
37,2019,1,0.01580831300792687
37,2019,2,0.014154081934109454
37,2019,3,0.013379174930730046
37,2019,4,0.012004175247530332
37,2020,1,0.010098274705053648
37,2020,2,-0.08661894032108564
37,2020,3,-0.05077437533886399
37,2020,4,-0.03931748614539529
37,2021,1,-0.03384775416933562
37,2021,2,0.0747363822557237
37,2021,3,0.03948771081950704
37,2021,4,0.03549168662097162
37,2022,1,0.04067656951937094
37,2022,2,0.04069975175568666
37,2022,3,0.037918660292187094
37,2022,4,0.03091001943817156
37,2023,1,0.024566576058421285
37,2023,2,0.019126853527020014
37,2023,3,0.015232098909500686
37,2023,4,0.013594556095638801
37,2024,1,0.012244305345708362
37,2024,2,0.01133088063287244
37,2024,3,0.008565114325562243
37,2024,4,0.007533625403305685
37,2025,1,0.005643287865705679
37,2025,2,0.005067955237440588
37,2025,3,0.003957607063664054
37,2025,4,0.002993656714307626
38,1978,1,0.052478290982069666
38,1978,2,0.059044326374858756
38,1978,3,0.058399395954395805
38,1978,4,0.05657623212748609
38,1979,1,0.05766598660371087
38,1979,2,0.04453716339098765
38,1979,3,0.038365028669376675
38,1979,4,0.032966830807114524
38,1980,1,0.029297126476396634
38,1980,2,0.0170716249237744
38,1980,3,0.009903014915194902
38,1980,4,0.010849394299611145
38,1981,1,0.012990243625491114
38,1981,2,0.01708110305299345
38,1981,3,0.023954576377780108
38,1981,4,0.01507108933321379
38,1982,1,0.006663686891053559
38,1982,2,-0.0008513609291766319
38,1982,3,-0.011161413348255482
38,1982,4,-0.014161254574033687
38,1983,1,-0.009368575619404372
38,1983,2,0.00025417022934119335
38,1983,3,0.021827449197962992
38,1983,4,0.03791479674230436
38,1984,1,0.05064269704783481
38,1984,2,0.05524994229699457
38,1984,3,0.05386142836276048
38,1984,4,0.04999841263805482
38,1985,1,0.044185174021840044
38,1985,2,0.040688637863863814
38,1985,3,0.03739854509809967
38,1985,4,0.034215927438611494
38,1986,1,0.031373570323509514
38,1986,2,0.022880643162327338
38,1986,3,0.024349549588031764
38,1986,4,0.024742726175376883
38,1987,1,0.025456429747118623
38,1987,2,0.03149333076787363
38,1987,3,0.03376828661156887
38,1987,4,0.03622108749625308
38,1988,1,0.0378427872108164
38,1988,2,0.03882900882611173
38,1988,3,0.03868305046301877
38,1988,4,0.036985482866893675
38,1989,1,0.03790856010167436
38,1989,2,0.034177007314030394
38,1989,3,0.02969268787828763
38,1989,4,0.025497404959975718
38,1990,1,0.024739050576591284
38,1990,2,0.019369154613671002
38,1990,3,0.013525877765169109
38,1990,4,0.010565281578351739
38,1991,1,0.004992048387115363
38,1991,2,-0.004374730803633588
38,1991,3,-0.006622350145236739
38,1991,4,-0.0027726132489387873
38,1992,1,0.001188667085342091
38,1992,2,0.0058171716707517244
38,1992,3,0.00625788439308379
38,1992,4,0.01036759405518702
38,1993,1,0.01691296528543005
38,1993,2,0.020662806417544918
38,1993,3,0.025686037829312322
38,1993,4,0.02929065369368925
38,1994,1,0.03062121508867271
38,1994,2,0.03599155194938292
38,1994,3,0.03854316235210959
38,1994,4,0.04019476155825257
38,1995,1,0.03996794832987399
38,1995,2,0.03270831261680058
38,1995,3,0.027380330226136826
38,1995,4,0.023798620326097662
38,1996,1,0.02107814480868967
38,1996,2,0.024766457983381784
38,1996,3,0.027115356105784874
38,1996,4,0.02798077258453803
38,1997,1,0.029267424351906875
38,1997,2,0.029614124052177934
38,1997,3,0.02859422565041862
38,1997,4,0.02971739983642576
38,1998,1,0.029959264305411414
38,1998,2,0.027423735579140657
38,1998,3,0.02841198787925291
38,1998,4,0.02671336957792996
38,1999,1,0.025932214668310558
38,1999,2,0.02727234595226487
38,1999,3,0.026826311512550115
38,1999,4,0.026054341754412253
38,2000,1,0.02527723158270951
38,2000,2,0.023699566255052058
38,2000,3,0.019962965883637912
38,2000,4,0.016406542865060436
38,2001,1,0.013553388554476397
38,2001,2,0.007042031780501079
38,2001,3,0.00019739695597105087
38,2001,4,-0.006977728362026144
38,2002,1,-0.009625085371354562
38,2002,2,-0.006457649321013863
38,2002,3,-0.006598091842634082
38,2002,4,-0.003015550283209107
38,2003,1,0.00021939595448908385
38,2003,2,0.0009961300663754711
38,2003,3,0.0007343692039545066
38,2003,4,0.0038500363274858946
38,2004,1,0.007396043656468013
38,2004,2,0.013308143711536439
38,2004,3,0.01606556293632037
38,2004,4,0.018811604130457894
38,2005,1,0.01883164255222673
38,2005,2,0.01909770950228747
38,2005,3,0.02239747969260444
38,2005,4,0.02265388522876722
38,2006,1,0.024344631513028424
38,2006,2,0.022718471167028895
38,2006,3,0.018211174542378427
38,2006,4,0.0169994246977888
38,2007,1,0.01511848152133865
38,2007,2,0.01473653531415003
38,2007,3,0.012310322279626324
38,2007,4,0.009690913179751038
38,2008,1,0.006152184870641067
38,2008,2,-0.0010922665615063637
38,2008,3,-0.008874036062919024
38,2008,4,-0.021988623516749243
38,2009,1,-0.0355729383644787
38,2009,2,-0.049108098087885695
38,2009,3,-0.05428684268892602
38,2009,4,-0.04329969964909096
38,2010,1,-0.02697135610257931
38,2010,2,-0.008569185601948635
38,2010,3,0.000254123368306952
38,2010,4,0.008957488787785633
38,2011,1,0.013600021822631104
38,2011,2,0.016410330423717066
38,2011,3,0.018404036246958716
38,2011,4,0.02017237442001143
38,2012,1,0.024640589213231458
38,2012,2,0.02083443831720312
38,2012,3,0.018237836265264408
38,2012,4,0.01764695883408609
38,2013,1,0.015673212325622188
38,2013,2,0.017114970958668162
38,2013,3,0.018992717289589227
38,2013,4,0.019387036081382612
38,2014,1,0.018122587472279413
38,2014,2,0.0202832361303943
38,2014,3,0.022282949136627515
38,2014,4,0.022763206867502703
38,2015,1,0.02338024477218952
38,2015,2,0.02060044168805579
38,2015,3,0.017199658407677867
38,2015,4,0.013606179647493622
38,2016,1,0.010476424326724444
38,2016,2,0.012680114959244171
38,2016,3,0.01302573602543576
38,2016,4,0.012094865391181254
38,2017,1,0.014125413355786551
38,2017,2,0.016741937029089153
38,2017,3,0.016853945580359214
38,2017,4,0.016980758635529496
38,2018,1,0.01725148043426339
38,2018,2,0.01974800724062311
38,2018,3,0.020813356598223892
38,2018,4,0.019073798692956168
38,2019,1,0.016603002762262443
38,2019,2,0.014104407698079226
38,2019,3,0.010608847711415176
38,2019,4,0.009741207817751311
38,2020,1,0.007289614167057723
38,2020,2,-0.09118593804909822
38,2020,3,-0.05922776745200318
38,2020,4,-0.04478930485454838
38,2021,1,-0.03955227198039459
38,2021,2,0.06560100703112244
38,2021,3,0.03736396420623823
38,2021,4,0.03683951593108105
38,2022,1,0.04011049147659022
38,2022,2,0.03692502751211959
38,2022,3,0.03626303732311837
38,2022,4,0.03170339135660589
38,2023,1,0.026749691260219838
38,2023,2,0.022867963556863706
38,2023,3,0.01794714201648719
38,2023,4,0.017142498788183493
38,2024,1,0.014438453724110576
38,2024,2,0.011117574001227438
38,2024,3,0.008588171845374477
38,2024,4,0.008498836159753343
38,2025,1,0.006949847120474606
38,2025,2,0.005647583971279571
38,2025,3,0.0036565679406375283
38,2025,4,0.002379671322028051
39,1977,1,0.034199640291010094
39,1977,2,0.04147499604077052
39,1977,3,0.04733575765129879
39,1977,4,0.05255501396236684
39,1978,1,0.05393804350687686
39,1978,2,0.05677987163070612
39,1978,3,0.05601408806628275
39,1978,4,0.0554358482502737
39,1979,1,0.05208445873593476
39,1979,2,0.04205757689765241
39,1979,3,0.035203324661143565
39,1979,4,0.02645057687739989
39,1980,1,0.020412623691867388
39,1980,2,0.0020388304246556784
39,1980,3,-0.008277060259756665
39,1980,4,0.00043049254296286476
39,1981,1,0.0012883477630512385
39,1981,2,0.01457410392363557
39,1981,3,0.02347605119444717
39,1981,4,0.008781571523000188
39,1982,1,-0.004255261841725888
39,1982,2,-0.01687452594939735
39,1982,3,-0.027024186975387266
39,1982,4,-0.02864271564952104
39,1983,1,-0.019606937449147658
39,1983,2,-0.0033402898242024135
39,1983,3,0.017860155495320894
39,1983,4,0.04132013962414619
39,1984,1,0.05569958138760478
39,1984,2,0.058660888864395445
39,1984,3,0.0547711791863081
39,1984,4,0.049476420799302645
39,1985,1,0.04005329825395275
39,1985,2,0.03365980849327429
39,1985,3,0.02945953500906543
39,1985,4,0.024736075796805198
39,1986,1,0.021425472391963876
39,1986,2,0.019757438422611816
39,1986,3,0.02072621099864566
39,1986,4,0.017827427230688395
39,1987,1,0.0214495882562817
39,1987,2,0.026158637607620015
39,1987,3,0.029867900163715138
39,1987,4,0.03321965111535473
39,1988,1,0.032925859143813165
39,1988,2,0.03517537875601755
39,1988,3,0.034645612578734504
39,1988,4,0.0318163160234724
39,1989,1,0.031873483034739816
39,1989,2,0.02838593198508154
39,1989,3,0.02266846252972029
39,1989,4,0.018464532382807635
39,1990,1,0.018402044754393002
39,1990,2,0.01279483796577865
39,1990,3,0.0076457663554773255
39,1990,4,0.0019139140042410663
39,1991,1,-0.007879350339093257
39,1991,2,-0.017178316459295732
39,1991,3,-0.015273215677992528
39,1991,4,-0.011460417831705538
39,1992,1,-0.006313869140870127
39,1992,2,0.0016796011580894493
39,1992,3,0.0016683458093775354
39,1992,4,0.007914261084181863
39,1993,1,0.014024210968509318
39,1993,2,0.016902545546259952
39,1993,3,0.023877672712131464
39,1993,4,0.0266390664996608
39,1994,1,0.028433444613027426
39,1994,2,0.03375245540002108
39,1994,3,0.03815105393982536
39,1994,4,0.037732598866386975
39,1995,1,0.037869681746648384
39,1995,2,0.03161821367350044
39,1995,3,0.025196988304396442
39,1995,4,0.021529390205611905
39,1996,1,0.018341057259661737
39,1996,2,0.02159505516336443
39,1996,3,0.023253826346236534
39,1996,4,0.025567310620162
39,1997,1,0.027097282667735163
39,1997,2,0.028207814950806376
39,1997,3,0.027560685127225485
39,1997,4,0.028670070441811434
39,1998,1,0.030105891357553705
39,1998,2,0.028845959722876992
39,1998,3,0.027772735323804178
39,1998,4,0.02348667213726008
39,1999,1,0.021411871653766196
39,1999,2,0.022276453309289915
39,1999,3,0.021209491909313052
39,1999,4,0.022272611878381282
39,2000,1,0.023064501048527045
39,2000,2,0.02134841070399196
39,2000,3,0.019819963471718775
39,2000,4,0.016722887614764054
39,2001,1,0.009049100504815564
39,2001,2,0.001081856749850923
39,2001,3,-0.007418503573239306
39,2001,4,-0.01969926779820279
39,2002,1,-0.022394602792299687
39,2002,2,-0.015719356977635105
39,2002,3,-0.012323702417959064
39,2002,4,-0.008432437361446258
39,2003,1,-0.004803847685220696
39,2003,2,-0.0039877399535798415
39,2003,3,-0.004096759933928006
39,2003,4,0.0007186190285226616
39,2004,1,0.003083017560348749
39,2004,2,0.01109249013115391
39,2004,3,0.015334363770118922
39,2004,4,0.017193286415560987
39,2005,1,0.01839186400917115
39,2005,2,0.018029051875412972
39,2005,3,0.01898195185027779
39,2005,4,0.01804872327846251
39,2006,1,0.02069839766564322
39,2006,2,0.01906872927340194
39,2006,3,0.015864308677186936
39,2006,4,0.013993158454962124
39,2007,1,0.011578299688711267
39,2007,2,0.010073396384895855
39,2007,3,0.007930354761528114
39,2007,4,0.007332056277774448
39,2008,1,0.00282009528761734
39,2008,2,-0.0026985744066066178
39,2008,3,-0.008672294826651808
39,2008,4,-0.024275375534933207
39,2009,1,-0.0429736494194293
39,2009,2,-0.05343629095983508
39,2009,3,-0.057217815122501264
39,2009,4,-0.0483092681203359
39,2010,1,-0.027927394622383642
39,2010,2,-0.00958811292662218
39,2010,3,6.45473931221803e-05
39,2010,4,0.009096510748273156
39,2011,1,0.012443273703238571
39,2011,2,0.015048505238643902
39,2011,3,0.01859092447100204
39,2011,4,0.020174084717881482
39,2012,1,0.023084135386716203
39,2012,2,0.01941083238373686
39,2012,3,0.017594146290057542
39,2012,4,0.016632240708428597
39,2013,1,0.01729371473222971
39,2013,2,0.017118086007518303
39,2013,3,0.018292642820295284
39,2013,4,0.018472186309140378
39,2014,1,0.01728900357088225
39,2014,2,0.01944411604213103
39,2014,3,0.020584063239093797
39,2014,4,0.023511947771808987
39,2015,1,0.024258087510694276
39,2015,2,0.022241621785127973
39,2015,3,0.023956877992405312
39,2015,4,0.021347054972211375
39,2016,1,0.018888316879052913
39,2016,2,0.017641316077912434
39,2016,3,0.01858647473649222
39,2016,4,0.015762684731118245
39,2017,1,0.01640366308631255
39,2017,2,0.017156408582665247
39,2017,3,0.01579623884612157
39,2017,4,0.014955283764896795
39,2018,1,0.015255518486042268
39,2018,2,0.018205644564292363
39,2018,3,0.018173718536224966
39,2018,4,0.017660641734204067
39,2019,1,0.013912942981152816
39,2019,2,0.012698334536182698
39,2019,3,0.012284402190695431
39,2019,4,0.01106782008274288
39,2020,1,0.01071986677880782
39,2020,2,-0.08770560324899836
39,2020,3,-0.05149865933089224
39,2020,4,-0.0382740629288155
39,2021,1,-0.03397785882018449
39,2021,2,0.07245569264839967
39,2021,3,0.03900541859179521
39,2021,4,0.03688913624381636
39,2022,1,0.03877754675991338
39,2022,2,0.03898291851502296
39,2022,3,0.036116249841154045
39,2022,4,0.029667636841917706
39,2023,1,0.02387514619106173
39,2023,2,0.02040744790757101
39,2023,3,0.016204846714964267
39,2023,4,0.013583309591146264
39,2024,1,0.013708520431881182
39,2024,2,0.011204967857464283
39,2024,3,0.008366662771436875
39,2024,4,0.00783270171234417
39,2025,1,0.00790207633952969
39,2025,2,0.004724194405653754
39,2025,3,0.003999269411788027
39,2025,4,0.004033526609324868
40,1977,1,0.035892430151782215
40,1977,2,0.046418431856733
40,1977,3,0.04947307937266746
40,1977,4,0.0564151277574179
40,1978,1,0.05444461354898355
40,1978,2,0.06019624701995988
40,1978,3,0.0635859114003787
40,1978,4,0.06002637894905266
40,1979,1,0.06062371124339751
40,1979,2,0.04314942893007622
40,1979,3,0.03835952894621371
40,1979,4,0.032380769431574266
40,1980,1,0.028076261437070482
40,1980,2,0.009850389566379245
40,1980,3,0.0009215349663004113
40,1980,4,0.008772348556857901
40,1981,1,0.00631159521531282
40,1981,2,0.013432799361481116
40,1981,3,0.02318849566664132
40,1981,4,0.012465184893325355
40,1982,1,0.003845896970959191
40,1982,2,-0.0033737527432309332
40,1982,3,-0.026016772149959233
40,1982,4,-0.034455775540596686
40,1983,1,-0.02612867384928719
40,1983,2,-0.013752010637964992
40,1983,3,0.012616739675409324
40,1983,4,0.03479294669255552
40,1984,1,0.049011268078026936
40,1984,2,0.054649856359455316
40,1984,3,0.05350598454401596
40,1984,4,0.0484840127701627
40,1985,1,0.0402454679365946
40,1985,2,0.03708686145624222
40,1985,3,0.03154951083569127
40,1985,4,0.02889968735773547
40,1986,1,0.024340624910976695
40,1986,2,0.01618943626599296
40,1986,3,0.016632872754726327
40,1986,4,0.015842007070434615
40,1987,1,0.017052370405991044
40,1987,2,0.025806851870756858
40,1987,3,0.030368782653720137
40,1987,4,0.03390959658468522
40,1988,1,0.03526279609930289
40,1988,2,0.03588741584176599
40,1988,3,0.03554122132759157
40,1988,4,0.033155125670905145
40,1989,1,0.030230209521518076
40,1989,2,0.028148575024618084
40,1989,3,0.024710237158386442
40,1989,4,0.021702866414138565
40,1990,1,0.01999864548254868
40,1990,2,0.01671160534536552
40,1990,3,0.010195052658685082
40,1990,4,0.0057175427022435185
40,1991,1,-0.004074792290805231
40,1991,2,-0.012475122704180688
40,1991,3,-0.012722137256321948
40,1991,4,-0.009556354077235572
40,1992,1,-0.005109613928660759
40,1992,2,0.001046627883249445
40,1992,3,0.0009596660002885752
40,1992,4,0.007735555943384409
40,1993,1,0.014179989513708257
40,1993,2,0.017901357605301923
40,1993,3,0.024546612660724897
40,1993,4,0.02855012083345857
40,1994,1,0.02848554625010456
40,1994,2,0.03312481557181745
40,1994,3,0.037963780478741556
40,1994,4,0.037168689959815884
40,1995,1,0.038338665568875455
40,1995,2,0.030295376855949508
40,1995,3,0.024641368866679593
40,1995,4,0.02132671185739539
40,1996,1,0.01909184350697573
40,1996,2,0.023114447874690098
40,1996,3,0.02468668832331418
40,1996,4,0.02673458250952348
40,1997,1,0.028797169210928574
40,1997,2,0.02856070992135343
40,1997,3,0.027997685500765677
40,1997,4,0.030556896749773046
40,1998,1,0.03107464509453633
40,1998,2,0.028762192800839137
40,1998,3,0.027915432053889664
40,1998,4,0.025469428517452136
40,1999,1,0.02360669460301425
40,1999,2,0.02285587707940078
40,1999,3,0.023470868753649725
40,1999,4,0.02366557373413409
40,2000,1,0.023906990714138383
40,2000,2,0.021991583091955046
40,2000,3,0.01959690305872144
40,2000,4,0.017169335238596643
40,2001,1,0.012516533039406632
40,2001,2,0.003100390595127989
40,2001,3,-0.004220432301304125
40,2001,4,-0.012660767365439163
40,2002,1,-0.0186136488701592
40,2002,2,-0.015526599921776796
40,2002,3,-0.012944704698270814
40,2002,4,-0.004031329703035919
40,2003,1,-0.0030465707308911564
40,2003,2,-0.003905073438653782
40,2003,3,-0.002877513441991306
40,2003,4,0.0020293683112446604
40,2004,1,0.006748073603762856
40,2004,2,0.011266579202325879
40,2004,3,0.015321952034637185
40,2004,4,0.018469105565570743
40,2005,1,0.018530645379416996
40,2005,2,0.01793701317095097
40,2005,3,0.020684730834727348
40,2005,4,0.022416282307245
40,2006,1,0.024703760514197756
40,2006,2,0.021999400976467753
40,2006,3,0.01891712806970962
40,2006,4,0.016786322643721114
40,2007,1,0.013643532002629024
40,2007,2,0.013437404369877119
40,2007,3,0.010602453923310719
40,2007,4,0.008760558945577408
40,2008,1,0.0057874394327963215
40,2008,2,0.00012280724323415374
40,2008,3,-0.007527101121698634
40,2008,4,-0.020402901958871716
40,2009,1,-0.03997095043547565
40,2009,2,-0.050488185897291864
40,2009,3,-0.05417419027139194
40,2009,4,-0.04812089582139932
40,2010,1,-0.032442908225769805
40,2010,2,-0.009603743948233183
40,2010,3,0.0023124506203419755
40,2010,4,0.0097307050582881
40,2011,1,0.012969300930219939
40,2011,2,0.01587299127521446
40,2011,3,0.018914734774620405
40,2011,4,0.02085561842798315
40,2012,1,0.023870372797162004
40,2012,2,0.02104665082593673
40,2012,3,0.016968506787462236
40,2012,4,0.01766263184212296
40,2013,1,0.01514562775949155
40,2013,2,0.01646532762802104
40,2013,3,0.01887103305942399
40,2013,4,0.020190818825842727
40,2014,1,0.02040891443318595
40,2014,2,0.021561538618897463
40,2014,3,0.022186466297814907
40,2014,4,0.022263683687176426
40,2015,1,0.0230106441861953
40,2015,2,0.019057400181268294
40,2015,3,0.01461132796898789
40,2015,4,0.009762885496154939
40,2016,1,0.012916218435128276
40,2016,2,0.010801119865204434
40,2016,3,0.010375330187375225
40,2016,4,0.008668155076714874
40,2017,1,0.01246151168911107
40,2017,2,0.01659152605949757
40,2017,3,0.015761744858225093
40,2017,4,0.018861372812802174
40,2018,1,0.018493319553375635
40,2018,2,0.018770090887759223
40,2018,3,0.021350363611568314
40,2018,4,0.01877613598402965
40,2019,1,0.016316641309642926
40,2019,2,0.014821333063336202
40,2019,3,0.012818310160627561
40,2019,4,0.010932407398299334
40,2020,1,0.006334347658468996
40,2020,2,-0.0967051773897499
40,2020,3,-0.05871621155891545
40,2020,4,-0.04578751485892402
40,2021,1,-0.0396859731880717
40,2021,2,0.070060314921231
40,2021,3,0.038043005461258536
40,2021,4,0.03700679328547982
40,2022,1,0.04131272760642463
40,2022,2,0.04137281451940617
40,2022,3,0.037931189346260955
40,2022,4,0.030043744929338055
40,2023,1,0.024708221828263148
40,2023,2,0.021194332259899765
40,2023,3,0.01817896585937324
40,2023,4,0.015832236784892942
40,2024,1,0.013226799559628756
40,2024,2,0.013135277960299457
40,2024,3,0.007870479288960293
40,2024,4,0.008045752336428692
40,2025,1,0.007998820763962432
40,2025,2,0.0069149980470009685
40,2025,3,0.005986839588568596
40,2025,4,0.003002691912747762
41,1978,1,0.046470051172635404
41,1978,2,0.053615056753127464
41,1978,3,0.04819364414796671
41,1978,4,0.05225719195507683
41,1979,1,0.05527497194396511
41,1979,2,0.04396775449302946
41,1979,3,0.036478522257272876
41,1979,4,0.028886156389357365
41,1980,1,0.021930596324645075
41,1980,2,0.005146928500256101
41,1980,3,-0.004683863021498504
41,1980,4,0.001610255454809532
41,1981,1,0.004078986808905558
41,1981,2,0.016409352226469824
41,1981,3,0.020875216913677982
41,1981,4,0.008775227696735353
41,1982,1,-0.002375806404587346
41,1982,2,-0.011351089092938504
41,1982,3,-0.022275999206297338
41,1982,4,-0.023230306498623766
41,1983,1,-0.016635055666073935
41,1983,2,-0.0015969434517915202
41,1983,3,0.019683011379699772
41,1983,4,0.04167896344351551
41,1984,1,0.05494105757397827
41,1984,2,0.058141188737531165
41,1984,3,0.054251110370566555
41,1984,4,0.05006808294683322
41,1985,1,0.04276635661754499
41,1985,2,0.03936549696507039
41,1985,3,0.03246113781159624
41,1985,4,0.029537353780902015
41,1986,1,0.02573005842836365
41,1986,2,0.022761659345371086
41,1986,3,0.023218929106619483
41,1986,4,0.021982835243870368
41,1987,1,0.024061212297668416
41,1987,2,0.028385035869229372
41,1987,3,0.0319182440639753
41,1987,4,0.034473818512556174
41,1988,1,0.0343267877541588
41,1988,2,0.03478724672880238
41,1988,3,0.035982300937842646
41,1988,4,0.03430767334332738
41,1989,1,0.03379533539103626
41,1989,2,0.030561220226568507
41,1989,3,0.025000696565739503
41,1989,4,0.020308039905988406
41,1990,1,0.018148160434924863
41,1990,2,0.014378706159181675
41,1990,3,0.008814364613958474
41,1990,4,0.004754866050097603
41,1991,1,-0.006876306776097698
41,1991,2,-0.013859652182957623
41,1991,3,-0.014002677137825542
41,1991,4,-0.007717020166144823
41,1992,1,-0.00586384257751512
41,1992,2,0.001998428210639386
41,1992,3,0.003258545273007769
41,1992,4,0.009243095367537034
41,1993,1,0.016886381285282637
41,1993,2,0.019550372503053602
41,1993,3,0.024822056013717543
41,1993,4,0.02776731990837013
41,1994,1,0.029651050016455703
41,1994,2,0.03417644653163619
41,1994,3,0.037355498556308556
41,1994,4,0.04017975166156828
41,1995,1,0.038333718659241525
41,1995,2,0.031825894688618114
41,1995,3,0.026155712342886793
41,1995,4,0.02297061188714065
41,1996,1,0.0180090749508352
41,1996,2,0.023894267310277714
41,1996,3,0.02571384491101018
41,1996,4,0.02624083812382411
41,1997,1,0.029732282856482186
41,1997,2,0.03159048848616061
41,1997,3,0.028137626145441845
41,1997,4,0.030322750142662454
41,1998,1,0.030119245417422436
41,1998,2,0.02951863295753396
41,1998,3,0.028800198330679466
41,1998,4,0.026088232756643927
41,1999,1,0.02507864039780849
41,1999,2,0.026024395683602347
41,1999,3,0.026005750371172868
41,1999,4,0.02426358155386771
41,2000,1,0.024097853565696953
41,2000,2,0.02250001221824911
41,2000,3,0.019478697528092257
41,2000,4,0.0159180005432086
41,2001,1,0.011573157822872769
41,2001,2,0.001832558145128804
41,2001,3,-0.006497848000439977
41,2001,4,-0.015949204933379552
41,2002,1,-0.020420682768536515
41,2002,2,-0.018258661881870895
41,2002,3,-0.014595209669234124
41,2002,4,-0.00715813419196925
41,2003,1,-0.00470908450658783
41,2003,2,-0.004759669239982017
41,2003,3,-0.005252241899373847
41,2003,4,-0.0003876593444575896
41,2004,1,0.004519305889921193
41,2004,2,0.012476989958923573
41,2004,3,0.016234869995522087
41,2004,4,0.01716645361048306
41,2005,1,0.017471828116208156
41,2005,2,0.017403830605917846
41,2005,3,0.02165782491908309
41,2005,4,0.020823110133294114
41,2006,1,0.022528358284125506
41,2006,2,0.02073622789215473
41,2006,3,0.017851038194883238
41,2006,4,0.015455538129098103
41,2007,1,0.011309197450882144
41,2007,2,0.010442509182146785
41,2007,3,0.008787960918435086
41,2007,4,0.007155293004010458
41,2008,1,0.0014792348666387133
41,2008,2,-0.005388183608505439
41,2008,3,-0.012885070112582804
41,2008,4,-0.024950627299467093
41,2009,1,-0.044573996637603766
41,2009,2,-0.056961969174683436
41,2009,3,-0.060270362994792305
41,2009,4,-0.05008632893283024
41,2010,1,-0.030870805960072092
41,2010,2,-0.009578599954287186
41,2010,3,-0.0011551437351388348
41,2010,4,0.007664897493446453
41,2011,1,0.012655037735160352
41,2011,2,0.01602837560931271
41,2011,3,0.018594156024199553
41,2011,4,0.01848719128640426
41,2012,1,0.02230986404180463
41,2012,2,0.019629265519598302
41,2012,3,0.017976047489582574
41,2012,4,0.018611839055815097
41,2013,1,0.01653269244816295
41,2013,2,0.017408428478471284
41,2013,3,0.018571850492368643
41,2013,4,0.018615840680753802
41,2014,1,0.018773617460105457
41,2014,2,0.020364228989974385
41,2014,3,0.021534768456345065
41,2014,4,0.023043637361143378
41,2015,1,0.02367150312155639
41,2015,2,0.023506285128949318
41,2015,3,0.021592325871362686
41,2015,4,0.020216589585455684
41,2016,1,0.01919198161805125
41,2016,2,0.017151402974651286
41,2016,3,0.01822222932516732
41,2016,4,0.0174678267849867
41,2017,1,0.01650278727022704
41,2017,2,0.014883432529231218
41,2017,3,0.01397344933752177
41,2017,4,0.014598284021570731
41,2018,1,0.016276232387261707
41,2018,2,0.01787922752560374
41,2018,3,0.016586647006145407
41,2018,4,0.017246300009792666
41,2019,1,0.014608130071349727
41,2019,2,0.013443463003383714
41,2019,3,0.01286253434490627
41,2019,4,0.011940909385614035
41,2020,1,0.00954733239030806
41,2020,2,-0.09430919065540146
41,2020,3,-0.05370156900717578
41,2020,4,-0.041162254180923646
41,2021,1,-0.03503581657653651
41,2021,2,0.0736043027332026
41,2021,3,0.041156820658499564
41,2021,4,0.03795528906597091
41,2022,1,0.03931009201897986
41,2022,2,0.03935982413149007
41,2022,3,0.038297303249290676
41,2022,4,0.03021375822225381
41,2023,1,0.024740824522705582
41,2023,2,0.022109639549908484
41,2023,3,0.016782421515933003
41,2023,4,0.014061837872787178
41,2024,1,0.01284251474285414
41,2024,2,0.011346077058294586
41,2024,3,0.008891295921703547
41,2024,4,0.008323138766341524
41,2025,1,0.007377466663841002
41,2025,2,0.006075450156095076
41,2025,3,0.005462824820988253
41,2025,4,0.00384990398973159
42,1977,1,0.03533796334206813
42,1977,2,0.039015406766207385
42,1977,3,0.04883720468123458
42,1977,4,0.05376343610407827
42,1978,1,0.05105743284583466
42,1978,2,0.05866813737779225
42,1978,3,0.05582444001222129
42,1978,4,0.05569379565755699
42,1979,1,0.053968048147333934
42,1979,2,0.04231344752631696
42,1979,3,0.0361805137718954
42,1979,4,0.02767519249529848
42,1980,1,0.019152203526759237
42,1980,2,0.00359737356745329
42,1980,3,-0.005798267791379275
42,1980,4,-0.0009515024855814922
42,1981,1,0.0019541016417209157
42,1981,2,0.015853242437014286
42,1981,3,0.023013102127712
42,1981,4,0.0099044394978574
42,1982,1,-0.0023052137439755717
42,1982,2,-0.01447057700992186
42,1982,3,-0.02516500824100932
42,1982,4,-0.026322933454523204
42,1983,1,-0.01645332066337854
42,1983,2,-0.002850264065001824
42,1983,3,0.019147407910183423
42,1983,4,0.039558444428264276
42,1984,1,0.05212860381011882
42,1984,2,0.05755285051667443
42,1984,3,0.05559841884169508
42,1984,4,0.04710865189934657
42,1985,1,0.03874206602263894
42,1985,2,0.03505268966815431
42,1985,3,0.02887678625972931
42,1985,4,0.027696022229658043
42,1986,1,0.022832234206143522
42,1986,2,0.02045783417259792
42,1986,3,0.021955216428581326
42,1986,4,0.02125924752872897
42,1987,1,0.023457911765885256
42,1987,2,0.028257594599546406
42,1987,3,0.030613287778253992
42,1987,4,0.03307909410102588
42,1988,1,0.03358911637256555
42,1988,2,0.034873979913317456
42,1988,3,0.035032140627637556
42,1988,4,0.03364985857306073
42,1989,1,0.031238617275256293
42,1989,2,0.028189979291925495
42,1989,3,0.02515239044266197
42,1989,4,0.01906327494356858
42,1990,1,0.02084112499277095
42,1990,2,0.0157246739895628
42,1990,3,0.009293342793641083
42,1990,4,0.005273810311551395
42,1991,1,-0.0062707574105512484
42,1991,2,-0.014225739087452581
42,1991,3,-0.014254158434090893
42,1991,4,-0.00956331158684719
42,1992,1,-0.005294804422770512
42,1992,2,0.0036511418124186286
42,1992,3,0.003647948174036013
42,1992,4,0.007660873502974993
42,1993,1,0.016697280534728708
42,1993,2,0.018671545359086262
42,1993,3,0.023671833745641222
42,1993,4,0.02882466494801345
42,1994,1,0.029808930041416843
42,1994,2,0.033934054838699046
42,1994,3,0.03888662859106851
42,1994,4,0.040817094163373965
42,1995,1,0.03872448182321157
42,1995,2,0.03203118520826075
42,1995,3,0.026206647569276417
42,1995,4,0.021472012961867112
42,1996,1,0.018257933469721235
42,1996,2,0.021266357301180164
42,1996,3,0.023872984148830004
42,1996,4,0.025042287294732846
42,1997,1,0.02693255033767054
42,1997,2,0.029038821954170804
42,1997,3,0.028214803357030138
42,1997,4,0.03008764212405917
42,1998,1,0.03044231300593952
42,1998,2,0.028490379791719696
42,1998,3,0.028385267179443438
42,1998,4,0.026651530355220027
42,1999,1,0.024296885127806762
42,1999,2,0.02409073399181133
42,1999,3,0.023835470651664678
42,1999,4,0.022639415854498607
42,2000,1,0.023571513840448702
42,2000,2,0.02133648349688803
42,2000,3,0.01825082333001185
42,2000,4,0.015152979963943195
42,2001,1,0.009570972738579072
42,2001,2,0.0014676493509063282
42,2001,3,-0.005895360583210689
42,2001,4,-0.015435138897617127
42,2002,1,-0.017072183759152353
42,2002,2,-0.016600657891941893
42,2002,3,-0.014002381549277076
42,2002,4,-0.0058888366317727345
42,2003,1,-0.001298742354891357
42,2003,2,-0.0017336003451174625
42,2003,3,-0.0012296668614922488
42,2003,4,0.0004115655349734734
42,2004,1,0.004181841201699124
42,2004,2,0.012454743842267576
42,2004,3,0.015524277851033615
42,2004,4,0.016669238659006543
42,2005,1,0.016941309569528336
42,2005,2,0.017226524908476915
42,2005,3,0.020211523312354377
42,2005,4,0.022074864316832168
42,2006,1,0.02322464182379105
42,2006,2,0.020967105991463585
42,2006,3,0.01651181155560967
42,2006,4,0.015028007791316309
42,2007,1,0.013086361687157218
42,2007,2,0.01161686189179298
42,2007,3,0.009091758990755696
42,2007,4,0.008012390381942304
42,2008,1,0.004724264185849942
42,2008,2,-0.0029645099547698475
42,2008,3,-0.008293860209749586
42,2008,4,-0.02283295695034428
42,2009,1,-0.040308142734873466
42,2009,2,-0.051568127253487146
42,2009,3,-0.05396018290253636
42,2009,4,-0.04507066785221206
42,2010,1,-0.029538733950383287
42,2010,2,-0.007594274687996397
42,2010,3,0.00025568904406419324
42,2010,4,0.007586867655975539
42,2011,1,0.01234965389589592
42,2011,2,0.015034080937040775
42,2011,3,0.017450264724987948
42,2011,4,0.01880028856131377
42,2012,1,0.02243017736339178
42,2012,2,0.017816788576195768
42,2012,3,0.016720883554109372
42,2012,4,0.017043845017220772
42,2013,1,0.016610519400638082
42,2013,2,0.017081969984867003
42,2013,3,0.018865275147851086
42,2013,4,0.019279732418349255
42,2014,1,0.017553822151204587
42,2014,2,0.021127024510321314
42,2014,3,0.02239925405086528
42,2014,4,0.023260311720762848
42,2015,1,0.02525059092717951
42,2015,2,0.023154914947889814
42,2015,3,0.021640334487980046
42,2015,4,0.020253055865767013
42,2016,1,0.02004117284327898
42,2016,2,0.017859481955053953
42,2016,3,0.018349301508507485
42,2016,4,0.018927655071638513
42,2017,1,0.01805164837567731
42,2017,2,0.01780450087011367
42,2017,3,0.017045978009220225
42,2017,4,0.015115063578054056
42,2018,1,0.016360787843821705
42,2018,2,0.018077309920210952
42,2018,3,0.016562308193029136
42,2018,4,0.017579923363408315
42,2019,1,0.014727842012098046
42,2019,2,0.014320654696688402
42,2019,3,0.013455666358549393
42,2019,4,0.013124735272263223
42,2020,1,0.011096088134961853
42,2020,2,-0.08850999928111826
42,2020,3,-0.050727969878963754
42,2020,4,-0.038780986542557
42,2021,1,-0.033267402899398626
42,2021,2,0.07469550483653757
42,2021,3,0.039977541899474806
42,2021,4,0.03858399625780673
42,2022,1,0.03901614144093751
42,2022,2,0.04084038554507058
42,2022,3,0.03790927169574027
42,2022,4,0.028900098253793083
42,2023,1,0.024753816713945095
42,2023,2,0.021520855220729856
42,2023,3,0.017465952442565602
42,2023,4,0.014505710051150592
42,2024,1,0.01193269296327585
42,2024,2,0.013117319121553077
42,2024,3,0.010899038668482325
42,2024,4,0.009867772951676375
42,2025,1,0.009243738509607212
42,2025,2,0.007623955527133003
42,2025,3,0.006420672203921454
42,2025,4,0.0036658261319617693
44,1978,1,0.04941069574474184
44,1978,2,0.053953166707565385
44,1978,3,0.052116468442171805
44,1978,4,0.051266996783861526
44,1979,1,0.05090519787632961
44,1979,2,0.04277934502525048
44,1979,3,0.03366745834981386
44,1979,4,0.024649594619367603
44,1980,1,0.01941314288418251
44,1980,2,0.0014064244417323283
44,1980,3,-0.0063919279283750075
44,1980,4,-0.0010088941408164511
44,1981,1,0.0006633189888270762
44,1981,2,0.015709293884979835
44,1981,3,0.0220227013784545
44,1981,4,0.007592194782636293
44,1982,1,-0.0064203238479399434
44,1982,2,-0.020924608194168755
44,1982,3,-0.030872543190324727
44,1982,4,-0.03262694650528073
44,1983,1,-0.018817413767002945
44,1983,2,-0.0060143620426949835
44,1983,3,0.01869486939729391
44,1983,4,0.043493727243081606
44,1984,1,0.05555509288041769
44,1984,2,0.059034307842115843
44,1984,3,0.052798284550279136
44,1984,4,0.048060522894826235
44,1985,1,0.03947203937901686
44,1985,2,0.03297989266593217
44,1985,3,0.02895278330371713
44,1985,4,0.02384878810086922
44,1986,1,0.02052495120478105
44,1986,2,0.020475299125934467
44,1986,3,0.01961355055960167
44,1986,4,0.020184682359237673
44,1987,1,0.020951489395292604
44,1987,2,0.02618731817311498
44,1987,3,0.029128332049067757
44,1987,4,0.03205943367349395
44,1988,1,0.03344914027056037
44,1988,2,0.035465976380460236
44,1988,3,0.03408617538531918
44,1988,4,0.032886722844503335
44,1989,1,0.03232838338011544
44,1989,2,0.029545922622955224
44,1989,3,0.02443958705295862
44,1989,4,0.019353733879859728
44,1990,1,0.015758602427886945
44,1990,2,0.011373868667878307
44,1990,3,0.006845298762555891
44,1990,4,0.002448855089381251
44,1991,1,-0.0102201041341178
44,1991,2,-0.01598968115552433
44,1991,3,-0.012267430314660767
44,1991,4,-0.009056914042042438
44,1992,1,-0.004521513905586657
44,1992,2,0.002443073765713046
44,1992,3,0.004359032068376212
44,1992,4,0.008688570832064733
44,1993,1,0.014100755324863063
44,1993,2,0.017913778246466214
44,1993,3,0.02408311721266589
44,1993,4,0.028455642337164234
44,1994,1,0.027022876544653657
44,1994,2,0.03447248809371666
44,1994,3,0.03728847602134929
44,1994,4,0.03922767199254405
44,1995,1,0.03864944949930828
44,1995,2,0.031860998925043967
44,1995,3,0.026865270275949656
44,1995,4,0.022195951561914656
44,1996,1,0.01939156054377398
44,1996,2,0.021504122868366223
44,1996,3,0.024018298060631355
44,1996,4,0.025121711823994662
44,1997,1,0.026994127683693712
44,1997,2,0.028171069905288053
44,1997,3,0.0271560273417398
44,1997,4,0.028637862111030695
44,1998,1,0.029636337558108593
44,1998,2,0.028693969399533458
44,1998,3,0.02672873914097545
44,1998,4,0.024403224937970168
44,1999,1,0.02296160998619465
44,1999,2,0.022548979656038495
44,1999,3,0.022108141822785463
44,1999,4,0.023174861439855546
44,2000,1,0.021949158783497687
44,2000,2,0.02146437268397343
44,2000,3,0.01873890815930209
44,2000,4,0.015337458617443477
44,2001,1,0.01171120712319481
44,2001,2,0.0050732520724505875
44,2001,3,-0.005193596093615355
44,2001,4,-0.014792928493633757
44,2002,1,-0.016403183123460324
44,2002,2,-0.016111947907038744
44,2002,3,-0.011210344548071582
44,2002,4,-0.0047573094690920035
44,2003,1,-0.0041548080029572615
44,2003,2,-0.004844858719720744
44,2003,3,-0.0028379352118585513
44,2003,4,0.001156644712110392
44,2004,1,0.004798566628417759
44,2004,2,0.011819219879352446
44,2004,3,0.014763239885256742
44,2004,4,0.016632086228649288
44,2005,1,0.016514720762843552
44,2005,2,0.01692872397232654
44,2005,3,0.020595461165439036
44,2005,4,0.019717532712469857
44,2006,1,0.021246090232972116
44,2006,2,0.020584160197596967
44,2006,3,0.01686717452598984
44,2006,4,0.014473576831044258
44,2007,1,0.012204172403081824
44,2007,2,0.010858727362128609
44,2007,3,0.009154367368041712
44,2007,4,0.0072983289141726315
44,2008,1,0.0037015838222581917
44,2008,2,-0.0025610909824715644
44,2008,3,-0.009544639562197137
44,2008,4,-0.022989122936159578
44,2009,1,-0.04057719107681718
44,2009,2,-0.051849075270982016
44,2009,3,-0.05426854628735398
44,2009,4,-0.0433194468001328
44,2010,1,-0.025650383960595213
44,2010,2,-0.00744880860673309
44,2010,3,0.0011263421911265122
44,2010,4,0.009088313857840494
44,2011,1,0.01330253079506676
44,2011,2,0.015450465013764885
44,2011,3,0.0181077446001305
44,2011,4,0.018523282102313788
44,2012,1,0.022323841460858432
44,2012,2,0.019736723152776553
44,2012,3,0.018074202360722026
44,2012,4,0.017874445321153065
44,2013,1,0.01559220559261727
44,2013,2,0.01683789781671455
44,2013,3,0.01776708097288433
44,2013,4,0.01852601646441565
44,2014,1,0.017764738507377413
44,2014,2,0.019554821929431226
44,2014,3,0.021490719408771106
44,2014,4,0.022333921409203813
44,2015,1,0.023041257795937853
44,2015,2,0.023418393330580784
44,2015,3,0.02256999491291138
44,2015,4,0.021748327964617377
44,2016,1,0.02080801799251119
44,2016,2,0.018529304641872545
44,2016,3,0.01850118178915133
44,2016,4,0.017307125885950993
44,2017,1,0.017476468996799128
44,2017,2,0.017035608354796023
44,2017,3,0.01461386711693758
44,2017,4,0.014421109072614756
44,2018,1,0.016155138360587608
44,2018,2,0.016768365039490515
44,2018,3,0.016237227894632555
44,2018,4,0.01596110422884299
44,2019,1,0.01519653989002801
44,2019,2,0.012818119113805761
44,2019,3,0.01318638227733737
44,2019,4,0.013089325976942724
44,2020,1,0.01055236674284995
44,2020,2,-0.08850630704046492
44,2020,3,-0.05190885453067963
44,2020,4,-0.042077481428494254
44,2021,1,-0.03648476900464772
44,2021,2,0.07284508569735175
44,2021,3,0.03930017786724939
44,2021,4,0.03742860514391146
44,2022,1,0.04008507068612783
44,2022,2,0.03813792069217829
44,2022,3,0.03608062737559707
44,2022,4,0.029390534616305156
44,2023,1,0.025729932379500307
44,2023,2,0.019894781316041905
44,2023,3,0.016644149212354662
44,2023,4,0.016381022181456813
44,2024,1,0.01200747708811986
44,2024,2,0.013085098547659215
44,2024,3,0.008969938141584682
44,2024,4,0.00863605486542995
44,2025,1,0.008361199408272513
44,2025,2,0.005942902297575901
44,2025,3,0.005823280296603159
44,2025,4,0.00421329061813099
45,1978,1,0.042034286979485386
45,1978,2,0.04793705242225571
45,1978,3,0.0424176104700635
45,1978,4,0.04643707457979276
45,1979,1,0.04888650083013694
45,1979,2,0.039390438593337275
45,1979,3,0.031952395782083434
45,1979,4,0.026586914039248837
45,1980,1,0.0207473941490457
45,1980,2,0.004493172025828469
45,1980,3,-0.0017870926172936137
45,1980,4,-0.0005261128776723608
45,1981,1,0.000903021720204792
45,1981,2,0.013404309222447508
45,1981,3,0.01944735738598045
45,1981,4,0.004466687087528626
45,1982,1,-0.007824499342708145
45,1982,2,-0.016818900956232726
45,1982,3,-0.024108720654894715
45,1982,4,-0.02482331782893832
45,1983,1,-0.014070027004419564
45,1983,2,-0.0003071218478071045
45,1983,3,0.02050681376187844
45,1983,4,0.04176189838389342
45,1984,1,0.051672786306654894
45,1984,2,0.05495209443415767
45,1984,3,0.05285808744892899
45,1984,4,0.049333764858187426
45,1985,1,0.03963138480547108
45,1985,2,0.03527650301616419
45,1985,3,0.03095356699126509
45,1985,4,0.0259469423756227
45,1986,1,0.02509483973628347
45,1986,2,0.02016654450710641
45,1986,3,0.020142630341238643
45,1986,4,0.017847515339337358
45,1987,1,0.021329826623693943
45,1987,2,0.02515744482566428
45,1987,3,0.028867486514629476
45,1987,4,0.032242997907307155
45,1988,1,0.03206706951077761
45,1988,2,0.03355396628753691
45,1988,3,0.03177652871032983
45,1988,4,0.029272462959386465
45,1989,1,0.03011007304091647
45,1989,2,0.026041972652182735
45,1989,3,0.0214240924658423
45,1989,4,0.016707406159496053
45,1990,1,0.017597903508418323
45,1990,2,0.012386058851641167
45,1990,3,0.005211541419293278
45,1990,4,0.0008787131437626187
45,1991,1,-0.011494894527005464
45,1991,2,-0.016466536961687126
45,1991,3,-0.015246550738437573
45,1991,4,-0.010360119459194697
45,1992,1,-0.0066340201571457565
45,1992,2,0.0011514618736751378
45,1992,3,0.0035108379004020413
45,1992,4,0.007168374246630263
45,1993,1,0.013909604225428212
45,1993,2,0.016867938374029248
45,1993,3,0.022427602561789647
45,1993,4,0.02466259000286753
45,1994,1,0.02562218272578803
45,1994,2,0.031040864561963574
45,1994,3,0.033069610711407016
45,1994,4,0.03403482163618303
45,1995,1,0.033635872022479446
45,1995,2,0.028142236023985363
45,1995,3,0.022225611432070885
45,1995,4,0.018368467765003386
45,1996,1,0.015855392619522846
45,1996,2,0.01929467104193717
45,1996,3,0.0225531604753782
45,1996,4,0.024986467424317614
45,1997,1,0.02480176350711237
45,1997,2,0.025643004777679834
45,1997,3,0.025283757127691694
45,1997,4,0.028450304005436747
45,1998,1,0.02717967365938275
45,1998,2,0.0264284796923992
45,1998,3,0.02513478725958503
45,1998,4,0.023346674087445476
45,1999,1,0.02218767044090229
45,1999,2,0.019631931345807346
45,1999,3,0.02023174875062434
45,1999,4,0.02307026470792992
45,2000,1,0.0219229386558153
45,2000,2,0.02031099991464965
45,2000,3,0.01726501089532923
45,2000,4,0.01387026966570153
45,2001,1,0.008716341445941607
45,2001,2,0.0006972478116950766
45,2001,3,-0.005982377066099009
45,2001,4,-0.014015228634850272
45,2002,1,-0.01794931435336586
45,2002,2,-0.014129502351904737
45,2002,3,-0.012472067223123802
45,2002,4,-0.008719353742358325
45,2003,1,-0.004493886453771762
45,2003,2,-0.005752616866067514
45,2003,3,-0.004989062984664576
45,2003,4,-0.002417349830870529
45,2004,1,0.0023961730321791874
45,2004,2,0.010596982262559285
45,2004,3,0.013191998506448071
45,2004,4,0.015406931099596226
45,2005,1,0.01604054343458542
45,2005,2,0.01549223859930129
45,2005,3,0.017940434011537172
45,2005,4,0.017461656605534306
45,2006,1,0.021479256276452963
45,2006,2,0.017401710106539892
45,2006,3,0.015400147847778562
45,2006,4,0.012907211164998716
45,2007,1,0.009382117088155196
45,2007,2,0.009402631056403453
45,2007,3,0.007106087851018907
45,2007,4,0.006949419916547812
45,2008,1,0.003124769895989442
45,2008,2,-0.005493826982821674
45,2008,3,-0.01288994672787868
45,2008,4,-0.02772050253160418
45,2009,1,-0.04535508322668837
45,2009,2,-0.05867144270696154
45,2009,3,-0.06001893317514133
45,2009,4,-0.050750775094274975
45,2010,1,-0.030142004802304643
45,2010,2,-0.01090429391497479
45,2010,3,-0.0017601911006186507
45,2010,4,0.0058262851551071065
45,2011,1,0.01157622181626576
45,2011,2,0.015165739579047974
45,2011,3,0.016542300597376276
45,2011,4,0.016499532961543762
45,2012,1,0.020163277870115084
45,2012,2,0.018553173324282954
45,2012,3,0.016831080151322942
45,2012,4,0.01606948346275812
45,2013,1,0.014595641281425686
45,2013,2,0.016073834735468324
45,2013,3,0.01816835868157882
45,2013,4,0.0185957286225389
45,2014,1,0.016870150087469
45,2014,2,0.018930624869014315
45,2014,3,0.021137990710909587
45,2014,4,0.022092354005898898
45,2015,1,0.02321138090202814
45,2015,2,0.0232326554988777
45,2015,3,0.022171804742258227
45,2015,4,0.02137696048880454
45,2016,1,0.0198960939006424
45,2016,2,0.018485969162767818
45,2016,3,0.01927977515468182
45,2016,4,0.015758466809668855
45,2017,1,0.017492193081895632
45,2017,2,0.01681712314315876
45,2017,3,0.015401996493346575
45,2017,4,0.014831239118959923
45,2018,1,0.015818307632990882
45,2018,2,0.017202260062962473
45,2018,3,0.0175254639315569
45,2018,4,0.017034125901878094
45,2019,1,0.01358288935766879
45,2019,2,0.012563084475021238
45,2019,3,0.012287304786514517
45,2019,4,0.012371632854503331
45,2020,1,0.010547963106646477
45,2020,2,-0.09012083365454551
45,2020,3,-0.05185159047050176
45,2020,4,-0.03952196276079822
45,2021,1,-0.03368704018020238
45,2021,2,0.07538577751423275
45,2021,3,0.040096124352183536
45,2021,4,0.035818760568001706
45,2022,1,0.039930985429408386
45,2022,2,0.038973426913636845
45,2022,3,0.03709350729330809
45,2022,4,0.02938265466563716
45,2023,1,0.02372202685931292
45,2023,2,0.018986610081149352
45,2023,3,0.015219769709850402
45,2023,4,0.012630600403531037
45,2024,1,0.012909611972389533
45,2024,2,0.01331852892119595
45,2024,3,0.009251523171514064
45,2024,4,0.007440264593902199
45,2025,1,0.006714650966392502
45,2025,2,0.005554717156467505
45,2025,3,0.0038670976020076415
45,2025,4,0.00222298444403919
46,1978,1,0.04757755959717127
46,1978,2,0.05823947422818472
46,1978,3,0.05636883016013205
46,1978,4,0.057084610920782874
46,1979,1,0.05910253433897915
46,1979,2,0.04251524620110543
46,1979,3,0.03673415331781697
46,1979,4,0.032212369646442814
46,1980,1,0.027262332990671243
46,1980,2,0.012361823147330083
46,1980,3,0.00535495679141547
46,1980,4,0.009120885774429252
46,1981,1,0.010234682079589951
46,1981,2,0.015971370341795972
46,1981,3,0.021406361307576095
46,1981,4,0.012899918620380714
46,1982,1,0.00405008602357974
46,1982,2,-0.001690583364795374
46,1982,3,-0.011606180632825275
46,1982,4,-0.01629251805072944
46,1983,1,-0.008298452030872334
46,1983,2,0.004224647035409731
46,1983,3,0.022082787840075998
46,1983,4,0.04121735300542381
46,1984,1,0.051576983301832274
46,1984,2,0.053268870080269266
46,1984,3,0.053499049004664706
46,1984,4,0.050580602786396034
46,1985,1,0.0423664130860856
46,1985,2,0.04071618163506805
46,1985,3,0.03737154400277416
46,1985,4,0.033984791796539675
46,1986,1,0.02946022647848042
46,1986,2,0.0265232977424074
46,1986,3,0.026494073337608066
46,1986,4,0.025554973084550837
46,1987,1,0.02645996483086895
46,1987,2,0.029114452283615
46,1987,3,0.03218129509434019
46,1987,4,0.035751921770016994
46,1988,1,0.03663513515824938
46,1988,2,0.036686797349805476
46,1988,3,0.03684210946589482
46,1988,4,0.03488230198086615
46,1989,1,0.035473350187654004
46,1989,2,0.03243146732904843
46,1989,3,0.02696567138912303
46,1989,4,0.02400719321771588
46,1990,1,0.02257415429473367
46,1990,2,0.01732227802029047
46,1990,3,0.011764476750202889
46,1990,4,0.008899717483501702
46,1991,1,3.5145568883191954e-05
46,1991,2,-0.006661310626976122
46,1991,3,-0.00835637199972101
46,1991,4,-0.005164777461235167
46,1992,1,-0.002023736968105339
46,1992,2,0.004250374163777324
46,1992,3,0.005666821384015476
46,1992,4,0.009963986677707174
46,1993,1,0.01723829808672873
46,1993,2,0.020213382175475556
46,1993,3,0.0242609036355581
46,1993,4,0.0279742479234623
46,1994,1,0.029573161306287836
46,1994,2,0.034236986799940854
46,1994,3,0.03790055018819906
46,1994,4,0.03921647419169354
46,1995,1,0.0383728681351635
46,1995,2,0.03153971535732643
46,1995,3,0.026412436406155083
46,1995,4,0.021939937412169763
46,1996,1,0.018777914367264986
46,1996,2,0.022245321386799986
46,1996,3,0.024553844630784857
46,1996,4,0.026030392585118207
46,1997,1,0.026460290640470552
46,1997,2,0.027651386578707606
46,1997,3,0.027897137886619676
46,1997,4,0.03033654515305696
46,1998,1,0.029007707649670412
46,1998,2,0.027030740182934526
46,1998,3,0.027381050316666142
46,1998,4,0.025282188296446646
46,1999,1,0.026645396734902644
46,1999,2,0.02561983986044693
46,1999,3,0.025698757190857822
46,1999,4,0.024612185370585828
46,2000,1,0.023410481053767248
46,2000,2,0.020903103778869336
46,2000,3,0.01942603114148461
46,2000,4,0.01644178118790367
46,2001,1,0.012708508075354204
46,2001,2,0.00601930273276561
46,2001,3,-0.00020181740435939208
46,2001,4,-0.01035752235918997
46,2002,1,-0.011482639298047003
46,2002,2,-0.010940102026038526
46,2002,3,-0.007345226554034413
46,2002,4,-0.002787772288132402
46,2003,1,-0.001567820272146169
46,2003,2,-0.002249075864365308
46,2003,3,-0.00043841358334925325
46,2003,4,0.002516378110353817
46,2004,1,0.0055143633029948675
46,2004,2,0.012380101266168838
46,2004,3,0.015255067795231421
46,2004,4,0.01749965732875535
46,2005,1,0.017477428981169104
46,2005,2,0.017643893250267394
46,2005,3,0.020823796305801636
46,2005,4,0.020699735196404483
46,2006,1,0.022590203837515276
46,2006,2,0.020454569972457298
46,2006,3,0.0157897612021166
46,2006,4,0.01471993073621204
46,2007,1,0.012761058312654438
46,2007,2,0.011109998142043807
46,2007,3,0.009105761543436211
46,2007,4,0.007827661920528566
46,2008,1,0.0035947300273058325
46,2008,2,-0.0035637009227198666
46,2008,3,-0.010666929930260275
46,2008,4,-0.024116594669091978
46,2009,1,-0.043052438262043906
46,2009,2,-0.05659380085628054
46,2009,3,-0.05252844993441307
46,2009,4,-0.04487545571799438
46,2010,1,-0.029693648105021037
46,2010,2,-0.010013217093208945
46,2010,3,-0.0013700246129128993
46,2010,4,0.006451864858517782
46,2011,1,0.011049778883399957
46,2011,2,0.014671309511872104
46,2011,3,0.01678427277821229
46,2011,4,0.017776968511221403
46,2012,1,0.021840226236262115
46,2012,2,0.019251590006331677
46,2012,3,0.017675001198800232
46,2012,4,0.016848891802295474
46,2013,1,0.015554171563219532
46,2013,2,0.016662573360728662
46,2013,3,0.01774209971059746
46,2013,4,0.018548191002074776
46,2014,1,0.017491277183073747
46,2014,2,0.02012307445616001
46,2014,3,0.02221561689389929
46,2014,4,0.022507950814059017
46,2015,1,0.02371412701798085
46,2015,2,0.02391876815353893
46,2015,3,0.02284961809725577
46,2015,4,0.021442685482778927
46,2016,1,0.019887259730051052
46,2016,2,0.01918114864940107
46,2016,3,0.01937682592953576
46,2016,4,0.017908131912972348
46,2017,1,0.017812565415299134
46,2017,2,0.015980433945496635
46,2017,3,0.014717426479177726
46,2017,4,0.015261461939084519
46,2018,1,0.01526932078702386
46,2018,2,0.017070141438287962
46,2018,3,0.017149501435436063
46,2018,4,0.016793410523251378
46,2019,1,0.014685000404218591
46,2019,2,0.012811333507445278
46,2019,3,0.012297654862602479
46,2019,4,0.013016355202237692
46,2020,1,0.010991920906615103
46,2020,2,-0.08786362930811263
46,2020,3,-0.05249223955962613
46,2020,4,-0.03911333377748019
46,2021,1,-0.035304939786673394
46,2021,2,0.0724405620689535
46,2021,3,0.037429509949640956
46,2021,4,0.035488859830800495
46,2022,1,0.03715559115564249
46,2022,2,0.039012040056324415
46,2022,3,0.03641962086671373
46,2022,4,0.03011407646669151
46,2023,1,0.024656132984639954
46,2023,2,0.020801264481201853
46,2023,3,0.01779717255677861
46,2023,4,0.014919493333700304
46,2024,1,0.011102675228081381
46,2024,2,0.01152708386858097
46,2024,3,0.009082794150057102
46,2024,4,0.008824883556579463
46,2025,1,0.006460097165234224
46,2025,2,0.0049218895430130395
46,2025,3,0.004718427792018052
46,2025,4,0.0036432177338484592
47,1977,1,0.0413794305041406
47,1977,2,0.05898949069230743
47,1977,3,0.05861726616384584
47,1977,4,0.07295081180808463
47,1978,1,0.06920226215760374
47,1978,2,0.06475409413865471
47,1978,3,0.0740965264267956
47,1978,4,0.06312982993337644
47,1979,1,0.04940979597478739
47,1979,2,0.038930203042559994
47,1979,3,0.032701281804462475
47,1979,4,0.025250112955987846
47,1980,1,0.01997328978609045
47,1980,2,0.00310981480970705
47,1980,3,-0.005194222864786189
47,1980,4,0.0009451971435662789
47,1981,1,0.002780972875627197
47,1981,2,0.013697748917412244
47,1981,3,0.019869058360641532
47,1981,4,0.006133934891094582
47,1982,1,-0.0039016166405383052
47,1982,2,-0.0159525577537321
47,1982,3,-0.02803932479459949
47,1982,4,-0.027403459288946372
47,1983,1,-0.017196858751161587
47,1983,2,-0.002434432875293194
47,1983,3,0.017236599913401117
47,1983,4,0.04012344429250941
47,1984,1,0.05191403226460996
47,1984,2,0.05640086635190802
47,1984,3,0.051052694987445434
47,1984,4,0.04701468545857553
47,1985,1,0.03759653619965698
47,1985,2,0.031370002477913474
47,1985,3,0.028526062805039217
47,1985,4,0.025877515954031715
47,1986,1,0.022012760683864627
47,1986,2,0.0187021893837012
47,1986,3,0.019816952098171157
47,1986,4,0.01969851637619034
47,1987,1,0.021645161794849373
47,1987,2,0.026500088058575427
47,1987,3,0.029653215207275523
47,1987,4,0.031480164495694615
47,1988,1,0.03198517315030944
47,1988,2,0.03394582485809522
47,1988,3,0.03384705321832919
47,1988,4,0.03144496770031503
47,1989,1,0.03187701726897456
47,1989,2,0.02602932338767432
47,1989,3,0.021326586825698247
47,1989,4,0.018331184566740728
47,1990,1,0.017942354654214357
47,1990,2,0.0123169333567688
47,1990,3,0.005967936831242392
47,1990,4,0.001054114729264416
47,1991,1,-0.009384030889381013
47,1991,2,-0.015563696121603533
47,1991,3,-0.016512473327600197
47,1991,4,-0.01084684624765055
47,1992,1,-0.006244568462384415
47,1992,2,-0.0005800895114489784
47,1992,3,0.002064877921435889
47,1992,4,0.005062259198649356
47,1993,1,0.013297254332383891
47,1993,2,0.017186537707902568
47,1993,3,0.021057440578177707
47,1993,4,0.024063792410199715
47,1994,1,0.024870756543800304
47,1994,2,0.03002019092495497
47,1994,3,0.035346257760740345
47,1994,4,0.036885092070122916
47,1995,1,0.03783219881815473
47,1995,2,0.030635865368343614
47,1995,3,0.025286676021896947
47,1995,4,0.021331306830085973
47,1996,1,0.01714958562419034
47,1996,2,0.02080865654755337
47,1996,3,0.023895826669119352
47,1996,4,0.025476097421472492
47,1997,1,0.026554030578043956
47,1997,2,0.02796953790667552
47,1997,3,0.027833112819203955
47,1997,4,0.029851040175293664
47,1998,1,0.02861416458016547
47,1998,2,0.027381479817315275
47,1998,3,0.026450091766709097
47,1998,4,0.025097888110043907
47,1999,1,0.02399882599292508
47,1999,2,0.023423340064511803
47,1999,3,0.023026732399279316
47,1999,4,0.02372520673622337
47,2000,1,0.022957917326899467
47,2000,2,0.02179988675993235
47,2000,3,0.019218671299206853
47,2000,4,0.015878731320096817
47,2001,1,0.011584065557263924
47,2001,2,0.0016173441229717068
47,2001,3,-0.007409976152303414
47,2001,4,-0.01645118968942437
47,2002,1,-0.020472701780873195
47,2002,2,-0.01937979790116879
47,2002,3,-0.014272539981475114
47,2002,4,-0.007200089283511949
47,2003,1,-0.005376880068287456
47,2003,2,-0.0060476554045325506
47,2003,3,-0.004812566448299629
47,2003,4,-0.0012220544581920682
47,2004,1,0.003198234060374337
47,2004,2,0.010833886901784738
47,2004,3,0.01439782029828389
47,2004,4,0.017169094003511593
47,2005,1,0.018287552956953085
47,2005,2,0.01789069578759373
47,2005,3,0.01964155126961964
47,2005,4,0.018145205051470457
47,2006,1,0.021120195592171598
47,2006,2,0.019768631970275192
47,2006,3,0.015814875548171736
47,2006,4,0.013739602262358493
47,2007,1,0.0102638872138586
47,2007,2,0.010061040668003174
47,2007,3,0.007512225424967453
47,2007,4,0.007719512434632262
47,2008,1,0.003327691049178275
47,2008,2,-0.0043692666043315355
47,2008,3,-0.011726572965609701
47,2008,4,-0.02646907255638839
47,2009,1,-0.042390024889890895
47,2009,2,-0.05460492748869133
47,2009,3,-0.05773276321888416
47,2009,4,-0.04837644755411396
47,2010,1,-0.0280870630065881
47,2010,2,-0.011458889555327192
47,2010,3,-0.0017194585164128449
47,2010,4,0.006938473965576355
47,2011,1,0.011975936604102814
47,2011,2,0.015391341660928535
47,2011,3,0.018659445523607546
47,2011,4,0.018342728827225083
47,2012,1,0.021991056939306402
47,2012,2,0.01931122569141064
47,2012,3,0.01745240958762443
47,2012,4,0.0178861333990591
47,2013,1,0.01628086026232631
47,2013,2,0.01718277796506347
47,2013,3,0.017629815631986085
47,2013,4,0.0204546438690316
47,2014,1,0.018437729990364818
47,2014,2,0.020144882294012678
47,2014,3,0.02356384072204805
47,2014,4,0.023127575103761466
47,2015,1,0.024415431011188565
47,2015,2,0.023190364140804835
47,2015,3,0.022154868604344916
47,2015,4,0.021360485314345767
47,2016,1,0.021093619683714517
47,2016,2,0.0176508543574673
47,2016,3,0.017803158814664502
47,2016,4,0.018107635344970105
47,2017,1,0.0186168291932698
47,2017,2,0.016773694133482963
47,2017,3,0.014099263404411401
47,2017,4,0.013804229504702026
47,2018,1,0.015325816075871048
47,2018,2,0.01806499498537044
47,2018,3,0.0186542796855899
47,2018,4,0.016792585294406547
47,2019,1,0.014847904920532552
47,2019,2,0.013096958041824803
47,2019,3,0.01258905103860382
47,2019,4,0.01210477696422708
47,2020,1,0.012016454793503245
47,2020,2,-0.08861022557198184
47,2020,3,-0.052077991321427444
47,2020,4,-0.04124759597822277
47,2021,1,-0.034100955084109714
47,2021,2,0.07570905526553749
47,2021,3,0.039920516265676186
47,2021,4,0.03822476797641965
47,2022,1,0.03977152289100877
47,2022,2,0.04014915722356399
47,2022,3,0.03969567481485273
47,2022,4,0.03136274098504954
47,2023,1,0.023900388169372056
47,2023,2,0.020042792161646367
47,2023,3,0.014800314372413765
47,2023,4,0.013459823229125477
47,2024,1,0.0131039467012124
47,2024,2,0.012041713816811921
47,2024,3,0.009154856084212343
47,2024,4,0.007748134204629488
47,2025,1,0.006412898938899972
47,2025,2,0.004739471271484159
47,2025,3,0.004148301861202494
47,2025,4,0.002814740778744189
48,1977,1,0.03199035350076875
48,1977,2,0.041898998480391664
48,1977,3,0.04961580548126026
48,1977,4,0.05620709623761616
48,1978,1,0.047330064234060824
48,1978,2,0.05458333708388508
48,1978,3,0.05605568057953709
48,1978,4,0.05623403505869167
48,1979,1,0.0613681139486381
48,1979,2,0.04404277549015121
48,1979,3,0.03624325648860646
48,1979,4,0.029297897849637898
48,1980,1,0.025124093355024007
48,1980,2,0.008330711179041153
48,1980,3,-0.0031007480244458763
48,1980,4,0.003708136493730853
48,1981,1,0.004482499661216391
48,1981,2,0.011704442846060757
48,1981,3,0.02206481121405707
48,1981,4,0.00789310499071728
48,1982,1,-0.008512100718729898
48,1982,2,-0.017540829156849742
48,1982,3,-0.028186852091398776
48,1982,4,-0.03379106490124474
48,1983,1,-0.02244671342211316
48,1983,2,-0.00837578205948003
48,1983,3,0.014134260011394485
48,1983,4,0.038484897687262286
48,1984,1,0.052973425787575475
48,1984,2,0.05773482308776048
48,1984,3,0.05288232907939498
48,1984,4,0.04873052682098233
48,1985,1,0.043638904887953994
48,1985,2,0.03888602411428231
48,1985,3,0.03580508203492511
48,1985,4,0.032150247887236395
48,1986,1,0.026152025576566245
48,1986,2,0.020155805195794536
48,1986,3,0.019482084749277647
48,1986,4,0.017415286693977933
48,1987,1,0.0193960563637918
48,1987,2,0.02514655173690266
48,1987,3,0.027864280978597594
48,1987,4,0.03253487594219965
48,1988,1,0.03661598302417495
48,1988,2,0.03689154346437239
48,1988,3,0.03652136918805248
48,1988,4,0.03507200624259258
48,1989,1,0.033789661050444376
48,1989,2,0.031738470563533655
48,1989,3,0.02734797277358751
48,1989,4,0.023846434822058688
48,1990,1,0.019762461677970352
48,1990,2,0.01659783667310768
48,1990,3,0.009133104787028584
48,1990,4,0.0025348213374232344
48,1991,1,-0.00957886502826369
48,1991,2,-0.017024999134632436
48,1991,3,-0.017302160115848033
48,1991,4,-0.012632282272413144
48,1992,1,-0.007319228217514194
48,1992,2,-0.0006769362720069448
48,1992,3,0.000976301131140257
48,1992,4,0.006151280620943065
48,1993,1,0.015923671696669077
48,1993,2,0.018840629684017077
48,1993,3,0.023570637438235287
48,1993,4,0.026340981240182096
48,1994,1,0.02836994765199692
48,1994,2,0.0328582515541688
48,1994,3,0.03845291427729418
48,1994,4,0.04052728176805418
48,1995,1,0.037806305562817
48,1995,2,0.029938441558787467
48,1995,3,0.025826394280180513
48,1995,4,0.022938381503456957
48,1996,1,0.018618693667754004
48,1996,2,0.025731704634002598
48,1996,3,0.024906237133839805
48,1996,4,0.025520199188232236
48,1997,1,0.029239772490847266
48,1997,2,0.027807611043762226
48,1997,3,0.02750261140147285
48,1997,4,0.02965894877921077
48,1998,1,0.030335038378525407
48,1998,2,0.025745436423326534
48,1998,3,0.027701986980506035
48,1998,4,0.02670412679957875
48,1999,1,0.02472584719246561
48,1999,2,0.02516063095123209
48,1999,3,0.023813611394857593
48,1999,4,0.025166567310908793
48,2000,1,0.026090673699213567
48,2000,2,0.02515052180970638
48,2000,3,0.021898777122700077
48,2000,4,0.01677155366768853
48,2001,1,0.01099750608759063
48,2001,2,0.0019986157706327118
48,2001,3,-0.001849752621849247
48,2001,4,-0.01105535955871584
48,2002,1,-0.01529506072885888
48,2002,2,-0.016264589699955454
48,2002,3,-0.013729455386152509
48,2002,4,-0.007096879151613861
48,2003,1,-0.004872263929750584
48,2003,2,-0.005730863842941818
48,2003,3,-0.0035969889684880955
48,2003,4,0.0005116651248466971
48,2004,1,0.006633107366110316
48,2004,2,0.014588157309402633
48,2004,3,0.017196532508864514
48,2004,4,0.01749114835246711
48,2005,1,0.016451561534265427
48,2005,2,0.01722289703079859
48,2005,3,0.01973647969226627
48,2005,4,0.020989498456315932
48,2006,1,0.023910350288771583
48,2006,2,0.023862153211795273
48,2006,3,0.019535592543061822
48,2006,4,0.016074802845114092
48,2007,1,0.014109540664093787
48,2007,2,0.011285298481350294
48,2007,3,0.009740166894554939
48,2007,4,0.008109478935007196
48,2008,1,0.0021289344291870486
48,2008,2,-0.005423804146918612
48,2008,3,-0.01149194393182564
48,2008,4,-0.02676165922724052
48,2009,1,-0.04619423802693677
48,2009,2,-0.05909202554124649
48,2009,3,-0.06179715843688862
48,2009,4,-0.053337111252337546
48,2010,1,-0.03490172484412472
48,2010,2,-0.012575829417257631
48,2010,3,-0.002244379176148587
48,2010,4,0.007188634207790501
48,2011,1,0.01387772465241932
48,2011,2,0.015182283892698654
48,2011,3,0.020107310521380154
48,2011,4,0.020052411362481135
48,2012,1,0.020640929634263158
48,2012,2,0.016179231578295986
48,2012,3,0.014413752823692241
48,2012,4,0.015416533054823295
48,2013,1,0.01463768879902809
48,2013,2,0.018103350585235725
48,2013,3,0.017023019119052886
48,2013,4,0.01866738899146999
48,2014,1,0.018095973159337232
48,2014,2,0.01913668076438756
48,2014,3,0.023823672087060294
48,2014,4,0.0235057793378093
48,2015,1,0.02492356186155569
48,2015,2,0.022790387077693736
48,2015,3,0.01929880240709225
48,2015,4,0.018354269205766997
48,2016,1,0.014178350156497823
48,2016,2,0.013071503842276738
48,2016,3,0.013713092937097097
48,2016,4,0.014982237686381464
48,2017,1,0.017372150956963987
48,2017,2,0.016787231806813446
48,2017,3,0.01911280447772065
48,2017,4,0.014888225209830047
48,2018,1,0.015150400137518165
48,2018,2,0.02112156429922144
48,2018,3,0.01750609340779987
48,2018,4,0.016130579295716225
48,2019,1,0.014355324474747563
48,2019,2,0.013505145619307525
48,2019,3,0.012547462822203505
48,2019,4,0.011475150969759849
48,2020,1,0.012962161525085688
48,2020,2,-0.0939409139066567
48,2020,3,-0.05933596112200852
48,2020,4,-0.04107534511601404
48,2021,1,-0.034726823577995745
48,2021,2,0.07354940770957971
48,2021,3,0.04043741545994947
48,2021,4,0.036019083076366594
48,2022,1,0.036073463792335635
48,2022,2,0.04050458619723824
48,2022,3,0.041061172304179584
48,2022,4,0.028523995830075238
48,2023,1,0.024242041015481282
48,2023,2,0.01988380123621846
48,2023,3,0.014334796940296482
48,2023,4,0.01310844717651035
48,2024,1,0.011966710561791811
48,2024,2,0.008251647167538777
48,2024,3,0.007672507659688766
48,2024,4,0.0075043871671201905
48,2025,1,0.005092916144361676
48,2025,2,0.0037750727270299414
48,2025,3,0.003567551298834453
48,2025,4,0.0026251088237168067
49,1978,1,0.04593603117347346
49,1978,2,0.05621034634013079
49,1978,3,0.053318881251186695
49,1978,4,0.05419673841955184
49,1979,1,0.05547441110209648
49,1979,2,0.04088173726822216
49,1979,3,0.03556007177162229
49,1979,4,0.03032717221473182
49,1980,1,0.025916181931678627
49,1980,2,0.010141371039953797
49,1980,3,0.002423289926862814
49,1980,4,0.006558811148094241
49,1981,1,0.009076607931736168
49,1981,2,0.01588759037853097
49,1981,3,0.022233419226178535
49,1981,4,0.011631197541350054
49,1982,1,0.0006145704025780133
49,1982,2,-0.0071348099198333265
49,1982,3,-0.02178417645089818
49,1982,4,-0.025139860878488074
49,1983,1,-0.01671155208674239
49,1983,2,-0.0023126057046731663
49,1983,3,0.018612806103606733
49,1983,4,0.038783030686767646
49,1984,1,0.05168393003988722
49,1984,2,0.0562806061473064
49,1984,3,0.054121128912936564
49,1984,4,0.05014812990555847
49,1985,1,0.041733173849421025
49,1985,2,0.037535715864470215
49,1985,3,0.0354613814852348
49,1985,4,0.03078921774078983
49,1986,1,0.02580355639602763
49,1986,2,0.02527156565468909
49,1986,3,0.024970245425628753
49,1986,4,0.023320753459787902
49,1987,1,0.025170279054749327
49,1987,2,0.029867555165430697
49,1987,3,0.031206260154116004
49,1987,4,0.03341104794726387
49,1988,1,0.034517774924159535
49,1988,2,0.035262210279388445
49,1988,3,0.035963905947187895
49,1988,4,0.035323582143337834
49,1989,1,0.03360488262806523
49,1989,2,0.030605070186258507
49,1989,3,0.025974932241519165
49,1989,4,0.021881906947168024
49,1990,1,0.021838825912238246
49,1990,2,0.0169566544841046
49,1990,3,0.009723953183941562
49,1990,4,0.005946024110116375
49,1991,1,-0.004252853609995755
49,1991,2,-0.01111667389549205
49,1991,3,-0.012697203824361283
49,1991,4,-0.009121084800292365
49,1992,1,-0.0033263433132252975
49,1992,2,0.0032398208773821878
49,1992,3,0.003211300307550359
49,1992,4,0.008552278039995566
49,1993,1,0.015790147223728526
49,1993,2,0.019027750079897387
49,1993,3,0.023570236386643316
49,1993,4,0.028683415915690513
49,1994,1,0.02858036929042534
49,1994,2,0.034004544424815104
49,1994,3,0.036709793982311695
49,1994,4,0.038731413678424136
49,1995,1,0.03861446649269872
49,1995,2,0.03242401063422201
49,1995,3,0.026203058985867472
49,1995,4,0.021343160102212565
49,1996,1,0.019210117910903882
49,1996,2,0.02272800524120298
49,1996,3,0.02614542748370323
49,1996,4,0.02615418681582936
49,1997,1,0.02797596065979308
49,1997,2,0.029520740107286718
49,1997,3,0.029078467225940905
49,1997,4,0.02957694343286144
49,1998,1,0.029864024208603297
49,1998,2,0.02875003772143636
49,1998,3,0.028664708982605033
49,1998,4,0.026748493367642626
49,1999,1,0.025962412565167414
49,1999,2,0.025508130632401236
49,1999,3,0.026074966017813565
49,1999,4,0.025953245232253033
49,2000,1,0.02595573765273782
49,2000,2,0.022659417397013434
49,2000,3,0.019668898903386495
49,2000,4,0.01619454106567466
49,2001,1,0.011606358042004801
49,2001,2,0.003589772005705231
49,2001,3,-0.0031229457503774084
49,2001,4,-0.01173547036607921
49,2002,1,-0.018444667653178055
49,2002,2,-0.016491157899911665
49,2002,3,-0.012633456052019846
49,2002,4,-0.00473495625627193
49,2003,1,-0.0034416490267123374
49,2003,2,-0.004874034114057368
49,2003,3,-0.0031828684425815835
49,2003,4,0.0010762878970534547
49,2004,1,0.0059309351114246655
49,2004,2,0.012678982166260917
49,2004,3,0.016104700374299168
49,2004,4,0.018178366407570725
49,2005,1,0.017258778165725124
49,2005,2,0.017355029176860434
49,2005,3,0.02114328217525473
49,2005,4,0.02359556970600549
49,2006,1,0.0247994137625377
49,2006,2,0.022463541433165056
49,2006,3,0.02113413925936468
49,2006,4,0.01644709172470078
49,2007,1,0.014285072257850834
49,2007,2,0.011979068741574958
49,2007,3,0.008423364085713595
49,2007,4,0.007471343284383207
49,2008,1,0.0040245589506157035
49,2008,2,-0.003204667478260845
49,2008,3,-0.010275962966213924
49,2008,4,-0.024390200571492455
49,2009,1,-0.04389717158880552
49,2009,2,-0.05483647347489863
49,2009,3,-0.06131594069669408
49,2009,4,-0.050929614434920174
49,2010,1,-0.03199070116821359
49,2010,2,-0.01075382030956608
49,2010,3,0.00021190673836432073
49,2010,4,0.007161842222244089
49,2011,1,0.011913341839365148
49,2011,2,0.015527648494190511
49,2011,3,0.018829865023367844
49,2011,4,0.020366792556820123
49,2012,1,0.023459442819495906
49,2012,2,0.020688092103360436
49,2012,3,0.019166821886742343
49,2012,4,0.01857409984887928
49,2013,1,0.016662708128685172
49,2013,2,0.016798499499994415
49,2013,3,0.018314068937603185
49,2013,4,0.019106431156252594
49,2014,1,0.018523262349881966
49,2014,2,0.020155276818009916
49,2014,3,0.022230930358449946
49,2014,4,0.023671951203781967
49,2015,1,0.024176577385950762
49,2015,2,0.022809333038894705
49,2015,3,0.019401074684602424
49,2015,4,0.018052278813169315
49,2016,1,0.017618537395078997
49,2016,2,0.015517424485291432
49,2016,3,0.015544429780021985
49,2016,4,0.014667393732320932
49,2017,1,0.01609054834035647
49,2017,2,0.01615537608053875
49,2017,3,0.015620174318134018
49,2017,4,0.015242985267597781
49,2018,1,0.016078458116481256
49,2018,2,0.018514729891660527
49,2018,3,0.01864555091276288
49,2018,4,0.018288205789218363
49,2019,1,0.016266364877796945
49,2019,2,0.014544916989175054
49,2019,3,0.01249644491957686
49,2019,4,0.012245711853815774
49,2020,1,0.01065432743888412
49,2020,2,-0.09170336586771437
49,2020,3,-0.054534541928947675
49,2020,4,-0.04291922025694891
49,2021,1,-0.03676552808404143
49,2021,2,0.07363407176286277
49,2021,3,0.04037537836139158
49,2021,4,0.036918417571288685
49,2022,1,0.04012008348380049
49,2022,2,0.0413848827666925
49,2022,3,0.03735354746687915
49,2022,4,0.029540392344356632
49,2023,1,0.024686249762244154
49,2023,2,0.020389314149576662
49,2023,3,0.01692598597763439
49,2023,4,0.014384756703906137
49,2024,1,0.013191776641369321
49,2024,2,0.012086703499697017
49,2024,3,0.009508366407545609
49,2024,4,0.008980779590197134
49,2025,1,0.008381629548346295
49,2025,2,0.005614563230894254
49,2025,3,0.004363883658415465
49,2025,4,0.0031310663892096724
50,1977,1,0.03911882206010456
50,1977,2,0.050497104952025966
50,1977,3,0.05197995952844303
50,1977,4,0.06491057172317123
50,1978,1,0.06338749984914901
50,1978,2,0.06112705330184104
50,1978,3,0.06611300812511955
50,1978,4,0.058898518999048285
50,1979,1,0.05374264539979478
50,1979,2,0.04406393880051469
50,1979,3,0.035825596496830564
50,1979,4,0.028404877222103095
50,1980,1,0.02224164815885158
50,1980,2,0.005700066730010172
50,1980,3,-0.002546735224167183
50,1980,4,0.0035913748612429745
50,1981,1,0.0031827300625077858
50,1981,2,0.015979767763017995
50,1981,3,0.022164803356908066
50,1981,4,0.009871302030729907
50,1982,1,-0.0028156100839103024
50,1982,2,-0.015066311778942222
50,1982,3,-0.02712714665534185
50,1982,4,-0.027168799200754566
50,1983,1,-0.016181829689828335
50,1983,2,-0.0005639679001095728
50,1983,3,0.02128106991521475
50,1983,4,0.04413713664319067
50,1984,1,0.05556021351319598
50,1984,2,0.06077471679295833
50,1984,3,0.05743645350108544
50,1984,4,0.051126165300253545
50,1985,1,0.0420771117153946
50,1985,2,0.03734717849169965
50,1985,3,0.03451104195739296
50,1985,4,0.030614418328446344
50,1986,1,0.025935347404871613
50,1986,2,0.022794577151723082
50,1986,3,0.02388787319923118
50,1986,4,0.021667736445969095
50,1987,1,0.02317912345911344
50,1987,2,0.0288248588282435
50,1987,3,0.031905456350682586
50,1987,4,0.034288350752586814
50,1988,1,0.03538387338155675
50,1988,2,0.03659560696667482
50,1988,3,0.03601090771780199
50,1988,4,0.03427016507941708
50,1989,1,0.03588995235810196
50,1989,2,0.030723940167533853
50,1989,3,0.024642973658412316
50,1989,4,0.021716504788293997
50,1990,1,0.02116532000521302
50,1990,2,0.012452139963980311
50,1990,3,0.006412618518311118
50,1990,4,0.0023165846419810256
50,1991,1,-0.006261062808645449
50,1991,2,-0.013551160041599793
50,1991,3,-0.01537301828981581
50,1991,4,-0.011691219195527285
50,1992,1,-0.0038553613148474566
50,1992,2,0.0027452938074981185
50,1992,3,0.002818869356755671
50,1992,4,0.008266056042678716
50,1993,1,0.01612398023063981
50,1993,2,0.018873051831347357
50,1993,3,0.0237708962180709
50,1993,4,0.029089846995368318
50,1994,1,0.029322132627133533
50,1994,2,0.03461869418061188
50,1994,3,0.03833667416105799
50,1994,4,0.039612786922431927
50,1995,1,0.03848999939113477
50,1995,2,0.03228291826247562
50,1995,3,0.025690654677788787
50,1995,4,0.02161184002122608
50,1996,1,0.01912605949434598
50,1996,2,0.022903364182339316
50,1996,3,0.02550241232609766
50,1996,4,0.02698117292027999
50,1997,1,0.027913483168233687
50,1997,2,0.02764087027927835
50,1997,3,0.02799822893431207
50,1997,4,0.029387862248207285
50,1998,1,0.02982339413340823
50,1998,2,0.028090608117420264
50,1998,3,0.02823924624179385
50,1998,4,0.026066586205055964
50,1999,1,0.02512918268314118
50,1999,2,0.025620005887331414
50,1999,3,0.025194983719461602
50,1999,4,0.02443981038754421
50,2000,1,0.024241195922859105
50,2000,2,0.021731246535247672
50,2000,3,0.019925685616247378
50,2000,4,0.016692187882211117
50,2001,1,0.011461035042070517
50,2001,2,0.0014753690852882036
50,2001,3,-0.004490366399943296
50,2001,4,-0.010185058567338819
50,2002,1,-0.015504007074136962
50,2002,2,-0.01707725367912276
50,2002,3,-0.012527573819207473
50,2002,4,-0.004810138923849681
50,2003,1,-0.0033876363805901656
50,2003,2,-0.005393579169199017
50,2003,3,-0.004339231677780316
50,2003,4,0.0008169648914731874
50,2004,1,0.005178742034363941
50,2004,2,0.013095177510674095
50,2004,3,0.016248655384270935
50,2004,4,0.018937823095575998
50,2005,1,0.018907413852857793
50,2005,2,0.01869833068245092
50,2005,3,0.021182800881896727
50,2005,4,0.02077767585014134
50,2006,1,0.02454327025576294
50,2006,2,0.021533457117951786
50,2006,3,0.01789996104917596
50,2006,4,0.015734503893030164
50,2007,1,0.01330768781215306
50,2007,2,0.012363263800214401
50,2007,3,0.010512289988480607
50,2007,4,0.008536575561864428
50,2008,1,0.005271772474168665
50,2008,2,-0.0025377072800214975
50,2008,3,-0.008385633906844808
50,2008,4,-0.02312886993683211
50,2009,1,-0.041405040402123505
50,2009,2,-0.05324923329035644
50,2009,3,-0.05771784419646903
50,2009,4,-0.046217443295278125
50,2010,1,-0.027165765801728695
50,2010,2,-0.009320657270531683
50,2010,3,-0.0010289685952343634
50,2010,4,0.007542010256957155
50,2011,1,0.011759999557883156
50,2011,2,0.014460779862898442
50,2011,3,0.01756121629160135
50,2011,4,0.01891465650480862
50,2012,1,0.021892701895676048
50,2012,2,0.01831559181385147
50,2012,3,0.017872183771286358
50,2012,4,0.01772432424161802
50,2013,1,0.01568097464857333
50,2013,2,0.01702225080973905
50,2013,3,0.01870860731775793
50,2013,4,0.01949051855729943
50,2014,1,0.01793360729902159
50,2014,2,0.019677911510570325
50,2014,3,0.021306508568732688
50,2014,4,0.02304095130597326
50,2015,1,0.023904012402800483
50,2015,2,0.02355115796354806
50,2015,3,0.02267009211285196
50,2015,4,0.022337342012443674
50,2016,1,0.02144765832925122
50,2016,2,0.01981722038824087
50,2016,3,0.020019694482121278
50,2016,4,0.01745108921633082
50,2017,1,0.016900906747530534
50,2017,2,0.01701120257745396
50,2017,3,0.016027744858424075
50,2017,4,0.014820743610529707
50,2018,1,0.014732743334186723
50,2018,2,0.01648934406211449
50,2018,3,0.01716307061487294
50,2018,4,0.01725636630697998
50,2019,1,0.015069988202575975
50,2019,2,0.01291867896585823
50,2019,3,0.012314257659110909
50,2019,4,0.012591537039570944
50,2020,1,0.010630604783840843
50,2020,2,-0.0928427421397515
50,2020,3,-0.0558284767343641
50,2020,4,-0.0437767691629293
50,2021,1,-0.03926603479641933
50,2021,2,0.07289689286614097
50,2021,3,0.03801658716195044
50,2021,4,0.03614998852421432
50,2022,1,0.03797097442528669
50,2022,2,0.037211949488116035
50,2022,3,0.036094099411204034
50,2022,4,0.030324818452425243
50,2023,1,0.02685473384604571
50,2023,2,0.022751766289267283
50,2023,3,0.01794042362459601
50,2023,4,0.016430026709546183
50,2024,1,0.014763689016296521
50,2024,2,0.014109609435691641
50,2024,3,0.011256604569808119
50,2024,4,0.010994159263586958
50,2025,1,0.009063730781670625
50,2025,2,0.00746282747849272
50,2025,3,0.0065416039050547265
50,2025,4,0.004824499995567375
51,1977,1,0.029568300696201522
51,1977,2,0.03777841769495356
51,1977,3,0.045711513107309164
51,1977,4,0.0522444240527864
51,1978,1,0.052674295759761666
51,1978,2,0.05738753518928951
51,1978,3,0.05396000402556237
51,1978,4,0.05268039212782959
51,1979,1,0.049966132787100125
51,1979,2,0.03998890875189051
51,1979,3,0.034497265116434424
51,1979,4,0.027299459755621123
51,1980,1,0.02290135922135197
51,1980,2,0.009577479169339867
51,1980,3,-0.0011510764524107623
51,1980,4,0.004228350880752925
51,1981,1,0.0043605613234572035
51,1981,2,0.013023243945632352
51,1981,3,0.017829533308304696
51,1981,4,0.00857388708260803
51,1982,1,-0.002315248537345661
51,1982,2,-0.013821291616098257
51,1982,3,-0.01999478175910818
51,1982,4,-0.02153392878202786
51,1983,1,-0.012605621258676784
51,1983,2,-0.0007562177475195447
51,1983,3,0.01995188418335633
51,1983,4,0.037947459621531496
51,1984,1,0.049560787244442274
51,1984,2,0.055025657506954706
51,1984,3,0.05171699713567718
51,1984,4,0.04803149164123117
51,1985,1,0.04073952408089294
51,1985,2,0.036930437688447684
51,1985,3,0.033886505849815396
51,1985,4,0.03224285292155473
51,1986,1,0.02829736717929615
51,1986,2,0.023001430296485898
51,1986,3,0.023065158061549
51,1986,4,0.021563176696764736
51,1987,1,0.02381596878746288
51,1987,2,0.027441297547560032
51,1987,3,0.03020305711474746
51,1987,4,0.033987752186973676
51,1988,1,0.034144548674924766
51,1988,2,0.0337940580943499
51,1988,3,0.03329360551004331
51,1988,4,0.0321430379418315
51,1989,1,0.03404937926606869
51,1989,2,0.029469908166526504
51,1989,3,0.02521702558361244
51,1989,4,0.021692039121116145
51,1990,1,0.021568544405820313
51,1990,2,0.01668696259164505
51,1990,3,0.011152373408035779
51,1990,4,0.006109552237973833
51,1991,1,-0.006014657321974768
51,1991,2,-0.01449689191636718
51,1991,3,-0.012188900584084707
51,1991,4,-0.008523878736523955
51,1992,1,-0.005882277710891387
51,1992,2,0.0009088878249039183
51,1992,3,0.004995040193442984
51,1992,4,0.011142894081218773
51,1993,1,0.016387100086626593
51,1993,2,0.020508492351864745
51,1993,3,0.026342110573802778
51,1993,4,0.028703997567738875
51,1994,1,0.029970833260724923
51,1994,2,0.035320016291165185
51,1994,3,0.03810301198888874
51,1994,4,0.03751888708193663
51,1995,1,0.03633895177486538
51,1995,2,0.03117497396515941
51,1995,3,0.025387885703539705
51,1995,4,0.02273566220480772
51,1996,1,0.020817493951492714
51,1996,2,0.025191950308560872
51,1996,3,0.026289761776229194
51,1996,4,0.0282436204652262
51,1997,1,0.030150287446013637
51,1997,2,0.028842958569206448
51,1997,3,0.027931970201758104
51,1997,4,0.030191970746470165
51,1998,1,0.031435442389889184
51,1998,2,0.028830614342940816
51,1998,3,0.028597735331097857
51,1998,4,0.02746492999160307
51,1999,1,0.028157242045910535
51,1999,2,0.029491179219738442
51,1999,3,0.02808045966861353
51,1999,4,0.026351552289795868
51,2000,1,0.026517678752325427
51,2000,2,0.02412540217027221
51,2000,3,0.021669187493462725
51,2000,4,0.016838506968795852
51,2001,1,0.012601076727853901
51,2001,2,0.0034299810562098327
51,2001,3,-0.0024767093718053882
51,2001,4,-0.011004842174258306
51,2002,1,-0.016962955910376026
51,2002,2,-0.013189858431541517
51,2002,3,-0.01060375457422228
51,2002,4,-0.005270200674161913
51,2003,1,-0.002007657094238089
51,2003,2,-0.0023800032284925325
51,2003,3,-0.0016112715950467628
51,2003,4,0.002553813866107822
51,2004,1,0.007128126357824029
51,2004,2,0.014273839798556037
51,2004,3,0.017145550280509222
51,2004,4,0.017894224417131295
51,2005,1,0.016881183398999293
51,2005,2,0.017535846723643632
51,2005,3,0.0215677849369064
51,2005,4,0.02130170517444222
51,2006,1,0.024710588835093656
51,2006,2,0.02291476728204193
51,2006,3,0.018291482499712033
51,2006,4,0.01605637329983189
51,2007,1,0.013230620872128689
51,2007,2,0.013549331887621682
51,2007,3,0.009777614938543861
51,2007,4,0.007859803518820976
51,2008,1,0.0033368856463686317
51,2008,2,-0.004082331420689545
51,2008,3,-0.009509319283935027
51,2008,4,-0.024054600533106884
51,2009,1,-0.042318968992786664
51,2009,2,-0.05240177189298712
51,2009,3,-0.05395112320696614
51,2009,4,-0.0431492239104632
51,2010,1,-0.026027162484824673
51,2010,2,-0.00756286994586879
51,2010,3,0.0002611134801553441
51,2010,4,0.007286241600322129
51,2011,1,0.010848943437692042
51,2011,2,0.01306479851374962
51,2011,3,0.016224918019977046
51,2011,4,0.017227886166488886
51,2012,1,0.020871630927140852
51,2012,2,0.018671796309497706
51,2012,3,0.018420666960881276
51,2012,4,0.017748783668275286
51,2013,1,0.01585669059845528
51,2013,2,0.017402819350905693
51,2013,3,0.01792129531021664
51,2013,4,0.018768863976825916
51,2014,1,0.017267335814766634
51,2014,2,0.02017666749807267
51,2014,3,0.022121856189110948
51,2014,4,0.023000256967038165
51,2015,1,0.02562380150901555
51,2015,2,0.02497149253671323
51,2015,3,0.02333090123362775
51,2015,4,0.023894423630549957
51,2016,1,0.022847040177206616
51,2016,2,0.0207613931066974
51,2016,3,0.02048602155381098
51,2016,4,0.018859205595744808
51,2017,1,0.01786339767065613
51,2017,2,0.016950480547799428
51,2017,3,0.014410437323950183
51,2017,4,0.015319053759332152
51,2018,1,0.015098340261082172
51,2018,2,0.01783616258022521
51,2018,3,0.017210120169803805
51,2018,4,0.01631873936010633
51,2019,1,0.014356415067809637
51,2019,2,0.013282669205005952
51,2019,3,0.01231573251620522
51,2019,4,0.01055738769428661
51,2020,1,0.01097936694759079
51,2020,2,-0.08857652872839672
51,2020,3,-0.05096317023176511
51,2020,4,-0.03769479741891141
51,2021,1,-0.03191608131477025
51,2021,2,0.07310101344699572
51,2021,3,0.040196024978300625
51,2021,4,0.03799151908296991
51,2022,1,0.03915158823299189
51,2022,2,0.04070084640912159
51,2022,3,0.036865299166959756
51,2022,4,0.029673964808700857
51,2023,1,0.022802796119098766
51,2023,2,0.018922758483483113
51,2023,3,0.017253775231567597
51,2023,4,0.014850655154613994
51,2024,1,0.014221602240569802
51,2024,2,0.014071252695590841
51,2024,3,0.009793041018325727
51,2024,4,0.009517879920144051
51,2025,1,0.010011454917124452
51,2025,2,0.007545289585546849
51,2025,3,0.0058962108451839955
51,2025,4,0.0043178888702298125
53,1978,1,0.04108538287636345
53,1978,2,0.05213242043994083
53,1978,3,0.04384892327693438
53,1978,4,0.049799860591367304
53,1979,1,0.05186207634936072
53,1979,2,0.0425901242271937
53,1979,3,0.0359941310641941
53,1979,4,0.028121802475910833
53,1980,1,0.021499008103982715
53,1980,2,0.005633366183109206
53,1980,3,-0.004967383495049933
53,1980,4,-0.0003255330379867015
53,1981,1,0.0034228391588177216
53,1981,2,0.016381558338871106
53,1981,3,0.019322137405592143
53,1981,4,0.007907776587171988
53,1982,1,-0.0032880025605622125
53,1982,2,-0.012780147403582855
53,1982,3,-0.02441059809309601
53,1982,4,-0.026460320685714352
53,1983,1,-0.014319778914129805
53,1983,2,-2.8143843995684652e-05
53,1983,3,0.020775549788180133
53,1983,4,0.0437295971475027
53,1984,1,0.05376308069384271
53,1984,2,0.05753076272818712
53,1984,3,0.05561977768168695
53,1984,4,0.05064652039574983
53,1985,1,0.04220598311768825
53,1985,2,0.03916808680547413
53,1985,3,0.033335233218795536
53,1985,4,0.030211607169667986
53,1986,1,0.027228242662448502
53,1986,2,0.02382634495904971
53,1986,3,0.023662709606666558
53,1986,4,0.02451167223598852
53,1987,1,0.024998536553850353
53,1987,2,0.02991281285696415
53,1987,3,0.031740400287381676
53,1987,4,0.03355540591856473
53,1988,1,0.03357502410377608
53,1988,2,0.03399682513191921
53,1988,3,0.03575739360408078
53,1988,4,0.031955664443941934
53,1989,1,0.03392811500775295
53,1989,2,0.030121463062601942
53,1989,3,0.023950606178047087
53,1989,4,0.01944721972410385
53,1990,1,0.017153521377776152
53,1990,2,0.014070993293656733
53,1990,3,0.0072621182963936316
53,1990,4,0.003027600331684747
53,1991,1,-0.007120868941372115
53,1991,2,-0.01676941776052446
53,1991,3,-0.016028127327681694
53,1991,4,-0.010152148610809498
53,1992,1,-0.004865702345235444
53,1992,2,0.001323875158526014
53,1992,3,0.0025185612875646243
53,1992,4,0.007401955560160904
53,1993,1,0.016210575753670325
53,1993,2,0.020228596177475838
53,1993,3,0.025893118355460924
53,1993,4,0.027707351390235793
53,1994,1,0.031082819060977995
53,1994,2,0.03640885979585319
53,1994,3,0.03950567652333849
53,1994,4,0.04042793701299137
53,1995,1,0.039019994240035126
53,1995,2,0.029649219478155964
53,1995,3,0.02525208784578184
53,1995,4,0.021661310186268757
53,1996,1,0.019361694446681975
53,1996,2,0.022740332464789705
53,1996,3,0.025113174047357616
53,1996,4,0.027211886184438528
53,1997,1,0.02830541666861984
53,1997,2,0.028963166220779425
53,1997,3,0.029425403858973548
53,1997,4,0.030491163025323946
53,1998,1,0.03030747443560028
53,1998,2,0.029784916200504493
53,1998,3,0.030225588090659224
53,1998,4,0.026499253891363574
53,1999,1,0.02493569448814486
53,1999,2,0.026333972813984488
53,1999,3,0.02581434403235347
53,1999,4,0.02667398065383542
53,2000,1,0.026162608572960447
53,2000,2,0.023922230984156617
53,2000,3,0.021799179071601088
53,2000,4,0.017764872620555625
53,2001,1,0.012549870751958053
53,2001,2,0.004858617386517796
53,2001,3,-0.001909115674601269
53,2001,4,-0.011382159735181398
53,2002,1,-0.01876047876483934
53,2002,2,-0.016653764213549326
53,2002,3,-0.012121752220964989
53,2002,4,-0.004929701881483423
53,2003,1,-0.0041777539216605476
53,2003,2,-0.004099832604314326
53,2003,3,-0.0031378835102481187
53,2003,4,0.0007111028061189677
53,2004,1,0.005006617806126124
53,2004,2,0.01106450113151063
53,2004,3,0.015169506882529365
53,2004,4,0.01741257922529668
53,2005,1,0.017394952004317014
53,2005,2,0.018179747629406613
53,2005,3,0.019682604140560802
53,2005,4,0.020233478685505946
53,2006,1,0.02268821158730887
53,2006,2,0.021283753564665192
53,2006,3,0.017790757484937633
53,2006,4,0.015113072961685861
53,2007,1,0.013679804293924831
53,2007,2,0.011179126936291042
53,2007,3,0.008410396219088165
53,2007,4,0.007411014491690157
53,2008,1,0.0024567294947319875
53,2008,2,-0.0035629179908257774
53,2008,3,-0.01235942344441088
53,2008,4,-0.02667945183124276
53,2009,1,-0.047595842250385004
53,2009,2,-0.060411910048399804
53,2009,3,-0.06181544676208651
53,2009,4,-0.04976400646307144
53,2010,1,-0.03174658893437849
53,2010,2,-0.011036437900482763
53,2010,3,0.0010704807593964263
53,2010,4,0.008683474868157763
53,2011,1,0.012731795575361813
53,2011,2,0.016188710895908502
53,2011,3,0.017336854867186377
53,2011,4,0.01809212939855601
53,2012,1,0.021925717366574518
53,2012,2,0.01948497759088446
53,2012,3,0.01801658493265268
53,2012,4,0.01777738993605819
53,2013,1,0.015901028136469535
53,2013,2,0.017434504633326485
53,2013,3,0.019962436842485106
53,2013,4,0.0199672382877946
53,2014,1,0.019429752765913556
53,2014,2,0.020877198099448203
53,2014,3,0.02306367330031867
53,2014,4,0.02380327354549222
53,2015,1,0.024000631459297005
53,2015,2,0.024890124308698955
53,2015,3,0.022631435946882276
53,2015,4,0.02068805378886524
53,2016,1,0.02084143740208937
53,2016,2,0.018092340376891475
53,2016,3,0.017874595272189996
53,2016,4,0.0170081176396316
53,2017,1,0.017117809308308096
53,2017,2,0.016217724775571516
53,2017,3,0.015215731992932361
53,2017,4,0.0145630457835652
53,2018,1,0.014668430515248325
53,2018,2,0.017762178699217528
53,2018,3,0.0186731865357091
53,2018,4,0.016683586941395188
53,2019,1,0.014288528220055873
53,2019,2,0.012861168428345926
53,2019,3,0.011794735258091089
53,2019,4,0.010042654160826123
53,2020,1,0.010655986574381727
53,2020,2,-0.08991533502560618
53,2020,3,-0.05271027329765883
53,2020,4,-0.039201213688238055
53,2021,1,-0.034275768895319546
53,2021,2,0.07769307111664124
53,2021,3,0.042712829696606565
53,2021,4,0.039148005583128434
53,2022,1,0.04307512972407454
53,2022,2,0.0428098048279879
53,2022,3,0.03842791940214854
53,2022,4,0.03033285665052545
53,2023,1,0.025768664778427597
53,2023,2,0.020489491770056153
53,2023,3,0.015533996272744868
53,2023,4,0.014174170405366185
53,2024,1,0.013064948233278952
53,2024,2,0.011527314872498038
53,2024,3,0.008124015351627942
53,2024,4,0.0065182966206744014
53,2025,1,0.006059618362100758
53,2025,2,0.005812628176286792
53,2025,3,0.0029638285567478505
53,2025,4,0.0026551961453774365
54,1978,1,0.022837078936522655
54,1978,2,0.04936158303907627
54,1978,3,0.04763496541329266
54,1978,4,0.05647433172868993
54,1979,1,0.0759880157316775
54,1979,2,0.044415063332135
54,1979,3,0.038698863919115555
54,1979,4,0.030751833706463207
54,1980,1,0.026676461473972325
54,1980,2,0.010096029438836637
54,1980,3,0.004480974391632468
54,1980,4,0.010909439994254136
54,1981,1,0.012291120831140567
54,1981,2,0.015013070465611279
54,1981,3,0.03223510791924465
54,1981,4,0.02231742953577793
54,1982,1,0.006456696834420003
54,1982,2,0.00018875938268030128
54,1982,3,-0.026365601729058653
54,1982,4,-0.03350799966068868
54,1983,1,-0.028798139536199325
54,1983,2,-0.015534774597496415
54,1983,3,0.008160248295084898
54,1983,4,0.03167178540203584
54,1984,1,0.047201449452217416
54,1984,2,0.05397876049305381
54,1984,3,0.05143206858209622
54,1984,4,0.046188532400061516
54,1985,1,0.037447520499706836
54,1985,2,0.03559409072029599
54,1985,3,0.026921092525505466
54,1985,4,0.025782903293634956
54,1986,1,0.021222684099543608
54,1986,2,0.012462206053159973
54,1986,3,0.01108530284515259
54,1986,4,0.011382307492862495
54,1987,1,0.012174299030848766
54,1987,2,0.021609541406801498
54,1987,3,0.028127921211090427
54,1987,4,0.03396710222912762
54,1988,1,0.03553796597576721
54,1988,2,0.034799252044241884
54,1988,3,0.03295875921247404
54,1988,4,0.03078023379309618
54,1989,1,0.02962675742215163
54,1989,2,0.027119936721592536
54,1989,3,0.022440185745158093
54,1989,4,0.020111262523569855
54,1990,1,0.019776917770825745
54,1990,2,0.016108805881857594
54,1990,3,0.009664877552458345
54,1990,4,0.00357829890127818
54,1991,1,-0.006284291010935233
54,1991,2,-0.014137558304101112
54,1991,3,-0.015192170155686786
54,1991,4,-0.012017851616524956
54,1992,1,-0.007433700379528436
54,1992,2,-0.0008975629949510526
54,1992,3,-0.0004971020871084022
54,1992,4,0.005656048448430312
54,1993,1,0.013327881231345262
54,1993,2,0.01745108218273629
54,1993,3,0.02198583929452505
54,1993,4,0.02545409516647832
54,1994,1,0.02777680993703399
54,1994,2,0.03144591655294877
54,1994,3,0.03477915247491981
54,1994,4,0.03547415799413193
54,1995,1,0.03523601762043727
54,1995,2,0.028810381105434234
54,1995,3,0.023154342114060898
54,1995,4,0.019015105141127146
54,1996,1,0.01640292659418023
54,1996,2,0.020880637454160498
54,1996,3,0.02371199007633586
54,1996,4,0.026235374881172967
54,1997,1,0.0279031454911494
54,1997,2,0.028356034102511977
54,1997,3,0.02811892922869008
54,1997,4,0.029152841375834702
54,1998,1,0.029386034882133424
54,1998,2,0.02671847797377061
54,1998,3,0.026316421904423695
54,1998,4,0.023228770004428356
54,1999,1,0.023100879943198194
54,1999,2,0.022096715386093424
54,1999,3,0.0197080007593383
54,1999,4,0.024000011439842855
54,2000,1,0.02356338008803493
54,2000,2,0.022188925161834575
54,2000,3,0.01927200715000938
54,2000,4,0.016392969576037746
54,2001,1,0.012593937192344336
54,2001,2,0.004149125406583382
54,2001,3,-0.0002538544968044216
54,2001,4,-0.010071390171423025
54,2002,1,-0.013304526254421729
54,2002,2,-0.012992514075164035
54,2002,3,-0.01067232392832515
54,2002,4,-0.0026427503639635747
54,2003,1,-0.002275694288880354
54,2003,2,-0.0036634949121658643
54,2003,3,-0.0009762463084218057
54,2003,4,0.0018533016138685924
54,2004,1,0.006689759106663828
54,2004,2,0.01350392849782572
54,2004,3,0.016094485223486464
54,2004,4,0.018060819411744266
54,2005,1,0.018041468119680416
54,2005,2,0.019316750433135674
54,2005,3,0.022919343273753598
54,2005,4,0.02135888962285179
54,2006,1,0.0252393339497025
54,2006,2,0.02481304902021631
54,2006,3,0.020178425293872527
54,2006,4,0.018312783038092643
54,2007,1,0.015641160951052953
54,2007,2,0.014544608612384657
54,2007,3,0.011713896256411834
54,2007,4,0.0097440069453534
54,2008,1,0.008043505336416472
54,2008,2,0.0023894489715829506
54,2008,3,-0.004377114206505262
54,2008,4,-0.01678461206780765
54,2009,1,-0.03426549611840655
54,2009,2,-0.04628370417941519
54,2009,3,-0.05510291633544832
54,2009,4,-0.050453971212122646
54,2010,1,-0.026729590100077357
54,2010,2,-0.005068930500234964
54,2010,3,0.0034543520440789275
54,2010,4,0.0136107903773005
54,2011,1,0.01672266717307976
54,2011,2,0.017939338778205603
54,2011,3,0.02056949610617172
54,2011,4,0.02322916354191155
54,2012,1,0.02546404655012862
54,2012,2,0.021950206229507527
54,2012,3,0.020456136039945012
54,2012,4,0.018323356687185315
54,2013,1,0.01703793238011337
54,2013,2,0.01694105852638755
54,2013,3,0.01767306100274711
54,2013,4,0.018578901780376453
54,2014,1,0.01781505356649098
54,2014,2,0.02004387477915461
54,2014,3,0.023370418055087164
54,2014,4,0.023401325242630156
54,2015,1,0.023403726751980273
54,2015,2,0.02090835242269229
54,2015,3,0.01766269792549017
54,2015,4,0.01607195051750664
54,2016,1,0.015392631484803167
54,2016,2,0.013749867799018269
54,2016,3,0.01305043840516359
54,2016,4,0.012822754157046092
54,2017,1,0.014853868825166162
54,2017,2,0.016990513858472625
54,2017,3,0.01642625265699008
54,2017,4,0.01599059820242786
54,2018,1,0.01765750444594366
54,2018,2,0.019220956284043206
54,2018,3,0.018771838200916813
54,2018,4,0.017478860756882836
54,2019,1,0.014792029544182489
54,2019,2,0.012368031104739387
54,2019,3,0.011505052637285103
54,2019,4,0.011396090486272003
54,2020,1,0.008632412655503534
54,2020,2,-0.09065682315769316
54,2020,3,-0.05747102198747414
54,2020,4,-0.04238499434924275
54,2021,1,-0.036595885979117074
54,2021,2,0.06828227857462353
54,2021,3,0.037105777288367905
54,2021,4,0.035366716974984384
54,2022,1,0.038234309384413655
54,2022,2,0.037900303424119666
54,2022,3,0.037796280571113575
54,2022,4,0.030030684625455523
54,2023,1,0.024879927711388795
54,2023,2,0.022420861111729806
54,2023,3,0.018557561461926688
54,2023,4,0.015369756131705
54,2024,1,0.01364054749737764
54,2024,2,0.013533514457996037
54,2024,3,0.010904175573448954
54,2024,4,0.009411102053446035
54,2025,1,0.008438778758842582
54,2025,2,0.005954310783562622
54,2025,3,0.005263705031602327
54,2025,4,0.00319689550857682
55,1977,1,0.03249866805388223
55,1977,2,0.04044061716446853
55,1977,3,0.04991065451165265
55,1977,4,0.05593480606990749
55,1978,1,0.05187837718002366
55,1978,2,0.054210069518207046
55,1978,3,0.05343867218315283
55,1978,4,0.05236020515687983
55,1979,1,0.04981610039555571
55,1979,2,0.0416001929448412
55,1979,3,0.03357517666678234
55,1979,4,0.02584151540570797
55,1980,1,0.018849184828406765
55,1980,2,0.0016927121645406663
55,1980,3,-0.006147912523564761
55,1980,4,0.0005583056255580642
55,1981,1,0.001217393502540398
55,1981,2,0.015298016521382582
55,1981,3,0.020413531879042015
55,1981,4,0.008259822115094012
55,1982,1,-0.004919840264245071
55,1982,2,-0.01844389375350074
55,1982,3,-0.0276296062076871
55,1982,4,-0.027418651469109354
55,1983,1,-0.018263463672877605
55,1983,2,-0.0017652484919511346
55,1983,3,0.01951265734509082
55,1983,4,0.04209930105214362
55,1984,1,0.054695941758318926
55,1984,2,0.05818994634109176
55,1984,3,0.05432406647972876
55,1984,4,0.04859417611141955
55,1985,1,0.04083681053115955
55,1985,2,0.03691907440041223
55,1985,3,0.030139340891604142
55,1985,4,0.02720894449968641
55,1986,1,0.023386261741158414
55,1986,2,0.022367114202019752
55,1986,3,0.021915777530977586
55,1986,4,0.01965220370816609
55,1987,1,0.022838701287083492
55,1987,2,0.026170670977622445
55,1987,3,0.028760982006249658
55,1987,4,0.03316933161209378
55,1988,1,0.03384010343616661
55,1988,2,0.033917960897297594
55,1988,3,0.03341528279452537
55,1988,4,0.031451783781504324
55,1989,1,0.03223284190087837
55,1989,2,0.029229590371276593
55,1989,3,0.02452761272602962
55,1989,4,0.019045266724114517
55,1990,1,0.018531120854013455
55,1990,2,0.013085563706965552
55,1990,3,0.007305830088503985
55,1990,4,0.0030858188947111443
55,1991,1,-0.006802568446086366
55,1991,2,-0.014878279053430378
55,1991,3,-0.013097589580760138
55,1991,4,-0.008648562890763998
55,1992,1,-0.004928045991664094
55,1992,2,0.0005430477372400961
55,1992,3,0.0016625476756430002
55,1992,4,0.005702237277481416
55,1993,1,0.01355465625065739
55,1993,2,0.017381456968452575
55,1993,3,0.021877040934115
55,1993,4,0.026345222706889874
55,1994,1,0.026988698829055552
55,1994,2,0.032617486727868926
55,1994,3,0.03695023310029304
55,1994,4,0.038901500869011764
55,1995,1,0.037777112475635664
55,1995,2,0.029471558572275052
55,1995,3,0.02343313316177817
55,1995,4,0.02007706550204566
55,1996,1,0.017130149194749228
55,1996,2,0.020300374207679408
55,1996,3,0.022897002565037253
55,1996,4,0.024621691490466512
55,1997,1,0.027618518452341825
55,1997,2,0.0287663243152916
55,1997,3,0.02686232658721402
55,1997,4,0.027890914755496005
55,1998,1,0.028454742580603046
55,1998,2,0.027835818470231248
55,1998,3,0.026935086135858023
55,1998,4,0.024505501451926672
55,1999,1,0.022235090394762406
55,1999,2,0.022890542269544515
55,1999,3,0.023399040005636827
55,1999,4,0.021554869257046798
55,2000,1,0.020984233525125157
55,2000,2,0.019986715173627892
55,2000,3,0.018026592139224955
55,2000,4,0.013271486159711215
55,2001,1,0.0077535812958920295
55,2001,2,-8.877740679321929e-05
55,2001,3,-0.009306821675845366
55,2001,4,-0.02009164752454656
55,2002,1,-0.02494583667397613
55,2002,2,-0.020545865297512334
55,2002,3,-0.017216560316487745
55,2002,4,-0.010997940925817499
55,2003,1,-0.007844342926408883
55,2003,2,-0.0071019112529933206
55,2003,3,-0.00630870857668538
55,2003,4,-0.0032403586191106335
55,2004,1,0.0023359388711184405
55,2004,2,0.010391893787676033
55,2004,3,0.014432028424847206
55,2004,4,0.016079272276215095
55,2005,1,0.016314743677191868
55,2005,2,0.015711900561076093
55,2005,3,0.019280204914848904
55,2005,4,0.019186210497447738
55,2006,1,0.02156044669662275
55,2006,2,0.01790048033546503
55,2006,3,0.015109922753208254
55,2006,4,0.013561005176863192
55,2007,1,0.011020872444904822
55,2007,2,0.00948925872759084
55,2007,3,0.006820273371423023
55,2007,4,0.005763842968440176
55,2008,1,0.0020472919314975316
55,2008,2,-0.004886215073555147
55,2008,3,-0.012021257099189843
55,2008,4,-0.026189968649020855
55,2009,1,-0.04365239331526334
55,2009,2,-0.05541622202950873
55,2009,3,-0.06078290765104124
55,2009,4,-0.050618996483016473
55,2010,1,-0.03132124081272082
55,2010,2,-0.010076133833852098
55,2010,3,-0.0005781865161582188
55,2010,4,0.007411382755371624
55,2011,1,0.012683943169977882
55,2011,2,0.015388450818400814
55,2011,3,0.017725401400179443
55,2011,4,0.01831400150027068
55,2012,1,0.022050149646939608
55,2012,2,0.019222202656790022
55,2012,3,0.018271016763998296
55,2012,4,0.01746518246177513
55,2013,1,0.016029230560957876
55,2013,2,0.01574411013023824
55,2013,3,0.017236843390582762
55,2013,4,0.018899057853844926
55,2014,1,0.01718164163821638
55,2014,2,0.018747628420654788
55,2014,3,0.020737867562039686
55,2014,4,0.021476152050879865
55,2015,1,0.023330315685397892
55,2015,2,0.0234765227086272
55,2015,3,0.022167018575623112
55,2015,4,0.02136843578885676
55,2016,1,0.01987254331041547
55,2016,2,0.016565496252230034
55,2016,3,0.01781868511436646
55,2016,4,0.01657927637334266
55,2017,1,0.014426535069515183
55,2017,2,0.015798437429155206
55,2017,3,0.01563637501806596
55,2017,4,0.013739343998243852
55,2018,1,0.014887522525510106
55,2018,2,0.01908369525685656
55,2018,3,0.017815566906371372
55,2018,4,0.017500049678085067
55,2019,1,0.014870448395564671
55,2019,2,0.01404226147150561
55,2019,3,0.011925678337385911
55,2019,4,0.012014661419775651
55,2020,1,0.009633276034299044
55,2020,2,-0.09211702544985113
55,2020,3,-0.05308658945372696
55,2020,4,-0.04036817832312526
55,2021,1,-0.03618298340603545
55,2021,2,0.07386235595901659
55,2021,3,0.03963115939109221
55,2021,4,0.036047709658054025
55,2022,1,0.04042072436239312
55,2022,2,0.041746575284310236
55,2022,3,0.03853087567002146
55,2022,4,0.03240234521336532
55,2023,1,0.02525773895878969
55,2023,2,0.020276954164369747
55,2023,3,0.015477138534006847
55,2023,4,0.013666358150365147
55,2024,1,0.013239720307055034
55,2024,2,0.011651108747088459
55,2024,3,0.0074955586096469295
55,2024,4,0.006131277111823918
55,2025,1,0.007408864249426185
55,2025,2,0.005942059385051545
55,2025,3,0.0042080950512574065
55,2025,4,0.003013612118453352
56,1978,1,0.038364259672241365
56,1978,2,0.058813137847559815
56,1978,3,0.060932190511622915
56,1978,4,0.06274719571836697
56,1979,1,0.08438346159849663
56,1979,2,0.044375686439729944
56,1979,3,0.04004250898659086
56,1979,4,0.035949662391328054
56,1980,1,0.0332609753968252
56,1980,2,0.0170304188835382
56,1980,3,0.008429268196884882
56,1980,4,0.01549687907807154
56,1981,1,0.019136897028186745
56,1981,2,0.015733455328916894
56,1981,3,0.03386392970090325
56,1981,4,0.02178413216334685
56,1982,1,0.012240690205797466
56,1982,2,0.008585892228095046
56,1982,3,-0.022996316351844504
56,1982,4,-0.025931945735885368
56,1983,1,-0.023577315949576266
56,1983,2,-0.01423809539493151
56,1983,3,0.008271075414322222
56,1983,4,0.033777742780698866
56,1984,1,0.04766473146396915
56,1984,2,0.05408507097172561
56,1984,3,0.05501065438809133
56,1984,4,0.05000308573388832
56,1985,1,0.04136648971493546
56,1985,2,0.039406942257382956
56,1985,3,0.03462719094965105
56,1985,4,0.02878765328641691
56,1986,1,0.020466125181043463
56,1986,2,0.006508255222743747
56,1986,3,0.003384903651477002
56,1986,4,0.0017708464507994433
56,1987,1,0.010735520537012043
56,1987,2,0.02106275054064467
56,1987,3,0.02850895522457469
56,1987,4,0.033971345638106575
56,1988,1,0.03613061813937048
56,1988,2,0.03506382576128203
56,1988,3,0.03431121110453276
56,1988,4,0.030528297708905056
56,1989,1,0.029163997084281707
56,1989,2,0.02799900022868473
56,1989,3,0.024165680456409433
56,1989,4,0.02387229540032488
56,1990,1,0.024342560093931424
56,1990,2,0.020589055342529097
56,1990,3,0.015617849491221499
56,1990,4,0.010408846708606388
56,1991,1,0.0029089425415213584
56,1991,2,-0.011019981727348421
56,1991,3,-0.014344055197768296
56,1991,4,-0.00897462391630261
56,1992,1,-0.005984368122947869
56,1992,2,-0.0014873449232023588
56,1992,3,-0.0020570053150784826
56,1992,4,0.004993194110370613
56,1993,1,0.013415222560788647
56,1993,2,0.018029377761881137
56,1993,3,0.02409865286244838
56,1993,4,0.027031307132467094
56,1994,1,0.027973951940888864
56,1994,2,0.031451534729874796
56,1994,3,0.03584116836811225
56,1994,4,0.036377782100597576
56,1995,1,0.0352161190184932
56,1995,2,0.028719910175543033
56,1995,3,0.022448235313863685
56,1995,4,0.01948043165659401
56,1996,1,0.018044032093598138
56,1996,2,0.02317294170699346
56,1996,3,0.02596412347846775
56,1996,4,0.026446474626773464
56,1997,1,0.028432727922872082
56,1997,2,0.02900890810622482
56,1997,3,0.02787504669739968
56,1997,4,0.029546880704461702
56,1998,1,0.02727945534543183
56,1998,2,0.02504808316126499
56,1998,3,0.025035130770100337
56,1998,4,0.022514139856499873
56,1999,1,0.01986707042067041
56,1999,2,0.018251345315509537
56,1999,3,0.020205707032551444
56,1999,4,0.020617697830547725
56,2000,1,0.022655848656582857
56,2000,2,0.023492497809009368
56,2000,3,0.020864213208428364
56,2000,4,0.018547962556338435
56,2001,1,0.015184270755494136
56,2001,2,0.00944599030149283
56,2001,3,0.004277396948262006
56,2001,4,-0.005888536735300395
56,2002,1,-0.010151867150082528
56,2002,2,-0.009178509159096855
56,2002,3,-0.007360099237150046
56,2002,4,-0.0033913442118707698
56,2003,1,-0.002015748961857853
56,2003,2,-0.0005151926664332849
56,2003,3,0.0010446196321044104
56,2003,4,0.004069562926352269
56,2004,1,0.008728858703605867
56,2004,2,0.016379119361994085
56,2004,3,0.01902830663230576
56,2004,4,0.020009020431627104
56,2005,1,0.02126766657259518
56,2005,2,0.021938672377077476
56,2005,3,0.025968206999449267
56,2005,4,0.027484777791949046
56,2006,1,0.030455372010820093
56,2006,2,0.02734119102069839
56,2006,3,0.025441646191682318
56,2006,4,0.023563941786671226
56,2007,1,0.021281698569657514
56,2007,2,0.017835037124106064
56,2007,3,0.01521585243108504
56,2007,4,0.014323511520150167
56,2008,1,0.013225147272718996
56,2008,2,0.004027284508305793
56,2008,3,-0.0021516093366020068
56,2008,4,-0.012922262195743717
56,2009,1,-0.03467483561243022
56,2009,2,-0.055204767401402795
56,2009,3,-0.06615813550058802
56,2009,4,-0.055713659277445315
56,2010,1,-0.03306970230715347
56,2010,2,-0.007974624035667028
56,2010,3,0.005616279673276833
56,2010,4,0.01880601178583151
56,2011,1,0.019363175813455268
56,2011,2,0.02502387797569555
56,2011,3,0.026456785062011615
56,2011,4,0.026154347032756264
56,2012,1,0.03132077336035378
56,2012,2,0.028487489790278875
56,2012,3,0.02319264923277001
56,2012,4,0.019392684521405065
56,2013,1,0.016203706967056003
56,2013,2,0.016315506242490486
56,2013,3,0.01896959823754797
56,2013,4,0.021671779034654576
56,2014,1,0.018941357976550614
56,2014,2,0.02131975641247692
56,2014,3,0.024366496187267727
56,2014,4,0.024401393265877522
56,2015,1,0.02265174917464321
56,2015,2,0.011627288794333978
56,2015,3,0.005824859713743986
56,2015,4,-0.0009687339581397581
56,2016,1,0.0010609541039183707
56,2016,2,-0.001372503697578847
56,2016,3,0.001662070062284584
56,2016,4,0.00045292640953244656
56,2017,1,0.008965427333176403
56,2017,2,0.0171541309926883
56,2017,3,0.01829279069558634
56,2017,4,0.0202011940624559
56,2018,1,0.02066992410924234
56,2018,2,0.022321690420250832
56,2018,3,0.0234055454900753
56,2018,4,0.020542869691751946
56,2019,1,0.018912994560945726
56,2019,2,0.012289231235247588
56,2019,3,0.009224462952016553
56,2019,4,0.007600629456224953
56,2020,1,0.004265321885440778
56,2020,2,-0.09705838374732478
56,2020,3,-0.06312244585035892
56,2020,4,-0.05318257891267994
56,2021,1,-0.0455693315170447
56,2021,2,0.059625713195015174
56,2021,3,0.035970509564253225
56,2021,4,0.03585491599374148
56,2022,1,0.04023543552522805
56,2022,2,0.041795060984379226
56,2022,3,0.037948692273005416
56,2022,4,0.031452318384747484
56,2023,1,0.027640449696264502
56,2023,2,0.02382639436728539
56,2023,3,0.019855482525333267
56,2023,4,0.016073193876908167
56,2024,1,0.015213536092090852
56,2024,2,0.012197362792633913
56,2024,3,0.00748973685515145
56,2024,4,0.008190675224549944
56,2025,1,0.008098530447594945
56,2025,2,0.007268987037530808
56,2025,3,0.0032120462856662754
56,2025,4,0.0014914936642404335
