series_id,industry,year,month,employment
CES0500000001,Total private,1976,1,63534.0
CES0500000001,Total private,1976,2,63835.0
CES0500000001,Total private,1976,3,64061.0
CES0500000001,Total private,1976,4,64307.0
CES0500000001,Total private,1976,5,64341.0
CES0500000001,Total private,1976,6,64413.0
CES0500000001,Total private,1976,7,64554.0
CES0500000001,Total private,1976,8,64697.0
CES0500000001,Total private,1976,9,64921.0
CES0500000001,Total private,1976,10,64883.0
CES0500000001,Total private,1976,11,65167.0
CES0500000001,Total private,1976,12,65373.0
CES0500000001,Total private,1977,1,65634.0
CES0500000001,Total private,1977,2,65932.0
CES0500000001,Total private,1977,3,66341.0
CES0500000001,Total private,1977,4,66653.0
CES0500000001,Total private,1977,5,66956.0
CES0500000001,Total private,1977,6,67281.0
CES0500000001,Total private,1977,7,67535.0
CES0500000001,Total private,1977,8,67747.0
CES0500000001,Total private,1977,9,68129.0
CES0500000001,Total private,1977,10,68337.0
CES0500000001,Total private,1977,11,68658.0
CES0500000001,Total private,1977,12,68872.0
CES0500000001,Total private,1978,1,68983.0
CES0500000001,Total private,1978,2,69277.0
CES0500000001,Total private,1978,3,69729.0
CES0500000001,Total private,1978,4,70365.0
CES0500000001,Total private,1978,5,70675.0
CES0500000001,Total private,1978,6,71098.0
CES0500000001,Total private,1978,7,71303.0
CES0500000001,Total private,1978,8,71592.0
CES0500000001,Total private,1978,9,71802.0
CES0500000001,Total private,1978,10,72098.0
CES0500000001,Total private,1978,11,72497.0
CES0500000001,Total private,1978,12,72760.0
CES0500000001,Total private,1979,1,72871.0
CES0500000001,Total private,1979,2,73108.0
CES0500000001,Total private,1979,3,73523.0
CES0500000001,Total private,1979,4,73440.0
CES0500000001,Total private,1979,5,73799.0
CES0500000001,Total private,1979,6,74063.0
CES0500000001,Total private,1979,7,74067.0
CES0500000001,Total private,1979,8,74071.0
CES0500000001,Total private,1979,9,74199.0
CES0500000001,Total private,1979,10,74345.0
CES0500000001,Total private,1979,11,74400.0
CES0500000001,Total private,1979,12,74492.0
CES0500000001,Total private,1980,1,74599.0
CES0500000001,Total private,1980,2,74657.0
CES0500000001,Total private,1980,3,74698.0
CES0500000001,Total private,1980,4,74266.0
CES0500000001,Total private,1980,5,73966.0
CES0500000001,Total private,1980,6,73660.0
CES0500000001,Total private,1980,7,73422.0
CES0500000001,Total private,1980,8,73689.0
CES0500000001,Total private,1980,9,73883.0
CES0500000001,Total private,1980,10,74104.0
CES0500000001,Total private,1980,11,74356.0
CES0500000001,Total private,1980,12,74570.0
CES0500000001,Total private,1981,1,74673.0
CES0500000001,Total private,1981,2,74759.0
CES0500000001,Total private,1981,3,74918.0
CES0500000001,Total private,1981,4,75023.0
CES0500000001,Total private,1981,5,75098.0
CES0500000001,Total private,1981,6,75331.0
CES0500000001,Total private,1981,7,75426.0
CES0500000001,Total private,1981,8,75455.0
CES0500000001,Total private,1981,9,75446.0
CES0500000001,Total private,1981,10,75311.0
CES0500000001,Total private,1981,11,75093.0
CES0500000001,Total private,1981,12,74822.0
CES0500000001,Total private,1982,1,74524.0
CES0500000001,Total private,1982,2,74552.0
CES0500000001,Total private,1982,3,74410.0
CES0500000001,Total private,1982,4,74140.0
CES0500000001,Total private,1982,5,74104.0
CES0500000001,Total private,1982,6,73849.0
CES0500000001,Total private,1982,7,73631.0
CES0500000001,Total private,1982,8,73433.0
CES0500000001,Total private,1982,9,73260.0
CES0500000001,Total private,1982,10,72951.0
CES0500000001,Total private,1982,11,72809.0
CES0500000001,Total private,1982,12,72790.0
CES0500000001,Total private,1983,1,72967.0
CES0500000001,Total private,1983,2,72913.0
CES0500000001,Total private,1983,3,73085.0
CES0500000001,Total private,1983,4,73374.0
CES0500000001,Total private,1983,5,73639.0
CES0500000001,Total private,1983,6,74001.0
CES0500000001,Total private,1983,7,74426.0
CES0500000001,Total private,1983,8,74113.0
CES0500000001,Total private,1983,9,75205.0
CES0500000001,Total private,1983,10,75534.0
CES0500000001,Total private,1983,11,75878.0
CES0500000001,Total private,1983,12,76222.0
CES0500000001,Total private,1984,1,76663.0
CES0500000001,Total private,1984,2,77132.0
CES0500000001,Total private,1984,3,77399.0
CES0500000001,Total private,1984,4,77717.0
CES0500000001,Total private,1984,5,77995.0
CES0500000001,Total private,1984,6,78352.0
CES0500000001,Total private,1984,7,78617.0
CES0500000001,Total private,1984,8,78808.0
CES0500000001,Total private,1984,9,79089.0
CES0500000001,Total private,1984,10,79355.0
CES0500000001,Total private,1984,11,79671.0
CES0500000001,Total private,1984,12,79825.0
CES0500000001,Total private,1985,1,80036.0
CES0500000001,Total private,1985,2,80154.0
CES0500000001,Total private,1985,3,80447.0
CES0500000001,Total private,1985,4,80608.0
CES0500000001,Total private,1985,5,80838.0
CES0500000001,Total private,1985,6,80961.0
CES0500000001,Total private,1985,7,81028.0
CES0500000001,Total private,1985,8,81221.0
CES0500000001,Total private,1985,9,81407.0
CES0500000001,Total private,1985,10,81579.0
CES0500000001,Total private,1985,11,81769.0
CES0500000001,Total private,1985,12,81915.0
CES0500000001,Total private,1986,1,82017.0
CES0500000001,Total private,1986,2,82088.0
CES0500000001,Total private,1986,3,82179.0
CES0500000001,Total private,1986,4,82356.0
CES0500000001,Total private,1986,5,82458.0
CES0500000001,Total private,1986,6,82376.0
CES0500000001,Total private,1986,7,82694.0
CES0500000001,Total private,1986,8,82788.0
CES0500000001,Total private,1986,9,83024.0
CES0500000001,Total private,1986,10,83152.0
CES0500000001,Total private,1986,11,83303.0
CES0500000001,Total private,1986,12,83488.0
CES0500000001,Total private,1987,1,83633.0
CES0500000001,Total private,1987,2,83883.0
CES0500000001,Total private,1987,3,84100.0
CES0500000001,Total private,1987,4,84390.0
CES0500000001,Total private,1987,5,84616.0
CES0500000001,Total private,1987,6,84776.0
CES0500000001,Total private,1987,7,85087.0
CES0500000001,Total private,1987,8,85248.0
CES0500000001,Total private,1987,9,85512.0
CES0500000001,Total private,1987,10,85869.0
CES0500000001,Total private,1987,11,86073.0
CES0500000001,Total private,1987,12,86314.0
CES0500000001,Total private,1988,1,86388.0
CES0500000001,Total private,1988,2,86825.0
CES0500000001,Total private,1988,3,87042.0
CES0500000001,Total private,1988,4,87280.0
CES0500000001,Total private,1988,5,87481.0
CES0500000001,Total private,1988,6,87811.0
CES0500000001,Total private,1988,7,88056.0
CES0500000001,Total private,1988,8,88130.0
CES0500000001,Total private,1988,9,88379.0
CES0500000001,Total private,1988,10,88606.0
CES0500000001,Total private,1988,11,88871.0
CES0500000001,Total private,1988,12,89162.0
CES0500000001,Total private,1989,1,89387.0
CES0500000001,Total private,1989,2,89615.0
CES0500000001,Total private,1989,3,89799.0
CES0500000001,Total private,1989,4,89951.0
CES0500000001,Total private,1989,5,90037.0
CES0500000001,Total private,1989,6,90115.0
CES0500000001,Total private,1989,7,90164.0
CES0500000001,Total private,1989,8,90131.0
CES0500000001,Total private,1989,9,90342.0
CES0500000001,Total private,1989,10,90443.0
CES0500000001,Total private,1989,11,90695.0
CES0500000001,Total private,1989,12,90761.0
CES0500000001,Total private,1990,1,91045.0
CES0500000001,Total private,1990,2,91259.0
CES0500000001,Total private,1990,3,91346.0
CES0500000001,Total private,1990,4,91297.0
CES0500000001,Total private,1990,5,91229.0
CES0500000001,Total private,1990,6,91294.0
CES0500000001,Total private,1990,7,91255.0
CES0500000001,Total private,1990,8,91150.0
CES0500000001,Total private,1990,9,91085.0
CES0500000001,Total private,1990,10,90934.0
CES0500000001,Total private,1990,11,90772.0
CES0500000001,Total private,1990,12,90700.0
CES0500000001,Total private,1991,1,90584.0
CES0500000001,Total private,1991,2,90253.0
CES0500000001,Total private,1991,3,90080.0
CES0500000001,Total private,1991,4,89865.0
CES0500000001,Total private,1991,5,89755.0
CES0500000001,Total private,1991,6,89769.0
CES0500000001,Total private,1991,7,89692.0
CES0500000001,Total private,1991,8,89733.0
CES0500000001,Total private,1991,9,89792.0
CES0500000001,Total private,1991,10,89768.0
CES0500000001,Total private,1991,11,89673.0
CES0500000001,Total private,1991,12,89689.0
CES0500000001,Total private,1992,1,89677.0
CES0500000001,Total private,1992,2,89623.0
CES0500000001,Total private,1992,3,89652.0
CES0500000001,Total private,1992,4,89777.0
CES0500000001,Total private,1992,5,89893.0
CES0500000001,Total private,1992,6,89944.0
CES0500000001,Total private,1992,7,89976.0
CES0500000001,Total private,1992,8,90033.0
CES0500000001,Total private,1992,9,90122.0
CES0500000001,Total private,1992,10,90311.0
CES0500000001,Total private,1992,11,90442.0
CES0500000001,Total private,1992,12,90624.0
CES0500000001,Total private,1993,1,90889.0
CES0500000001,Total private,1993,2,91145.0
CES0500000001,Total private,1993,3,91097.0
CES0500000001,Total private,1993,4,91362.0
CES0500000001,Total private,1993,5,91620.0
CES0500000001,Total private,1993,6,91773.0
CES0500000001,Total private,1993,7,91994.0
CES0500000001,Total private,1993,8,92172.0
CES0500000001,Total private,1993,9,92407.0
CES0500000001,Total private,1993,10,92692.0
CES0500000001,Total private,1993,11,92919.0
CES0500000001,Total private,1993,12,93216.0
CES0500000001,Total private,1994,1,93454.0
CES0500000001,Total private,1994,2,93632.0
CES0500000001,Total private,1994,3,94055.0
CES0500000001,Total private,1994,4,94366.0
CES0500000001,Total private,1994,5,94658.0
CES0500000001,Total private,1994,6,94965.0
CES0500000001,Total private,1994,7,95307.0
CES0500000001,Total private,1994,8,95596.0
CES0500000001,Total private,1994,9,95909.0
CES0500000001,Total private,1994,10,96113.0
CES0500000001,Total private,1994,11,96500.0
CES0500000001,Total private,1994,12,96786.0
CES0500000001,Total private,1995,1,97108.0
CES0500000001,Total private,1995,2,97287.0
CES0500000001,Total private,1995,3,97481.0
CES0500000001,Total private,1995,4,97632.0
CES0500000001,Total private,1995,5,97628.0
CES0500000001,Total private,1995,6,97846.0
CES0500000001,Total private,1995,7,97945.0
CES0500000001,Total private,1995,8,98217.0
CES0500000001,Total private,1995,9,98443.0
CES0500000001,Total private,1995,10,98562.0
CES0500000001,Total private,1995,11,98702.0
CES0500000001,Total private,1995,12,98859.0
CES0500000001,Total private,1996,1,98867.0
CES0500000001,Total private,1996,2,99253.0
CES0500000001,Total private,1996,3,99460.0
CES0500000001,Total private,1996,4,99643.0
CES0500000001,Total private,1996,5,99968.0
CES0500000001,Total private,1996,6,100242.0
CES0500000001,Total private,1996,7,100472.0
CES0500000001,Total private,1996,8,100694.0
CES0500000001,Total private,1996,9,100833.0
CES0500000001,Total private,1996,10,101111.0
CES0500000001,Total private,1996,11,101382.0
CES0500000001,Total private,1996,12,101572.0
CES0500000001,Total private,1997,1,101763.0
CES0500000001,Total private,1997,2,102075.0
CES0500000001,Total private,1997,3,102383.0
CES0500000001,Total private,1997,4,102686.0
CES0500000001,Total private,1997,5,102959.0
CES0500000001,Total private,1997,6,103156.0
CES0500000001,Total private,1997,7,103428.0
CES0500000001,Total private,1997,8,103470.0
CES0500000001,Total private,1997,9,103896.0
CES0500000001,Total private,1997,10,104186.0
CES0500000001,Total private,1997,11,104464.0
CES0500000001,Total private,1997,12,104783.0
CES0500000001,Total private,1998,1,105036.0
CES0500000001,Total private,1998,2,105231.0
CES0500000001,Total private,1998,3,105373.0
CES0500000001,Total private,1998,4,105629.0
CES0500000001,Total private,1998,5,105970.0
CES0500000001,Total private,1998,6,106197.0
CES0500000001,Total private,1998,7,106282.0
CES0500000001,Total private,1998,8,106587.0
CES0500000001,Total private,1998,9,106759.0
CES0500000001,Total private,1998,10,106948.0
CES0500000001,Total private,1998,11,107178.0
CES0500000001,Total private,1998,12,107516.0
CES0500000001,Total private,1999,1,107615.0
CES0500000001,Total private,1999,2,107973.0
CES0500000001,Total private,1999,3,108066.0
CES0500000001,Total private,1999,4,108358.0
CES0500000001,Total private,1999,5,108584.0
CES0500000001,Total private,1999,6,108812.0
CES0500000001,Total private,1999,7,109083.0
CES0500000001,Total private,1999,8,109197.0
CES0500000001,Total private,1999,9,109367.0
CES0500000001,Total private,1999,10,109721.0
CES0500000001,Total private,1999,11,109970.0
CES0500000001,Total private,1999,12,110243.0
CES0500000001,Total private,2000,1,110440.0
CES0500000001,Total private,2000,2,110521.0
CES0500000001,Total private,2000,3,110871.0
CES0500000001,Total private,2000,4,111082.0
CES0500000001,Total private,2000,5,110958.0
CES0500000001,Total private,2000,6,111176.0
CES0500000001,Total private,2000,7,111361.0
CES0500000001,Total private,2000,8,111397.0
CES0500000001,Total private,2000,9,111602.0
CES0500000001,Total private,2000,10,111609.0
CES0500000001,Total private,2000,11,111796.0
CES0500000001,Total private,2000,12,111912.0
CES0500000001,Total private,2001,1,111868.0
CES0500000001,Total private,2001,2,111882.0
CES0500000001,Total private,2001,3,111806.0
CES0500000001,Total private,2001,4,111466.0
CES0500000001,Total private,2001,5,111379.0
CES0500000001,Total private,2001,6,111163.0
CES0500000001,Total private,2001,7,110987.0
CES0500000001,Total private,2001,8,110803.0
CES0500000001,Total private,2001,9,110521.0
CES0500000001,Total private,2001,10,110177.0
CES0500000001,Total private,2001,11,109818.0
CES0500000001,Total private,2001,12,109628.0
CES0500000001,Total private,2002,1,109482.0
CES0500000001,Total private,2002,2,109347.0
CES0500000001,Total private,2002,3,109291.0
CES0500000001,Total private,2002,4,109173.0
CES0500000001,Total private,2002,5,109118.0
CES0500000001,Total private,2002,6,109125.0
CES0500000001,Total private,2002,7,109040.0
CES0500000001,Total private,2002,8,108992.0
CES0500000001,Total private,2002,9,108956.0
CES0500000001,Total private,2002,10,109058.0
CES0500000001,Total private,2002,11,109035.0
CES0500000001,Total private,2002,12,108877.0
CES0500000001,Total private,2003,1,108947.0
CES0500000001,Total private,2003,2,108817.0
CES0500000001,Total private,2003,3,108625.0
CES0500000001,Total private,2003,4,108578.0
CES0500000001,Total private,2003,5,108630.0
CES0500000001,Total private,2003,6,108580.0
CES0500000001,Total private,2003,7,108551.0
CES0500000001,Total private,2003,8,108597.0
CES0500000001,Total private,2003,9,108748.0
CES0500000001,Total private,2003,10,108881.0
CES0500000001,Total private,2003,11,108945.0
CES0500000001,Total private,2003,12,109043.0
CES0500000001,Total private,2004,1,109218.0
CES0500000001,Total private,2004,2,109271.0
CES0500000001,Total private,2004,3,109552.0
CES0500000001,Total private,2004,4,109798.0
CES0500000001,Total private,2004,5,110083.0
CES0500000001,Total private,2004,6,110193.0
CES0500000001,Total private,2004,7,110248.0
CES0500000001,Total private,2004,8,110313.0
CES0500000001,Total private,2004,9,110454.0
CES0500000001,Total private,2004,10,110773.0
CES0500000001,Total private,2004,11,110811.0
CES0500000001,Total private,2004,12,110937.0
CES0500000001,Total private,2005,1,111046.0
CES0500000001,Total private,2005,2,111290.0
CES0500000001,Total private,2005,3,111414.0
CES0500000001,Total private,2005,4,111766.0
CES0500000001,Total private,2005,5,111908.0
CES0500000001,Total private,2005,6,112185.0
CES0500000001,Total private,2005,7,112443.0
CES0500000001,Total private,2005,8,112639.0
CES0500000001,Total private,2005,9,112707.0
CES0500000001,Total private,2005,10,112812.0
CES0500000001,Total private,2005,11,113138.0
CES0500000001,Total private,2005,12,113280.0
CES0500000001,Total private,2006,1,113580.0
CES0500000001,Total private,2006,2,113855.0
CES0500000001,Total private,2006,3,114135.0
CES0500000001,Total private,2006,4,114291.0
CES0500000001,Total private,2006,5,114323.0
CES0500000001,Total private,2006,6,114415.0
CES0500000001,Total private,2006,7,114556.0
CES0500000001,Total private,2006,8,114681.0
CES0500000001,Total private,2006,9,114744.0
CES0500000001,Total private,2006,10,114775.0
CES0500000001,Total private,2006,11,114977.0
CES0500000001,Total private,2006,12,115161.0
CES0500000001,Total private,2007,1,115377.0
CES0500000001,Total private,2007,2,115429.0
CES0500000001,Total private,2007,3,115635.0
CES0500000001,Total private,2007,4,115672.0
CES0500000001,Total private,2007,5,115799.0
CES0500000001,Total private,2007,6,115863.0
CES0500000001,Total private,2007,7,115873.0
CES0500000001,Total private,2007,8,115787.0
CES0500000001,Total private,2007,9,115820.0
CES0500000001,Total private,2007,10,115878.0
CES0500000001,Total private,2007,11,115956.0
CES0500000001,Total private,2007,12,116019.0
CES0500000001,Total private,2008,1,116003.0
CES0500000001,Total private,2008,2,115912.0
CES0500000001,Total private,2008,3,115816.0
CES0500000001,Total private,2008,4,115590.0
CES0500000001,Total private,2008,5,115368.0
CES0500000001,Total private,2008,6,115183.0
CES0500000001,Total private,2008,7,114929.0
CES0500000001,Total private,2008,8,114644.0
CES0500000001,Total private,2008,9,114223.0
CES0500000001,Total private,2008,10,113742.0
CES0500000001,Total private,2008,11,112981.0
CES0500000001,Total private,2008,12,112291.0
CES0500000001,Total private,2009,1,111500.0
CES0500000001,Total private,2009,2,110742.0
CES0500000001,Total private,2009,3,109934.0
CES0500000001,Total private,2009,4,109145.0
CES0500000001,Total private,2009,5,108849.0
CES0500000001,Total private,2009,6,108432.0
CES0500000001,Total private,2009,7,108141.0
CES0500000001,Total private,2009,8,107935.0
CES0500000001,Total private,2009,9,107795.0
CES0500000001,Total private,2009,10,107537.0
CES0500000001,Total private,2009,11,107524.0
CES0500000001,Total private,2009,12,107326.0
CES0500000001,Total private,2010,1,107311.0
CES0500000001,Total private,2010,2,107230.0
CES0500000001,Total private,2010,3,107348.0
CES0500000001,Total private,2010,4,107551.0
CES0500000001,Total private,2010,5,107646.0
CES0500000001,Total private,2010,6,107770.0
CES0500000001,Total private,2010,7,107846.0
CES0500000001,Total private,2010,8,107995.0
CES0500000001,Total private,2010,9,108094.0
CES0500000001,Total private,2010,10,108323.0
CES0500000001,Total private,2010,11,108462.0
CES0500000001,Total private,2010,12,108564.0
CES0500000001,Total private,2011,1,108579.0
CES0500000001,Total private,2011,2,108842.0
CES0500000001,Total private,2011,3,109091.0
CES0500000001,Total private,2011,4,109413.0
CES0500000001,Total private,2011,5,109574.0
CES0500000001,Total private,2011,6,109767.0
CES0500000001,Total private,2011,7,109943.0
CES0500000001,Total private,2011,8,110108.0
CES0500000001,Total private,2011,9,110361.0
CES0500000001,Total private,2011,10,110555.0
CES0500000001,Total private,2011,11,110719.0
CES0500000001,Total private,2011,12,110934.0
CES0500000001,Total private,2012,1,111300.0
CES0500000001,Total private,2012,2,111562.0
CES0500000001,Total private,2012,3,111805.0
CES0500000001,Total private,2012,4,111894.0
CES0500000001,Total private,2012,5,112021.0
CES0500000001,Total private,2012,6,112083.0
CES0500000001,Total private,2012,7,112244.0
CES0500000001,Total private,2012,8,112423.0
CES0500000001,Total private,2012,9,112592.0
CES0500000001,Total private,2012,10,112766.0
CES0500000001,Total private,2012,11,112942.0
CES0500000001,Total private,2012,12,113187.0
CES0500000001,Total private,2013,1,113388.0
CES0500000001,Total private,2013,2,113665.0
CES0500000001,Total private,2013,3,113819.0
CES0500000001,Total private,2013,4,114004.0
CES0500000001,Total private,2013,5,114232.0
CES0500000001,Total private,2013,6,114439.0
CES0500000001,Total private,2013,7,114576.0
CES0500000001,Total private,2013,8,114815.0
CES0500000001,Total private,2013,9,114986.0
CES0500000001,Total private,2013,10,115211.0
CES0500000001,Total private,2013,11,115474.0
CES0500000001,Total private,2013,12,115552.0
CES0500000001,Total private,2014,1,115747.0
CES0500000001,Total private,2014,2,115887.0
CES0500000001,Total private,2014,3,116152.0
CES0500000001,Total private,2014,4,116445.0
CES0500000001,Total private,2014,5,116681.0
CES0500000001,Total private,2014,6,116954.0
CES0500000001,Total private,2014,7,117171.0
CES0500000001,Total private,2014,8,117414.0
CES0500000001,Total private,2014,9,117666.0
CES0500000001,Total private,2014,10,117881.0
CES0500000001,Total private,2014,11,118157.0
CES0500000001,Total private,2014,12,118417.0
CES0500000001,Total private,2015,1,118608.0
CES0500000001,Total private,2015,2,118849.0
CES0500000001,Total private,2015,3,118953.0
CES0500000001,Total private,2015,4,119191.0
CES0500000001,Total private,2015,5,119526.0
CES0500000001,Total private,2015,6,119694.0
CES0500000001,Total private,2015,7,119941.0
CES0500000001,Total private,2015,8,120065.0
CES0500000001,Total private,2015,9,120235.0
CES0500000001,Total private,2015,10,120523.0
CES0500000001,Total private,2015,11,120727.0
CES0500000001,Total private,2015,12,120980.0
CES0500000001,Total private,2016,1,121096.0
CES0500000001,Total private,2016,2,121268.0
CES0500000001,Total private,2016,3,121484.0
CES0500000001,Total private,2016,4,121670.0
CES0500000001,Total private,2016,5,121701.0
CES0500000001,Total private,2016,6,121967.0
CES0500000001,Total private,2016,7,122231.0
CES0500000001,Total private,2016,8,122377.0
CES0500000001,Total private,2016,9,122644.0
CES0500000001,Total private,2016,10,122770.0
CES0500000001,Total private,2016,11,122906.0
CES0500000001,Total private,2016,12,123104.0
CES0500000001,Total private,2017,1,123312.0
CES0500000001,Total private,2017,2,123520.0
CES0500000001,Total private,2017,3,123641.0
CES0500000001,Total private,2017,4,123840.0
CES0500000001,Total private,2017,5,124033.0
CES0500000001,Total private,2017,6,124223.0
CES0500000001,Total private,2017,7,124398.0
CES0500000001,Total private,2017,8,124609.0
CES0500000001,Total private,2017,9,124675.0
CES0500000001,Total private,2017,10,124788.0
CES0500000001,Total private,2017,11,124993.0
CES0500000001,Total private,2017,12,125139.0
CES0500000001,Total private,2018,1,125286.0
CES0500000001,Total private,2018,2,125635.0
CES0500000001,Total private,2018,3,125853.0
CES0500000001,Total private,2018,4,125976.0
CES0500000001,Total private,2018,5,126293.0
CES0500000001,Total private,2018,6,126478.0
CES0500000001,Total private,2018,7,126584.0
CES0500000001,Total private,2018,8,126809.0
CES0500000001,Total private,2018,9,126884.0
CES0500000001,Total private,2018,10,127048.0
CES0500000001,Total private,2018,11,127144.0
CES0500000001,Total private,2018,12,127298.0
CES0500000001,Total private,2019,1,127552.0
CES0500000001,Total private,2019,2,127542.0
CES0500000001,Total private,2019,3,127726.0
CES0500000001,Total private,2019,4,127972.0
CES0500000001,Total private,2019,5,128056.0
CES0500000001,Total private,2019,6,128234.0
CES0500000001,Total private,2019,7,128365.0
CES0500000001,Total private,2019,8,128544.0
CES0500000001,Total private,2019,9,128712.0
CES0500000001,Total private,2019,10,128790.0
CES0500000001,Total private,2019,11,128958.0
CES0500000001,Total private,2019,12,129068.0
CES0500000001,Total private,2020,1,129250.0
CES0500000001,Total private,2020,2,129436.0
CES0500000001,Total private,2020,3,128068.0
CES0500000001,Total private,2020,4,108517.0
CES0500000001,Total private,2020,5,111647.0
CES0500000001,Total private,2020,6,116259.0
CES0500000001,Total private,2020,7,117741.0
CES0500000001,Total private,2020,8,118821.0
CES0500000001,Total private,2020,9,119841.0
CES0500000001,Total private,2020,10,120655.0
CES0500000001,Total private,2020,11,121050.0
CES0500000001,Total private,2020,12,120870.0
CES0500000001,Total private,2021,1,121122.0
CES0500000001,Total private,2021,2,121626.0
CES0500000001,Total private,2021,3,122388.0
CES0500000001,Total private,2021,4,122694.0
CES0500000001,Total private,2021,5,123136.0
CES0500000001,Total private,2021,6,123789.0
CES0500000001,Total private,2021,7,124723.0
CES0500000001,Total private,2021,8,125178.0
CES0500000001,Total private,2021,9,125669.0
CES0500000001,Total private,2021,10,126545.0
CES0500000001,Total private,2021,11,127184.0
CES0500000001,Total private,2021,12,127754.0
CES0500000001,Total private,2022,1,127957.0
CES0500000001,Total private,2022,2,128793.0
CES0500000001,Total private,2022,3,129282.0
CES0500000001,Total private,2022,4,129554.0
CES0500000001,Total private,2022,5,129799.0
CES0500000001,Total private,2022,6,130216.0
CES0500000001,Total private,2022,7,130766.0
CES0500000001,Total private,2022,8,131056.0
CES0500000001,Total private,2022,9,131285.0
CES0500000001,Total private,2022,10,131646.0
CES0500000001,Total private,2022,11,131863.0
CES0500000001,Total private,2022,12,131977.0
CES0500000001,Total private,2023,1,132292.0
CES0500000001,Total private,2023,2,132528.0
CES0500000001,Total private,2023,3,132554.0
CES0500000001,Total private,2023,4,132733.0
CES0500000001,Total private,2023,5,132933.0
CES0500000001,Total private,2023,6,133088.0
CES0500000001,Total private,2023,7,133206.0
CES0500000001,Total private,2023,8,133354.0
CES0500000001,Total private,2023,9,133469.0
CES0500000001,Total private,2023,10,133583.0
CES0500000001,Total private,2023,11,133667.0
CES0500000001,Total private,2023,12,133766.0
CES0500000001,Total private,2024,1,133892.0
CES0500000001,Total private,2024,2,134027.0
CES0500000001,Total private,2024,3,134170.0
CES0500000001,Total private,2024,4,134233.0
CES0500000001,Total private,2024,5,134278.0
CES0500000001,Total private,2024,6,134356.0
CES0500000001,Total private,2024,7,134348.0
CES0500000001,Total private,2024,8,134321.0
CES0500000001,Total private,2024,9,134463.0
CES0500000001,Total private,2024,10,134459.0
CES0500000001,Total private,2024,11,134575.0
CES0500000001,Total private,2024,12,134787.0
CES0500000001,Total private,2025,1,134711.0
CES0500000001,Total private,2025,2,134751.0
CES0500000001,Total private,2025,3,134818.0
CES0500000001,Total private,2025,4,134917.0
CES0500000001,Total private,2025,5,134937.0
CES0500000001,Total private,2025,6,134892.0
CES0500000001,Total private,2025,7,134957.0
CES0500000001,Total private,2025,8,134937.0
CES0500000001,Total private,2025,9,135005.0
CES0500000001,Total private,2025,10,135018.0
CES0500000001,Total private,2025,11,135090.0
CES0500000001,Total private,2025,12,135083.0
CES1000000001,Mining and logging,1976,1,824.0
CES1000000001,Mining and logging,1976,2,822.0
CES1000000001,Mining and logging,1976,3,825.0
CES1000000001,Mining and logging,1976,4,825.0
CES1000000001,Mining and logging,1976,5,826.0
CES1000000001,Mining and logging,1976,6,829.0
CES1000000001,Mining and logging,1976,7,837.0
CES1000000001,Mining and logging,1976,8,810.0
CES1000000001,Mining and logging,1976,9,843.0
CES1000000001,Mining and logging,1976,10,844.0
CES1000000001,Mining and logging,1976,11,847.0
CES1000000001,Mining and logging,1976,12,854.0
CES1000000001,Mining and logging,1977,1,857.0
CES1000000001,Mining and logging,1977,2,860.0
CES1000000001,Mining and logging,1977,3,872.0
CES1000000001,Mining and logging,1977,4,879.0
CES1000000001,Mining and logging,1977,5,882.0
CES1000000001,Mining and logging,1977,6,892.0
CES1000000001,Mining and logging,1977,7,866.0
CES1000000001,Mining and logging,1977,8,853.0
CES1000000001,Mining and logging,1977,9,887.0
CES1000000001,Mining and logging,1977,10,889.0
CES1000000001,Mining and logging,1977,11,894.0
CES1000000001,Mining and logging,1977,12,753.0
CES1000000001,Mining and logging,1978,1,752.0
CES1000000001,Mining and logging,1978,2,756.0
CES1000000001,Mining and logging,1978,3,772.0
CES1000000001,Mining and logging,1978,4,928.0
CES1000000001,Mining and logging,1978,5,932.0
CES1000000001,Mining and logging,1978,6,940.0
CES1000000001,Mining and logging,1978,7,946.0
CES1000000001,Mining and logging,1978,8,948.0
CES1000000001,Mining and logging,1978,9,952.0
CES1000000001,Mining and logging,1978,10,959.0
CES1000000001,Mining and logging,1978,11,968.0
CES1000000001,Mining and logging,1978,12,974.0
CES1000000001,Mining and logging,1979,1,979.0
CES1000000001,Mining and logging,1979,2,986.0
CES1000000001,Mining and logging,1979,3,993.0
CES1000000001,Mining and logging,1979,4,992.0
CES1000000001,Mining and logging,1979,5,997.0
CES1000000001,Mining and logging,1979,6,1004.0
CES1000000001,Mining and logging,1979,7,1011.0
CES1000000001,Mining and logging,1979,8,1019.0
CES1000000001,Mining and logging,1979,9,1021.0
CES1000000001,Mining and logging,1979,10,1028.0
CES1000000001,Mining and logging,1979,11,1031.0
CES1000000001,Mining and logging,1979,12,1039.0
CES1000000001,Mining and logging,1980,1,1042.0
CES1000000001,Mining and logging,1980,2,1050.0
CES1000000001,Mining and logging,1980,3,1053.0
CES1000000001,Mining and logging,1980,4,1061.0
CES1000000001,Mining and logging,1980,5,1074.0
CES1000000001,Mining and logging,1980,6,1083.0
CES1000000001,Mining and logging,1980,7,1071.0
CES1000000001,Mining and logging,1980,8,1069.0
CES1000000001,Mining and logging,1980,9,1085.0
CES1000000001,Mining and logging,1980,10,1095.0
CES1000000001,Mining and logging,1980,11,1113.0
CES1000000001,Mining and logging,1980,12,1127.0
CES1000000001,Mining and logging,1981,1,1139.0
CES1000000001,Mining and logging,1981,2,1148.0
CES1000000001,Mining and logging,1981,3,1160.0
CES1000000001,Mining and logging,1981,4,1026.0
CES1000000001,Mining and logging,1981,5,1039.0
CES1000000001,Mining and logging,1981,6,1190.0
CES1000000001,Mining and logging,1981,7,1218.0
CES1000000001,Mining and logging,1981,8,1232.0
CES1000000001,Mining and logging,1981,9,1244.0
CES1000000001,Mining and logging,1981,10,1247.0
CES1000000001,Mining and logging,1981,11,1257.0
CES1000000001,Mining and logging,1981,12,1256.0
CES1000000001,Mining and logging,1982,1,1246.0
CES1000000001,Mining and logging,1982,2,1249.0
CES1000000001,Mining and logging,1982,3,1249.0
CES1000000001,Mining and logging,1982,4,1230.0
CES1000000001,Mining and logging,1982,5,1204.0
CES1000000001,Mining and logging,1982,6,1183.0
CES1000000001,Mining and logging,1982,7,1155.0
CES1000000001,Mining and logging,1982,8,1131.0
CES1000000001,Mining and logging,1982,9,1110.0
CES1000000001,Mining and logging,1982,10,1086.0
CES1000000001,Mining and logging,1982,11,1067.0
CES1000000001,Mining and logging,1982,12,1050.0
CES1000000001,Mining and logging,1983,1,1031.0
CES1000000001,Mining and logging,1983,2,1006.0
CES1000000001,Mining and logging,1983,3,996.0
CES1000000001,Mining and logging,1983,4,987.0
CES1000000001,Mining and logging,1983,5,984.0
CES1000000001,Mining and logging,1983,6,983.0
CES1000000001,Mining and logging,1983,7,989.0
CES1000000001,Mining and logging,1983,8,989.0
CES1000000001,Mining and logging,1983,9,988.0
CES1000000001,Mining and logging,1983,10,1001.0
CES1000000001,Mining and logging,1983,11,1002.0
CES1000000001,Mining and logging,1983,12,1004.0
CES1000000001,Mining and logging,1984,1,1007.0
CES1000000001,Mining and logging,1984,2,1008.0
CES1000000001,Mining and logging,1984,3,1010.0
CES1000000001,Mining and logging,1984,4,1010.0
CES1000000001,Mining and logging,1984,5,1017.0
CES1000000001,Mining and logging,1984,6,1023.0
CES1000000001,Mining and logging,1984,7,1024.0
CES1000000001,Mining and logging,1984,8,1027.0
CES1000000001,Mining and logging,1984,9,1022.0
CES1000000001,Mining and logging,1984,10,1012.0
CES1000000001,Mining and logging,1984,11,1006.0
CES1000000001,Mining and logging,1984,12,998.0
CES1000000001,Mining and logging,1985,1,995.0
CES1000000001,Mining and logging,1985,2,993.0
CES1000000001,Mining and logging,1985,3,992.0
CES1000000001,Mining and logging,1985,4,994.0
CES1000000001,Mining and logging,1985,5,990.0
CES1000000001,Mining and logging,1985,6,984.0
CES1000000001,Mining and logging,1985,7,974.0
CES1000000001,Mining and logging,1985,8,967.0
CES1000000001,Mining and logging,1985,9,958.0
CES1000000001,Mining and logging,1985,10,953.0
CES1000000001,Mining and logging,1985,11,944.0
CES1000000001,Mining and logging,1985,12,938.0
CES1000000001,Mining and logging,1986,1,936.0
CES1000000001,Mining and logging,1986,2,918.0
CES1000000001,Mining and logging,1986,3,890.0
CES1000000001,Mining and logging,1986,4,861.0
CES1000000001,Mining and logging,1986,5,832.0
CES1000000001,Mining and logging,1986,6,816.0
CES1000000001,Mining and logging,1986,7,808.0
CES1000000001,Mining and logging,1986,8,793.0
CES1000000001,Mining and logging,1986,9,779.0
CES1000000001,Mining and logging,1986,10,777.0
CES1000000001,Mining and logging,1986,11,772.0
CES1000000001,Mining and logging,1986,12,766.0
CES1000000001,Mining and logging,1987,1,760.0
CES1000000001,Mining and logging,1987,2,759.0
CES1000000001,Mining and logging,1987,3,761.0
CES1000000001,Mining and logging,1987,4,764.0
CES1000000001,Mining and logging,1987,5,768.0
CES1000000001,Mining and logging,1987,6,767.0
CES1000000001,Mining and logging,1987,7,770.0
CES1000000001,Mining and logging,1987,8,774.0
CES1000000001,Mining and logging,1987,9,779.0
CES1000000001,Mining and logging,1987,10,784.0
CES1000000001,Mining and logging,1987,11,784.0
CES1000000001,Mining and logging,1987,12,783.0
CES1000000001,Mining and logging,1988,1,784.0
CES1000000001,Mining and logging,1988,2,784.0
CES1000000001,Mining and logging,1988,3,779.0
CES1000000001,Mining and logging,1988,4,779.0
CES1000000001,Mining and logging,1988,5,776.0
CES1000000001,Mining and logging,1988,6,774.0
CES1000000001,Mining and logging,1988,7,770.0
CES1000000001,Mining and logging,1988,8,767.0
CES1000000001,Mining and logging,1988,9,758.0
CES1000000001,Mining and logging,1988,10,759.0
CES1000000001,Mining and logging,1988,11,754.0
CES1000000001,Mining and logging,1988,12,752.0
CES1000000001,Mining and logging,1989,1,751.0
CES1000000001,Mining and logging,1989,2,747.0
CES1000000001,Mining and logging,1989,3,749.0
CES1000000001,Mining and logging,1989,4,750.0
CES1000000001,Mining and logging,1989,5,750.0
CES1000000001,Mining and logging,1989,6,741.0
CES1000000001,Mining and logging,1989,7,730.0
CES1000000001,Mining and logging,1989,8,754.0
CES1000000001,Mining and logging,1989,9,755.0
CES1000000001,Mining and logging,1989,10,755.0
CES1000000001,Mining and logging,1989,11,759.0
CES1000000001,Mining and logging,1989,12,759.0
CES1000000001,Mining and logging,1990,1,762.0
CES1000000001,Mining and logging,1990,2,760.0
CES1000000001,Mining and logging,1990,3,761.0
CES1000000001,Mining and logging,1990,4,766.0
CES1000000001,Mining and logging,1990,5,770.0
CES1000000001,Mining and logging,1990,6,771.0
CES1000000001,Mining and logging,1990,7,769.0
CES1000000001,Mining and logging,1990,8,765.0
CES1000000001,Mining and logging,1990,9,766.0
CES1000000001,Mining and logging,1990,10,763.0
CES1000000001,Mining and logging,1990,11,761.0
CES1000000001,Mining and logging,1990,12,760.0
CES1000000001,Mining and logging,1991,1,759.0
CES1000000001,Mining and logging,1991,2,759.0
CES1000000001,Mining and logging,1991,3,756.0
CES1000000001,Mining and logging,1991,4,752.0
CES1000000001,Mining and logging,1991,5,748.0
CES1000000001,Mining and logging,1991,6,746.0
CES1000000001,Mining and logging,1991,7,741.0
CES1000000001,Mining and logging,1991,8,735.0
CES1000000001,Mining and logging,1991,9,729.0
CES1000000001,Mining and logging,1991,10,722.0
CES1000000001,Mining and logging,1991,11,715.0
CES1000000001,Mining and logging,1991,12,710.0
CES1000000001,Mining and logging,1992,1,707.0
CES1000000001,Mining and logging,1992,2,701.0
CES1000000001,Mining and logging,1992,3,700.0
CES1000000001,Mining and logging,1992,4,698.0
CES1000000001,Mining and logging,1992,5,695.0
CES1000000001,Mining and logging,1992,6,688.0
CES1000000001,Mining and logging,1992,7,685.0
CES1000000001,Mining and logging,1992,8,681.0
CES1000000001,Mining and logging,1992,9,675.0
CES1000000001,Mining and logging,1992,10,678.0
CES1000000001,Mining and logging,1992,11,677.0
CES1000000001,Mining and logging,1992,12,676.0
CES1000000001,Mining and logging,1993,1,677.0
CES1000000001,Mining and logging,1993,2,670.0
CES1000000001,Mining and logging,1993,3,671.0
CES1000000001,Mining and logging,1993,4,669.0
CES1000000001,Mining and logging,1993,5,671.0
CES1000000001,Mining and logging,1993,6,664.0
CES1000000001,Mining and logging,1993,7,661.0
CES1000000001,Mining and logging,1993,8,656.0
CES1000000001,Mining and logging,1993,9,660.0
CES1000000001,Mining and logging,1993,10,659.0
CES1000000001,Mining and logging,1993,11,659.0
CES1000000001,Mining and logging,1993,12,673.0
CES1000000001,Mining and logging,1994,1,670.0
CES1000000001,Mining and logging,1994,2,666.0
CES1000000001,Mining and logging,1994,3,663.0
CES1000000001,Mining and logging,1994,4,661.0
CES1000000001,Mining and logging,1994,5,658.0
CES1000000001,Mining and logging,1994,6,658.0
CES1000000001,Mining and logging,1994,7,657.0
CES1000000001,Mining and logging,1994,8,656.0
CES1000000001,Mining and logging,1994,9,658.0
CES1000000001,Mining and logging,1994,10,653.0
CES1000000001,Mining and logging,1994,11,653.0
CES1000000001,Mining and logging,1994,12,652.0
CES1000000001,Mining and logging,1995,1,651.0
CES1000000001,Mining and logging,1995,2,647.0
CES1000000001,Mining and logging,1995,3,646.0
CES1000000001,Mining and logging,1995,4,644.0
CES1000000001,Mining and logging,1995,5,641.0
CES1000000001,Mining and logging,1995,6,640.0
CES1000000001,Mining and logging,1995,7,639.0
CES1000000001,Mining and logging,1995,8,638.0
CES1000000001,Mining and logging,1995,9,637.0
CES1000000001,Mining and logging,1995,10,637.0
CES1000000001,Mining and logging,1995,11,634.0
CES1000000001,Mining and logging,1995,12,635.0
CES1000000001,Mining and logging,1996,1,633.0
CES1000000001,Mining and logging,1996,2,636.0
CES1000000001,Mining and logging,1996,3,637.0
CES1000000001,Mining and logging,1996,4,638.0
CES1000000001,Mining and logging,1996,5,638.0
CES1000000001,Mining and logging,1996,6,639.0
CES1000000001,Mining and logging,1996,7,638.0
CES1000000001,Mining and logging,1996,8,637.0
CES1000000001,Mining and logging,1996,9,635.0
CES1000000001,Mining and logging,1996,10,635.0
CES1000000001,Mining and logging,1996,11,639.0
CES1000000001,Mining and logging,1996,12,640.0
CES1000000001,Mining and logging,1997,1,646.0
CES1000000001,Mining and logging,1997,2,647.0
CES1000000001,Mining and logging,1997,3,648.0
CES1000000001,Mining and logging,1997,4,652.0
CES1000000001,Mining and logging,1997,5,654.0
CES1000000001,Mining and logging,1997,6,654.0
CES1000000001,Mining and logging,1997,7,656.0
CES1000000001,Mining and logging,1997,8,654.0
CES1000000001,Mining and logging,1997,9,657.0
CES1000000001,Mining and logging,1997,10,658.0
CES1000000001,Mining and logging,1997,11,656.0
CES1000000001,Mining and logging,1997,12,659.0
CES1000000001,Mining and logging,1998,1,659.0
CES1000000001,Mining and logging,1998,2,658.0
CES1000000001,Mining and logging,1998,3,657.0
CES1000000001,Mining and logging,1998,4,654.0
CES1000000001,Mining and logging,1998,5,651.0
CES1000000001,Mining and logging,1998,6,648.0
CES1000000001,Mining and logging,1998,7,643.0
CES1000000001,Mining and logging,1998,8,642.0
CES1000000001,Mining and logging,1998,9,637.0
CES1000000001,Mining and logging,1998,10,632.0
CES1000000001,Mining and logging,1998,11,628.0
CES1000000001,Mining and logging,1998,12,627.0
CES1000000001,Mining and logging,1999,1,617.0
CES1000000001,Mining and logging,1999,2,610.0
CES1000000001,Mining and logging,1999,3,608.0
CES1000000001,Mining and logging,1999,4,602.0
CES1000000001,Mining and logging,1999,5,596.0
CES1000000001,Mining and logging,1999,6,592.0
CES1000000001,Mining and logging,1999,7,594.0
CES1000000001,Mining and logging,1999,8,594.0
CES1000000001,Mining and logging,1999,9,591.0
CES1000000001,Mining and logging,1999,10,592.0
CES1000000001,Mining and logging,1999,11,592.0
CES1000000001,Mining and logging,1999,12,593.0
CES1000000001,Mining and logging,2000,1,593.0
CES1000000001,Mining and logging,2000,2,594.0
CES1000000001,Mining and logging,2000,3,593.0
CES1000000001,Mining and logging,2000,4,596.0
CES1000000001,Mining and logging,2000,5,598.0
CES1000000001,Mining and logging,2000,6,597.0
CES1000000001,Mining and logging,2000,7,601.0
CES1000000001,Mining and logging,2000,8,600.0
CES1000000001,Mining and logging,2000,9,605.0
CES1000000001,Mining and logging,2000,10,607.0
CES1000000001,Mining and logging,2000,11,605.0
CES1000000001,Mining and logging,2000,12,601.0
CES1000000001,Mining and logging,2001,1,606.0
CES1000000001,Mining and logging,2001,2,607.0
CES1000000001,Mining and logging,2001,3,610.0
CES1000000001,Mining and logging,2001,4,609.0
CES1000000001,Mining and logging,2001,5,609.0
CES1000000001,Mining and logging,2001,6,610.0
CES1000000001,Mining and logging,2001,7,610.0
CES1000000001,Mining and logging,2001,8,608.0
CES1000000001,Mining and logging,2001,9,606.0
CES1000000001,Mining and logging,2001,10,602.0
CES1000000001,Mining and logging,2001,11,600.0
CES1000000001,Mining and logging,2001,12,597.0
CES1000000001,Mining and logging,2002,1,600.0
CES1000000001,Mining and logging,2002,2,596.0
CES1000000001,Mining and logging,2002,3,589.0
CES1000000001,Mining and logging,2002,4,587.0
CES1000000001,Mining and logging,2002,5,584.0
CES1000000001,Mining and logging,2002,6,579.0
CES1000000001,Mining and logging,2002,7,577.0
CES1000000001,Mining and logging,2002,8,576.0
CES1000000001,Mining and logging,2002,9,575.0
CES1000000001,Mining and logging,2002,10,575.0
CES1000000001,Mining and logging,2002,11,577.0
CES1000000001,Mining and logging,2002,12,577.0
CES1000000001,Mining and logging,2003,1,575.0
CES1000000001,Mining and logging,2003,2,575.0
CES1000000001,Mining and logging,2003,3,570.0
CES1000000001,Mining and logging,2003,4,566.0
CES1000000001,Mining and logging,2003,5,570.0
CES1000000001,Mining and logging,2003,6,572.0
CES1000000001,Mining and logging,2003,7,571.0
CES1000000001,Mining and logging,2003,8,570.0
CES1000000001,Mining and logging,2003,9,570.0
CES1000000001,Mining and logging,2003,10,574.0
CES1000000001,Mining and logging,2003,11,576.0
CES1000000001,Mining and logging,2003,12,575.0
CES1000000001,Mining and logging,2004,1,575.0
CES1000000001,Mining and logging,2004,2,576.0
CES1000000001,Mining and logging,2004,3,584.0
CES1000000001,Mining and logging,2004,4,586.0
CES1000000001,Mining and logging,2004,5,591.0
CES1000000001,Mining and logging,2004,6,591.0
CES1000000001,Mining and logging,2004,7,594.0
CES1000000001,Mining and logging,2004,8,595.0
CES1000000001,Mining and logging,2004,9,597.0
CES1000000001,Mining and logging,2004,10,595.0
CES1000000001,Mining and logging,2004,11,599.0
CES1000000001,Mining and logging,2004,12,602.0
CES1000000001,Mining and logging,2005,1,607.0
CES1000000001,Mining and logging,2005,2,610.0
CES1000000001,Mining and logging,2005,3,616.0
CES1000000001,Mining and logging,2005,4,620.0
CES1000000001,Mining and logging,2005,5,621.0
CES1000000001,Mining and logging,2005,6,624.0
CES1000000001,Mining and logging,2005,7,626.0
CES1000000001,Mining and logging,2005,8,630.0
CES1000000001,Mining and logging,2005,9,635.0
CES1000000001,Mining and logging,2005,10,641.0
CES1000000001,Mining and logging,2005,11,647.0
CES1000000001,Mining and logging,2005,12,651.0
CES1000000001,Mining and logging,2006,1,656.0
CES1000000001,Mining and logging,2006,2,661.0
CES1000000001,Mining and logging,2006,3,668.0
CES1000000001,Mining and logging,2006,4,678.0
CES1000000001,Mining and logging,2006,5,681.0
CES1000000001,Mining and logging,2006,6,685.0
CES1000000001,Mining and logging,2006,7,690.0
CES1000000001,Mining and logging,2006,8,692.0
CES1000000001,Mining and logging,2006,9,695.0
CES1000000001,Mining and logging,2006,10,699.0
CES1000000001,Mining and logging,2006,11,700.0
CES1000000001,Mining and logging,2006,12,704.0
CES1000000001,Mining and logging,2007,1,705.0
CES1000000001,Mining and logging,2007,2,710.0
CES1000000001,Mining and logging,2007,3,714.0
CES1000000001,Mining and logging,2007,4,720.0
CES1000000001,Mining and logging,2007,5,721.0
CES1000000001,Mining and logging,2007,6,725.0
CES1000000001,Mining and logging,2007,7,728.0
CES1000000001,Mining and logging,2007,8,728.0
CES1000000001,Mining and logging,2007,9,728.0
CES1000000001,Mining and logging,2007,10,729.0
CES1000000001,Mining and logging,2007,11,734.0
CES1000000001,Mining and logging,2007,12,739.0
CES1000000001,Mining and logging,2008,1,746.0
CES1000000001,Mining and logging,2008,2,747.0
CES1000000001,Mining and logging,2008,3,754.0
CES1000000001,Mining and logging,2008,4,755.0
CES1000000001,Mining and logging,2008,5,764.0
CES1000000001,Mining and logging,2008,6,768.0
CES1000000001,Mining and logging,2008,7,770.0
CES1000000001,Mining and logging,2008,8,780.0
CES1000000001,Mining and logging,2008,9,784.0
CES1000000001,Mining and logging,2008,10,781.0
CES1000000001,Mining and logging,2008,11,776.0
CES1000000001,Mining and logging,2008,12,770.0
CES1000000001,Mining and logging,2009,1,760.0
CES1000000001,Mining and logging,2009,2,748.0
CES1000000001,Mining and logging,2009,3,727.0
CES1000000001,Mining and logging,2009,4,710.0
CES1000000001,Mining and logging,2009,5,694.0
CES1000000001,Mining and logging,2009,6,686.0
CES1000000001,Mining and logging,2009,7,678.0
CES1000000001,Mining and logging,2009,8,669.0
CES1000000001,Mining and logging,2009,9,667.0
CES1000000001,Mining and logging,2009,10,661.0
CES1000000001,Mining and logging,2009,11,664.0
CES1000000001,Mining and logging,2009,12,663.0
CES1000000001,Mining and logging,2010,1,666.0
CES1000000001,Mining and logging,2010,2,674.0
CES1000000001,Mining and logging,2010,3,681.0
CES1000000001,Mining and logging,2010,4,687.0
CES1000000001,Mining and logging,2010,5,696.0
CES1000000001,Mining and logging,2010,6,702.0
CES1000000001,Mining and logging,2010,7,709.0
CES1000000001,Mining and logging,2010,8,716.0
CES1000000001,Mining and logging,2010,9,722.0
CES1000000001,Mining and logging,2010,10,732.0
CES1000000001,Mining and logging,2010,11,736.0
CES1000000001,Mining and logging,2010,12,734.0
CES1000000001,Mining and logging,2011,1,737.0
CES1000000001,Mining and logging,2011,2,738.0
CES1000000001,Mining and logging,2011,3,754.0
CES1000000001,Mining and logging,2011,4,767.0
CES1000000001,Mining and logging,2011,5,777.0
CES1000000001,Mining and logging,2011,6,788.0
CES1000000001,Mining and logging,2011,7,799.0
CES1000000001,Mining and logging,2011,8,805.0
CES1000000001,Mining and logging,2011,9,812.0
CES1000000001,Mining and logging,2011,10,820.0
CES1000000001,Mining and logging,2011,11,825.0
CES1000000001,Mining and logging,2011,12,831.0
CES1000000001,Mining and logging,2012,1,841.0
CES1000000001,Mining and logging,2012,2,846.0
CES1000000001,Mining and logging,2012,3,849.0
CES1000000001,Mining and logging,2012,4,850.0
CES1000000001,Mining and logging,2012,5,855.0
CES1000000001,Mining and logging,2012,6,852.0
CES1000000001,Mining and logging,2012,7,851.0
CES1000000001,Mining and logging,2012,8,852.0
CES1000000001,Mining and logging,2012,9,847.0
CES1000000001,Mining and logging,2012,10,837.0
CES1000000001,Mining and logging,2012,11,844.0
CES1000000001,Mining and logging,2012,12,849.0
CES1000000001,Mining and logging,2013,1,853.0
CES1000000001,Mining and logging,2013,2,858.0
CES1000000001,Mining and logging,2013,3,860.0
CES1000000001,Mining and logging,2013,4,857.0
CES1000000001,Mining and logging,2013,5,861.0
CES1000000001,Mining and logging,2013,6,864.0
CES1000000001,Mining and logging,2013,7,863.0
CES1000000001,Mining and logging,2013,8,867.0
CES1000000001,Mining and logging,2013,9,868.0
CES1000000001,Mining and logging,2013,10,868.0
CES1000000001,Mining and logging,2013,11,868.0
CES1000000001,Mining and logging,2013,12,866.0
CES1000000001,Mining and logging,2014,1,871.0
CES1000000001,Mining and logging,2014,2,875.0
CES1000000001,Mining and logging,2014,3,879.0
CES1000000001,Mining and logging,2014,4,886.0
CES1000000001,Mining and logging,2014,5,888.0
CES1000000001,Mining and logging,2014,6,893.0
CES1000000001,Mining and logging,2014,7,897.0
CES1000000001,Mining and logging,2014,8,899.0
CES1000000001,Mining and logging,2014,9,904.0
CES1000000001,Mining and logging,2014,10,899.0
CES1000000001,Mining and logging,2014,11,899.0
CES1000000001,Mining and logging,2014,12,895.0
CES1000000001,Mining and logging,2015,1,888.0
CES1000000001,Mining and logging,2015,2,875.0
CES1000000001,Mining and logging,2015,3,860.0
CES1000000001,Mining and logging,2015,4,844.0
CES1000000001,Mining and logging,2015,5,823.0
CES1000000001,Mining and logging,2015,6,817.0
CES1000000001,Mining and logging,2015,7,807.0
CES1000000001,Mining and logging,2015,8,794.0
CES1000000001,Mining and logging,2015,9,780.0
CES1000000001,Mining and logging,2015,10,770.0
CES1000000001,Mining and logging,2015,11,755.0
CES1000000001,Mining and logging,2015,12,746.0
CES1000000001,Mining and logging,2016,1,732.0
CES1000000001,Mining and logging,2016,2,710.0
CES1000000001,Mining and logging,2016,3,691.0
CES1000000001,Mining and logging,2016,4,678.0
CES1000000001,Mining and logging,2016,5,667.0
CES1000000001,Mining and logging,2016,6,657.0
CES1000000001,Mining and logging,2016,7,652.0
CES1000000001,Mining and logging,2016,8,647.0
CES1000000001,Mining and logging,2016,9,645.0
CES1000000001,Mining and logging,2016,10,644.0
CES1000000001,Mining and logging,2016,11,647.0
CES1000000001,Mining and logging,2016,12,647.0
CES1000000001,Mining and logging,2017,1,647.0
CES1000000001,Mining and logging,2017,2,656.0
CES1000000001,Mining and logging,2017,3,660.0
CES1000000001,Mining and logging,2017,4,669.0
CES1000000001,Mining and logging,2017,5,674.0
CES1000000001,Mining and logging,2017,6,677.0
CES1000000001,Mining and logging,2017,7,680.0
CES1000000001,Mining and logging,2017,8,683.0
CES1000000001,Mining and logging,2017,9,685.0
CES1000000001,Mining and logging,2017,10,686.0
CES1000000001,Mining and logging,2017,11,691.0
CES1000000001,Mining and logging,2017,12,694.0
CES1000000001,Mining and logging,2018,1,698.0
CES1000000001,Mining and logging,2018,2,707.0
CES1000000001,Mining and logging,2018,3,714.0
CES1000000001,Mining and logging,2018,4,722.0
CES1000000001,Mining and logging,2018,5,726.0
CES1000000001,Mining and logging,2018,6,730.0
CES1000000001,Mining and logging,2018,7,730.0
CES1000000001,Mining and logging,2018,8,737.0
CES1000000001,Mining and logging,2018,9,738.0
CES1000000001,Mining and logging,2018,10,741.0
CES1000000001,Mining and logging,2018,11,734.0
CES1000000001,Mining and logging,2018,12,743.0
CES1000000001,Mining and logging,2019,1,745.0
CES1000000001,Mining and logging,2019,2,743.0
CES1000000001,Mining and logging,2019,3,742.0
CES1000000001,Mining and logging,2019,4,739.0
CES1000000001,Mining and logging,2019,5,738.0
CES1000000001,Mining and logging,2019,6,734.0
CES1000000001,Mining and logging,2019,7,728.0
CES1000000001,Mining and logging,2019,8,719.0
CES1000000001,Mining and logging,2019,9,717.0
CES1000000001,Mining and logging,2019,10,717.0
CES1000000001,Mining and logging,2019,11,705.0
CES1000000001,Mining and logging,2019,12,693.0
CES1000000001,Mining and logging,2020,1,679.0
CES1000000001,Mining and logging,2020,2,684.0
CES1000000001,Mining and logging,2020,3,678.0
CES1000000001,Mining and logging,2020,4,619.0
CES1000000001,Mining and logging,2020,5,595.0
CES1000000001,Mining and logging,2020,6,579.0
CES1000000001,Mining and logging,2020,7,569.0
CES1000000001,Mining and logging,2020,8,561.0
CES1000000001,Mining and logging,2020,9,561.0
CES1000000001,Mining and logging,2020,10,556.0
CES1000000001,Mining and logging,2020,11,554.0
CES1000000001,Mining and logging,2020,12,557.0
CES1000000001,Mining and logging,2021,1,549.0
CES1000000001,Mining and logging,2021,2,539.0
CES1000000001,Mining and logging,2021,3,553.0
CES1000000001,Mining and logging,2021,4,555.0
CES1000000001,Mining and logging,2021,5,557.0
CES1000000001,Mining and logging,2021,6,559.0
CES1000000001,Mining and logging,2021,7,561.0
CES1000000001,Mining and logging,2021,8,565.0
CES1000000001,Mining and logging,2021,9,566.0
CES1000000001,Mining and logging,2021,10,569.0
CES1000000001,Mining and logging,2021,11,572.0
CES1000000001,Mining and logging,2021,12,577.0
CES1000000001,Mining and logging,2022,1,578.0
CES1000000001,Mining and logging,2022,2,581.0
CES1000000001,Mining and logging,2022,3,589.0
CES1000000001,Mining and logging,2022,4,596.0
CES1000000001,Mining and logging,2022,5,600.0
CES1000000001,Mining and logging,2022,6,608.0
CES1000000001,Mining and logging,2022,7,614.0
CES1000000001,Mining and logging,2022,8,612.0
CES1000000001,Mining and logging,2022,9,614.0
CES1000000001,Mining and logging,2022,10,618.0
CES1000000001,Mining and logging,2022,11,624.0
CES1000000001,Mining and logging,2022,12,627.0
CES1000000001,Mining and logging,2023,1,634.0
CES1000000001,Mining and logging,2023,2,633.0
CES1000000001,Mining and logging,2023,3,634.0
CES1000000001,Mining and logging,2023,4,637.0
CES1000000001,Mining and logging,2023,5,642.0
CES1000000001,Mining and logging,2023,6,640.0
CES1000000001,Mining and logging,2023,7,642.0
CES1000000001,Mining and logging,2023,8,641.0
CES1000000001,Mining and logging,2023,9,641.0
CES1000000001,Mining and logging,2023,10,639.0
CES1000000001,Mining and logging,2023,11,636.0
CES1000000001,Mining and logging,2023,12,638.0
CES1000000001,Mining and logging,2024,1,633.0
CES1000000001,Mining and logging,2024,2,633.0
CES1000000001,Mining and logging,2024,3,636.0
CES1000000001,Mining and logging,2024,4,628.0
CES1000000001,Mining and logging,2024,5,624.0
CES1000000001,Mining and logging,2024,6,620.0
CES1000000001,Mining and logging,2024,7,622.0
CES1000000001,Mining and logging,2024,8,620.0
CES1000000001,Mining and logging,2024,9,622.0
CES1000000001,Mining and logging,2024,10,622.0
CES1000000001,Mining and logging,2024,11,624.0
CES1000000001,Mining and logging,2024,12,622.0
CES1000000001,Mining and logging,2025,1,622.0
CES1000000001,Mining and logging,2025,2,622.0
CES1000000001,Mining and logging,2025,3,620.0
CES1000000001,Mining and logging,2025,4,622.0
CES1000000001,Mining and logging,2025,5,618.0
CES1000000001,Mining and logging,2025,6,616.0
CES1000000001,Mining and logging,2025,7,610.0
CES1000000001,Mining and logging,2025,8,607.0
CES1000000001,Mining and logging,2025,9,605.0
CES1000000001,Mining and logging,2025,10,606.0
CES1000000001,Mining and logging,2025,11,605.0
CES1000000001,Mining and logging,2025,12,604.0
CES2000000001,Construction,1976,1,3688.0
CES2000000001,Construction,1976,2,3687.0
CES2000000001,Construction,1976,3,3685.0
CES2000000001,Construction,1976,4,3684.0
CES2000000001,Construction,1976,5,3649.0
CES2000000001,Construction,1976,6,3632.0
CES2000000001,Construction,1976,7,3627.0
CES2000000001,Construction,1976,8,3632.0
CES2000000001,Construction,1976,9,3634.0
CES2000000001,Construction,1976,10,3645.0
CES2000000001,Construction,1976,11,3678.0
CES2000000001,Construction,1976,12,3688.0
CES2000000001,Construction,1977,1,3660.0
CES2000000001,Construction,1977,2,3775.0
CES2000000001,Construction,1977,3,3859.0
CES2000000001,Construction,1977,4,3904.0
CES2000000001,Construction,1977,5,3930.0
CES2000000001,Construction,1977,6,3962.0
CES2000000001,Construction,1977,7,3981.0
CES2000000001,Construction,1977,8,3995.0
CES2000000001,Construction,1977,9,4023.0
CES2000000001,Construction,1977,10,4034.0
CES2000000001,Construction,1977,11,4058.0
CES2000000001,Construction,1977,12,4087.0
CES2000000001,Construction,1978,1,4029.0
CES2000000001,Construction,1978,2,4058.0
CES2000000001,Construction,1978,3,4178.0
CES2000000001,Construction,1978,4,4308.0
CES2000000001,Construction,1978,5,4302.0
CES2000000001,Construction,1978,6,4379.0
CES2000000001,Construction,1978,7,4403.0
CES2000000001,Construction,1978,8,4420.0
CES2000000001,Construction,1978,9,4424.0
CES2000000001,Construction,1978,10,4447.0
CES2000000001,Construction,1978,11,4453.0
CES2000000001,Construction,1978,12,4450.0
CES2000000001,Construction,1979,1,4373.0
CES2000000001,Construction,1979,2,4389.0
CES2000000001,Construction,1979,3,4552.0
CES2000000001,Construction,1979,4,4516.0
CES2000000001,Construction,1979,5,4565.0
CES2000000001,Construction,1979,6,4604.0
CES2000000001,Construction,1979,7,4621.0
CES2000000001,Construction,1979,8,4634.0
CES2000000001,Construction,1979,9,4625.0
CES2000000001,Construction,1979,10,4620.0
CES2000000001,Construction,1979,11,4617.0
CES2000000001,Construction,1979,12,4630.0
CES2000000001,Construction,1980,1,4625.0
CES2000000001,Construction,1980,2,4605.0
CES2000000001,Construction,1980,3,4548.0
CES2000000001,Construction,1980,4,4473.0
CES2000000001,Construction,1980,5,4434.0
CES2000000001,Construction,1980,6,4395.0
CES2000000001,Construction,1980,7,4351.0
CES2000000001,Construction,1980,8,4377.0
CES2000000001,Construction,1980,9,4401.0
CES2000000001,Construction,1980,10,4411.0
CES2000000001,Construction,1980,11,4409.0
CES2000000001,Construction,1980,12,4415.0
CES2000000001,Construction,1981,1,4374.0
CES2000000001,Construction,1981,2,4357.0
CES2000000001,Construction,1981,3,4396.0
CES2000000001,Construction,1981,4,4414.0
CES2000000001,Construction,1981,5,4343.0
CES2000000001,Construction,1981,6,4311.0
CES2000000001,Construction,1981,7,4299.0
CES2000000001,Construction,1981,8,4278.0
CES2000000001,Construction,1981,9,4254.0
CES2000000001,Construction,1981,10,4238.0
CES2000000001,Construction,1981,11,4209.0
CES2000000001,Construction,1981,12,4177.0
CES2000000001,Construction,1982,1,4069.0
CES2000000001,Construction,1982,2,4131.0
CES2000000001,Construction,1982,3,4108.0
CES2000000001,Construction,1982,4,4083.0
CES2000000001,Construction,1982,5,4092.0
CES2000000001,Construction,1982,6,4030.0
CES2000000001,Construction,1982,7,4001.0
CES2000000001,Construction,1982,8,3977.0
CES2000000001,Construction,1982,9,3962.0
CES2000000001,Construction,1982,10,3940.0
CES2000000001,Construction,1982,11,3947.0
CES2000000001,Construction,1982,12,3948.0
CES2000000001,Construction,1983,1,4021.0
CES2000000001,Construction,1983,2,3964.0
CES2000000001,Construction,1983,3,3942.0
CES2000000001,Construction,1983,4,3948.0
CES2000000001,Construction,1983,5,3960.0
CES2000000001,Construction,1983,6,4006.0
CES2000000001,Construction,1983,7,4055.0
CES2000000001,Construction,1983,8,4100.0
CES2000000001,Construction,1983,9,4138.0
CES2000000001,Construction,1983,10,4178.0
CES2000000001,Construction,1983,11,4217.0
CES2000000001,Construction,1983,12,4248.0
CES2000000001,Construction,1984,1,4305.0
CES2000000001,Construction,1984,2,4410.0
CES2000000001,Construction,1984,3,4393.0
CES2000000001,Construction,1984,4,4423.0
CES2000000001,Construction,1984,5,4456.0
CES2000000001,Construction,1984,6,4507.0
CES2000000001,Construction,1984,7,4534.0
CES2000000001,Construction,1984,8,4547.0
CES2000000001,Construction,1984,9,4576.0
CES2000000001,Construction,1984,10,4590.0
CES2000000001,Construction,1984,11,4617.0
CES2000000001,Construction,1984,12,4652.0
CES2000000001,Construction,1985,1,4668.0
CES2000000001,Construction,1985,2,4662.0
CES2000000001,Construction,1985,3,4730.0
CES2000000001,Construction,1985,4,4764.0
CES2000000001,Construction,1985,5,4787.0
CES2000000001,Construction,1985,6,4789.0
CES2000000001,Construction,1985,7,4799.0
CES2000000001,Construction,1985,8,4823.0
CES2000000001,Construction,1985,9,4852.0
CES2000000001,Construction,1985,10,4868.0
CES2000000001,Construction,1985,11,4879.0
CES2000000001,Construction,1985,12,4887.0
CES2000000001,Construction,1986,1,4908.0
CES2000000001,Construction,1986,2,4904.0
CES2000000001,Construction,1986,3,4914.0
CES2000000001,Construction,1986,4,4950.0
CES2000000001,Construction,1986,5,4924.0
CES2000000001,Construction,1986,6,4917.0
CES2000000001,Construction,1986,7,4930.0
CES2000000001,Construction,1986,8,4943.0
CES2000000001,Construction,1986,9,4939.0
CES2000000001,Construction,1986,10,4954.0
CES2000000001,Construction,1986,11,4960.0
CES2000000001,Construction,1986,12,4993.0
CES2000000001,Construction,1987,1,5007.0
CES2000000001,Construction,1987,2,5038.0
CES2000000001,Construction,1987,3,5039.0
CES2000000001,Construction,1987,4,5053.0
CES2000000001,Construction,1987,5,5080.0
CES2000000001,Construction,1987,6,5086.0
CES2000000001,Construction,1987,7,5092.0
CES2000000001,Construction,1987,8,5102.0
CES2000000001,Construction,1987,9,5096.0
CES2000000001,Construction,1987,10,5142.0
CES2000000001,Construction,1987,11,5152.0
CES2000000001,Construction,1987,12,5180.0
CES2000000001,Construction,1988,1,5094.0
CES2000000001,Construction,1988,2,5162.0
CES2000000001,Construction,1988,3,5201.0
CES2000000001,Construction,1988,4,5227.0
CES2000000001,Construction,1988,5,5228.0
CES2000000001,Construction,1988,6,5261.0
CES2000000001,Construction,1988,7,5270.0
CES2000000001,Construction,1988,8,5268.0
CES2000000001,Construction,1988,9,5270.0
CES2000000001,Construction,1988,10,5262.0
CES2000000001,Construction,1988,11,5273.0
CES2000000001,Construction,1988,12,5277.0
CES2000000001,Construction,1989,1,5289.0
CES2000000001,Construction,1989,2,5278.0
CES2000000001,Construction,1989,3,5260.0
CES2000000001,Construction,1989,4,5295.0
CES2000000001,Construction,1989,5,5299.0
CES2000000001,Construction,1989,6,5298.0
CES2000000001,Construction,1989,7,5317.0
CES2000000001,Construction,1989,8,5330.0
CES2000000001,Construction,1989,9,5323.0
CES2000000001,Construction,1989,10,5347.0
CES2000000001,Construction,1989,11,5364.0
CES2000000001,Construction,1989,12,5309.0
CES2000000001,Construction,1990,1,5422.0
CES2000000001,Construction,1990,2,5416.0
CES2000000001,Construction,1990,3,5392.0
CES2000000001,Construction,1990,4,5355.0
CES2000000001,Construction,1990,5,5321.0
CES2000000001,Construction,1990,6,5303.0
CES2000000001,Construction,1990,7,5274.0
CES2000000001,Construction,1990,8,5234.0
CES2000000001,Construction,1990,9,5197.0
CES2000000001,Construction,1990,10,5134.0
CES2000000001,Construction,1990,11,5095.0
CES2000000001,Construction,1990,12,5047.0
CES2000000001,Construction,1991,1,4972.0
CES2000000001,Construction,1991,2,4929.0
CES2000000001,Construction,1991,3,4881.0
CES2000000001,Construction,1991,4,4842.0
CES2000000001,Construction,1991,5,4800.0
CES2000000001,Construction,1991,6,4782.0
CES2000000001,Construction,1991,7,4752.0
CES2000000001,Construction,1991,8,4733.0
CES2000000001,Construction,1991,9,4728.0
CES2000000001,Construction,1991,10,4698.0
CES2000000001,Construction,1991,11,4640.0
CES2000000001,Construction,1991,12,4647.0
CES2000000001,Construction,1992,1,4667.0
CES2000000001,Construction,1992,2,4612.0
CES2000000001,Construction,1992,3,4621.0
CES2000000001,Construction,1992,4,4603.0
CES2000000001,Construction,1992,5,4605.0
CES2000000001,Construction,1992,6,4584.0
CES2000000001,Construction,1992,7,4570.0
CES2000000001,Construction,1992,8,4581.0
CES2000000001,Construction,1992,9,4584.0
CES2000000001,Construction,1992,10,4600.0
CES2000000001,Construction,1992,11,4606.0
CES2000000001,Construction,1992,12,4630.0
CES2000000001,Construction,1993,1,4664.0
CES2000000001,Construction,1993,2,4714.0
CES2000000001,Construction,1993,3,4676.0
CES2000000001,Construction,1993,4,4690.0
CES2000000001,Construction,1993,5,4753.0
CES2000000001,Construction,1993,6,4760.0
CES2000000001,Construction,1993,7,4783.0
CES2000000001,Construction,1993,8,4806.0
CES2000000001,Construction,1993,9,4823.0
CES2000000001,Construction,1993,10,4868.0
CES2000000001,Construction,1993,11,4887.0
CES2000000001,Construction,1993,12,4925.0
CES2000000001,Construction,1994,1,4940.0
CES2000000001,Construction,1994,2,4923.0
CES2000000001,Construction,1994,3,4990.0
CES2000000001,Construction,1994,4,5047.0
CES2000000001,Construction,1994,5,5084.0
CES2000000001,Construction,1994,6,5097.0
CES2000000001,Construction,1994,7,5125.0
CES2000000001,Construction,1994,8,5139.0
CES2000000001,Construction,1994,9,5175.0
CES2000000001,Construction,1994,10,5177.0
CES2000000001,Construction,1994,11,5210.0
CES2000000001,Construction,1994,12,5226.0
CES2000000001,Construction,1995,1,5234.0
CES2000000001,Construction,1995,2,5192.0
CES2000000001,Construction,1995,3,5242.0
CES2000000001,Construction,1995,4,5252.0
CES2000000001,Construction,1995,5,5220.0
CES2000000001,Construction,1995,6,5250.0
CES2000000001,Construction,1995,7,5262.0
CES2000000001,Construction,1995,8,5286.0
CES2000000001,Construction,1995,9,5324.0
CES2000000001,Construction,1995,10,5353.0
CES2000000001,Construction,1995,11,5358.0
CES2000000001,Construction,1995,12,5344.0
CES2000000001,Construction,1996,1,5355.0
CES2000000001,Construction,1996,2,5415.0
CES2000000001,Construction,1996,3,5446.0
CES2000000001,Construction,1996,4,5474.0
CES2000000001,Construction,1996,5,5498.0
CES2000000001,Construction,1996,6,5534.0
CES2000000001,Construction,1996,7,5557.0
CES2000000001,Construction,1996,8,5586.0
CES2000000001,Construction,1996,9,5610.0
CES2000000001,Construction,1996,10,5643.0
CES2000000001,Construction,1996,11,5668.0
CES2000000001,Construction,1996,12,5675.0
CES2000000001,Construction,1997,1,5675.0
CES2000000001,Construction,1997,2,5722.0
CES2000000001,Construction,1997,3,5751.0
CES2000000001,Construction,1997,4,5764.0
CES2000000001,Construction,1997,5,5793.0
CES2000000001,Construction,1997,6,5793.0
CES2000000001,Construction,1997,7,5817.0
CES2000000001,Construction,1997,8,5846.0
CES2000000001,Construction,1997,9,5874.0
CES2000000001,Construction,1997,10,5883.0
CES2000000001,Construction,1997,11,5899.0
CES2000000001,Construction,1997,12,5938.0
CES2000000001,Construction,1998,1,5983.0
CES2000000001,Construction,1998,2,5997.0
CES2000000001,Construction,1998,3,5969.0
CES2000000001,Construction,1998,4,6049.0
CES2000000001,Construction,1998,5,6087.0
CES2000000001,Construction,1998,6,6130.0
CES2000000001,Construction,1998,7,6172.0
CES2000000001,Construction,1998,8,6215.0
CES2000000001,Construction,1998,9,6225.0
CES2000000001,Construction,1998,10,6262.0
CES2000000001,Construction,1998,11,6301.0
CES2000000001,Construction,1998,12,6378.0
CES2000000001,Construction,1999,1,6357.0
CES2000000001,Construction,1999,2,6429.0
CES2000000001,Construction,1999,3,6402.0
CES2000000001,Construction,1999,4,6480.0
CES2000000001,Construction,1999,5,6516.0
CES2000000001,Construction,1999,6,6547.0
CES2000000001,Construction,1999,7,6571.0
CES2000000001,Construction,1999,8,6586.0
CES2000000001,Construction,1999,9,6613.0
CES2000000001,Construction,1999,10,6640.0
CES2000000001,Construction,1999,11,6687.0
CES2000000001,Construction,1999,12,6709.0
CES2000000001,Construction,2000,1,6752.0
CES2000000001,Construction,2000,2,6730.0
CES2000000001,Construction,2000,3,6811.0
CES2000000001,Construction,2000,4,6794.0
CES2000000001,Construction,2000,5,6770.0
CES2000000001,Construction,2000,6,6778.0
CES2000000001,Construction,2000,7,6794.0
CES2000000001,Construction,2000,8,6796.0
CES2000000001,Construction,2000,9,6807.0
CES2000000001,Construction,2000,10,6814.0
CES2000000001,Construction,2000,11,6817.0
CES2000000001,Construction,2000,12,6792.0
CES2000000001,Construction,2001,1,6824.0
CES2000000001,Construction,2001,2,6841.0
CES2000000001,Construction,2001,3,6862.0
CES2000000001,Construction,2001,4,6844.0
CES2000000001,Construction,2001,5,6849.0
CES2000000001,Construction,2001,6,6840.0
CES2000000001,Construction,2001,7,6845.0
CES2000000001,Construction,2001,8,6827.0
CES2000000001,Construction,2001,9,6813.0
CES2000000001,Construction,2001,10,6804.0
CES2000000001,Construction,2001,11,6784.0
CES2000000001,Construction,2001,12,6785.0
CES2000000001,Construction,2002,1,6775.0
CES2000000001,Construction,2002,2,6766.0
CES2000000001,Construction,2002,3,6755.0
CES2000000001,Construction,2002,4,6710.0
CES2000000001,Construction,2002,5,6684.0
CES2000000001,Construction,2002,6,6701.0
CES2000000001,Construction,2002,7,6688.0
CES2000000001,Construction,2002,8,6701.0
CES2000000001,Construction,2002,9,6702.0
CES2000000001,Construction,2002,10,6689.0
CES2000000001,Construction,2002,11,6713.0
CES2000000001,Construction,2002,12,6700.0
CES2000000001,Construction,2003,1,6704.0
CES2000000001,Construction,2003,2,6667.0
CES2000000001,Construction,2003,3,6654.0
CES2000000001,Construction,2003,4,6689.0
CES2000000001,Construction,2003,5,6706.0
CES2000000001,Construction,2003,6,6723.0
CES2000000001,Construction,2003,7,6735.0
CES2000000001,Construction,2003,8,6760.0
CES2000000001,Construction,2003,9,6783.0
CES2000000001,Construction,2003,10,6784.0
CES2000000001,Construction,2003,11,6796.0
CES2000000001,Construction,2003,12,6827.0
CES2000000001,Construction,2004,1,6848.0
CES2000000001,Construction,2004,2,6838.0
CES2000000001,Construction,2004,3,6887.0
CES2000000001,Construction,2004,4,6901.0
CES2000000001,Construction,2004,5,6948.0
CES2000000001,Construction,2004,6,6962.0
CES2000000001,Construction,2004,7,6977.0
CES2000000001,Construction,2004,8,7003.0
CES2000000001,Construction,2004,9,7029.0
CES2000000001,Construction,2004,10,7077.0
CES2000000001,Construction,2004,11,7091.0
CES2000000001,Construction,2004,12,7117.0
CES2000000001,Construction,2005,1,7095.0
CES2000000001,Construction,2005,2,7153.0
CES2000000001,Construction,2005,3,7181.0
CES2000000001,Construction,2005,4,7266.0
CES2000000001,Construction,2005,5,7294.0
CES2000000001,Construction,2005,6,7333.0
CES2000000001,Construction,2005,7,7353.0
CES2000000001,Construction,2005,8,7394.0
CES2000000001,Construction,2005,9,7415.0
CES2000000001,Construction,2005,10,7460.0
CES2000000001,Construction,2005,11,7524.0
CES2000000001,Construction,2005,12,7533.0
CES2000000001,Construction,2006,1,7601.0
CES2000000001,Construction,2006,2,7664.0
CES2000000001,Construction,2006,3,7689.0
CES2000000001,Construction,2006,4,7726.0
CES2000000001,Construction,2006,5,7713.0
CES2000000001,Construction,2006,6,7699.0
CES2000000001,Construction,2006,7,7712.0
CES2000000001,Construction,2006,8,7720.0
CES2000000001,Construction,2006,9,7718.0
CES2000000001,Construction,2006,10,7682.0
CES2000000001,Construction,2006,11,7666.0
CES2000000001,Construction,2006,12,7685.0
CES2000000001,Construction,2007,1,7725.0
CES2000000001,Construction,2007,2,7626.0
CES2000000001,Construction,2007,3,7706.0
CES2000000001,Construction,2007,4,7686.0
CES2000000001,Construction,2007,5,7673.0
CES2000000001,Construction,2007,6,7687.0
CES2000000001,Construction,2007,7,7660.0
CES2000000001,Construction,2007,8,7610.0
CES2000000001,Construction,2007,9,7577.0
CES2000000001,Construction,2007,10,7565.0
CES2000000001,Construction,2007,11,7523.0
CES2000000001,Construction,2007,12,7490.0
CES2000000001,Construction,2008,1,7476.0
CES2000000001,Construction,2008,2,7453.0
CES2000000001,Construction,2008,3,7406.0
CES2000000001,Construction,2008,4,7327.0
CES2000000001,Construction,2008,5,7274.0
CES2000000001,Construction,2008,6,7213.0
CES2000000001,Construction,2008,7,7160.0
CES2000000001,Construction,2008,8,7114.0
CES2000000001,Construction,2008,9,7044.0
CES2000000001,Construction,2008,10,6967.0
CES2000000001,Construction,2008,11,6813.0
CES2000000001,Construction,2008,12,6701.0
CES2000000001,Construction,2009,1,6567.0
CES2000000001,Construction,2009,2,6446.0
CES2000000001,Construction,2009,3,6291.0
CES2000000001,Construction,2009,4,6154.0
CES2000000001,Construction,2009,5,6100.0
CES2000000001,Construction,2009,6,6010.0
CES2000000001,Construction,2009,7,5932.0
CES2000000001,Construction,2009,8,5855.0
CES2000000001,Construction,2009,9,5787.0
CES2000000001,Construction,2009,10,5716.0
CES2000000001,Construction,2009,11,5696.0
CES2000000001,Construction,2009,12,5654.0
CES2000000001,Construction,2010,1,5580.0
CES2000000001,Construction,2010,2,5500.0
CES2000000001,Construction,2010,3,5537.0
CES2000000001,Construction,2010,4,5553.0
CES2000000001,Construction,2010,5,5520.0
CES2000000001,Construction,2010,6,5516.0
CES2000000001,Construction,2010,7,5508.0
CES2000000001,Construction,2010,8,5524.0
CES2000000001,Construction,2010,9,5501.0
CES2000000001,Construction,2010,10,5508.0
CES2000000001,Construction,2010,11,5506.0
CES2000000001,Construction,2010,12,5467.0
CES2000000001,Construction,2011,1,5427.0
CES2000000001,Construction,2011,2,5451.0
CES2000000001,Construction,2011,3,5477.0
CES2000000001,Construction,2011,4,5485.0
CES2000000001,Construction,2011,5,5516.0
CES2000000001,Construction,2011,6,5528.0
CES2000000001,Construction,2011,7,5547.0
CES2000000001,Construction,2011,8,5552.0
CES2000000001,Construction,2011,9,5584.0
CES2000000001,Construction,2011,10,5588.0
CES2000000001,Construction,2011,11,5593.0
CES2000000001,Construction,2011,12,5611.0
CES2000000001,Construction,2012,1,5626.0
CES2000000001,Construction,2012,2,5629.0
CES2000000001,Construction,2012,3,5625.0
CES2000000001,Construction,2012,4,5618.0
CES2000000001,Construction,2012,5,5604.0
CES2000000001,Construction,2012,6,5621.0
CES2000000001,Construction,2012,7,5632.0
CES2000000001,Construction,2012,8,5648.0
CES2000000001,Construction,2012,9,5661.0
CES2000000001,Construction,2012,10,5674.0
CES2000000001,Construction,2012,11,5684.0
CES2000000001,Construction,2012,12,5724.0
CES2000000001,Construction,2013,1,5746.0
CES2000000001,Construction,2013,2,5784.0
CES2000000001,Construction,2013,3,5802.0
CES2000000001,Construction,2013,4,5796.0
CES2000000001,Construction,2013,5,5829.0
CES2000000001,Construction,2013,6,5855.0
CES2000000001,Construction,2013,7,5859.0
CES2000000001,Construction,2013,8,5878.0
CES2000000001,Construction,2013,9,5910.0
CES2000000001,Construction,2013,10,5931.0
CES2000000001,Construction,2013,11,5963.0
CES2000000001,Construction,2013,12,5932.0
CES2000000001,Construction,2014,1,5985.0
CES2000000001,Construction,2014,2,6007.0
CES2000000001,Construction,2014,3,6038.0
CES2000000001,Construction,2014,4,6084.0
CES2000000001,Construction,2014,5,6109.0
CES2000000001,Construction,2014,6,6133.0
CES2000000001,Construction,2014,7,6178.0
CES2000000001,Construction,2014,8,6210.0
CES2000000001,Construction,2014,9,6242.0
CES2000000001,Construction,2014,10,6259.0
CES2000000001,Construction,2014,11,6272.0
CES2000000001,Construction,2014,12,6293.0
CES2000000001,Construction,2015,1,6320.0
CES2000000001,Construction,2015,2,6361.0
CES2000000001,Construction,2015,3,6334.0
CES2000000001,Construction,2015,4,6392.0
CES2000000001,Construction,2015,5,6427.0
CES2000000001,Construction,2015,6,6441.0
CES2000000001,Construction,2015,7,6472.0
CES2000000001,Construction,2015,8,6490.0
CES2000000001,Construction,2015,9,6508.0
CES2000000001,Construction,2015,10,6547.0
CES2000000001,Construction,2015,11,6598.0
CES2000000001,Construction,2015,12,6630.0
CES2000000001,Construction,2016,1,6631.0
CES2000000001,Construction,2016,2,6640.0
CES2000000001,Construction,2016,3,6678.0
CES2000000001,Construction,2016,4,6702.0
CES2000000001,Construction,2016,5,6689.0
CES2000000001,Construction,2016,6,6701.0
CES2000000001,Construction,2016,7,6735.0
CES2000000001,Construction,2016,8,6736.0
CES2000000001,Construction,2016,9,6768.0
CES2000000001,Construction,2016,10,6799.0
CES2000000001,Construction,2016,11,6823.0
CES2000000001,Construction,2016,12,6818.0
CES2000000001,Construction,2017,1,6840.0
CES2000000001,Construction,2017,2,6881.0
CES2000000001,Construction,2017,3,6902.0
CES2000000001,Construction,2017,4,6916.0
CES2000000001,Construction,2017,5,6931.0
CES2000000001,Construction,2017,6,6962.0
CES2000000001,Construction,2017,7,6968.0
CES2000000001,Construction,2017,8,7002.0
CES2000000001,Construction,2017,9,7013.0
CES2000000001,Construction,2017,10,7031.0
CES2000000001,Construction,2017,11,7068.0
CES2000000001,Construction,2017,12,7091.0
CES2000000001,Construction,2018,1,7093.0
CES2000000001,Construction,2018,2,7184.0
CES2000000001,Construction,2018,3,7194.0
CES2000000001,Construction,2018,4,7212.0
CES2000000001,Construction,2018,5,7274.0
CES2000000001,Construction,2018,6,7292.0
CES2000000001,Construction,2018,7,7318.0
CES2000000001,Construction,2018,8,7347.0
CES2000000001,Construction,2018,9,7375.0
CES2000000001,Construction,2018,10,7389.0
CES2000000001,Construction,2018,11,7386.0
CES2000000001,Construction,2018,12,7396.0
CES2000000001,Construction,2019,1,7425.0
CES2000000001,Construction,2019,2,7395.0
CES2000000001,Construction,2019,3,7425.0
CES2000000001,Construction,2019,4,7468.0
CES2000000001,Construction,2019,5,7478.0
CES2000000001,Construction,2019,6,7502.0
CES2000000001,Construction,2019,7,7526.0
CES2000000001,Construction,2019,8,7530.0
CES2000000001,Construction,2019,9,7547.0
CES2000000001,Construction,2019,10,7553.0
CES2000000001,Construction,2019,11,7541.0
CES2000000001,Construction,2019,12,7527.0
CES2000000001,Construction,2020,1,7575.0
CES2000000001,Construction,2020,2,7610.0
CES2000000001,Construction,2020,3,7541.0
CES2000000001,Construction,2020,4,6522.0
CES2000000001,Construction,2020,5,7004.0
CES2000000001,Construction,2020,6,7159.0
CES2000000001,Construction,2020,7,7196.0
CES2000000001,Construction,2020,8,7226.0
CES2000000001,Construction,2020,9,7253.0
CES2000000001,Construction,2020,10,7301.0
CES2000000001,Construction,2020,11,7321.0
CES2000000001,Construction,2020,12,7357.0
CES2000000001,Construction,2021,1,7362.0
CES2000000001,Construction,2021,2,7278.0
CES2000000001,Construction,2021,3,7399.0
CES2000000001,Construction,2021,4,7400.0
CES2000000001,Construction,2021,5,7391.0
CES2000000001,Construction,2021,6,7393.0
CES2000000001,Construction,2021,7,7425.0
CES2000000001,Construction,2021,8,7432.0
CES2000000001,Construction,2021,9,7484.0
CES2000000001,Construction,2021,10,7518.0
CES2000000001,Construction,2021,11,7562.0
CES2000000001,Construction,2021,12,7595.0
CES2000000001,Construction,2022,1,7595.0
CES2000000001,Construction,2022,2,7651.0
CES2000000001,Construction,2022,3,7692.0
CES2000000001,Construction,2022,4,7698.0
CES2000000001,Construction,2022,5,7738.0
CES2000000001,Construction,2022,6,7761.0
CES2000000001,Construction,2022,7,7792.0
CES2000000001,Construction,2022,8,7801.0
CES2000000001,Construction,2022,9,7832.0
CES2000000001,Construction,2022,10,7847.0
CES2000000001,Construction,2022,11,7863.0
CES2000000001,Construction,2022,12,7885.0
CES2000000001,Construction,2023,1,7932.0
CES2000000001,Construction,2023,2,7943.0
CES2000000001,Construction,2023,3,7926.0
CES2000000001,Construction,2023,4,7955.0
CES2000000001,Construction,2023,5,7965.0
CES2000000001,Construction,2023,6,8006.0
CES2000000001,Construction,2023,7,8016.0
CES2000000001,Construction,2023,8,8042.0
CES2000000001,Construction,2023,9,8053.0
CES2000000001,Construction,2023,10,8080.0
CES2000000001,Construction,2023,11,8088.0
CES2000000001,Construction,2023,12,8100.0
CES2000000001,Construction,2024,1,8123.0
CES2000000001,Construction,2024,2,8132.0
CES2000000001,Construction,2024,3,8164.0
CES2000000001,Construction,2024,4,8170.0
CES2000000001,Construction,2024,5,8176.0
CES2000000001,Construction,2024,6,8196.0
CES2000000001,Construction,2024,7,8208.0
CES2000000001,Construction,2024,8,8236.0
CES2000000001,Construction,2024,9,8254.0
CES2000000001,Construction,2024,10,8262.0
CES2000000001,Construction,2024,11,8267.0
CES2000000001,Construction,2024,12,8276.0
CES2000000001,Construction,2025,1,8264.0
CES2000000001,Construction,2025,2,8267.0
CES2000000001,Construction,2025,3,8273.0
CES2000000001,Construction,2025,4,8271.0
CES2000000001,Construction,2025,5,8269.0
CES2000000001,Construction,2025,6,8267.0
CES2000000001,Construction,2025,7,8261.0
CES2000000001,Construction,2025,8,8239.0
CES2000000001,Construction,2025,9,8255.0
CES2000000001,Construction,2025,10,8243.0
CES2000000001,Construction,2025,11,8279.0
CES2000000001,Construction,2025,12,8272.0
CES3000000001,Manufacturing,1976,1,17287.0
CES3000000001,Manufacturing,1976,2,17384.0
CES3000000001,Manufacturing,1976,3,17470.0
CES3000000001,Manufacturing,1976,4,17541.0
CES3000000001,Manufacturing,1976,5,17513.0
CES3000000001,Manufacturing,1976,6,17521.0
CES3000000001,Manufacturing,1976,7,17524.0
CES3000000001,Manufacturing,1976,8,17596.0
CES3000000001,Manufacturing,1976,9,17665.0
CES3000000001,Manufacturing,1976,10,17548.0
CES3000000001,Manufacturing,1976,11,17682.0
CES3000000001,Manufacturing,1976,12,17719.0
CES3000000001,Manufacturing,1977,1,17803.0
CES3000000001,Manufacturing,1977,2,17843.0
CES3000000001,Manufacturing,1977,3,17941.0
CES3000000001,Manufacturing,1977,4,18024.0
CES3000000001,Manufacturing,1977,5,18107.0
CES3000000001,Manufacturing,1977,6,18192.0
CES3000000001,Manufacturing,1977,7,18259.0
CES3000000001,Manufacturing,1977,8,18276.0
CES3000000001,Manufacturing,1977,9,18334.0
CES3000000001,Manufacturing,1977,10,18356.0
CES3000000001,Manufacturing,1977,11,18419.0
CES3000000001,Manufacturing,1977,12,18531.0
CES3000000001,Manufacturing,1978,1,18593.0
CES3000000001,Manufacturing,1978,2,18639.0
CES3000000001,Manufacturing,1978,3,18699.0
CES3000000001,Manufacturing,1978,4,18772.0
CES3000000001,Manufacturing,1978,5,18848.0
CES3000000001,Manufacturing,1978,6,18919.0
CES3000000001,Manufacturing,1978,7,18951.0
CES3000000001,Manufacturing,1978,8,19006.0
CES3000000001,Manufacturing,1978,9,19068.0
CES3000000001,Manufacturing,1978,10,19142.0
CES3000000001,Manufacturing,1978,11,19257.0
CES3000000001,Manufacturing,1978,12,19334.0
CES3000000001,Manufacturing,1979,1,19388.0
CES3000000001,Manufacturing,1979,2,19409.0
CES3000000001,Manufacturing,1979,3,19453.0
CES3000000001,Manufacturing,1979,4,19450.0
CES3000000001,Manufacturing,1979,5,19509.0
CES3000000001,Manufacturing,1979,6,19553.0
CES3000000001,Manufacturing,1979,7,19531.0
CES3000000001,Manufacturing,1979,8,19406.0
CES3000000001,Manufacturing,1979,9,19442.0
CES3000000001,Manufacturing,1979,10,19390.0
CES3000000001,Manufacturing,1979,11,19299.0
CES3000000001,Manufacturing,1979,12,19301.0
CES3000000001,Manufacturing,1980,1,19282.0
CES3000000001,Manufacturing,1980,2,19219.0
CES3000000001,Manufacturing,1980,3,19217.0
CES3000000001,Manufacturing,1980,4,18973.0
CES3000000001,Manufacturing,1980,5,18726.0
CES3000000001,Manufacturing,1980,6,18490.0
CES3000000001,Manufacturing,1980,7,18276.0
CES3000000001,Manufacturing,1980,8,18414.0
CES3000000001,Manufacturing,1980,9,18445.0
CES3000000001,Manufacturing,1980,10,18506.0
CES3000000001,Manufacturing,1980,11,18601.0
CES3000000001,Manufacturing,1980,12,18640.0
CES3000000001,Manufacturing,1981,1,18639.0
CES3000000001,Manufacturing,1981,2,18613.0
CES3000000001,Manufacturing,1981,3,18647.0
CES3000000001,Manufacturing,1981,4,18711.0
CES3000000001,Manufacturing,1981,5,18766.0
CES3000000001,Manufacturing,1981,6,18789.0
CES3000000001,Manufacturing,1981,7,18785.0
CES3000000001,Manufacturing,1981,8,18748.0
CES3000000001,Manufacturing,1981,9,18712.0
CES3000000001,Manufacturing,1981,10,18566.0
CES3000000001,Manufacturing,1981,11,18409.0
CES3000000001,Manufacturing,1981,12,18223.0
CES3000000001,Manufacturing,1982,1,18047.0
CES3000000001,Manufacturing,1982,2,17981.0
CES3000000001,Manufacturing,1982,3,17857.0
CES3000000001,Manufacturing,1982,4,17683.0
CES3000000001,Manufacturing,1982,5,17588.0
CES3000000001,Manufacturing,1982,6,17430.0
CES3000000001,Manufacturing,1982,7,17278.0
CES3000000001,Manufacturing,1982,8,17160.0
CES3000000001,Manufacturing,1982,9,17074.0
CES3000000001,Manufacturing,1982,10,16853.0
CES3000000001,Manufacturing,1982,11,16722.0
CES3000000001,Manufacturing,1982,12,16690.0
CES3000000001,Manufacturing,1983,1,16705.0
CES3000000001,Manufacturing,1983,2,16706.0
CES3000000001,Manufacturing,1983,3,16711.0
CES3000000001,Manufacturing,1983,4,16794.0
CES3000000001,Manufacturing,1983,5,16885.0
CES3000000001,Manufacturing,1983,6,16960.0
CES3000000001,Manufacturing,1983,7,17059.0
CES3000000001,Manufacturing,1983,8,17118.0
CES3000000001,Manufacturing,1983,9,17255.0
CES3000000001,Manufacturing,1983,10,17367.0
CES3000000001,Manufacturing,1983,11,17479.0
CES3000000001,Manufacturing,1983,12,17551.0
CES3000000001,Manufacturing,1984,1,17630.0
CES3000000001,Manufacturing,1984,2,17728.0
CES3000000001,Manufacturing,1984,3,17806.0
CES3000000001,Manufacturing,1984,4,17872.0
CES3000000001,Manufacturing,1984,5,17916.0
CES3000000001,Manufacturing,1984,6,17967.0
CES3000000001,Manufacturing,1984,7,18013.0
CES3000000001,Manufacturing,1984,8,18034.0
CES3000000001,Manufacturing,1984,9,18019.0
CES3000000001,Manufacturing,1984,10,18024.0
CES3000000001,Manufacturing,1984,11,18016.0
CES3000000001,Manufacturing,1984,12,18023.0
CES3000000001,Manufacturing,1985,1,18009.0
CES3000000001,Manufacturing,1985,2,17966.0
CES3000000001,Manufacturing,1985,3,17939.0
CES3000000001,Manufacturing,1985,4,17886.0
CES3000000001,Manufacturing,1985,5,17855.0
CES3000000001,Manufacturing,1985,6,17819.0
CES3000000001,Manufacturing,1985,7,17776.0
CES3000000001,Manufacturing,1985,8,17756.0
CES3000000001,Manufacturing,1985,9,17718.0
CES3000000001,Manufacturing,1985,10,17708.0
CES3000000001,Manufacturing,1985,11,17697.0
CES3000000001,Manufacturing,1985,12,17693.0
CES3000000001,Manufacturing,1986,1,17686.0
CES3000000001,Manufacturing,1986,2,17663.0
CES3000000001,Manufacturing,1986,3,17624.0
CES3000000001,Manufacturing,1986,4,17616.0
CES3000000001,Manufacturing,1986,5,17593.0
CES3000000001,Manufacturing,1986,6,17530.0
CES3000000001,Manufacturing,1986,7,17497.0
CES3000000001,Manufacturing,1986,8,17489.0
CES3000000001,Manufacturing,1986,9,17498.0
CES3000000001,Manufacturing,1986,10,17477.0
CES3000000001,Manufacturing,1986,11,17472.0
CES3000000001,Manufacturing,1986,12,17478.0
CES3000000001,Manufacturing,1987,1,17465.0
CES3000000001,Manufacturing,1987,2,17499.0
CES3000000001,Manufacturing,1987,3,17507.0
CES3000000001,Manufacturing,1987,4,17525.0
CES3000000001,Manufacturing,1987,5,17542.0
CES3000000001,Manufacturing,1987,6,17537.0
CES3000000001,Manufacturing,1987,7,17593.0
CES3000000001,Manufacturing,1987,8,17630.0
CES3000000001,Manufacturing,1987,9,17691.0
CES3000000001,Manufacturing,1987,10,17729.0
CES3000000001,Manufacturing,1987,11,17775.0
CES3000000001,Manufacturing,1987,12,17809.0
CES3000000001,Manufacturing,1988,1,17790.0
CES3000000001,Manufacturing,1988,2,17823.0
CES3000000001,Manufacturing,1988,3,17844.0
CES3000000001,Manufacturing,1988,4,17874.0
CES3000000001,Manufacturing,1988,5,17892.0
CES3000000001,Manufacturing,1988,6,17916.0
CES3000000001,Manufacturing,1988,7,17926.0
CES3000000001,Manufacturing,1988,8,17891.0
CES3000000001,Manufacturing,1988,9,17914.0
CES3000000001,Manufacturing,1988,10,17966.0
CES3000000001,Manufacturing,1988,11,18003.0
CES3000000001,Manufacturing,1988,12,18025.0
CES3000000001,Manufacturing,1989,1,18057.0
CES3000000001,Manufacturing,1989,2,18055.0
CES3000000001,Manufacturing,1989,3,18060.0
CES3000000001,Manufacturing,1989,4,18055.0
CES3000000001,Manufacturing,1989,5,18040.0
CES3000000001,Manufacturing,1989,6,18013.0
CES3000000001,Manufacturing,1989,7,17980.0
CES3000000001,Manufacturing,1989,8,17964.0
CES3000000001,Manufacturing,1989,9,17922.0
CES3000000001,Manufacturing,1989,10,17895.0
CES3000000001,Manufacturing,1989,11,17886.0
CES3000000001,Manufacturing,1989,12,17881.0
CES3000000001,Manufacturing,1990,1,17797.0
CES3000000001,Manufacturing,1990,2,17893.0
CES3000000001,Manufacturing,1990,3,17868.0
CES3000000001,Manufacturing,1990,4,17845.0
CES3000000001,Manufacturing,1990,5,17796.0
CES3000000001,Manufacturing,1990,6,17775.0
CES3000000001,Manufacturing,1990,7,17703.0
CES3000000001,Manufacturing,1990,8,17650.0
CES3000000001,Manufacturing,1990,9,17609.0
CES3000000001,Manufacturing,1990,10,17577.0
CES3000000001,Manufacturing,1990,11,17428.0
CES3000000001,Manufacturing,1990,12,17395.0
CES3000000001,Manufacturing,1991,1,17330.0
CES3000000001,Manufacturing,1991,2,17213.0
CES3000000001,Manufacturing,1991,3,17140.0
CES3000000001,Manufacturing,1991,4,17093.0
CES3000000001,Manufacturing,1991,5,17071.0
CES3000000001,Manufacturing,1991,6,17045.0
CES3000000001,Manufacturing,1991,7,17015.0
CES3000000001,Manufacturing,1991,8,17026.0
CES3000000001,Manufacturing,1991,9,17010.0
CES3000000001,Manufacturing,1991,10,16999.0
CES3000000001,Manufacturing,1991,11,16961.0
CES3000000001,Manufacturing,1991,12,16917.0
CES3000000001,Manufacturing,1992,1,16839.0
CES3000000001,Manufacturing,1992,2,16828.0
CES3000000001,Manufacturing,1992,3,16805.0
CES3000000001,Manufacturing,1992,4,16830.0
CES3000000001,Manufacturing,1992,5,16835.0
CES3000000001,Manufacturing,1992,6,16826.0
CES3000000001,Manufacturing,1992,7,16820.0
CES3000000001,Manufacturing,1992,8,16782.0
CES3000000001,Manufacturing,1992,9,16760.0
CES3000000001,Manufacturing,1992,10,16751.0
CES3000000001,Manufacturing,1992,11,16758.0
CES3000000001,Manufacturing,1992,12,16770.0
CES3000000001,Manufacturing,1993,1,16790.0
CES3000000001,Manufacturing,1993,2,16804.0
CES3000000001,Manufacturing,1993,3,16795.0
CES3000000001,Manufacturing,1993,4,16772.0
CES3000000001,Manufacturing,1993,5,16766.0
CES3000000001,Manufacturing,1993,6,16742.0
CES3000000001,Manufacturing,1993,7,16740.0
CES3000000001,Manufacturing,1993,8,16740.0
CES3000000001,Manufacturing,1993,9,16770.0
CES3000000001,Manufacturing,1993,10,16778.0
CES3000000001,Manufacturing,1993,11,16800.0
CES3000000001,Manufacturing,1993,12,16815.0
CES3000000001,Manufacturing,1994,1,16855.0
CES3000000001,Manufacturing,1994,2,16862.0
CES3000000001,Manufacturing,1994,3,16897.0
CES3000000001,Manufacturing,1994,4,16933.0
CES3000000001,Manufacturing,1994,5,16961.0
CES3000000001,Manufacturing,1994,6,17009.0
CES3000000001,Manufacturing,1994,7,17025.0
CES3000000001,Manufacturing,1994,8,17081.0
CES3000000001,Manufacturing,1994,9,17114.0
CES3000000001,Manufacturing,1994,10,17144.0
CES3000000001,Manufacturing,1994,11,17186.0
CES3000000001,Manufacturing,1994,12,17218.0
CES3000000001,Manufacturing,1995,1,17262.0
CES3000000001,Manufacturing,1995,2,17266.0
CES3000000001,Manufacturing,1995,3,17263.0
CES3000000001,Manufacturing,1995,4,17278.0
CES3000000001,Manufacturing,1995,5,17258.0
CES3000000001,Manufacturing,1995,6,17247.0
CES3000000001,Manufacturing,1995,7,17218.0
CES3000000001,Manufacturing,1995,8,17240.0
CES3000000001,Manufacturing,1995,9,17247.0
CES3000000001,Manufacturing,1995,10,17216.0
CES3000000001,Manufacturing,1995,11,17208.0
CES3000000001,Manufacturing,1995,12,17231.0
CES3000000001,Manufacturing,1996,1,17208.0
CES3000000001,Manufacturing,1996,2,17230.0
CES3000000001,Manufacturing,1996,3,17193.0
CES3000000001,Manufacturing,1996,4,17204.0
CES3000000001,Manufacturing,1996,5,17222.0
CES3000000001,Manufacturing,1996,6,17226.0
CES3000000001,Manufacturing,1996,7,17222.0
CES3000000001,Manufacturing,1996,8,17256.0
CES3000000001,Manufacturing,1996,9,17251.0
CES3000000001,Manufacturing,1996,10,17268.0
CES3000000001,Manufacturing,1996,11,17277.0
CES3000000001,Manufacturing,1996,12,17284.0
CES3000000001,Manufacturing,1997,1,17297.0
CES3000000001,Manufacturing,1997,2,17315.0
CES3000000001,Manufacturing,1997,3,17340.0
CES3000000001,Manufacturing,1997,4,17351.0
CES3000000001,Manufacturing,1997,5,17364.0
CES3000000001,Manufacturing,1997,6,17387.0
CES3000000001,Manufacturing,1997,7,17388.0
CES3000000001,Manufacturing,1997,8,17453.0
CES3000000001,Manufacturing,1997,9,17465.0
CES3000000001,Manufacturing,1997,10,17514.0
CES3000000001,Manufacturing,1997,11,17556.0
CES3000000001,Manufacturing,1997,12,17587.0
CES3000000001,Manufacturing,1998,1,17619.0
CES3000000001,Manufacturing,1998,2,17627.0
CES3000000001,Manufacturing,1998,3,17637.0
CES3000000001,Manufacturing,1998,4,17637.0
CES3000000001,Manufacturing,1998,5,17624.0
CES3000000001,Manufacturing,1998,6,17607.0
CES3000000001,Manufacturing,1998,7,17423.0
CES3000000001,Manufacturing,1998,8,17563.0
CES3000000001,Manufacturing,1998,9,17557.0
CES3000000001,Manufacturing,1998,10,17512.0
CES3000000001,Manufacturing,1998,11,17466.0
CES3000000001,Manufacturing,1998,12,17449.0
CES3000000001,Manufacturing,1999,1,17427.0
CES3000000001,Manufacturing,1999,2,17395.0
CES3000000001,Manufacturing,1999,3,17368.0
CES3000000001,Manufacturing,1999,4,17343.0
CES3000000001,Manufacturing,1999,5,17333.0
CES3000000001,Manufacturing,1999,6,17294.0
CES3000000001,Manufacturing,1999,7,17308.0
CES3000000001,Manufacturing,1999,8,17287.0
CES3000000001,Manufacturing,1999,9,17282.0
CES3000000001,Manufacturing,1999,10,17274.0
CES3000000001,Manufacturing,1999,11,17282.0
CES3000000001,Manufacturing,1999,12,17279.0
CES3000000001,Manufacturing,2000,1,17284.0
CES3000000001,Manufacturing,2000,2,17284.0
CES3000000001,Manufacturing,2000,3,17302.0
CES3000000001,Manufacturing,2000,4,17299.0
CES3000000001,Manufacturing,2000,5,17278.0
CES3000000001,Manufacturing,2000,6,17295.0
CES3000000001,Manufacturing,2000,7,17322.0
CES3000000001,Manufacturing,2000,8,17287.0
CES3000000001,Manufacturing,2000,9,17229.0
CES3000000001,Manufacturing,2000,10,17217.0
CES3000000001,Manufacturing,2000,11,17202.0
CES3000000001,Manufacturing,2000,12,17181.0
CES3000000001,Manufacturing,2001,1,17105.0
CES3000000001,Manufacturing,2001,2,17030.0
CES3000000001,Manufacturing,2001,3,16938.0
CES3000000001,Manufacturing,2001,4,16802.0
CES3000000001,Manufacturing,2001,5,16660.0
CES3000000001,Manufacturing,2001,6,16513.0
CES3000000001,Manufacturing,2001,7,16381.0
CES3000000001,Manufacturing,2001,8,16233.0
CES3000000001,Manufacturing,2001,9,16116.0
CES3000000001,Manufacturing,2001,10,15973.0
CES3000000001,Manufacturing,2001,11,15825.0
CES3000000001,Manufacturing,2001,12,15712.0
CES3000000001,Manufacturing,2002,1,15588.0
CES3000000001,Manufacturing,2002,2,15518.0
CES3000000001,Manufacturing,2002,3,15443.0
CES3000000001,Manufacturing,2002,4,15392.0
CES3000000001,Manufacturing,2002,5,15338.0
CES3000000001,Manufacturing,2002,6,15297.0
CES3000000001,Manufacturing,2002,7,15256.0
CES3000000001,Manufacturing,2002,8,15171.0
CES3000000001,Manufacturing,2002,9,15119.0
CES3000000001,Manufacturing,2002,10,15059.0
CES3000000001,Manufacturing,2002,11,14992.0
CES3000000001,Manufacturing,2002,12,14911.0
CES3000000001,Manufacturing,2003,1,14867.0
CES3000000001,Manufacturing,2003,2,14780.0
CES3000000001,Manufacturing,2003,3,14721.0
CES3000000001,Manufacturing,2003,4,14608.0
CES3000000001,Manufacturing,2003,5,14558.0
CES3000000001,Manufacturing,2003,6,14493.0
CES3000000001,Manufacturing,2003,7,14403.0
CES3000000001,Manufacturing,2003,8,14376.0
CES3000000001,Manufacturing,2003,9,14346.0
CES3000000001,Manufacturing,2003,10,14334.0
CES3000000001,Manufacturing,2003,11,14316.0
CES3000000001,Manufacturing,2003,12,14299.0
CES3000000001,Manufacturing,2004,1,14291.0
CES3000000001,Manufacturing,2004,2,14279.0
CES3000000001,Manufacturing,2004,3,14287.0
CES3000000001,Manufacturing,2004,4,14315.0
CES3000000001,Manufacturing,2004,5,14342.0
CES3000000001,Manufacturing,2004,6,14334.0
CES3000000001,Manufacturing,2004,7,14331.0
CES3000000001,Manufacturing,2004,8,14345.0
CES3000000001,Manufacturing,2004,9,14332.0
CES3000000001,Manufacturing,2004,10,14332.0
CES3000000001,Manufacturing,2004,11,14306.0
CES3000000001,Manufacturing,2004,12,14285.0
CES3000000001,Manufacturing,2005,1,14257.0
CES3000000001,Manufacturing,2005,2,14272.0
CES3000000001,Manufacturing,2005,3,14268.0
CES3000000001,Manufacturing,2005,4,14249.0
CES3000000001,Manufacturing,2005,5,14255.0
CES3000000001,Manufacturing,2005,6,14227.0
CES3000000001,Manufacturing,2005,7,14225.0
CES3000000001,Manufacturing,2005,8,14200.0
CES3000000001,Manufacturing,2005,9,14173.0
CES3000000001,Manufacturing,2005,10,14189.0
CES3000000001,Manufacturing,2005,11,14184.0
CES3000000001,Manufacturing,2005,12,14189.0
CES3000000001,Manufacturing,2006,1,14208.0
CES3000000001,Manufacturing,2006,2,14208.0
CES3000000001,Manufacturing,2006,3,14210.0
CES3000000001,Manufacturing,2006,4,14223.0
CES3000000001,Manufacturing,2006,5,14200.0
CES3000000001,Manufacturing,2006,6,14210.0
CES3000000001,Manufacturing,2006,7,14185.0
CES3000000001,Manufacturing,2006,8,14154.0
CES3000000001,Manufacturing,2006,9,14120.0
CES3000000001,Manufacturing,2006,10,14068.0
CES3000000001,Manufacturing,2006,11,14034.0
CES3000000001,Manufacturing,2006,12,14009.0
CES3000000001,Manufacturing,2007,1,14004.0
CES3000000001,Manufacturing,2007,2,13993.0
CES3000000001,Manufacturing,2007,3,13964.0
CES3000000001,Manufacturing,2007,4,13939.0
CES3000000001,Manufacturing,2007,5,13922.0
CES3000000001,Manufacturing,2007,6,13903.0
CES3000000001,Manufacturing,2007,7,13881.0
CES3000000001,Manufacturing,2007,8,13821.0
CES3000000001,Manufacturing,2007,9,13784.0
CES3000000001,Manufacturing,2007,10,13756.0
CES3000000001,Manufacturing,2007,11,13751.0
CES3000000001,Manufacturing,2007,12,13739.0
CES3000000001,Manufacturing,2008,1,13717.0
CES3000000001,Manufacturing,2008,2,13690.0
CES3000000001,Manufacturing,2008,3,13650.0
CES3000000001,Manufacturing,2008,4,13589.0
CES3000000001,Manufacturing,2008,5,13555.0
CES3000000001,Manufacturing,2008,6,13494.0
CES3000000001,Manufacturing,2008,7,13419.0
CES3000000001,Manufacturing,2008,8,13348.0
CES3000000001,Manufacturing,2008,9,13267.0
CES3000000001,Manufacturing,2008,10,13138.0
CES3000000001,Manufacturing,2008,11,13026.0
CES3000000001,Manufacturing,2008,12,12842.0
CES3000000001,Manufacturing,2009,1,12552.0
CES3000000001,Manufacturing,2009,2,12371.0
CES3000000001,Manufacturing,2009,3,12196.0
CES3000000001,Manufacturing,2009,4,12017.0
CES3000000001,Manufacturing,2009,5,11850.0
CES3000000001,Manufacturing,2009,6,11713.0
CES3000000001,Manufacturing,2009,7,11654.0
CES3000000001,Manufacturing,2009,8,11612.0
CES3000000001,Manufacturing,2009,9,11580.0
CES3000000001,Manufacturing,2009,10,11527.0
CES3000000001,Manufacturing,2009,11,11498.0
CES3000000001,Manufacturing,2009,12,11465.0
CES3000000001,Manufacturing,2010,1,11447.0
CES3000000001,Manufacturing,2010,2,11439.0
CES3000000001,Manufacturing,2010,3,11439.0
CES3000000001,Manufacturing,2010,4,11475.0
CES3000000001,Manufacturing,2010,5,11511.0
CES3000000001,Manufacturing,2010,6,11529.0
CES3000000001,Manufacturing,2010,7,11546.0
CES3000000001,Manufacturing,2010,8,11538.0
CES3000000001,Manufacturing,2010,9,11549.0
CES3000000001,Manufacturing,2010,10,11548.0
CES3000000001,Manufacturing,2010,11,11571.0
CES3000000001,Manufacturing,2010,12,11579.0
CES3000000001,Manufacturing,2011,1,11606.0
CES3000000001,Manufacturing,2011,2,11637.0
CES3000000001,Manufacturing,2011,3,11659.0
CES3000000001,Manufacturing,2011,4,11689.0
CES3000000001,Manufacturing,2011,5,11697.0
CES3000000001,Manufacturing,2011,6,11710.0
CES3000000001,Manufacturing,2011,7,11729.0
CES3000000001,Manufacturing,2011,8,11748.0
CES3000000001,Manufacturing,2011,9,11752.0
CES3000000001,Manufacturing,2011,10,11762.0
CES3000000001,Manufacturing,2011,11,11753.0
CES3000000001,Manufacturing,2011,12,11783.0
CES3000000001,Manufacturing,2012,1,11820.0
CES3000000001,Manufacturing,2012,2,11841.0
CES3000000001,Manufacturing,2012,3,11880.0
CES3000000001,Manufacturing,2012,4,11897.0
CES3000000001,Manufacturing,2012,5,11908.0
CES3000000001,Manufacturing,2012,6,11918.0
CES3000000001,Manufacturing,2012,7,11944.0
CES3000000001,Manufacturing,2012,8,11940.0
CES3000000001,Manufacturing,2012,9,11934.0
CES3000000001,Manufacturing,2012,10,11941.0
CES3000000001,Manufacturing,2012,11,11930.0
CES3000000001,Manufacturing,2012,12,11939.0
CES3000000001,Manufacturing,2013,1,11962.0
CES3000000001,Manufacturing,2013,2,11974.0
CES3000000001,Manufacturing,2013,3,11977.0
CES3000000001,Manufacturing,2013,4,11978.0
CES3000000001,Manufacturing,2013,5,11978.0
CES3000000001,Manufacturing,2013,6,11982.0
CES3000000001,Manufacturing,2013,7,11962.0
CES3000000001,Manufacturing,2013,8,11992.0
CES3000000001,Manufacturing,2013,9,12010.0
CES3000000001,Manufacturing,2013,10,12033.0
CES3000000001,Manufacturing,2013,11,12054.0
CES3000000001,Manufacturing,2013,12,12060.0
CES3000000001,Manufacturing,2014,1,12058.0
CES3000000001,Manufacturing,2014,2,12084.0
CES3000000001,Manufacturing,2014,3,12096.0
CES3000000001,Manufacturing,2014,4,12109.0
CES3000000001,Manufacturing,2014,5,12120.0
CES3000000001,Manufacturing,2014,6,12146.0
CES3000000001,Manufacturing,2014,7,12165.0
CES3000000001,Manufacturing,2014,8,12182.0
CES3000000001,Manufacturing,2014,9,12201.0
CES3000000001,Manufacturing,2014,10,12233.0
CES3000000001,Manufacturing,2014,11,12260.0
CES3000000001,Manufacturing,2014,12,12266.0
CES3000000001,Manufacturing,2015,1,12265.0
CES3000000001,Manufacturing,2015,2,12275.0
CES3000000001,Manufacturing,2015,3,12286.0
CES3000000001,Manufacturing,2015,4,12291.0
CES3000000001,Manufacturing,2015,5,12306.0
CES3000000001,Manufacturing,2015,6,12307.0
CES3000000001,Manufacturing,2015,7,12323.0
CES3000000001,Manufacturing,2015,8,12318.0
CES3000000001,Manufacturing,2015,9,12326.0
CES3000000001,Manufacturing,2015,10,12334.0
CES3000000001,Manufacturing,2015,11,12329.0
CES3000000001,Manufacturing,2015,12,12333.0
CES3000000001,Manufacturing,2016,1,12354.0
CES3000000001,Manufacturing,2016,2,12337.0
CES3000000001,Manufacturing,2016,3,12313.0
CES3000000001,Manufacturing,2016,4,12325.0
CES3000000001,Manufacturing,2016,5,12303.0
CES3000000001,Manufacturing,2016,6,12321.0
CES3000000001,Manufacturing,2016,7,12342.0
CES3000000001,Manufacturing,2016,8,12319.0
CES3000000001,Manufacturing,2016,9,12317.0
CES3000000001,Manufacturing,2016,10,12316.0
CES3000000001,Manufacturing,2016,11,12311.0
CES3000000001,Manufacturing,2016,12,12324.0
CES3000000001,Manufacturing,2017,1,12334.0
CES3000000001,Manufacturing,2017,2,12350.0
CES3000000001,Manufacturing,2017,3,12361.0
CES3000000001,Manufacturing,2017,4,12367.0
CES3000000001,Manufacturing,2017,5,12377.0
CES3000000001,Manufacturing,2017,6,12390.0
CES3000000001,Manufacturing,2017,7,12390.0
CES3000000001,Manufacturing,2017,8,12435.0
CES3000000001,Manufacturing,2017,9,12443.0
CES3000000001,Manufacturing,2017,10,12457.0
CES3000000001,Manufacturing,2017,11,12472.0
CES3000000001,Manufacturing,2017,12,12501.0
CES3000000001,Manufacturing,2018,1,12527.0
CES3000000001,Manufacturing,2018,2,12551.0
CES3000000001,Manufacturing,2018,3,12576.0
CES3000000001,Manufacturing,2018,4,12595.0
CES3000000001,Manufacturing,2018,5,12623.0
CES3000000001,Manufacturing,2018,6,12656.0
CES3000000001,Manufacturing,2018,7,12676.0
CES3000000001,Manufacturing,2018,8,12688.0
CES3000000001,Manufacturing,2018,9,12710.0
CES3000000001,Manufacturing,2018,10,12731.0
CES3000000001,Manufacturing,2018,11,12741.0
CES3000000001,Manufacturing,2018,12,12761.0
CES3000000001,Manufacturing,2019,1,12790.0
CES3000000001,Manufacturing,2019,2,12782.0
CES3000000001,Manufacturing,2019,3,12788.0
CES3000000001,Manufacturing,2019,4,12785.0
CES3000000001,Manufacturing,2019,5,12778.0
CES3000000001,Manufacturing,2019,6,12787.0
CES3000000001,Manufacturing,2019,7,12790.0
CES3000000001,Manufacturing,2019,8,12789.0
CES3000000001,Manufacturing,2019,9,12787.0
CES3000000001,Manufacturing,2019,10,12733.0
CES3000000001,Manufacturing,2019,11,12777.0
CES3000000001,Manufacturing,2019,12,12760.0
CES3000000001,Manufacturing,2020,1,12745.0
CES3000000001,Manufacturing,2020,2,12743.0
CES3000000001,Manufacturing,2020,3,12684.0
CES3000000001,Manufacturing,2020,4,11382.0
CES3000000001,Manufacturing,2020,5,11610.0
CES3000000001,Manufacturing,2020,6,11950.0
CES3000000001,Manufacturing,2020,7,11973.0
CES3000000001,Manufacturing,2020,8,11999.0
CES3000000001,Manufacturing,2020,9,12057.0
CES3000000001,Manufacturing,2020,10,12086.0
CES3000000001,Manufacturing,2020,11,12118.0
CES3000000001,Manufacturing,2020,12,12153.0
CES3000000001,Manufacturing,2021,1,12142.0
CES3000000001,Manufacturing,2021,2,12172.0
CES3000000001,Manufacturing,2021,3,12229.0
CES3000000001,Manufacturing,2021,4,12193.0
CES3000000001,Manufacturing,2021,5,12216.0
CES3000000001,Manufacturing,2021,6,12247.0
CES3000000001,Manufacturing,2021,7,12305.0
CES3000000001,Manufacturing,2021,8,12353.0
CES3000000001,Manufacturing,2021,9,12393.0
CES3000000001,Manufacturing,2021,10,12453.0
CES3000000001,Manufacturing,2021,11,12498.0
CES3000000001,Manufacturing,2021,12,12537.0
CES3000000001,Manufacturing,2022,1,12564.0
CES3000000001,Manufacturing,2022,2,12601.0
CES3000000001,Manufacturing,2022,3,12674.0
CES3000000001,Manufacturing,2022,4,12726.0
CES3000000001,Manufacturing,2022,5,12735.0
CES3000000001,Manufacturing,2022,6,12767.0
CES3000000001,Manufacturing,2022,7,12800.0
CES3000000001,Manufacturing,2022,8,12832.0
CES3000000001,Manufacturing,2022,9,12849.0
CES3000000001,Manufacturing,2022,10,12883.0
CES3000000001,Manufacturing,2022,11,12896.0
CES3000000001,Manufacturing,2022,12,12895.0
CES3000000001,Manufacturing,2023,1,12903.0
CES3000000001,Manufacturing,2023,2,12898.0
CES3000000001,Manufacturing,2023,3,12888.0
CES3000000001,Manufacturing,2023,4,12884.0
CES3000000001,Manufacturing,2023,5,12869.0
CES3000000001,Manufacturing,2023,6,12875.0
CES3000000001,Manufacturing,2023,7,12862.0
CES3000000001,Manufacturing,2023,8,12861.0
CES3000000001,Manufacturing,2023,9,12872.0
CES3000000001,Manufacturing,2023,10,12837.0
CES3000000001,Manufacturing,2023,11,12859.0
CES3000000001,Manufacturing,2023,12,12872.0
CES3000000001,Manufacturing,2024,1,12875.0
CES3000000001,Manufacturing,2024,2,12852.0
CES3000000001,Manufacturing,2024,3,12836.0
CES3000000001,Manufacturing,2024,4,12833.0
CES3000000001,Manufacturing,2024,5,12825.0
CES3000000001,Manufacturing,2024,6,12814.0
CES3000000001,Manufacturing,2024,7,12806.0
CES3000000001,Manufacturing,2024,8,12772.0
CES3000000001,Manufacturing,2024,9,12758.0
CES3000000001,Manufacturing,2024,10,12697.0
CES3000000001,Manufacturing,2024,11,12711.0
CES3000000001,Manufacturing,2024,12,12693.0
CES3000000001,Manufacturing,2025,1,12673.0
CES3000000001,Manufacturing,2025,2,12671.0
CES3000000001,Manufacturing,2025,3,12666.0
CES3000000001,Manufacturing,2025,4,12662.0
CES3000000001,Manufacturing,2025,5,12651.0
CES3000000001,Manufacturing,2025,6,12636.0
CES3000000001,Manufacturing,2025,7,12625.0
CES3000000001,Manufacturing,2025,8,12615.0
CES3000000001,Manufacturing,2025,9,12612.0
CES3000000001,Manufacturing,2025,10,12603.0
CES3000000001,Manufacturing,2025,11,12593.0
CES3000000001,Manufacturing,2025,12,12580.0
CES3100000001,Manufacturing - Durable goods,1976,1,10417.0
CES3100000001,Manufacturing - Durable goods,1976,2,10486.0
CES3100000001,Manufacturing - Durable goods,1976,3,10558.0
CES3100000001,Manufacturing - Durable goods,1976,4,10612.0
CES3100000001,Manufacturing - Durable goods,1976,5,10641.0
CES3100000001,Manufacturing - Durable goods,1976,6,10652.0
CES3100000001,Manufacturing - Durable goods,1976,7,10651.0
CES3100000001,Manufacturing - Durable goods,1976,8,10736.0
CES3100000001,Manufacturing - Durable goods,1976,9,10753.0
CES3100000001,Manufacturing - Durable goods,1976,10,10641.0
CES3100000001,Manufacturing - Durable goods,1976,11,10775.0
CES3100000001,Manufacturing - Durable goods,1976,12,10804.0
CES3100000001,Manufacturing - Durable goods,1977,1,10860.0
CES3100000001,Manufacturing - Durable goods,1977,2,10873.0
CES3100000001,Manufacturing - Durable goods,1977,3,10956.0
CES3100000001,Manufacturing - Durable goods,1977,4,11010.0
CES3100000001,Manufacturing - Durable goods,1977,5,11079.0
CES3100000001,Manufacturing - Durable goods,1977,6,11136.0
CES3100000001,Manufacturing - Durable goods,1977,7,11205.0
CES3100000001,Manufacturing - Durable goods,1977,8,11220.0
CES3100000001,Manufacturing - Durable goods,1977,9,11265.0
CES3100000001,Manufacturing - Durable goods,1977,10,11276.0
CES3100000001,Manufacturing - Durable goods,1977,11,11333.0
CES3100000001,Manufacturing - Durable goods,1977,12,11424.0
CES3100000001,Manufacturing - Durable goods,1978,1,11481.0
CES3100000001,Manufacturing - Durable goods,1978,2,11518.0
CES3100000001,Manufacturing - Durable goods,1978,3,11556.0
CES3100000001,Manufacturing - Durable goods,1978,4,11624.0
CES3100000001,Manufacturing - Durable goods,1978,5,11691.0
CES3100000001,Manufacturing - Durable goods,1978,6,11739.0
CES3100000001,Manufacturing - Durable goods,1978,7,11789.0
CES3100000001,Manufacturing - Durable goods,1978,8,11839.0
CES3100000001,Manufacturing - Durable goods,1978,9,11901.0
CES3100000001,Manufacturing - Durable goods,1978,10,11966.0
CES3100000001,Manufacturing - Durable goods,1978,11,12051.0
CES3100000001,Manufacturing - Durable goods,1978,12,12110.0
CES3100000001,Manufacturing - Durable goods,1979,1,12162.0
CES3100000001,Manufacturing - Durable goods,1979,2,12196.0
CES3100000001,Manufacturing - Durable goods,1979,3,12233.0
CES3100000001,Manufacturing - Durable goods,1979,4,12241.0
CES3100000001,Manufacturing - Durable goods,1979,5,12289.0
CES3100000001,Manufacturing - Durable goods,1979,6,12320.0
CES3100000001,Manufacturing - Durable goods,1979,7,12312.0
CES3100000001,Manufacturing - Durable goods,1979,8,12200.0
CES3100000001,Manufacturing - Durable goods,1979,9,12265.0
CES3100000001,Manufacturing - Durable goods,1979,10,12192.0
CES3100000001,Manufacturing - Durable goods,1979,11,12117.0
CES3100000001,Manufacturing - Durable goods,1979,12,12126.0
CES3100000001,Manufacturing - Durable goods,1980,1,12103.0
CES3100000001,Manufacturing - Durable goods,1980,2,12094.0
CES3100000001,Manufacturing - Durable goods,1980,3,12093.0
CES3100000001,Manufacturing - Durable goods,1980,4,11874.0
CES3100000001,Manufacturing - Durable goods,1980,5,11655.0
CES3100000001,Manufacturing - Durable goods,1980,6,11465.0
CES3100000001,Manufacturing - Durable goods,1980,7,11317.0
CES3100000001,Manufacturing - Durable goods,1980,8,11401.0
CES3100000001,Manufacturing - Durable goods,1980,9,11442.0
CES3100000001,Manufacturing - Durable goods,1980,10,11496.0
CES3100000001,Manufacturing - Durable goods,1980,11,11587.0
CES3100000001,Manufacturing - Durable goods,1980,12,11621.0
CES3100000001,Manufacturing - Durable goods,1981,1,11629.0
CES3100000001,Manufacturing - Durable goods,1981,2,11601.0
CES3100000001,Manufacturing - Durable goods,1981,3,11629.0
CES3100000001,Manufacturing - Durable goods,1981,4,11683.0
CES3100000001,Manufacturing - Durable goods,1981,5,11718.0
CES3100000001,Manufacturing - Durable goods,1981,6,11733.0
CES3100000001,Manufacturing - Durable goods,1981,7,11720.0
CES3100000001,Manufacturing - Durable goods,1981,8,11696.0
CES3100000001,Manufacturing - Durable goods,1981,9,11668.0
CES3100000001,Manufacturing - Durable goods,1981,10,11558.0
CES3100000001,Manufacturing - Durable goods,1981,11,11425.0
CES3100000001,Manufacturing - Durable goods,1981,12,11275.0
CES3100000001,Manufacturing - Durable goods,1982,1,11159.0
CES3100000001,Manufacturing - Durable goods,1982,2,11100.0
CES3100000001,Manufacturing - Durable goods,1982,3,11014.0
CES3100000001,Manufacturing - Durable goods,1982,4,10880.0
CES3100000001,Manufacturing - Durable goods,1982,5,10804.0
CES3100000001,Manufacturing - Durable goods,1982,6,10682.0
CES3100000001,Manufacturing - Durable goods,1982,7,10579.0
CES3100000001,Manufacturing - Durable goods,1982,8,10449.0
CES3100000001,Manufacturing - Durable goods,1982,9,10376.0
CES3100000001,Manufacturing - Durable goods,1982,10,10172.0
CES3100000001,Manufacturing - Durable goods,1982,11,10067.0
CES3100000001,Manufacturing - Durable goods,1982,12,10046.0
CES3100000001,Manufacturing - Durable goods,1983,1,10057.0
CES3100000001,Manufacturing - Durable goods,1983,2,10062.0
CES3100000001,Manufacturing - Durable goods,1983,3,10059.0
CES3100000001,Manufacturing - Durable goods,1983,4,10125.0
CES3100000001,Manufacturing - Durable goods,1983,5,10198.0
CES3100000001,Manufacturing - Durable goods,1983,6,10248.0
CES3100000001,Manufacturing - Durable goods,1983,7,10333.0
CES3100000001,Manufacturing - Durable goods,1983,8,10378.0
CES3100000001,Manufacturing - Durable goods,1983,9,10485.0
CES3100000001,Manufacturing - Durable goods,1983,10,10575.0
CES3100000001,Manufacturing - Durable goods,1983,11,10666.0
CES3100000001,Manufacturing - Durable goods,1983,12,10727.0
CES3100000001,Manufacturing - Durable goods,1984,1,10789.0
CES3100000001,Manufacturing - Durable goods,1984,2,10867.0
CES3100000001,Manufacturing - Durable goods,1984,3,10929.0
CES3100000001,Manufacturing - Durable goods,1984,4,10980.0
CES3100000001,Manufacturing - Durable goods,1984,5,11022.0
CES3100000001,Manufacturing - Durable goods,1984,6,11074.0
CES3100000001,Manufacturing - Durable goods,1984,7,11119.0
CES3100000001,Manufacturing - Durable goods,1984,8,11150.0
CES3100000001,Manufacturing - Durable goods,1984,9,11160.0
CES3100000001,Manufacturing - Durable goods,1984,10,11165.0
CES3100000001,Manufacturing - Durable goods,1984,11,11165.0
CES3100000001,Manufacturing - Durable goods,1984,12,11177.0
CES3100000001,Manufacturing - Durable goods,1985,1,11171.0
CES3100000001,Manufacturing - Durable goods,1985,2,11142.0
CES3100000001,Manufacturing - Durable goods,1985,3,11125.0
CES3100000001,Manufacturing - Durable goods,1985,4,11090.0
CES3100000001,Manufacturing - Durable goods,1985,5,11072.0
CES3100000001,Manufacturing - Durable goods,1985,6,11045.0
CES3100000001,Manufacturing - Durable goods,1985,7,11006.0
CES3100000001,Manufacturing - Durable goods,1985,8,10987.0
CES3100000001,Manufacturing - Durable goods,1985,9,10952.0
CES3100000001,Manufacturing - Durable goods,1985,10,10948.0
CES3100000001,Manufacturing - Durable goods,1985,11,10938.0
CES3100000001,Manufacturing - Durable goods,1985,12,10928.0
CES3100000001,Manufacturing - Durable goods,1986,1,10921.0
CES3100000001,Manufacturing - Durable goods,1986,2,10899.0
CES3100000001,Manufacturing - Durable goods,1986,3,10867.0
CES3100000001,Manufacturing - Durable goods,1986,4,10863.0
CES3100000001,Manufacturing - Durable goods,1986,5,10840.0
CES3100000001,Manufacturing - Durable goods,1986,6,10778.0
CES3100000001,Manufacturing - Durable goods,1986,7,10755.0
CES3100000001,Manufacturing - Durable goods,1986,8,10755.0
CES3100000001,Manufacturing - Durable goods,1986,9,10741.0
CES3100000001,Manufacturing - Durable goods,1986,10,10713.0
CES3100000001,Manufacturing - Durable goods,1986,11,10705.0
CES3100000001,Manufacturing - Durable goods,1986,12,10701.0
CES3100000001,Manufacturing - Durable goods,1987,1,10688.0
CES3100000001,Manufacturing - Durable goods,1987,2,10714.0
CES3100000001,Manufacturing - Durable goods,1987,3,10713.0
CES3100000001,Manufacturing - Durable goods,1987,4,10715.0
CES3100000001,Manufacturing - Durable goods,1987,5,10724.0
CES3100000001,Manufacturing - Durable goods,1987,6,10721.0
CES3100000001,Manufacturing - Durable goods,1987,7,10725.0
CES3100000001,Manufacturing - Durable goods,1987,8,10781.0
CES3100000001,Manufacturing - Durable goods,1987,9,10815.0
CES3100000001,Manufacturing - Durable goods,1987,10,10843.0
CES3100000001,Manufacturing - Durable goods,1987,11,10867.0
CES3100000001,Manufacturing - Durable goods,1987,12,10895.0
CES3100000001,Manufacturing - Durable goods,1988,1,10867.0
CES3100000001,Manufacturing - Durable goods,1988,2,10890.0
CES3100000001,Manufacturing - Durable goods,1988,3,10906.0
CES3100000001,Manufacturing - Durable goods,1988,4,10936.0
CES3100000001,Manufacturing - Durable goods,1988,5,10946.0
CES3100000001,Manufacturing - Durable goods,1988,6,10969.0
CES3100000001,Manufacturing - Durable goods,1988,7,10988.0
CES3100000001,Manufacturing - Durable goods,1988,8,10975.0
CES3100000001,Manufacturing - Durable goods,1988,9,10992.0
CES3100000001,Manufacturing - Durable goods,1988,10,11026.0
CES3100000001,Manufacturing - Durable goods,1988,11,11052.0
CES3100000001,Manufacturing - Durable goods,1988,12,11071.0
CES3100000001,Manufacturing - Durable goods,1989,1,11092.0
CES3100000001,Manufacturing - Durable goods,1989,2,11083.0
CES3100000001,Manufacturing - Durable goods,1989,3,11077.0
CES3100000001,Manufacturing - Durable goods,1989,4,11075.0
CES3100000001,Manufacturing - Durable goods,1989,5,11055.0
CES3100000001,Manufacturing - Durable goods,1989,6,11027.0
CES3100000001,Manufacturing - Durable goods,1989,7,10989.0
CES3100000001,Manufacturing - Durable goods,1989,8,10983.0
CES3100000001,Manufacturing - Durable goods,1989,9,10945.0
CES3100000001,Manufacturing - Durable goods,1989,10,10917.0
CES3100000001,Manufacturing - Durable goods,1989,11,10902.0
CES3100000001,Manufacturing - Durable goods,1989,12,10893.0
CES3100000001,Manufacturing - Durable goods,1990,1,10784.0
CES3100000001,Manufacturing - Durable goods,1990,2,10897.0
CES3100000001,Manufacturing - Durable goods,1990,3,10875.0
CES3100000001,Manufacturing - Durable goods,1990,4,10854.0
CES3100000001,Manufacturing - Durable goods,1990,5,10824.0
CES3100000001,Manufacturing - Durable goods,1990,6,10807.0
CES3100000001,Manufacturing - Durable goods,1990,7,10761.0
CES3100000001,Manufacturing - Durable goods,1990,8,10709.0
CES3100000001,Manufacturing - Durable goods,1990,9,10669.0
CES3100000001,Manufacturing - Durable goods,1990,10,10645.0
CES3100000001,Manufacturing - Durable goods,1990,11,10523.0
CES3100000001,Manufacturing - Durable goods,1990,12,10504.0
CES3100000001,Manufacturing - Durable goods,1991,1,10443.0
CES3100000001,Manufacturing - Durable goods,1991,2,10348.0
CES3100000001,Manufacturing - Durable goods,1991,3,10291.0
CES3100000001,Manufacturing - Durable goods,1991,4,10269.0
CES3100000001,Manufacturing - Durable goods,1991,5,10249.0
CES3100000001,Manufacturing - Durable goods,1991,6,10213.0
CES3100000001,Manufacturing - Durable goods,1991,7,10196.0
CES3100000001,Manufacturing - Durable goods,1991,8,10180.0
CES3100000001,Manufacturing - Durable goods,1991,9,10161.0
CES3100000001,Manufacturing - Durable goods,1991,10,10141.0
CES3100000001,Manufacturing - Durable goods,1991,11,10101.0
CES3100000001,Manufacturing - Durable goods,1991,12,10060.0
CES3100000001,Manufacturing - Durable goods,1992,1,9992.0
CES3100000001,Manufacturing - Durable goods,1992,2,9989.0
CES3100000001,Manufacturing - Durable goods,1992,3,9969.0
CES3100000001,Manufacturing - Durable goods,1992,4,9976.0
CES3100000001,Manufacturing - Durable goods,1992,5,9979.0
CES3100000001,Manufacturing - Durable goods,1992,6,9966.0
CES3100000001,Manufacturing - Durable goods,1992,7,9947.0
CES3100000001,Manufacturing - Durable goods,1992,8,9930.0
CES3100000001,Manufacturing - Durable goods,1992,9,9913.0
CES3100000001,Manufacturing - Durable goods,1992,10,9898.0
CES3100000001,Manufacturing - Durable goods,1992,11,9904.0
CES3100000001,Manufacturing - Durable goods,1992,12,9907.0
CES3100000001,Manufacturing - Durable goods,1993,1,9922.0
CES3100000001,Manufacturing - Durable goods,1993,2,9926.0
CES3100000001,Manufacturing - Durable goods,1993,3,9915.0
CES3100000001,Manufacturing - Durable goods,1993,4,9896.0
CES3100000001,Manufacturing - Durable goods,1993,5,9885.0
CES3100000001,Manufacturing - Durable goods,1993,6,9867.0
CES3100000001,Manufacturing - Durable goods,1993,7,9866.0
CES3100000001,Manufacturing - Durable goods,1993,8,9871.0
CES3100000001,Manufacturing - Durable goods,1993,9,9896.0
CES3100000001,Manufacturing - Durable goods,1993,10,9911.0
CES3100000001,Manufacturing - Durable goods,1993,11,9929.0
CES3100000001,Manufacturing - Durable goods,1993,12,9950.0
CES3100000001,Manufacturing - Durable goods,1994,1,9987.0
CES3100000001,Manufacturing - Durable goods,1994,2,9998.0
CES3100000001,Manufacturing - Durable goods,1994,3,10026.0
CES3100000001,Manufacturing - Durable goods,1994,4,10058.0
CES3100000001,Manufacturing - Durable goods,1994,5,10081.0
CES3100000001,Manufacturing - Durable goods,1994,6,10120.0
CES3100000001,Manufacturing - Durable goods,1994,7,10130.0
CES3100000001,Manufacturing - Durable goods,1994,8,10178.0
CES3100000001,Manufacturing - Durable goods,1994,9,10208.0
CES3100000001,Manufacturing - Durable goods,1994,10,10236.0
CES3100000001,Manufacturing - Durable goods,1994,11,10274.0
CES3100000001,Manufacturing - Durable goods,1994,12,10297.0
CES3100000001,Manufacturing - Durable goods,1995,1,10326.0
CES3100000001,Manufacturing - Durable goods,1995,2,10349.0
CES3100000001,Manufacturing - Durable goods,1995,3,10363.0
CES3100000001,Manufacturing - Durable goods,1995,4,10379.0
CES3100000001,Manufacturing - Durable goods,1995,5,10373.0
CES3100000001,Manufacturing - Durable goods,1995,6,10363.0
CES3100000001,Manufacturing - Durable goods,1995,7,10362.0
CES3100000001,Manufacturing - Durable goods,1995,8,10382.0
CES3100000001,Manufacturing - Durable goods,1995,9,10395.0
CES3100000001,Manufacturing - Durable goods,1995,10,10385.0
CES3100000001,Manufacturing - Durable goods,1995,11,10389.0
CES3100000001,Manufacturing - Durable goods,1995,12,10432.0
CES3100000001,Manufacturing - Durable goods,1996,1,10424.0
CES3100000001,Manufacturing - Durable goods,1996,2,10441.0
CES3100000001,Manufacturing - Durable goods,1996,3,10416.0
CES3100000001,Manufacturing - Durable goods,1996,4,10450.0
CES3100000001,Manufacturing - Durable goods,1996,5,10472.0
CES3100000001,Manufacturing - Durable goods,1996,6,10485.0
CES3100000001,Manufacturing - Durable goods,1996,7,10483.0
CES3100000001,Manufacturing - Durable goods,1996,8,10513.0
CES3100000001,Manufacturing - Durable goods,1996,9,10517.0
CES3100000001,Manufacturing - Durable goods,1996,10,10531.0
CES3100000001,Manufacturing - Durable goods,1996,11,10544.0
CES3100000001,Manufacturing - Durable goods,1996,12,10556.0
CES3100000001,Manufacturing - Durable goods,1997,1,10571.0
CES3100000001,Manufacturing - Durable goods,1997,2,10588.0
CES3100000001,Manufacturing - Durable goods,1997,3,10613.0
CES3100000001,Manufacturing - Durable goods,1997,4,10630.0
CES3100000001,Manufacturing - Durable goods,1997,5,10646.0
CES3100000001,Manufacturing - Durable goods,1997,6,10673.0
CES3100000001,Manufacturing - Durable goods,1997,7,10692.0
CES3100000001,Manufacturing - Durable goods,1997,8,10750.0
CES3100000001,Manufacturing - Durable goods,1997,9,10762.0
CES3100000001,Manufacturing - Durable goods,1997,10,10806.0
CES3100000001,Manufacturing - Durable goods,1997,11,10848.0
CES3100000001,Manufacturing - Durable goods,1997,12,10879.0
CES3100000001,Manufacturing - Durable goods,1998,1,10917.0
CES3100000001,Manufacturing - Durable goods,1998,2,10930.0
CES3100000001,Manufacturing - Durable goods,1998,3,10944.0
CES3100000001,Manufacturing - Durable goods,1998,4,10953.0
CES3100000001,Manufacturing - Durable goods,1998,5,10953.0
CES3100000001,Manufacturing - Durable goods,1998,6,10948.0
CES3100000001,Manufacturing - Durable goods,1998,7,10782.0
CES3100000001,Manufacturing - Durable goods,1998,8,10929.0
CES3100000001,Manufacturing - Durable goods,1998,9,10925.0
CES3100000001,Manufacturing - Durable goods,1998,10,10907.0
CES3100000001,Manufacturing - Durable goods,1998,11,10877.0
CES3100000001,Manufacturing - Durable goods,1998,12,10870.0
CES3100000001,Manufacturing - Durable goods,1999,1,10853.0
CES3100000001,Manufacturing - Durable goods,1999,2,10846.0
CES3100000001,Manufacturing - Durable goods,1999,3,10843.0
CES3100000001,Manufacturing - Durable goods,1999,4,10833.0
CES3100000001,Manufacturing - Durable goods,1999,5,10832.0
CES3100000001,Manufacturing - Durable goods,1999,6,10816.0
CES3100000001,Manufacturing - Durable goods,1999,7,10837.0
CES3100000001,Manufacturing - Durable goods,1999,8,10820.0
CES3100000001,Manufacturing - Durable goods,1999,9,10823.0
CES3100000001,Manufacturing - Durable goods,1999,10,10820.0
CES3100000001,Manufacturing - Durable goods,1999,11,10825.0
CES3100000001,Manufacturing - Durable goods,1999,12,10830.0
CES3100000001,Manufacturing - Durable goods,2000,1,10845.0
CES3100000001,Manufacturing - Durable goods,2000,2,10849.0
CES3100000001,Manufacturing - Durable goods,2000,3,10870.0
CES3100000001,Manufacturing - Durable goods,2000,4,10867.0
CES3100000001,Manufacturing - Durable goods,2000,5,10871.0
CES3100000001,Manufacturing - Durable goods,2000,6,10907.0
CES3100000001,Manufacturing - Durable goods,2000,7,10929.0
CES3100000001,Manufacturing - Durable goods,2000,8,10912.0
CES3100000001,Manufacturing - Durable goods,2000,9,10873.0
CES3100000001,Manufacturing - Durable goods,2000,10,10874.0
CES3100000001,Manufacturing - Durable goods,2000,11,10879.0
CES3100000001,Manufacturing - Durable goods,2000,12,10862.0
CES3100000001,Manufacturing - Durable goods,2001,1,10804.0
CES3100000001,Manufacturing - Durable goods,2001,2,10764.0
CES3100000001,Manufacturing - Durable goods,2001,3,10692.0
CES3100000001,Manufacturing - Durable goods,2001,4,10594.0
CES3100000001,Manufacturing - Durable goods,2001,5,10488.0
CES3100000001,Manufacturing - Durable goods,2001,6,10383.0
CES3100000001,Manufacturing - Durable goods,2001,7,10284.0
CES3100000001,Manufacturing - Durable goods,2001,8,10195.0
CES3100000001,Manufacturing - Durable goods,2001,9,10114.0
CES3100000001,Manufacturing - Durable goods,2001,10,10002.0
CES3100000001,Manufacturing - Durable goods,2001,11,9896.0
CES3100000001,Manufacturing - Durable goods,2001,12,9812.0
CES3100000001,Manufacturing - Durable goods,2002,1,9709.0
CES3100000001,Manufacturing - Durable goods,2002,2,9668.0
CES3100000001,Manufacturing - Durable goods,2002,3,9611.0
CES3100000001,Manufacturing - Durable goods,2002,4,9578.0
CES3100000001,Manufacturing - Durable goods,2002,5,9545.0
CES3100000001,Manufacturing - Durable goods,2002,6,9512.0
CES3100000001,Manufacturing - Durable goods,2002,7,9484.0
CES3100000001,Manufacturing - Durable goods,2002,8,9435.0
CES3100000001,Manufacturing - Durable goods,2002,9,9388.0
CES3100000001,Manufacturing - Durable goods,2002,10,9345.0
CES3100000001,Manufacturing - Durable goods,2002,11,9295.0
CES3100000001,Manufacturing - Durable goods,2002,12,9240.0
CES3100000001,Manufacturing - Durable goods,2003,1,9197.0
CES3100000001,Manufacturing - Durable goods,2003,2,9134.0
CES3100000001,Manufacturing - Durable goods,2003,3,9096.0
CES3100000001,Manufacturing - Durable goods,2003,4,9018.0
CES3100000001,Manufacturing - Durable goods,2003,5,8984.0
CES3100000001,Manufacturing - Durable goods,2003,6,8944.0
CES3100000001,Manufacturing - Durable goods,2003,7,8886.0
CES3100000001,Manufacturing - Durable goods,2003,8,8869.0
CES3100000001,Manufacturing - Durable goods,2003,9,8855.0
CES3100000001,Manufacturing - Durable goods,2003,10,8855.0
CES3100000001,Manufacturing - Durable goods,2003,11,8861.0
CES3100000001,Manufacturing - Durable goods,2003,12,8857.0
CES3100000001,Manufacturing - Durable goods,2004,1,8864.0
CES3100000001,Manufacturing - Durable goods,2004,2,8866.0
CES3100000001,Manufacturing - Durable goods,2004,3,8874.0
CES3100000001,Manufacturing - Durable goods,2004,4,8900.0
CES3100000001,Manufacturing - Durable goods,2004,5,8926.0
CES3100000001,Manufacturing - Durable goods,2004,6,8933.0
CES3100000001,Manufacturing - Durable goods,2004,7,8935.0
CES3100000001,Manufacturing - Durable goods,2004,8,8963.0
CES3100000001,Manufacturing - Durable goods,2004,9,8957.0
CES3100000001,Manufacturing - Durable goods,2004,10,8968.0
CES3100000001,Manufacturing - Durable goods,2004,11,8958.0
CES3100000001,Manufacturing - Durable goods,2004,12,8953.0
CES3100000001,Manufacturing - Durable goods,2005,1,8944.0
CES3100000001,Manufacturing - Durable goods,2005,2,8965.0
CES3100000001,Manufacturing - Durable goods,2005,3,8959.0
CES3100000001,Manufacturing - Durable goods,2005,4,8954.0
CES3100000001,Manufacturing - Durable goods,2005,5,8967.0
CES3100000001,Manufacturing - Durable goods,2005,6,8953.0
CES3100000001,Manufacturing - Durable goods,2005,7,8950.0
CES3100000001,Manufacturing - Durable goods,2005,8,8945.0
CES3100000001,Manufacturing - Durable goods,2005,9,8929.0
CES3100000001,Manufacturing - Durable goods,2005,10,8956.0
CES3100000001,Manufacturing - Durable goods,2005,11,8953.0
CES3100000001,Manufacturing - Durable goods,2005,12,8962.0
CES3100000001,Manufacturing - Durable goods,2006,1,8980.0
CES3100000001,Manufacturing - Durable goods,2006,2,8985.0
CES3100000001,Manufacturing - Durable goods,2006,3,8996.0
CES3100000001,Manufacturing - Durable goods,2006,4,9016.0
CES3100000001,Manufacturing - Durable goods,2006,5,9013.0
CES3100000001,Manufacturing - Durable goods,2006,6,9024.0
CES3100000001,Manufacturing - Durable goods,2006,7,9004.0
CES3100000001,Manufacturing - Durable goods,2006,8,8987.0
CES3100000001,Manufacturing - Durable goods,2006,9,8968.0
CES3100000001,Manufacturing - Durable goods,2006,10,8940.0
CES3100000001,Manufacturing - Durable goods,2006,11,8912.0
CES3100000001,Manufacturing - Durable goods,2006,12,8908.0
CES3100000001,Manufacturing - Durable goods,2007,1,8886.0
CES3100000001,Manufacturing - Durable goods,2007,2,8886.0
CES3100000001,Manufacturing - Durable goods,2007,3,8865.0
CES3100000001,Manufacturing - Durable goods,2007,4,8854.0
CES3100000001,Manufacturing - Durable goods,2007,5,8839.0
CES3100000001,Manufacturing - Durable goods,2007,6,8822.0
CES3100000001,Manufacturing - Durable goods,2007,7,8807.0
CES3100000001,Manufacturing - Durable goods,2007,8,8772.0
CES3100000001,Manufacturing - Durable goods,2007,9,8745.0
CES3100000001,Manufacturing - Durable goods,2007,10,8719.0
CES3100000001,Manufacturing - Durable goods,2007,11,8717.0
CES3100000001,Manufacturing - Durable goods,2007,12,8700.0
CES3100000001,Manufacturing - Durable goods,2008,1,8686.0
CES3100000001,Manufacturing - Durable goods,2008,2,8668.0
CES3100000001,Manufacturing - Durable goods,2008,3,8637.0
CES3100000001,Manufacturing - Durable goods,2008,4,8587.0
CES3100000001,Manufacturing - Durable goods,2008,5,8569.0
CES3100000001,Manufacturing - Durable goods,2008,6,8532.0
CES3100000001,Manufacturing - Durable goods,2008,7,8477.0
CES3100000001,Manufacturing - Durable goods,2008,8,8420.0
CES3100000001,Manufacturing - Durable goods,2008,9,8363.0
CES3100000001,Manufacturing - Durable goods,2008,10,8266.0
CES3100000001,Manufacturing - Durable goods,2008,11,8184.0
CES3100000001,Manufacturing - Durable goods,2008,12,8056.0
CES3100000001,Manufacturing - Durable goods,2009,1,7823.0
CES3100000001,Manufacturing - Durable goods,2009,2,7690.0
CES3100000001,Manufacturing - Durable goods,2009,3,7565.0
CES3100000001,Manufacturing - Durable goods,2009,4,7416.0
CES3100000001,Manufacturing - Durable goods,2009,5,7277.0
CES3100000001,Manufacturing - Durable goods,2009,6,7169.0
CES3100000001,Manufacturing - Durable goods,2009,7,7132.0
CES3100000001,Manufacturing - Durable goods,2009,8,7099.0
CES3100000001,Manufacturing - Durable goods,2009,9,7072.0
CES3100000001,Manufacturing - Durable goods,2009,10,7032.0
CES3100000001,Manufacturing - Durable goods,2009,11,7009.0
CES3100000001,Manufacturing - Durable goods,2009,12,6988.0
CES3100000001,Manufacturing - Durable goods,2010,1,6976.0
CES3100000001,Manufacturing - Durable goods,2010,2,6971.0
CES3100000001,Manufacturing - Durable goods,2010,3,6982.0
CES3100000001,Manufacturing - Durable goods,2010,4,7012.0
CES3100000001,Manufacturing - Durable goods,2010,5,7039.0
CES3100000001,Manufacturing - Durable goods,2010,6,7056.0
CES3100000001,Manufacturing - Durable goods,2010,7,7069.0
CES3100000001,Manufacturing - Durable goods,2010,8,7075.0
CES3100000001,Manufacturing - Durable goods,2010,9,7091.0
CES3100000001,Manufacturing - Durable goods,2010,10,7095.0
CES3100000001,Manufacturing - Durable goods,2010,11,7110.0
CES3100000001,Manufacturing - Durable goods,2010,12,7122.0
CES3100000001,Manufacturing - Durable goods,2011,1,7153.0
CES3100000001,Manufacturing - Durable goods,2011,2,7178.0
CES3100000001,Manufacturing - Durable goods,2011,3,7198.0
CES3100000001,Manufacturing - Durable goods,2011,4,7225.0
CES3100000001,Manufacturing - Durable goods,2011,5,7241.0
CES3100000001,Manufacturing - Durable goods,2011,6,7258.0
CES3100000001,Manufacturing - Durable goods,2011,7,7271.0
CES3100000001,Manufacturing - Durable goods,2011,8,7286.0
CES3100000001,Manufacturing - Durable goods,2011,9,7297.0
CES3100000001,Manufacturing - Durable goods,2011,10,7313.0
CES3100000001,Manufacturing - Durable goods,2011,11,7313.0
CES3100000001,Manufacturing - Durable goods,2011,12,7350.0
CES3100000001,Manufacturing - Durable goods,2012,1,7380.0
CES3100000001,Manufacturing - Durable goods,2012,2,7402.0
CES3100000001,Manufacturing - Durable goods,2012,3,7428.0
CES3100000001,Manufacturing - Durable goods,2012,4,7442.0
CES3100000001,Manufacturing - Durable goods,2012,5,7452.0
CES3100000001,Manufacturing - Durable goods,2012,6,7461.0
CES3100000001,Manufacturing - Durable goods,2012,7,7483.0
CES3100000001,Manufacturing - Durable goods,2012,8,7473.0
CES3100000001,Manufacturing - Durable goods,2012,9,7463.0
CES3100000001,Manufacturing - Durable goods,2012,10,7465.0
CES3100000001,Manufacturing - Durable goods,2012,11,7468.0
CES3100000001,Manufacturing - Durable goods,2012,12,7484.0
CES3100000001,Manufacturing - Durable goods,2013,1,7494.0
CES3100000001,Manufacturing - Durable goods,2013,2,7502.0
CES3100000001,Manufacturing - Durable goods,2013,3,7509.0
CES3100000001,Manufacturing - Durable goods,2013,4,7512.0
CES3100000001,Manufacturing - Durable goods,2013,5,7511.0
CES3100000001,Manufacturing - Durable goods,2013,6,7517.0
CES3100000001,Manufacturing - Durable goods,2013,7,7494.0
CES3100000001,Manufacturing - Durable goods,2013,8,7525.0
CES3100000001,Manufacturing - Durable goods,2013,9,7542.0
CES3100000001,Manufacturing - Durable goods,2013,10,7553.0
CES3100000001,Manufacturing - Durable goods,2013,11,7565.0
CES3100000001,Manufacturing - Durable goods,2013,12,7568.0
CES3100000001,Manufacturing - Durable goods,2014,1,7560.0
CES3100000001,Manufacturing - Durable goods,2014,2,7582.0
CES3100000001,Manufacturing - Durable goods,2014,3,7597.0
CES3100000001,Manufacturing - Durable goods,2014,4,7607.0
CES3100000001,Manufacturing - Durable goods,2014,5,7622.0
CES3100000001,Manufacturing - Durable goods,2014,6,7645.0
CES3100000001,Manufacturing - Durable goods,2014,7,7661.0
CES3100000001,Manufacturing - Durable goods,2014,8,7674.0
CES3100000001,Manufacturing - Durable goods,2014,9,7684.0
CES3100000001,Manufacturing - Durable goods,2014,10,7706.0
CES3100000001,Manufacturing - Durable goods,2014,11,7724.0
CES3100000001,Manufacturing - Durable goods,2014,12,7726.0
CES3100000001,Manufacturing - Durable goods,2015,1,7725.0
CES3100000001,Manufacturing - Durable goods,2015,2,7734.0
CES3100000001,Manufacturing - Durable goods,2015,3,7738.0
CES3100000001,Manufacturing - Durable goods,2015,4,7736.0
CES3100000001,Manufacturing - Durable goods,2015,5,7746.0
CES3100000001,Manufacturing - Durable goods,2015,6,7745.0
CES3100000001,Manufacturing - Durable goods,2015,7,7748.0
CES3100000001,Manufacturing - Durable goods,2015,8,7747.0
CES3100000001,Manufacturing - Durable goods,2015,9,7745.0
CES3100000001,Manufacturing - Durable goods,2015,10,7742.0
CES3100000001,Manufacturing - Durable goods,2015,11,7728.0
CES3100000001,Manufacturing - Durable goods,2015,12,7721.0
CES3100000001,Manufacturing - Durable goods,2016,1,7733.0
CES3100000001,Manufacturing - Durable goods,2016,2,7720.0
CES3100000001,Manufacturing - Durable goods,2016,3,7698.0
CES3100000001,Manufacturing - Durable goods,2016,4,7703.0
CES3100000001,Manufacturing - Durable goods,2016,5,7678.0
CES3100000001,Manufacturing - Durable goods,2016,6,7675.0
CES3100000001,Manufacturing - Durable goods,2016,7,7688.0
CES3100000001,Manufacturing - Durable goods,2016,8,7667.0
CES3100000001,Manufacturing - Durable goods,2016,9,7662.0
CES3100000001,Manufacturing - Durable goods,2016,10,7662.0
CES3100000001,Manufacturing - Durable goods,2016,11,7655.0
CES3100000001,Manufacturing - Durable goods,2016,12,7663.0
CES3100000001,Manufacturing - Durable goods,2017,1,7670.0
CES3100000001,Manufacturing - Durable goods,2017,2,7667.0
CES3100000001,Manufacturing - Durable goods,2017,3,7673.0
CES3100000001,Manufacturing - Durable goods,2017,4,7676.0
CES3100000001,Manufacturing - Durable goods,2017,5,7685.0
CES3100000001,Manufacturing - Durable goods,2017,6,7693.0
CES3100000001,Manufacturing - Durable goods,2017,7,7685.0
CES3100000001,Manufacturing - Durable goods,2017,8,7721.0
CES3100000001,Manufacturing - Durable goods,2017,9,7732.0
CES3100000001,Manufacturing - Durable goods,2017,10,7742.0
CES3100000001,Manufacturing - Durable goods,2017,11,7762.0
CES3100000001,Manufacturing - Durable goods,2017,12,7786.0
CES3100000001,Manufacturing - Durable goods,2018,1,7805.0
CES3100000001,Manufacturing - Durable goods,2018,2,7827.0
CES3100000001,Manufacturing - Durable goods,2018,3,7853.0
CES3100000001,Manufacturing - Durable goods,2018,4,7870.0
CES3100000001,Manufacturing - Durable goods,2018,5,7885.0
CES3100000001,Manufacturing - Durable goods,2018,6,7911.0
CES3100000001,Manufacturing - Durable goods,2018,7,7928.0
CES3100000001,Manufacturing - Durable goods,2018,8,7936.0
CES3100000001,Manufacturing - Durable goods,2018,9,7955.0
CES3100000001,Manufacturing - Durable goods,2018,10,7975.0
CES3100000001,Manufacturing - Durable goods,2018,11,7983.0
CES3100000001,Manufacturing - Durable goods,2018,12,8000.0
CES3100000001,Manufacturing - Durable goods,2019,1,8025.0
CES3100000001,Manufacturing - Durable goods,2019,2,8020.0
CES3100000001,Manufacturing - Durable goods,2019,3,8021.0
CES3100000001,Manufacturing - Durable goods,2019,4,8016.0
CES3100000001,Manufacturing - Durable goods,2019,5,8006.0
CES3100000001,Manufacturing - Durable goods,2019,6,8007.0
CES3100000001,Manufacturing - Durable goods,2019,7,8011.0
CES3100000001,Manufacturing - Durable goods,2019,8,8003.0
CES3100000001,Manufacturing - Durable goods,2019,9,7998.0
CES3100000001,Manufacturing - Durable goods,2019,10,7943.0
CES3100000001,Manufacturing - Durable goods,2019,11,7983.0
CES3100000001,Manufacturing - Durable goods,2019,12,7973.0
CES3100000001,Manufacturing - Durable goods,2020,1,7963.0
CES3100000001,Manufacturing - Durable goods,2020,2,7963.0
CES3100000001,Manufacturing - Durable goods,2020,3,7930.0
CES3100000001,Manufacturing - Durable goods,2020,4,7030.0
CES3100000001,Manufacturing - Durable goods,2020,5,7162.0
CES3100000001,Manufacturing - Durable goods,2020,6,7427.0
CES3100000001,Manufacturing - Durable goods,2020,7,7448.0
CES3100000001,Manufacturing - Durable goods,2020,8,7440.0
CES3100000001,Manufacturing - Durable goods,2020,9,7482.0
CES3100000001,Manufacturing - Durable goods,2020,10,7492.0
CES3100000001,Manufacturing - Durable goods,2020,11,7517.0
CES3100000001,Manufacturing - Durable goods,2020,12,7533.0
CES3100000001,Manufacturing - Durable goods,2021,1,7524.0
CES3100000001,Manufacturing - Durable goods,2021,2,7545.0
CES3100000001,Manufacturing - Durable goods,2021,3,7585.0
CES3100000001,Manufacturing - Durable goods,2021,4,7553.0
CES3100000001,Manufacturing - Durable goods,2021,5,7571.0
CES3100000001,Manufacturing - Durable goods,2021,6,7600.0
CES3100000001,Manufacturing - Durable goods,2021,7,7640.0
CES3100000001,Manufacturing - Durable goods,2021,8,7671.0
CES3100000001,Manufacturing - Durable goods,2021,9,7698.0
CES3100000001,Manufacturing - Durable goods,2021,10,7737.0
CES3100000001,Manufacturing - Durable goods,2021,11,7756.0
CES3100000001,Manufacturing - Durable goods,2021,12,7777.0
CES3100000001,Manufacturing - Durable goods,2022,1,7800.0
CES3100000001,Manufacturing - Durable goods,2022,2,7808.0
CES3100000001,Manufacturing - Durable goods,2022,3,7863.0
CES3100000001,Manufacturing - Durable goods,2022,4,7894.0
CES3100000001,Manufacturing - Durable goods,2022,5,7894.0
CES3100000001,Manufacturing - Durable goods,2022,6,7906.0
CES3100000001,Manufacturing - Durable goods,2022,7,7931.0
CES3100000001,Manufacturing - Durable goods,2022,8,7966.0
CES3100000001,Manufacturing - Durable goods,2022,9,7976.0
CES3100000001,Manufacturing - Durable goods,2022,10,8002.0
CES3100000001,Manufacturing - Durable goods,2022,11,8012.0
CES3100000001,Manufacturing - Durable goods,2022,12,8031.0
CES3100000001,Manufacturing - Durable goods,2023,1,8036.0
CES3100000001,Manufacturing - Durable goods,2023,2,8032.0
CES3100000001,Manufacturing - Durable goods,2023,3,8028.0
CES3100000001,Manufacturing - Durable goods,2023,4,8023.0
CES3100000001,Manufacturing - Durable goods,2023,5,8014.0
CES3100000001,Manufacturing - Durable goods,2023,6,8027.0
CES3100000001,Manufacturing - Durable goods,2023,7,8025.0
CES3100000001,Manufacturing - Durable goods,2023,8,8029.0
CES3100000001,Manufacturing - Durable goods,2023,9,8029.0
CES3100000001,Manufacturing - Durable goods,2023,10,7990.0
CES3100000001,Manufacturing - Durable goods,2023,11,8017.0
CES3100000001,Manufacturing - Durable goods,2023,12,8029.0
CES3100000001,Manufacturing - Durable goods,2024,1,8023.0
CES3100000001,Manufacturing - Durable goods,2024,2,8004.0
CES3100000001,Manufacturing - Durable goods,2024,3,7993.0
CES3100000001,Manufacturing - Durable goods,2024,4,7988.0
CES3100000001,Manufacturing - Durable goods,2024,5,7981.0
CES3100000001,Manufacturing - Durable goods,2024,6,7968.0
CES3100000001,Manufacturing - Durable goods,2024,7,7960.0
CES3100000001,Manufacturing - Durable goods,2024,8,7930.0
CES3100000001,Manufacturing - Durable goods,2024,9,7921.0
CES3100000001,Manufacturing - Durable goods,2024,10,7870.0
CES3100000001,Manufacturing - Durable goods,2024,11,7895.0
CES3100000001,Manufacturing - Durable goods,2024,12,7875.0
CES3100000001,Manufacturing - Durable goods,2025,1,7858.0
CES3100000001,Manufacturing - Durable goods,2025,2,7859.0
CES3100000001,Manufacturing - Durable goods,2025,3,7854.0
CES3100000001,Manufacturing - Durable goods,2025,4,7853.0
CES3100000001,Manufacturing - Durable goods,2025,5,7845.0
CES3100000001,Manufacturing - Durable goods,2025,6,7833.0
CES3100000001,Manufacturing - Durable goods,2025,7,7834.0
CES3100000001,Manufacturing - Durable goods,2025,8,7819.0
CES3100000001,Manufacturing - Durable goods,2025,9,7814.0
CES3100000001,Manufacturing - Durable goods,2025,10,7805.0
CES3100000001,Manufacturing - Durable goods,2025,11,7802.0
CES3100000001,Manufacturing - Durable goods,2025,12,7797.0
CES3200000001,Manufacturing - Nondurable goods,1976,1,6870.0
CES3200000001,Manufacturing - Nondurable goods,1976,2,6898.0
CES3200000001,Manufacturing - Nondurable goods,1976,3,6912.0
CES3200000001,Manufacturing - Nondurable goods,1976,4,6929.0
CES3200000001,Manufacturing - Nondurable goods,1976,5,6872.0
CES3200000001,Manufacturing - Nondurable goods,1976,6,6869.0
CES3200000001,Manufacturing - Nondurable goods,1976,7,6873.0
CES3200000001,Manufacturing - Nondurable goods,1976,8,6860.0
CES3200000001,Manufacturing - Nondurable goods,1976,9,6912.0
CES3200000001,Manufacturing - Nondurable goods,1976,10,6907.0
CES3200000001,Manufacturing - Nondurable goods,1976,11,6907.0
CES3200000001,Manufacturing - Nondurable goods,1976,12,6915.0
CES3200000001,Manufacturing - Nondurable goods,1977,1,6943.0
CES3200000001,Manufacturing - Nondurable goods,1977,2,6970.0
CES3200000001,Manufacturing - Nondurable goods,1977,3,6985.0
CES3200000001,Manufacturing - Nondurable goods,1977,4,7014.0
CES3200000001,Manufacturing - Nondurable goods,1977,5,7028.0
CES3200000001,Manufacturing - Nondurable goods,1977,6,7056.0
CES3200000001,Manufacturing - Nondurable goods,1977,7,7054.0
CES3200000001,Manufacturing - Nondurable goods,1977,8,7056.0
CES3200000001,Manufacturing - Nondurable goods,1977,9,7069.0
CES3200000001,Manufacturing - Nondurable goods,1977,10,7080.0
CES3200000001,Manufacturing - Nondurable goods,1977,11,7086.0
CES3200000001,Manufacturing - Nondurable goods,1977,12,7107.0
CES3200000001,Manufacturing - Nondurable goods,1978,1,7112.0
CES3200000001,Manufacturing - Nondurable goods,1978,2,7121.0
CES3200000001,Manufacturing - Nondurable goods,1978,3,7143.0
CES3200000001,Manufacturing - Nondurable goods,1978,4,7148.0
CES3200000001,Manufacturing - Nondurable goods,1978,5,7157.0
CES3200000001,Manufacturing - Nondurable goods,1978,6,7180.0
CES3200000001,Manufacturing - Nondurable goods,1978,7,7162.0
CES3200000001,Manufacturing - Nondurable goods,1978,8,7167.0
CES3200000001,Manufacturing - Nondurable goods,1978,9,7167.0
CES3200000001,Manufacturing - Nondurable goods,1978,10,7176.0
CES3200000001,Manufacturing - Nondurable goods,1978,11,7206.0
CES3200000001,Manufacturing - Nondurable goods,1978,12,7224.0
CES3200000001,Manufacturing - Nondurable goods,1979,1,7226.0
CES3200000001,Manufacturing - Nondurable goods,1979,2,7213.0
CES3200000001,Manufacturing - Nondurable goods,1979,3,7220.0
CES3200000001,Manufacturing - Nondurable goods,1979,4,7209.0
CES3200000001,Manufacturing - Nondurable goods,1979,5,7220.0
CES3200000001,Manufacturing - Nondurable goods,1979,6,7233.0
CES3200000001,Manufacturing - Nondurable goods,1979,7,7219.0
CES3200000001,Manufacturing - Nondurable goods,1979,8,7206.0
CES3200000001,Manufacturing - Nondurable goods,1979,9,7177.0
CES3200000001,Manufacturing - Nondurable goods,1979,10,7198.0
CES3200000001,Manufacturing - Nondurable goods,1979,11,7182.0
CES3200000001,Manufacturing - Nondurable goods,1979,12,7175.0
CES3200000001,Manufacturing - Nondurable goods,1980,1,7179.0
CES3200000001,Manufacturing - Nondurable goods,1980,2,7125.0
CES3200000001,Manufacturing - Nondurable goods,1980,3,7124.0
CES3200000001,Manufacturing - Nondurable goods,1980,4,7099.0
CES3200000001,Manufacturing - Nondurable goods,1980,5,7071.0
CES3200000001,Manufacturing - Nondurable goods,1980,6,7025.0
CES3200000001,Manufacturing - Nondurable goods,1980,7,6959.0
CES3200000001,Manufacturing - Nondurable goods,1980,8,7013.0
CES3200000001,Manufacturing - Nondurable goods,1980,9,7003.0
CES3200000001,Manufacturing - Nondurable goods,1980,10,7010.0
CES3200000001,Manufacturing - Nondurable goods,1980,11,7014.0
CES3200000001,Manufacturing - Nondurable goods,1980,12,7019.0
CES3200000001,Manufacturing - Nondurable goods,1981,1,7010.0
CES3200000001,Manufacturing - Nondurable goods,1981,2,7012.0
CES3200000001,Manufacturing - Nondurable goods,1981,3,7018.0
CES3200000001,Manufacturing - Nondurable goods,1981,4,7028.0
CES3200000001,Manufacturing - Nondurable goods,1981,5,7048.0
CES3200000001,Manufacturing - Nondurable goods,1981,6,7056.0
CES3200000001,Manufacturing - Nondurable goods,1981,7,7065.0
CES3200000001,Manufacturing - Nondurable goods,1981,8,7052.0
CES3200000001,Manufacturing - Nondurable goods,1981,9,7044.0
CES3200000001,Manufacturing - Nondurable goods,1981,10,7008.0
CES3200000001,Manufacturing - Nondurable goods,1981,11,6984.0
CES3200000001,Manufacturing - Nondurable goods,1981,12,6948.0
CES3200000001,Manufacturing - Nondurable goods,1982,1,6888.0
CES3200000001,Manufacturing - Nondurable goods,1982,2,6881.0
CES3200000001,Manufacturing - Nondurable goods,1982,3,6843.0
CES3200000001,Manufacturing - Nondurable goods,1982,4,6803.0
CES3200000001,Manufacturing - Nondurable goods,1982,5,6784.0
CES3200000001,Manufacturing - Nondurable goods,1982,6,6748.0
CES3200000001,Manufacturing - Nondurable goods,1982,7,6699.0
CES3200000001,Manufacturing - Nondurable goods,1982,8,6711.0
CES3200000001,Manufacturing - Nondurable goods,1982,9,6698.0
CES3200000001,Manufacturing - Nondurable goods,1982,10,6681.0
CES3200000001,Manufacturing - Nondurable goods,1982,11,6655.0
CES3200000001,Manufacturing - Nondurable goods,1982,12,6644.0
CES3200000001,Manufacturing - Nondurable goods,1983,1,6648.0
CES3200000001,Manufacturing - Nondurable goods,1983,2,6644.0
CES3200000001,Manufacturing - Nondurable goods,1983,3,6652.0
CES3200000001,Manufacturing - Nondurable goods,1983,4,6669.0
CES3200000001,Manufacturing - Nondurable goods,1983,5,6687.0
CES3200000001,Manufacturing - Nondurable goods,1983,6,6712.0
CES3200000001,Manufacturing - Nondurable goods,1983,7,6726.0
CES3200000001,Manufacturing - Nondurable goods,1983,8,6740.0
CES3200000001,Manufacturing - Nondurable goods,1983,9,6770.0
CES3200000001,Manufacturing - Nondurable goods,1983,10,6792.0
CES3200000001,Manufacturing - Nondurable goods,1983,11,6813.0
CES3200000001,Manufacturing - Nondurable goods,1983,12,6824.0
CES3200000001,Manufacturing - Nondurable goods,1984,1,6841.0
CES3200000001,Manufacturing - Nondurable goods,1984,2,6861.0
CES3200000001,Manufacturing - Nondurable goods,1984,3,6877.0
CES3200000001,Manufacturing - Nondurable goods,1984,4,6892.0
CES3200000001,Manufacturing - Nondurable goods,1984,5,6894.0
CES3200000001,Manufacturing - Nondurable goods,1984,6,6893.0
CES3200000001,Manufacturing - Nondurable goods,1984,7,6894.0
CES3200000001,Manufacturing - Nondurable goods,1984,8,6884.0
CES3200000001,Manufacturing - Nondurable goods,1984,9,6859.0
CES3200000001,Manufacturing - Nondurable goods,1984,10,6859.0
CES3200000001,Manufacturing - Nondurable goods,1984,11,6851.0
CES3200000001,Manufacturing - Nondurable goods,1984,12,6846.0
CES3200000001,Manufacturing - Nondurable goods,1985,1,6838.0
CES3200000001,Manufacturing - Nondurable goods,1985,2,6824.0
CES3200000001,Manufacturing - Nondurable goods,1985,3,6814.0
CES3200000001,Manufacturing - Nondurable goods,1985,4,6796.0
CES3200000001,Manufacturing - Nondurable goods,1985,5,6783.0
CES3200000001,Manufacturing - Nondurable goods,1985,6,6774.0
CES3200000001,Manufacturing - Nondurable goods,1985,7,6770.0
CES3200000001,Manufacturing - Nondurable goods,1985,8,6769.0
CES3200000001,Manufacturing - Nondurable goods,1985,9,6766.0
CES3200000001,Manufacturing - Nondurable goods,1985,10,6760.0
CES3200000001,Manufacturing - Nondurable goods,1985,11,6759.0
CES3200000001,Manufacturing - Nondurable goods,1985,12,6765.0
CES3200000001,Manufacturing - Nondurable goods,1986,1,6765.0
CES3200000001,Manufacturing - Nondurable goods,1986,2,6764.0
CES3200000001,Manufacturing - Nondurable goods,1986,3,6757.0
CES3200000001,Manufacturing - Nondurable goods,1986,4,6753.0
CES3200000001,Manufacturing - Nondurable goods,1986,5,6753.0
CES3200000001,Manufacturing - Nondurable goods,1986,6,6752.0
CES3200000001,Manufacturing - Nondurable goods,1986,7,6742.0
CES3200000001,Manufacturing - Nondurable goods,1986,8,6734.0
CES3200000001,Manufacturing - Nondurable goods,1986,9,6757.0
CES3200000001,Manufacturing - Nondurable goods,1986,10,6764.0
CES3200000001,Manufacturing - Nondurable goods,1986,11,6767.0
CES3200000001,Manufacturing - Nondurable goods,1986,12,6777.0
CES3200000001,Manufacturing - Nondurable goods,1987,1,6777.0
CES3200000001,Manufacturing - Nondurable goods,1987,2,6785.0
CES3200000001,Manufacturing - Nondurable goods,1987,3,6794.0
CES3200000001,Manufacturing - Nondurable goods,1987,4,6810.0
CES3200000001,Manufacturing - Nondurable goods,1987,5,6818.0
CES3200000001,Manufacturing - Nondurable goods,1987,6,6816.0
CES3200000001,Manufacturing - Nondurable goods,1987,7,6868.0
CES3200000001,Manufacturing - Nondurable goods,1987,8,6849.0
CES3200000001,Manufacturing - Nondurable goods,1987,9,6876.0
CES3200000001,Manufacturing - Nondurable goods,1987,10,6886.0
CES3200000001,Manufacturing - Nondurable goods,1987,11,6908.0
CES3200000001,Manufacturing - Nondurable goods,1987,12,6914.0
CES3200000001,Manufacturing - Nondurable goods,1988,1,6923.0
CES3200000001,Manufacturing - Nondurable goods,1988,2,6933.0
CES3200000001,Manufacturing - Nondurable goods,1988,3,6938.0
CES3200000001,Manufacturing - Nondurable goods,1988,4,6938.0
CES3200000001,Manufacturing - Nondurable goods,1988,5,6946.0
CES3200000001,Manufacturing - Nondurable goods,1988,6,6947.0
CES3200000001,Manufacturing - Nondurable goods,1988,7,6938.0
CES3200000001,Manufacturing - Nondurable goods,1988,8,6916.0
CES3200000001,Manufacturing - Nondurable goods,1988,9,6922.0
CES3200000001,Manufacturing - Nondurable goods,1988,10,6940.0
CES3200000001,Manufacturing - Nondurable goods,1988,11,6951.0
CES3200000001,Manufacturing - Nondurable goods,1988,12,6954.0
CES3200000001,Manufacturing - Nondurable goods,1989,1,6965.0
CES3200000001,Manufacturing - Nondurable goods,1989,2,6972.0
CES3200000001,Manufacturing - Nondurable goods,1989,3,6983.0
CES3200000001,Manufacturing - Nondurable goods,1989,4,6980.0
CES3200000001,Manufacturing - Nondurable goods,1989,5,6985.0
CES3200000001,Manufacturing - Nondurable goods,1989,6,6986.0
CES3200000001,Manufacturing - Nondurable goods,1989,7,6991.0
CES3200000001,Manufacturing - Nondurable goods,1989,8,6981.0
CES3200000001,Manufacturing - Nondurable goods,1989,9,6977.0
CES3200000001,Manufacturing - Nondurable goods,1989,10,6978.0
CES3200000001,Manufacturing - Nondurable goods,1989,11,6984.0
CES3200000001,Manufacturing - Nondurable goods,1989,12,6988.0
CES3200000001,Manufacturing - Nondurable goods,1990,1,7013.0
CES3200000001,Manufacturing - Nondurable goods,1990,2,6996.0
CES3200000001,Manufacturing - Nondurable goods,1990,3,6993.0
CES3200000001,Manufacturing - Nondurable goods,1990,4,6991.0
CES3200000001,Manufacturing - Nondurable goods,1990,5,6972.0
CES3200000001,Manufacturing - Nondurable goods,1990,6,6968.0
CES3200000001,Manufacturing - Nondurable goods,1990,7,6942.0
CES3200000001,Manufacturing - Nondurable goods,1990,8,6941.0
CES3200000001,Manufacturing - Nondurable goods,1990,9,6940.0
CES3200000001,Manufacturing - Nondurable goods,1990,10,6932.0
CES3200000001,Manufacturing - Nondurable goods,1990,11,6905.0
CES3200000001,Manufacturing - Nondurable goods,1990,12,6891.0
CES3200000001,Manufacturing - Nondurable goods,1991,1,6887.0
CES3200000001,Manufacturing - Nondurable goods,1991,2,6865.0
CES3200000001,Manufacturing - Nondurable goods,1991,3,6849.0
CES3200000001,Manufacturing - Nondurable goods,1991,4,6824.0
CES3200000001,Manufacturing - Nondurable goods,1991,5,6822.0
CES3200000001,Manufacturing - Nondurable goods,1991,6,6832.0
CES3200000001,Manufacturing - Nondurable goods,1991,7,6819.0
CES3200000001,Manufacturing - Nondurable goods,1991,8,6846.0
CES3200000001,Manufacturing - Nondurable goods,1991,9,6849.0
CES3200000001,Manufacturing - Nondurable goods,1991,10,6858.0
CES3200000001,Manufacturing - Nondurable goods,1991,11,6860.0
CES3200000001,Manufacturing - Nondurable goods,1991,12,6857.0
CES3200000001,Manufacturing - Nondurable goods,1992,1,6847.0
CES3200000001,Manufacturing - Nondurable goods,1992,2,6839.0
CES3200000001,Manufacturing - Nondurable goods,1992,3,6836.0
CES3200000001,Manufacturing - Nondurable goods,1992,4,6854.0
CES3200000001,Manufacturing - Nondurable goods,1992,5,6856.0
CES3200000001,Manufacturing - Nondurable goods,1992,6,6860.0
CES3200000001,Manufacturing - Nondurable goods,1992,7,6873.0
CES3200000001,Manufacturing - Nondurable goods,1992,8,6852.0
CES3200000001,Manufacturing - Nondurable goods,1992,9,6847.0
CES3200000001,Manufacturing - Nondurable goods,1992,10,6853.0
CES3200000001,Manufacturing - Nondurable goods,1992,11,6854.0
CES3200000001,Manufacturing - Nondurable goods,1992,12,6863.0
CES3200000001,Manufacturing - Nondurable goods,1993,1,6868.0
CES3200000001,Manufacturing - Nondurable goods,1993,2,6878.0
CES3200000001,Manufacturing - Nondurable goods,1993,3,6880.0
CES3200000001,Manufacturing - Nondurable goods,1993,4,6876.0
CES3200000001,Manufacturing - Nondurable goods,1993,5,6881.0
CES3200000001,Manufacturing - Nondurable goods,1993,6,6875.0
CES3200000001,Manufacturing - Nondurable goods,1993,7,6874.0
CES3200000001,Manufacturing - Nondurable goods,1993,8,6869.0
CES3200000001,Manufacturing - Nondurable goods,1993,9,6874.0
CES3200000001,Manufacturing - Nondurable goods,1993,10,6867.0
CES3200000001,Manufacturing - Nondurable goods,1993,11,6871.0
CES3200000001,Manufacturing - Nondurable goods,1993,12,6865.0
CES3200000001,Manufacturing - Nondurable goods,1994,1,6868.0
CES3200000001,Manufacturing - Nondurable goods,1994,2,6864.0
CES3200000001,Manufacturing - Nondurable goods,1994,3,6871.0
CES3200000001,Manufacturing - Nondurable goods,1994,4,6875.0
CES3200000001,Manufacturing - Nondurable goods,1994,5,6880.0
CES3200000001,Manufacturing - Nondurable goods,1994,6,6889.0
CES3200000001,Manufacturing - Nondurable goods,1994,7,6895.0
CES3200000001,Manufacturing - Nondurable goods,1994,8,6903.0
CES3200000001,Manufacturing - Nondurable goods,1994,9,6906.0
CES3200000001,Manufacturing - Nondurable goods,1994,10,6908.0
CES3200000001,Manufacturing - Nondurable goods,1994,11,6912.0
CES3200000001,Manufacturing - Nondurable goods,1994,12,6921.0
CES3200000001,Manufacturing - Nondurable goods,1995,1,6936.0
CES3200000001,Manufacturing - Nondurable goods,1995,2,6917.0
CES3200000001,Manufacturing - Nondurable goods,1995,3,6900.0
CES3200000001,Manufacturing - Nondurable goods,1995,4,6899.0
CES3200000001,Manufacturing - Nondurable goods,1995,5,6885.0
CES3200000001,Manufacturing - Nondurable goods,1995,6,6884.0
CES3200000001,Manufacturing - Nondurable goods,1995,7,6856.0
CES3200000001,Manufacturing - Nondurable goods,1995,8,6858.0
CES3200000001,Manufacturing - Nondurable goods,1995,9,6852.0
CES3200000001,Manufacturing - Nondurable goods,1995,10,6831.0
CES3200000001,Manufacturing - Nondurable goods,1995,11,6819.0
CES3200000001,Manufacturing - Nondurable goods,1995,12,6799.0
CES3200000001,Manufacturing - Nondurable goods,1996,1,6784.0
CES3200000001,Manufacturing - Nondurable goods,1996,2,6789.0
CES3200000001,Manufacturing - Nondurable goods,1996,3,6777.0
CES3200000001,Manufacturing - Nondurable goods,1996,4,6754.0
CES3200000001,Manufacturing - Nondurable goods,1996,5,6750.0
CES3200000001,Manufacturing - Nondurable goods,1996,6,6741.0
CES3200000001,Manufacturing - Nondurable goods,1996,7,6739.0
CES3200000001,Manufacturing - Nondurable goods,1996,8,6743.0
CES3200000001,Manufacturing - Nondurable goods,1996,9,6734.0
CES3200000001,Manufacturing - Nondurable goods,1996,10,6737.0
CES3200000001,Manufacturing - Nondurable goods,1996,11,6733.0
CES3200000001,Manufacturing - Nondurable goods,1996,12,6728.0
CES3200000001,Manufacturing - Nondurable goods,1997,1,6726.0
CES3200000001,Manufacturing - Nondurable goods,1997,2,6727.0
CES3200000001,Manufacturing - Nondurable goods,1997,3,6727.0
CES3200000001,Manufacturing - Nondurable goods,1997,4,6721.0
CES3200000001,Manufacturing - Nondurable goods,1997,5,6718.0
CES3200000001,Manufacturing - Nondurable goods,1997,6,6714.0
CES3200000001,Manufacturing - Nondurable goods,1997,7,6696.0
CES3200000001,Manufacturing - Nondurable goods,1997,8,6703.0
CES3200000001,Manufacturing - Nondurable goods,1997,9,6703.0
CES3200000001,Manufacturing - Nondurable goods,1997,10,6708.0
CES3200000001,Manufacturing - Nondurable goods,1997,11,6708.0
CES3200000001,Manufacturing - Nondurable goods,1997,12,6708.0
CES3200000001,Manufacturing - Nondurable goods,1998,1,6702.0
CES3200000001,Manufacturing - Nondurable goods,1998,2,6697.0
CES3200000001,Manufacturing - Nondurable goods,1998,3,6693.0
CES3200000001,Manufacturing - Nondurable goods,1998,4,6684.0
CES3200000001,Manufacturing - Nondurable goods,1998,5,6671.0
CES3200000001,Manufacturing - Nondurable goods,1998,6,6659.0
CES3200000001,Manufacturing - Nondurable goods,1998,7,6641.0
CES3200000001,Manufacturing - Nondurable goods,1998,8,6634.0
CES3200000001,Manufacturing - Nondurable goods,1998,9,6632.0
CES3200000001,Manufacturing - Nondurable goods,1998,10,6605.0
CES3200000001,Manufacturing - Nondurable goods,1998,11,6589.0
CES3200000001,Manufacturing - Nondurable goods,1998,12,6579.0
CES3200000001,Manufacturing - Nondurable goods,1999,1,6574.0
CES3200000001,Manufacturing - Nondurable goods,1999,2,6549.0
CES3200000001,Manufacturing - Nondurable goods,1999,3,6525.0
CES3200000001,Manufacturing - Nondurable goods,1999,4,6510.0
CES3200000001,Manufacturing - Nondurable goods,1999,5,6501.0
CES3200000001,Manufacturing - Nondurable goods,1999,6,6478.0
CES3200000001,Manufacturing - Nondurable goods,1999,7,6471.0
CES3200000001,Manufacturing - Nondurable goods,1999,8,6467.0
CES3200000001,Manufacturing - Nondurable goods,1999,9,6459.0
CES3200000001,Manufacturing - Nondurable goods,1999,10,6454.0
CES3200000001,Manufacturing - Nondurable goods,1999,11,6457.0
CES3200000001,Manufacturing - Nondurable goods,1999,12,6449.0
CES3200000001,Manufacturing - Nondurable goods,2000,1,6439.0
CES3200000001,Manufacturing - Nondurable goods,2000,2,6435.0
CES3200000001,Manufacturing - Nondurable goods,2000,3,6432.0
CES3200000001,Manufacturing - Nondurable goods,2000,4,6432.0
CES3200000001,Manufacturing - Nondurable goods,2000,5,6407.0
CES3200000001,Manufacturing - Nondurable goods,2000,6,6388.0
CES3200000001,Manufacturing - Nondurable goods,2000,7,6393.0
CES3200000001,Manufacturing - Nondurable goods,2000,8,6375.0
CES3200000001,Manufacturing - Nondurable goods,2000,9,6356.0
CES3200000001,Manufacturing - Nondurable goods,2000,10,6343.0
CES3200000001,Manufacturing - Nondurable goods,2000,11,6323.0
CES3200000001,Manufacturing - Nondurable goods,2000,12,6319.0
CES3200000001,Manufacturing - Nondurable goods,2001,1,6301.0
CES3200000001,Manufacturing - Nondurable goods,2001,2,6266.0
CES3200000001,Manufacturing - Nondurable goods,2001,3,6246.0
CES3200000001,Manufacturing - Nondurable goods,2001,4,6208.0
CES3200000001,Manufacturing - Nondurable goods,2001,5,6172.0
CES3200000001,Manufacturing - Nondurable goods,2001,6,6130.0
CES3200000001,Manufacturing - Nondurable goods,2001,7,6097.0
CES3200000001,Manufacturing - Nondurable goods,2001,8,6038.0
CES3200000001,Manufacturing - Nondurable goods,2001,9,6002.0
CES3200000001,Manufacturing - Nondurable goods,2001,10,5971.0
CES3200000001,Manufacturing - Nondurable goods,2001,11,5929.0
CES3200000001,Manufacturing - Nondurable goods,2001,12,5900.0
CES3200000001,Manufacturing - Nondurable goods,2002,1,5879.0
CES3200000001,Manufacturing - Nondurable goods,2002,2,5850.0
CES3200000001,Manufacturing - Nondurable goods,2002,3,5832.0
CES3200000001,Manufacturing - Nondurable goods,2002,4,5814.0
CES3200000001,Manufacturing - Nondurable goods,2002,5,5793.0
CES3200000001,Manufacturing - Nondurable goods,2002,6,5785.0
CES3200000001,Manufacturing - Nondurable goods,2002,7,5772.0
CES3200000001,Manufacturing - Nondurable goods,2002,8,5736.0
CES3200000001,Manufacturing - Nondurable goods,2002,9,5731.0
CES3200000001,Manufacturing - Nondurable goods,2002,10,5714.0
CES3200000001,Manufacturing - Nondurable goods,2002,11,5697.0
CES3200000001,Manufacturing - Nondurable goods,2002,12,5671.0
CES3200000001,Manufacturing - Nondurable goods,2003,1,5670.0
CES3200000001,Manufacturing - Nondurable goods,2003,2,5646.0
CES3200000001,Manufacturing - Nondurable goods,2003,3,5625.0
CES3200000001,Manufacturing - Nondurable goods,2003,4,5590.0
CES3200000001,Manufacturing - Nondurable goods,2003,5,5574.0
CES3200000001,Manufacturing - Nondurable goods,2003,6,5549.0
CES3200000001,Manufacturing - Nondurable goods,2003,7,5517.0
CES3200000001,Manufacturing - Nondurable goods,2003,8,5507.0
CES3200000001,Manufacturing - Nondurable goods,2003,9,5491.0
CES3200000001,Manufacturing - Nondurable goods,2003,10,5479.0
CES3200000001,Manufacturing - Nondurable goods,2003,11,5455.0
CES3200000001,Manufacturing - Nondurable goods,2003,12,5442.0
CES3200000001,Manufacturing - Nondurable goods,2004,1,5427.0
CES3200000001,Manufacturing - Nondurable goods,2004,2,5413.0
CES3200000001,Manufacturing - Nondurable goods,2004,3,5413.0
CES3200000001,Manufacturing - Nondurable goods,2004,4,5415.0
CES3200000001,Manufacturing - Nondurable goods,2004,5,5416.0
CES3200000001,Manufacturing - Nondurable goods,2004,6,5401.0
CES3200000001,Manufacturing - Nondurable goods,2004,7,5396.0
CES3200000001,Manufacturing - Nondurable goods,2004,8,5382.0
CES3200000001,Manufacturing - Nondurable goods,2004,9,5375.0
CES3200000001,Manufacturing - Nondurable goods,2004,10,5364.0
CES3200000001,Manufacturing - Nondurable goods,2004,11,5348.0
CES3200000001,Manufacturing - Nondurable goods,2004,12,5332.0
CES3200000001,Manufacturing - Nondurable goods,2005,1,5313.0
CES3200000001,Manufacturing - Nondurable goods,2005,2,5307.0
CES3200000001,Manufacturing - Nondurable goods,2005,3,5309.0
CES3200000001,Manufacturing - Nondurable goods,2005,4,5295.0
CES3200000001,Manufacturing - Nondurable goods,2005,5,5288.0
CES3200000001,Manufacturing - Nondurable goods,2005,6,5274.0
CES3200000001,Manufacturing - Nondurable goods,2005,7,5275.0
CES3200000001,Manufacturing - Nondurable goods,2005,8,5255.0
CES3200000001,Manufacturing - Nondurable goods,2005,9,5244.0
CES3200000001,Manufacturing - Nondurable goods,2005,10,5233.0
CES3200000001,Manufacturing - Nondurable goods,2005,11,5231.0
CES3200000001,Manufacturing - Nondurable goods,2005,12,5227.0
CES3200000001,Manufacturing - Nondurable goods,2006,1,5228.0
CES3200000001,Manufacturing - Nondurable goods,2006,2,5223.0
CES3200000001,Manufacturing - Nondurable goods,2006,3,5214.0
CES3200000001,Manufacturing - Nondurable goods,2006,4,5207.0
CES3200000001,Manufacturing - Nondurable goods,2006,5,5187.0
CES3200000001,Manufacturing - Nondurable goods,2006,6,5186.0
CES3200000001,Manufacturing - Nondurable goods,2006,7,5181.0
CES3200000001,Manufacturing - Nondurable goods,2006,8,5167.0
CES3200000001,Manufacturing - Nondurable goods,2006,9,5152.0
CES3200000001,Manufacturing - Nondurable goods,2006,10,5128.0
CES3200000001,Manufacturing - Nondurable goods,2006,11,5122.0
CES3200000001,Manufacturing - Nondurable goods,2006,12,5101.0
CES3200000001,Manufacturing - Nondurable goods,2007,1,5118.0
CES3200000001,Manufacturing - Nondurable goods,2007,2,5107.0
CES3200000001,Manufacturing - Nondurable goods,2007,3,5099.0
CES3200000001,Manufacturing - Nondurable goods,2007,4,5085.0
CES3200000001,Manufacturing - Nondurable goods,2007,5,5083.0
CES3200000001,Manufacturing - Nondurable goods,2007,6,5081.0
CES3200000001,Manufacturing - Nondurable goods,2007,7,5074.0
CES3200000001,Manufacturing - Nondurable goods,2007,8,5049.0
CES3200000001,Manufacturing - Nondurable goods,2007,9,5039.0
CES3200000001,Manufacturing - Nondurable goods,2007,10,5037.0
CES3200000001,Manufacturing - Nondurable goods,2007,11,5034.0
CES3200000001,Manufacturing - Nondurable goods,2007,12,5039.0
CES3200000001,Manufacturing - Nondurable goods,2008,1,5031.0
CES3200000001,Manufacturing - Nondurable goods,2008,2,5022.0
CES3200000001,Manufacturing - Nondurable goods,2008,3,5013.0
CES3200000001,Manufacturing - Nondurable goods,2008,4,5002.0
CES3200000001,Manufacturing - Nondurable goods,2008,5,4986.0
CES3200000001,Manufacturing - Nondurable goods,2008,6,4962.0
CES3200000001,Manufacturing - Nondurable goods,2008,7,4942.0
CES3200000001,Manufacturing - Nondurable goods,2008,8,4928.0
CES3200000001,Manufacturing - Nondurable goods,2008,9,4904.0
CES3200000001,Manufacturing - Nondurable goods,2008,10,4872.0
CES3200000001,Manufacturing - Nondurable goods,2008,11,4842.0
CES3200000001,Manufacturing - Nondurable goods,2008,12,4786.0
CES3200000001,Manufacturing - Nondurable goods,2009,1,4729.0
CES3200000001,Manufacturing - Nondurable goods,2009,2,4681.0
CES3200000001,Manufacturing - Nondurable goods,2009,3,4631.0
CES3200000001,Manufacturing - Nondurable goods,2009,4,4601.0
CES3200000001,Manufacturing - Nondurable goods,2009,5,4573.0
CES3200000001,Manufacturing - Nondurable goods,2009,6,4544.0
CES3200000001,Manufacturing - Nondurable goods,2009,7,4522.0
CES3200000001,Manufacturing - Nondurable goods,2009,8,4513.0
CES3200000001,Manufacturing - Nondurable goods,2009,9,4508.0
CES3200000001,Manufacturing - Nondurable goods,2009,10,4495.0
CES3200000001,Manufacturing - Nondurable goods,2009,11,4489.0
CES3200000001,Manufacturing - Nondurable goods,2009,12,4477.0
CES3200000001,Manufacturing - Nondurable goods,2010,1,4471.0
CES3200000001,Manufacturing - Nondurable goods,2010,2,4468.0
CES3200000001,Manufacturing - Nondurable goods,2010,3,4457.0
CES3200000001,Manufacturing - Nondurable goods,2010,4,4463.0
CES3200000001,Manufacturing - Nondurable goods,2010,5,4472.0
CES3200000001,Manufacturing - Nondurable goods,2010,6,4473.0
CES3200000001,Manufacturing - Nondurable goods,2010,7,4477.0
CES3200000001,Manufacturing - Nondurable goods,2010,8,4463.0
CES3200000001,Manufacturing - Nondurable goods,2010,9,4458.0
CES3200000001,Manufacturing - Nondurable goods,2010,10,4453.0
CES3200000001,Manufacturing - Nondurable goods,2010,11,4461.0
CES3200000001,Manufacturing - Nondurable goods,2010,12,4457.0
CES3200000001,Manufacturing - Nondurable goods,2011,1,4453.0
CES3200000001,Manufacturing - Nondurable goods,2011,2,4459.0
CES3200000001,Manufacturing - Nondurable goods,2011,3,4461.0
CES3200000001,Manufacturing - Nondurable goods,2011,4,4464.0
CES3200000001,Manufacturing - Nondurable goods,2011,5,4456.0
CES3200000001,Manufacturing - Nondurable goods,2011,6,4452.0
CES3200000001,Manufacturing - Nondurable goods,2011,7,4458.0
CES3200000001,Manufacturing - Nondurable goods,2011,8,4462.0
CES3200000001,Manufacturing - Nondurable goods,2011,9,4455.0
CES3200000001,Manufacturing - Nondurable goods,2011,10,4449.0
CES3200000001,Manufacturing - Nondurable goods,2011,11,4440.0
CES3200000001,Manufacturing - Nondurable goods,2011,12,4433.0
CES3200000001,Manufacturing - Nondurable goods,2012,1,4440.0
CES3200000001,Manufacturing - Nondurable goods,2012,2,4439.0
CES3200000001,Manufacturing - Nondurable goods,2012,3,4452.0
CES3200000001,Manufacturing - Nondurable goods,2012,4,4455.0
CES3200000001,Manufacturing - Nondurable goods,2012,5,4456.0
CES3200000001,Manufacturing - Nondurable goods,2012,6,4457.0
CES3200000001,Manufacturing - Nondurable goods,2012,7,4461.0
CES3200000001,Manufacturing - Nondurable goods,2012,8,4467.0
CES3200000001,Manufacturing - Nondurable goods,2012,9,4471.0
CES3200000001,Manufacturing - Nondurable goods,2012,10,4476.0
CES3200000001,Manufacturing - Nondurable goods,2012,11,4462.0
CES3200000001,Manufacturing - Nondurable goods,2012,12,4455.0
CES3200000001,Manufacturing - Nondurable goods,2013,1,4468.0
CES3200000001,Manufacturing - Nondurable goods,2013,2,4472.0
CES3200000001,Manufacturing - Nondurable goods,2013,3,4468.0
CES3200000001,Manufacturing - Nondurable goods,2013,4,4466.0
CES3200000001,Manufacturing - Nondurable goods,2013,5,4467.0
CES3200000001,Manufacturing - Nondurable goods,2013,6,4465.0
CES3200000001,Manufacturing - Nondurable goods,2013,7,4468.0
CES3200000001,Manufacturing - Nondurable goods,2013,8,4467.0
CES3200000001,Manufacturing - Nondurable goods,2013,9,4468.0
CES3200000001,Manufacturing - Nondurable goods,2013,10,4480.0
CES3200000001,Manufacturing - Nondurable goods,2013,11,4489.0
CES3200000001,Manufacturing - Nondurable goods,2013,12,4492.0
CES3200000001,Manufacturing - Nondurable goods,2014,1,4498.0
CES3200000001,Manufacturing - Nondurable goods,2014,2,4502.0
CES3200000001,Manufacturing - Nondurable goods,2014,3,4499.0
CES3200000001,Manufacturing - Nondurable goods,2014,4,4502.0
CES3200000001,Manufacturing - Nondurable goods,2014,5,4498.0
CES3200000001,Manufacturing - Nondurable goods,2014,6,4501.0
CES3200000001,Manufacturing - Nondurable goods,2014,7,4504.0
CES3200000001,Manufacturing - Nondurable goods,2014,8,4508.0
CES3200000001,Manufacturing - Nondurable goods,2014,9,4517.0
CES3200000001,Manufacturing - Nondurable goods,2014,10,4527.0
CES3200000001,Manufacturing - Nondurable goods,2014,11,4536.0
CES3200000001,Manufacturing - Nondurable goods,2014,12,4540.0
CES3200000001,Manufacturing - Nondurable goods,2015,1,4540.0
CES3200000001,Manufacturing - Nondurable goods,2015,2,4541.0
CES3200000001,Manufacturing - Nondurable goods,2015,3,4548.0
CES3200000001,Manufacturing - Nondurable goods,2015,4,4555.0
CES3200000001,Manufacturing - Nondurable goods,2015,5,4560.0
CES3200000001,Manufacturing - Nondurable goods,2015,6,4562.0
CES3200000001,Manufacturing - Nondurable goods,2015,7,4575.0
CES3200000001,Manufacturing - Nondurable goods,2015,8,4571.0
CES3200000001,Manufacturing - Nondurable goods,2015,9,4581.0
CES3200000001,Manufacturing - Nondurable goods,2015,10,4592.0
CES3200000001,Manufacturing - Nondurable goods,2015,11,4601.0
CES3200000001,Manufacturing - Nondurable goods,2015,12,4612.0
CES3200000001,Manufacturing - Nondurable goods,2016,1,4621.0
CES3200000001,Manufacturing - Nondurable goods,2016,2,4617.0
CES3200000001,Manufacturing - Nondurable goods,2016,3,4615.0
CES3200000001,Manufacturing - Nondurable goods,2016,4,4622.0
CES3200000001,Manufacturing - Nondurable goods,2016,5,4625.0
CES3200000001,Manufacturing - Nondurable goods,2016,6,4646.0
CES3200000001,Manufacturing - Nondurable goods,2016,7,4654.0
CES3200000001,Manufacturing - Nondurable goods,2016,8,4652.0
CES3200000001,Manufacturing - Nondurable goods,2016,9,4655.0
CES3200000001,Manufacturing - Nondurable goods,2016,10,4654.0
CES3200000001,Manufacturing - Nondurable goods,2016,11,4656.0
CES3200000001,Manufacturing - Nondurable goods,2016,12,4661.0
CES3200000001,Manufacturing - Nondurable goods,2017,1,4664.0
CES3200000001,Manufacturing - Nondurable goods,2017,2,4683.0
CES3200000001,Manufacturing - Nondurable goods,2017,3,4688.0
CES3200000001,Manufacturing - Nondurable goods,2017,4,4691.0
CES3200000001,Manufacturing - Nondurable goods,2017,5,4692.0
CES3200000001,Manufacturing - Nondurable goods,2017,6,4697.0
CES3200000001,Manufacturing - Nondurable goods,2017,7,4705.0
CES3200000001,Manufacturing - Nondurable goods,2017,8,4714.0
CES3200000001,Manufacturing - Nondurable goods,2017,9,4711.0
CES3200000001,Manufacturing - Nondurable goods,2017,10,4715.0
CES3200000001,Manufacturing - Nondurable goods,2017,11,4710.0
CES3200000001,Manufacturing - Nondurable goods,2017,12,4715.0
CES3200000001,Manufacturing - Nondurable goods,2018,1,4722.0
CES3200000001,Manufacturing - Nondurable goods,2018,2,4724.0
CES3200000001,Manufacturing - Nondurable goods,2018,3,4723.0
CES3200000001,Manufacturing - Nondurable goods,2018,4,4725.0
CES3200000001,Manufacturing - Nondurable goods,2018,5,4738.0
CES3200000001,Manufacturing - Nondurable goods,2018,6,4745.0
CES3200000001,Manufacturing - Nondurable goods,2018,7,4748.0
CES3200000001,Manufacturing - Nondurable goods,2018,8,4752.0
CES3200000001,Manufacturing - Nondurable goods,2018,9,4755.0
CES3200000001,Manufacturing - Nondurable goods,2018,10,4756.0
CES3200000001,Manufacturing - Nondurable goods,2018,11,4758.0
CES3200000001,Manufacturing - Nondurable goods,2018,12,4761.0
CES3200000001,Manufacturing - Nondurable goods,2019,1,4765.0
CES3200000001,Manufacturing - Nondurable goods,2019,2,4762.0
CES3200000001,Manufacturing - Nondurable goods,2019,3,4767.0
CES3200000001,Manufacturing - Nondurable goods,2019,4,4769.0
CES3200000001,Manufacturing - Nondurable goods,2019,5,4772.0
CES3200000001,Manufacturing - Nondurable goods,2019,6,4780.0
CES3200000001,Manufacturing - Nondurable goods,2019,7,4779.0
CES3200000001,Manufacturing - Nondurable goods,2019,8,4786.0
CES3200000001,Manufacturing - Nondurable goods,2019,9,4789.0
CES3200000001,Manufacturing - Nondurable goods,2019,10,4790.0
CES3200000001,Manufacturing - Nondurable goods,2019,11,4794.0
CES3200000001,Manufacturing - Nondurable goods,2019,12,4787.0
CES3200000001,Manufacturing - Nondurable goods,2020,1,4782.0
CES3200000001,Manufacturing - Nondurable goods,2020,2,4780.0
CES3200000001,Manufacturing - Nondurable goods,2020,3,4754.0
CES3200000001,Manufacturing - Nondurable goods,2020,4,4352.0
CES3200000001,Manufacturing - Nondurable goods,2020,5,4448.0
CES3200000001,Manufacturing - Nondurable goods,2020,6,4523.0
CES3200000001,Manufacturing - Nondurable goods,2020,7,4525.0
CES3200000001,Manufacturing - Nondurable goods,2020,8,4559.0
CES3200000001,Manufacturing - Nondurable goods,2020,9,4575.0
CES3200000001,Manufacturing - Nondurable goods,2020,10,4594.0
CES3200000001,Manufacturing - Nondurable goods,2020,11,4601.0
CES3200000001,Manufacturing - Nondurable goods,2020,12,4620.0
CES3200000001,Manufacturing - Nondurable goods,2021,1,4618.0
CES3200000001,Manufacturing - Nondurable goods,2021,2,4627.0
CES3200000001,Manufacturing - Nondurable goods,2021,3,4644.0
CES3200000001,Manufacturing - Nondurable goods,2021,4,4640.0
CES3200000001,Manufacturing - Nondurable goods,2021,5,4645.0
CES3200000001,Manufacturing - Nondurable goods,2021,6,4647.0
CES3200000001,Manufacturing - Nondurable goods,2021,7,4665.0
CES3200000001,Manufacturing - Nondurable goods,2021,8,4682.0
CES3200000001,Manufacturing - Nondurable goods,2021,9,4695.0
CES3200000001,Manufacturing - Nondurable goods,2021,10,4716.0
CES3200000001,Manufacturing - Nondurable goods,2021,11,4742.0
CES3200000001,Manufacturing - Nondurable goods,2021,12,4760.0
CES3200000001,Manufacturing - Nondurable goods,2022,1,4764.0
CES3200000001,Manufacturing - Nondurable goods,2022,2,4793.0
CES3200000001,Manufacturing - Nondurable goods,2022,3,4811.0
CES3200000001,Manufacturing - Nondurable goods,2022,4,4832.0
CES3200000001,Manufacturing - Nondurable goods,2022,5,4841.0
CES3200000001,Manufacturing - Nondurable goods,2022,6,4861.0
CES3200000001,Manufacturing - Nondurable goods,2022,7,4869.0
CES3200000001,Manufacturing - Nondurable goods,2022,8,4866.0
CES3200000001,Manufacturing - Nondurable goods,2022,9,4873.0
CES3200000001,Manufacturing - Nondurable goods,2022,10,4881.0
CES3200000001,Manufacturing - Nondurable goods,2022,11,4884.0
CES3200000001,Manufacturing - Nondurable goods,2022,12,4864.0
CES3200000001,Manufacturing - Nondurable goods,2023,1,4867.0
CES3200000001,Manufacturing - Nondurable goods,2023,2,4866.0
CES3200000001,Manufacturing - Nondurable goods,2023,3,4860.0
CES3200000001,Manufacturing - Nondurable goods,2023,4,4861.0
CES3200000001,Manufacturing - Nondurable goods,2023,5,4855.0
CES3200000001,Manufacturing - Nondurable goods,2023,6,4848.0
CES3200000001,Manufacturing - Nondurable goods,2023,7,4837.0
CES3200000001,Manufacturing - Nondurable goods,2023,8,4832.0
CES3200000001,Manufacturing - Nondurable goods,2023,9,4843.0
CES3200000001,Manufacturing - Nondurable goods,2023,10,4847.0
CES3200000001,Manufacturing - Nondurable goods,2023,11,4842.0
CES3200000001,Manufacturing - Nondurable goods,2023,12,4843.0
CES3200000001,Manufacturing - Nondurable goods,2024,1,4852.0
CES3200000001,Manufacturing - Nondurable goods,2024,2,4848.0
CES3200000001,Manufacturing - Nondurable goods,2024,3,4843.0
CES3200000001,Manufacturing - Nondurable goods,2024,4,4845.0
CES3200000001,Manufacturing - Nondurable goods,2024,5,4844.0
CES3200000001,Manufacturing - Nondurable goods,2024,6,4846.0
CES3200000001,Manufacturing - Nondurable goods,2024,7,4846.0
CES3200000001,Manufacturing - Nondurable goods,2024,8,4842.0
CES3200000001,Manufacturing - Nondurable goods,2024,9,4837.0
CES3200000001,Manufacturing - Nondurable goods,2024,10,4827.0
CES3200000001,Manufacturing - Nondurable goods,2024,11,4816.0
CES3200000001,Manufacturing - Nondurable goods,2024,12,4818.0
CES3200000001,Manufacturing - Nondurable goods,2025,1,4815.0
CES3200000001,Manufacturing - Nondurable goods,2025,2,4812.0
CES3200000001,Manufacturing - Nondurable goods,2025,3,4812.0
CES3200000001,Manufacturing - Nondurable goods,2025,4,4809.0
CES3200000001,Manufacturing - Nondurable goods,2025,5,4806.0
CES3200000001,Manufacturing - Nondurable goods,2025,6,4803.0
CES3200000001,Manufacturing - Nondurable goods,2025,7,4791.0
CES3200000001,Manufacturing - Nondurable goods,2025,8,4796.0
CES3200000001,Manufacturing - Nondurable goods,2025,9,4798.0
CES3200000001,Manufacturing - Nondurable goods,2025,10,4798.0
CES3200000001,Manufacturing - Nondurable goods,2025,11,4791.0
CES3200000001,Manufacturing - Nondurable goods,2025,12,4783.0
CES4000000001,"Trade, transportation, utilities",1976,1,15852.0
CES4000000001,"Trade, transportation, utilities",1976,2,15947.0
CES4000000001,"Trade, transportation, utilities",1976,3,15980.0
CES4000000001,"Trade, transportation, utilities",1976,4,16055.0
CES4000000001,"Trade, transportation, utilities",1976,5,16080.0
CES4000000001,"Trade, transportation, utilities",1976,6,16090.0
CES4000000001,"Trade, transportation, utilities",1976,7,16132.0
CES4000000001,"Trade, transportation, utilities",1976,8,16169.0
CES4000000001,"Trade, transportation, utilities",1976,9,16216.0
CES4000000001,"Trade, transportation, utilities",1976,10,16219.0
CES4000000001,"Trade, transportation, utilities",1976,11,16242.0
CES4000000001,"Trade, transportation, utilities",1976,12,16294.0
CES4000000001,"Trade, transportation, utilities",1977,1,16375.0
CES4000000001,"Trade, transportation, utilities",1977,2,16424.0
CES4000000001,"Trade, transportation, utilities",1977,3,16501.0
CES4000000001,"Trade, transportation, utilities",1977,4,16567.0
CES4000000001,"Trade, transportation, utilities",1977,5,16638.0
CES4000000001,"Trade, transportation, utilities",1977,6,16709.0
CES4000000001,"Trade, transportation, utilities",1977,7,16772.0
CES4000000001,"Trade, transportation, utilities",1977,8,16834.0
CES4000000001,"Trade, transportation, utilities",1977,9,16922.0
CES4000000001,"Trade, transportation, utilities",1977,10,16962.0
CES4000000001,"Trade, transportation, utilities",1977,11,17047.0
CES4000000001,"Trade, transportation, utilities",1977,12,17138.0
CES4000000001,"Trade, transportation, utilities",1978,1,17198.0
CES4000000001,"Trade, transportation, utilities",1978,2,17264.0
CES4000000001,"Trade, transportation, utilities",1978,3,17351.0
CES4000000001,"Trade, transportation, utilities",1978,4,17452.0
CES4000000001,"Trade, transportation, utilities",1978,5,17541.0
CES4000000001,"Trade, transportation, utilities",1978,6,17648.0
CES4000000001,"Trade, transportation, utilities",1978,7,17672.0
CES4000000001,"Trade, transportation, utilities",1978,8,17738.0
CES4000000001,"Trade, transportation, utilities",1978,9,17795.0
CES4000000001,"Trade, transportation, utilities",1978,10,17894.0
CES4000000001,"Trade, transportation, utilities",1978,11,17985.0
CES4000000001,"Trade, transportation, utilities",1978,12,18047.0
CES4000000001,"Trade, transportation, utilities",1979,1,18107.0
CES4000000001,"Trade, transportation, utilities",1979,2,18157.0
CES4000000001,"Trade, transportation, utilities",1979,3,18214.0
CES4000000001,"Trade, transportation, utilities",1979,4,18143.0
CES4000000001,"Trade, transportation, utilities",1979,5,18237.0
CES4000000001,"Trade, transportation, utilities",1979,6,18294.0
CES4000000001,"Trade, transportation, utilities",1979,7,18267.0
CES4000000001,"Trade, transportation, utilities",1979,8,18281.0
CES4000000001,"Trade, transportation, utilities",1979,9,18316.0
CES4000000001,"Trade, transportation, utilities",1979,10,18390.0
CES4000000001,"Trade, transportation, utilities",1979,11,18454.0
CES4000000001,"Trade, transportation, utilities",1979,12,18438.0
CES4000000001,"Trade, transportation, utilities",1980,1,18456.0
CES4000000001,"Trade, transportation, utilities",1980,2,18491.0
CES4000000001,"Trade, transportation, utilities",1980,3,18495.0
CES4000000001,"Trade, transportation, utilities",1980,4,18395.0
CES4000000001,"Trade, transportation, utilities",1980,5,18356.0
CES4000000001,"Trade, transportation, utilities",1980,6,18306.0
CES4000000001,"Trade, transportation, utilities",1980,7,18285.0
CES4000000001,"Trade, transportation, utilities",1980,8,18318.0
CES4000000001,"Trade, transportation, utilities",1980,9,18343.0
CES4000000001,"Trade, transportation, utilities",1980,10,18363.0
CES4000000001,"Trade, transportation, utilities",1980,11,18391.0
CES4000000001,"Trade, transportation, utilities",1980,12,18429.0
CES4000000001,"Trade, transportation, utilities",1981,1,18462.0
CES4000000001,"Trade, transportation, utilities",1981,2,18506.0
CES4000000001,"Trade, transportation, utilities",1981,3,18527.0
CES4000000001,"Trade, transportation, utilities",1981,4,18580.0
CES4000000001,"Trade, transportation, utilities",1981,5,18595.0
CES4000000001,"Trade, transportation, utilities",1981,6,18619.0
CES4000000001,"Trade, transportation, utilities",1981,7,18639.0
CES4000000001,"Trade, transportation, utilities",1981,8,18648.0
CES4000000001,"Trade, transportation, utilities",1981,9,18633.0
CES4000000001,"Trade, transportation, utilities",1981,10,18611.0
CES4000000001,"Trade, transportation, utilities",1981,11,18568.0
CES4000000001,"Trade, transportation, utilities",1981,12,18517.0
CES4000000001,"Trade, transportation, utilities",1982,1,18492.0
CES4000000001,"Trade, transportation, utilities",1982,2,18497.0
CES4000000001,"Trade, transportation, utilities",1982,3,18491.0
CES4000000001,"Trade, transportation, utilities",1982,4,18465.0
CES4000000001,"Trade, transportation, utilities",1982,5,18494.0
CES4000000001,"Trade, transportation, utilities",1982,6,18475.0
CES4000000001,"Trade, transportation, utilities",1982,7,18453.0
CES4000000001,"Trade, transportation, utilities",1982,8,18427.0
CES4000000001,"Trade, transportation, utilities",1982,9,18386.0
CES4000000001,"Trade, transportation, utilities",1982,10,18351.0
CES4000000001,"Trade, transportation, utilities",1982,11,18315.0
CES4000000001,"Trade, transportation, utilities",1982,12,18307.0
CES4000000001,"Trade, transportation, utilities",1983,1,18342.0
CES4000000001,"Trade, transportation, utilities",1983,2,18339.0
CES4000000001,"Trade, transportation, utilities",1983,3,18384.0
CES4000000001,"Trade, transportation, utilities",1983,4,18441.0
CES4000000001,"Trade, transportation, utilities",1983,5,18496.0
CES4000000001,"Trade, transportation, utilities",1983,6,18572.0
CES4000000001,"Trade, transportation, utilities",1983,7,18658.0
CES4000000001,"Trade, transportation, utilities",1983,8,18690.0
CES4000000001,"Trade, transportation, utilities",1983,9,18839.0
CES4000000001,"Trade, transportation, utilities",1983,10,18903.0
CES4000000001,"Trade, transportation, utilities",1983,11,18969.0
CES4000000001,"Trade, transportation, utilities",1983,12,19050.0
CES4000000001,"Trade, transportation, utilities",1984,1,19201.0
CES4000000001,"Trade, transportation, utilities",1984,2,19291.0
CES4000000001,"Trade, transportation, utilities",1984,3,19360.0
CES4000000001,"Trade, transportation, utilities",1984,4,19436.0
CES4000000001,"Trade, transportation, utilities",1984,5,19487.0
CES4000000001,"Trade, transportation, utilities",1984,6,19584.0
CES4000000001,"Trade, transportation, utilities",1984,7,19664.0
CES4000000001,"Trade, transportation, utilities",1984,8,19721.0
CES4000000001,"Trade, transportation, utilities",1984,9,19800.0
CES4000000001,"Trade, transportation, utilities",1984,10,19890.0
CES4000000001,"Trade, transportation, utilities",1984,11,20015.0
CES4000000001,"Trade, transportation, utilities",1984,12,20030.0
CES4000000001,"Trade, transportation, utilities",1985,1,20073.0
CES4000000001,"Trade, transportation, utilities",1985,2,20110.0
CES4000000001,"Trade, transportation, utilities",1985,3,20198.0
CES4000000001,"Trade, transportation, utilities",1985,4,20253.0
CES4000000001,"Trade, transportation, utilities",1985,5,20326.0
CES4000000001,"Trade, transportation, utilities",1985,6,20375.0
CES4000000001,"Trade, transportation, utilities",1985,7,20391.0
CES4000000001,"Trade, transportation, utilities",1985,8,20426.0
CES4000000001,"Trade, transportation, utilities",1985,9,20465.0
CES4000000001,"Trade, transportation, utilities",1985,10,20494.0
CES4000000001,"Trade, transportation, utilities",1985,11,20528.0
CES4000000001,"Trade, transportation, utilities",1985,12,20557.0
CES4000000001,"Trade, transportation, utilities",1986,1,20566.0
CES4000000001,"Trade, transportation, utilities",1986,2,20569.0
CES4000000001,"Trade, transportation, utilities",1986,3,20609.0
CES4000000001,"Trade, transportation, utilities",1986,4,20651.0
CES4000000001,"Trade, transportation, utilities",1986,5,20711.0
CES4000000001,"Trade, transportation, utilities",1986,6,20699.0
CES4000000001,"Trade, transportation, utilities",1986,7,20805.0
CES4000000001,"Trade, transportation, utilities",1986,8,20851.0
CES4000000001,"Trade, transportation, utilities",1986,9,20899.0
CES4000000001,"Trade, transportation, utilities",1986,10,20919.0
CES4000000001,"Trade, transportation, utilities",1986,11,20946.0
CES4000000001,"Trade, transportation, utilities",1986,12,20962.0
CES4000000001,"Trade, transportation, utilities",1987,1,20964.0
CES4000000001,"Trade, transportation, utilities",1987,2,21018.0
CES4000000001,"Trade, transportation, utilities",1987,3,21081.0
CES4000000001,"Trade, transportation, utilities",1987,4,21159.0
CES4000000001,"Trade, transportation, utilities",1987,5,21188.0
CES4000000001,"Trade, transportation, utilities",1987,6,21244.0
CES4000000001,"Trade, transportation, utilities",1987,7,21298.0
CES4000000001,"Trade, transportation, utilities",1987,8,21336.0
CES4000000001,"Trade, transportation, utilities",1987,9,21399.0
CES4000000001,"Trade, transportation, utilities",1987,10,21489.0
CES4000000001,"Trade, transportation, utilities",1987,11,21531.0
CES4000000001,"Trade, transportation, utilities",1987,12,21557.0
CES4000000001,"Trade, transportation, utilities",1988,1,21564.0
CES4000000001,"Trade, transportation, utilities",1988,2,21693.0
CES4000000001,"Trade, transportation, utilities",1988,3,21750.0
CES4000000001,"Trade, transportation, utilities",1988,4,21805.0
CES4000000001,"Trade, transportation, utilities",1988,5,21872.0
CES4000000001,"Trade, transportation, utilities",1988,6,21954.0
CES4000000001,"Trade, transportation, utilities",1988,7,22019.0
CES4000000001,"Trade, transportation, utilities",1988,8,22066.0
CES4000000001,"Trade, transportation, utilities",1988,9,22099.0
CES4000000001,"Trade, transportation, utilities",1988,10,22118.0
CES4000000001,"Trade, transportation, utilities",1988,11,22152.0
CES4000000001,"Trade, transportation, utilities",1988,12,22208.0
CES4000000001,"Trade, transportation, utilities",1989,1,22250.0
CES4000000001,"Trade, transportation, utilities",1989,2,22343.0
CES4000000001,"Trade, transportation, utilities",1989,3,22422.0
CES4000000001,"Trade, transportation, utilities",1989,4,22440.0
CES4000000001,"Trade, transportation, utilities",1989,5,22485.0
CES4000000001,"Trade, transportation, utilities",1989,6,22511.0
CES4000000001,"Trade, transportation, utilities",1989,7,22528.0
CES4000000001,"Trade, transportation, utilities",1989,8,22579.0
CES4000000001,"Trade, transportation, utilities",1989,9,22555.0
CES4000000001,"Trade, transportation, utilities",1989,10,22535.0
CES4000000001,"Trade, transportation, utilities",1989,11,22551.0
CES4000000001,"Trade, transportation, utilities",1989,12,22503.0
CES4000000001,"Trade, transportation, utilities",1990,1,22692.0
CES4000000001,"Trade, transportation, utilities",1990,2,22672.0
CES4000000001,"Trade, transportation, utilities",1990,3,22673.0
CES4000000001,"Trade, transportation, utilities",1990,4,22675.0
CES4000000001,"Trade, transportation, utilities",1990,5,22667.0
CES4000000001,"Trade, transportation, utilities",1990,6,22660.0
CES4000000001,"Trade, transportation, utilities",1990,7,22644.0
CES4000000001,"Trade, transportation, utilities",1990,8,22605.0
CES4000000001,"Trade, transportation, utilities",1990,9,22594.0
CES4000000001,"Trade, transportation, utilities",1990,10,22581.0
CES4000000001,"Trade, transportation, utilities",1990,11,22559.0
CES4000000001,"Trade, transportation, utilities",1990,12,22553.0
CES4000000001,"Trade, transportation, utilities",1991,1,22483.0
CES4000000001,"Trade, transportation, utilities",1991,2,22379.0
CES4000000001,"Trade, transportation, utilities",1991,3,22328.0
CES4000000001,"Trade, transportation, utilities",1991,4,22247.0
CES4000000001,"Trade, transportation, utilities",1991,5,22227.0
CES4000000001,"Trade, transportation, utilities",1991,6,22211.0
CES4000000001,"Trade, transportation, utilities",1991,7,22213.0
CES4000000001,"Trade, transportation, utilities",1991,8,22208.0
CES4000000001,"Trade, transportation, utilities",1991,9,22185.0
CES4000000001,"Trade, transportation, utilities",1991,10,22163.0
CES4000000001,"Trade, transportation, utilities",1991,11,22145.0
CES4000000001,"Trade, transportation, utilities",1991,12,22142.0
CES4000000001,"Trade, transportation, utilities",1992,1,22104.0
CES4000000001,"Trade, transportation, utilities",1992,2,22107.0
CES4000000001,"Trade, transportation, utilities",1992,3,22107.0
CES4000000001,"Trade, transportation, utilities",1992,4,22115.0
CES4000000001,"Trade, transportation, utilities",1992,5,22103.0
CES4000000001,"Trade, transportation, utilities",1992,6,22107.0
CES4000000001,"Trade, transportation, utilities",1992,7,22067.0
CES4000000001,"Trade, transportation, utilities",1992,8,22051.0
CES4000000001,"Trade, transportation, utilities",1992,9,22046.0
CES4000000001,"Trade, transportation, utilities",1992,10,22064.0
CES4000000001,"Trade, transportation, utilities",1992,11,22069.0
CES4000000001,"Trade, transportation, utilities",1992,12,22086.0
CES4000000001,"Trade, transportation, utilities",1993,1,22147.0
CES4000000001,"Trade, transportation, utilities",1993,2,22196.0
CES4000000001,"Trade, transportation, utilities",1993,3,22181.0
CES4000000001,"Trade, transportation, utilities",1993,4,22209.0
CES4000000001,"Trade, transportation, utilities",1993,5,22257.0
CES4000000001,"Trade, transportation, utilities",1993,6,22307.0
CES4000000001,"Trade, transportation, utilities",1993,7,22364.0
CES4000000001,"Trade, transportation, utilities",1993,8,22376.0
CES4000000001,"Trade, transportation, utilities",1993,9,22429.0
CES4000000001,"Trade, transportation, utilities",1993,10,22482.0
CES4000000001,"Trade, transportation, utilities",1993,11,22512.0
CES4000000001,"Trade, transportation, utilities",1993,12,22574.0
CES4000000001,"Trade, transportation, utilities",1994,1,22613.0
CES4000000001,"Trade, transportation, utilities",1994,2,22710.0
CES4000000001,"Trade, transportation, utilities",1994,3,22815.0
CES4000000001,"Trade, transportation, utilities",1994,4,22833.0
CES4000000001,"Trade, transportation, utilities",1994,5,22948.0
CES4000000001,"Trade, transportation, utilities",1994,6,23027.0
CES4000000001,"Trade, transportation, utilities",1994,7,23114.0
CES4000000001,"Trade, transportation, utilities",1994,8,23201.0
CES4000000001,"Trade, transportation, utilities",1994,9,23293.0
CES4000000001,"Trade, transportation, utilities",1994,10,23361.0
CES4000000001,"Trade, transportation, utilities",1994,11,23465.0
CES4000000001,"Trade, transportation, utilities",1994,12,23549.0
CES4000000001,"Trade, transportation, utilities",1995,1,23616.0
CES4000000001,"Trade, transportation, utilities",1995,2,23672.0
CES4000000001,"Trade, transportation, utilities",1995,3,23667.0
CES4000000001,"Trade, transportation, utilities",1995,4,23726.0
CES4000000001,"Trade, transportation, utilities",1995,5,23725.0
CES4000000001,"Trade, transportation, utilities",1995,6,23777.0
CES4000000001,"Trade, transportation, utilities",1995,7,23780.0
CES4000000001,"Trade, transportation, utilities",1995,8,23829.0
CES4000000001,"Trade, transportation, utilities",1995,9,23851.0
CES4000000001,"Trade, transportation, utilities",1995,10,23885.0
CES4000000001,"Trade, transportation, utilities",1995,11,23917.0
CES4000000001,"Trade, transportation, utilities",1995,12,23933.0
CES4000000001,"Trade, transportation, utilities",1996,1,23935.0
CES4000000001,"Trade, transportation, utilities",1996,2,23972.0
CES4000000001,"Trade, transportation, utilities",1996,3,24014.0
CES4000000001,"Trade, transportation, utilities",1996,4,24027.0
CES4000000001,"Trade, transportation, utilities",1996,5,24127.0
CES4000000001,"Trade, transportation, utilities",1996,6,24182.0
CES4000000001,"Trade, transportation, utilities",1996,7,24228.0
CES4000000001,"Trade, transportation, utilities",1996,8,24255.0
CES4000000001,"Trade, transportation, utilities",1996,9,24280.0
CES4000000001,"Trade, transportation, utilities",1996,10,24354.0
CES4000000001,"Trade, transportation, utilities",1996,11,24387.0
CES4000000001,"Trade, transportation, utilities",1996,12,24425.0
CES4000000001,"Trade, transportation, utilities",1997,1,24432.0
CES4000000001,"Trade, transportation, utilities",1997,2,24458.0
CES4000000001,"Trade, transportation, utilities",1997,3,24514.0
CES4000000001,"Trade, transportation, utilities",1997,4,24552.0
CES4000000001,"Trade, transportation, utilities",1997,5,24582.0
CES4000000001,"Trade, transportation, utilities",1997,6,24618.0
CES4000000001,"Trade, transportation, utilities",1997,7,24653.0
CES4000000001,"Trade, transportation, utilities",1997,8,24543.0
CES4000000001,"Trade, transportation, utilities",1997,9,24737.0
CES4000000001,"Trade, transportation, utilities",1997,10,24806.0
CES4000000001,"Trade, transportation, utilities",1997,11,24862.0
CES4000000001,"Trade, transportation, utilities",1997,12,24903.0
CES4000000001,"Trade, transportation, utilities",1998,1,24927.0
CES4000000001,"Trade, transportation, utilities",1998,2,24945.0
CES4000000001,"Trade, transportation, utilities",1998,3,24962.0
CES4000000001,"Trade, transportation, utilities",1998,4,24995.0
CES4000000001,"Trade, transportation, utilities",1998,5,25073.0
CES4000000001,"Trade, transportation, utilities",1998,6,25104.0
CES4000000001,"Trade, transportation, utilities",1998,7,25144.0
CES4000000001,"Trade, transportation, utilities",1998,8,25183.0
CES4000000001,"Trade, transportation, utilities",1998,9,25224.0
CES4000000001,"Trade, transportation, utilities",1998,10,25240.0
CES4000000001,"Trade, transportation, utilities",1998,11,25291.0
CES4000000001,"Trade, transportation, utilities",1998,12,25361.0
CES4000000001,"Trade, transportation, utilities",1999,1,25380.0
CES4000000001,"Trade, transportation, utilities",1999,2,25484.0
CES4000000001,"Trade, transportation, utilities",1999,3,25520.0
CES4000000001,"Trade, transportation, utilities",1999,4,25580.0
CES4000000001,"Trade, transportation, utilities",1999,5,25630.0
CES4000000001,"Trade, transportation, utilities",1999,6,25680.0
CES4000000001,"Trade, transportation, utilities",1999,7,25745.0
CES4000000001,"Trade, transportation, utilities",1999,8,25774.0
CES4000000001,"Trade, transportation, utilities",1999,9,25829.0
CES4000000001,"Trade, transportation, utilities",1999,10,25882.0
CES4000000001,"Trade, transportation, utilities",1999,11,25920.0
CES4000000001,"Trade, transportation, utilities",1999,12,26019.0
CES4000000001,"Trade, transportation, utilities",2000,1,26043.0
CES4000000001,"Trade, transportation, utilities",2000,2,26061.0
CES4000000001,"Trade, transportation, utilities",2000,3,26118.0
CES4000000001,"Trade, transportation, utilities",2000,4,26184.0
CES4000000001,"Trade, transportation, utilities",2000,5,26118.0
CES4000000001,"Trade, transportation, utilities",2000,6,26140.0
CES4000000001,"Trade, transportation, utilities",2000,7,26150.0
CES4000000001,"Trade, transportation, utilities",2000,8,26179.0
CES4000000001,"Trade, transportation, utilities",2000,9,26175.0
CES4000000001,"Trade, transportation, utilities",2000,10,26193.0
CES4000000001,"Trade, transportation, utilities",2000,11,26210.0
CES4000000001,"Trade, transportation, utilities",2000,12,26263.0
CES4000000001,"Trade, transportation, utilities",2001,1,26180.0
CES4000000001,"Trade, transportation, utilities",2001,2,26177.0
CES4000000001,"Trade, transportation, utilities",2001,3,26139.0
CES4000000001,"Trade, transportation, utilities",2001,4,26007.0
CES4000000001,"Trade, transportation, utilities",2001,5,25992.0
CES4000000001,"Trade, transportation, utilities",2001,6,25958.0
CES4000000001,"Trade, transportation, utilities",2001,7,25886.0
CES4000000001,"Trade, transportation, utilities",2001,8,25875.0
CES4000000001,"Trade, transportation, utilities",2001,9,25790.0
CES4000000001,"Trade, transportation, utilities",2001,10,25718.0
CES4000000001,"Trade, transportation, utilities",2001,11,25632.0
CES4000000001,"Trade, transportation, utilities",2001,12,25548.0
CES4000000001,"Trade, transportation, utilities",2002,1,25486.0
CES4000000001,"Trade, transportation, utilities",2002,2,25480.0
CES4000000001,"Trade, transportation, utilities",2002,3,25470.0
CES4000000001,"Trade, transportation, utilities",2002,4,25457.0
CES4000000001,"Trade, transportation, utilities",2002,5,25441.0
CES4000000001,"Trade, transportation, utilities",2002,6,25442.0
CES4000000001,"Trade, transportation, utilities",2002,7,25450.0
CES4000000001,"Trade, transportation, utilities",2002,8,25397.0
CES4000000001,"Trade, transportation, utilities",2002,9,25349.0
CES4000000001,"Trade, transportation, utilities",2002,10,25362.0
CES4000000001,"Trade, transportation, utilities",2002,11,25330.0
CES4000000001,"Trade, transportation, utilities",2002,12,25342.0
CES4000000001,"Trade, transportation, utilities",2003,1,25296.0
CES4000000001,"Trade, transportation, utilities",2003,2,25272.0
CES4000000001,"Trade, transportation, utilities",2003,3,25228.0
CES4000000001,"Trade, transportation, utilities",2003,4,25213.0
CES4000000001,"Trade, transportation, utilities",2003,5,25192.0
CES4000000001,"Trade, transportation, utilities",2003,6,25154.0
CES4000000001,"Trade, transportation, utilities",2003,7,25126.0
CES4000000001,"Trade, transportation, utilities",2003,8,25147.0
CES4000000001,"Trade, transportation, utilities",2003,9,25185.0
CES4000000001,"Trade, transportation, utilities",2003,10,25209.0
CES4000000001,"Trade, transportation, utilities",2003,11,25192.0
CES4000000001,"Trade, transportation, utilities",2003,12,25183.0
CES4000000001,"Trade, transportation, utilities",2004,1,25272.0
CES4000000001,"Trade, transportation, utilities",2004,2,25280.0
CES4000000001,"Trade, transportation, utilities",2004,3,25352.0
CES4000000001,"Trade, transportation, utilities",2004,4,25386.0
CES4000000001,"Trade, transportation, utilities",2004,5,25415.0
CES4000000001,"Trade, transportation, utilities",2004,6,25456.0
CES4000000001,"Trade, transportation, utilities",2004,7,25456.0
CES4000000001,"Trade, transportation, utilities",2004,8,25468.0
CES4000000001,"Trade, transportation, utilities",2004,9,25518.0
CES4000000001,"Trade, transportation, utilities",2004,10,25556.0
CES4000000001,"Trade, transportation, utilities",2004,11,25575.0
CES4000000001,"Trade, transportation, utilities",2004,12,25598.0
CES4000000001,"Trade, transportation, utilities",2005,1,25625.0
CES4000000001,"Trade, transportation, utilities",2005,2,25691.0
CES4000000001,"Trade, transportation, utilities",2005,3,25710.0
CES4000000001,"Trade, transportation, utilities",2005,4,25786.0
CES4000000001,"Trade, transportation, utilities",2005,5,25824.0
CES4000000001,"Trade, transportation, utilities",2005,6,25869.0
CES4000000001,"Trade, transportation, utilities",2005,7,25933.0
CES4000000001,"Trade, transportation, utilities",2005,8,25965.0
CES4000000001,"Trade, transportation, utilities",2005,9,25945.0
CES4000000001,"Trade, transportation, utilities",2005,10,25957.0
CES4000000001,"Trade, transportation, utilities",2005,11,26013.0
CES4000000001,"Trade, transportation, utilities",2005,12,26033.0
CES4000000001,"Trade, transportation, utilities",2006,1,26057.0
CES4000000001,"Trade, transportation, utilities",2006,2,26090.0
CES4000000001,"Trade, transportation, utilities",2006,3,26129.0
CES4000000001,"Trade, transportation, utilities",2006,4,26123.0
CES4000000001,"Trade, transportation, utilities",2006,5,26116.0
CES4000000001,"Trade, transportation, utilities",2006,6,26136.0
CES4000000001,"Trade, transportation, utilities",2006,7,26161.0
CES4000000001,"Trade, transportation, utilities",2006,8,26172.0
CES4000000001,"Trade, transportation, utilities",2006,9,26193.0
CES4000000001,"Trade, transportation, utilities",2006,10,26233.0
CES4000000001,"Trade, transportation, utilities",2006,11,26293.0
CES4000000001,"Trade, transportation, utilities",2006,12,26340.0
CES4000000001,"Trade, transportation, utilities",2007,1,26381.0
CES4000000001,"Trade, transportation, utilities",2007,2,26426.0
CES4000000001,"Trade, transportation, utilities",2007,3,26492.0
CES4000000001,"Trade, transportation, utilities",2007,4,26491.0
CES4000000001,"Trade, transportation, utilities",2007,5,26520.0
CES4000000001,"Trade, transportation, utilities",2007,6,26514.0
CES4000000001,"Trade, transportation, utilities",2007,7,26528.0
CES4000000001,"Trade, transportation, utilities",2007,8,26525.0
CES4000000001,"Trade, transportation, utilities",2007,9,26557.0
CES4000000001,"Trade, transportation, utilities",2007,10,26553.0
CES4000000001,"Trade, transportation, utilities",2007,11,26614.0
CES4000000001,"Trade, transportation, utilities",2007,12,26608.0
CES4000000001,"Trade, transportation, utilities",2008,1,26586.0
CES4000000001,"Trade, transportation, utilities",2008,2,26545.0
CES4000000001,"Trade, transportation, utilities",2008,3,26525.0
CES4000000001,"Trade, transportation, utilities",2008,4,26425.0
CES4000000001,"Trade, transportation, utilities",2008,5,26338.0
CES4000000001,"Trade, transportation, utilities",2008,6,26290.0
CES4000000001,"Trade, transportation, utilities",2008,7,26226.0
CES4000000001,"Trade, transportation, utilities",2008,8,26126.0
CES4000000001,"Trade, transportation, utilities",2008,9,26013.0
CES4000000001,"Trade, transportation, utilities",2008,10,25902.0
CES4000000001,"Trade, transportation, utilities",2008,11,25696.0
CES4000000001,"Trade, transportation, utilities",2008,12,25523.0
CES4000000001,"Trade, transportation, utilities",2009,1,25383.0
CES4000000001,"Trade, transportation, utilities",2009,2,25229.0
CES4000000001,"Trade, transportation, utilities",2009,3,25066.0
CES4000000001,"Trade, transportation, utilities",2009,4,24909.0
CES4000000001,"Trade, transportation, utilities",2009,5,24849.0
CES4000000001,"Trade, transportation, utilities",2009,6,24795.0
CES4000000001,"Trade, transportation, utilities",2009,7,24692.0
CES4000000001,"Trade, transportation, utilities",2009,8,24656.0
CES4000000001,"Trade, transportation, utilities",2009,9,24599.0
CES4000000001,"Trade, transportation, utilities",2009,10,24516.0
CES4000000001,"Trade, transportation, utilities",2009,11,24480.0
CES4000000001,"Trade, transportation, utilities",2009,12,24384.0
CES4000000001,"Trade, transportation, utilities",2010,1,24433.0
CES4000000001,"Trade, transportation, utilities",2010,2,24421.0
CES4000000001,"Trade, transportation, utilities",2010,3,24467.0
CES4000000001,"Trade, transportation, utilities",2010,4,24469.0
CES4000000001,"Trade, transportation, utilities",2010,5,24483.0
CES4000000001,"Trade, transportation, utilities",2010,6,24505.0
CES4000000001,"Trade, transportation, utilities",2010,7,24526.0
CES4000000001,"Trade, transportation, utilities",2010,8,24537.0
CES4000000001,"Trade, transportation, utilities",2010,9,24564.0
CES4000000001,"Trade, transportation, utilities",2010,10,24626.0
CES4000000001,"Trade, transportation, utilities",2010,11,24625.0
CES4000000001,"Trade, transportation, utilities",2010,12,24657.0
CES4000000001,"Trade, transportation, utilities",2011,1,24675.0
CES4000000001,"Trade, transportation, utilities",2011,2,24746.0
CES4000000001,"Trade, transportation, utilities",2011,3,24794.0
CES4000000001,"Trade, transportation, utilities",2011,4,24891.0
CES4000000001,"Trade, transportation, utilities",2011,5,24906.0
CES4000000001,"Trade, transportation, utilities",2011,6,24962.0
CES4000000001,"Trade, transportation, utilities",2011,7,25010.0
CES4000000001,"Trade, transportation, utilities",2011,8,25029.0
CES4000000001,"Trade, transportation, utilities",2011,9,25046.0
CES4000000001,"Trade, transportation, utilities",2011,10,25083.0
CES4000000001,"Trade, transportation, utilities",2011,11,25111.0
CES4000000001,"Trade, transportation, utilities",2011,12,25124.0
CES4000000001,"Trade, transportation, utilities",2012,1,25217.0
CES4000000001,"Trade, transportation, utilities",2012,2,25246.0
CES4000000001,"Trade, transportation, utilities",2012,3,25276.0
CES4000000001,"Trade, transportation, utilities",2012,4,25285.0
CES4000000001,"Trade, transportation, utilities",2012,5,25337.0
CES4000000001,"Trade, transportation, utilities",2012,6,25323.0
CES4000000001,"Trade, transportation, utilities",2012,7,25329.0
CES4000000001,"Trade, transportation, utilities",2012,8,25361.0
CES4000000001,"Trade, transportation, utilities",2012,9,25387.0
CES4000000001,"Trade, transportation, utilities",2012,10,25427.0
CES4000000001,"Trade, transportation, utilities",2012,11,25495.0
CES4000000001,"Trade, transportation, utilities",2012,12,25508.0
CES4000000001,"Trade, transportation, utilities",2013,1,25545.0
CES4000000001,"Trade, transportation, utilities",2013,2,25569.0
CES4000000001,"Trade, transportation, utilities",2013,3,25564.0
CES4000000001,"Trade, transportation, utilities",2013,4,25590.0
CES4000000001,"Trade, transportation, utilities",2013,5,25625.0
CES4000000001,"Trade, transportation, utilities",2013,6,25682.0
CES4000000001,"Trade, transportation, utilities",2013,7,25725.0
CES4000000001,"Trade, transportation, utilities",2013,8,25793.0
CES4000000001,"Trade, transportation, utilities",2013,9,25858.0
CES4000000001,"Trade, transportation, utilities",2013,10,25882.0
CES4000000001,"Trade, transportation, utilities",2013,11,25939.0
CES4000000001,"Trade, transportation, utilities",2013,12,26012.0
CES4000000001,"Trade, transportation, utilities",2014,1,26029.0
CES4000000001,"Trade, transportation, utilities",2014,2,26004.0
CES4000000001,"Trade, transportation, utilities",2014,3,26055.0
CES4000000001,"Trade, transportation, utilities",2014,4,26122.0
CES4000000001,"Trade, transportation, utilities",2014,5,26165.0
CES4000000001,"Trade, transportation, utilities",2014,6,26238.0
CES4000000001,"Trade, transportation, utilities",2014,7,26292.0
CES4000000001,"Trade, transportation, utilities",2014,8,26316.0
CES4000000001,"Trade, transportation, utilities",2014,9,26363.0
CES4000000001,"Trade, transportation, utilities",2014,10,26424.0
CES4000000001,"Trade, transportation, utilities",2014,11,26475.0
CES4000000001,"Trade, transportation, utilities",2014,12,26527.0
CES4000000001,"Trade, transportation, utilities",2015,1,26557.0
CES4000000001,"Trade, transportation, utilities",2015,2,26599.0
CES4000000001,"Trade, transportation, utilities",2015,3,26646.0
CES4000000001,"Trade, transportation, utilities",2015,4,26662.0
CES4000000001,"Trade, transportation, utilities",2015,5,26727.0
CES4000000001,"Trade, transportation, utilities",2015,6,26764.0
CES4000000001,"Trade, transportation, utilities",2015,7,26802.0
CES4000000001,"Trade, transportation, utilities",2015,8,26822.0
CES4000000001,"Trade, transportation, utilities",2015,9,26810.0
CES4000000001,"Trade, transportation, utilities",2015,10,26851.0
CES4000000001,"Trade, transportation, utilities",2015,11,26875.0
CES4000000001,"Trade, transportation, utilities",2015,12,26909.0
CES4000000001,"Trade, transportation, utilities",2016,1,26915.0
CES4000000001,"Trade, transportation, utilities",2016,2,26978.0
CES4000000001,"Trade, transportation, utilities",2016,3,27054.0
CES4000000001,"Trade, transportation, utilities",2016,4,27072.0
CES4000000001,"Trade, transportation, utilities",2016,5,27089.0
CES4000000001,"Trade, transportation, utilities",2016,6,27107.0
CES4000000001,"Trade, transportation, utilities",2016,7,27153.0
CES4000000001,"Trade, transportation, utilities",2016,8,27199.0
CES4000000001,"Trade, transportation, utilities",2016,9,27211.0
CES4000000001,"Trade, transportation, utilities",2016,10,27235.0
CES4000000001,"Trade, transportation, utilities",2016,11,27209.0
CES4000000001,"Trade, transportation, utilities",2016,12,27270.0
CES4000000001,"Trade, transportation, utilities",2017,1,27314.0
CES4000000001,"Trade, transportation, utilities",2017,2,27311.0
CES4000000001,"Trade, transportation, utilities",2017,3,27298.0
CES4000000001,"Trade, transportation, utilities",2017,4,27301.0
CES4000000001,"Trade, transportation, utilities",2017,5,27307.0
CES4000000001,"Trade, transportation, utilities",2017,6,27321.0
CES4000000001,"Trade, transportation, utilities",2017,7,27325.0
CES4000000001,"Trade, transportation, utilities",2017,8,27333.0
CES4000000001,"Trade, transportation, utilities",2017,9,27355.0
CES4000000001,"Trade, transportation, utilities",2017,10,27374.0
CES4000000001,"Trade, transportation, utilities",2017,11,27416.0
CES4000000001,"Trade, transportation, utilities",2017,12,27404.0
CES4000000001,"Trade, transportation, utilities",2018,1,27370.0
CES4000000001,"Trade, transportation, utilities",2018,2,27447.0
CES4000000001,"Trade, transportation, utilities",2018,3,27519.0
CES4000000001,"Trade, transportation, utilities",2018,4,27517.0
CES4000000001,"Trade, transportation, utilities",2018,5,27565.0
CES4000000001,"Trade, transportation, utilities",2018,6,27542.0
CES4000000001,"Trade, transportation, utilities",2018,7,27545.0
CES4000000001,"Trade, transportation, utilities",2018,8,27602.0
CES4000000001,"Trade, transportation, utilities",2018,9,27577.0
CES4000000001,"Trade, transportation, utilities",2018,10,27569.0
CES4000000001,"Trade, transportation, utilities",2018,11,27638.0
CES4000000001,"Trade, transportation, utilities",2018,12,27580.0
CES4000000001,"Trade, transportation, utilities",2019,1,27633.0
CES4000000001,"Trade, transportation, utilities",2019,2,27591.0
CES4000000001,"Trade, transportation, utilities",2019,3,27592.0
CES4000000001,"Trade, transportation, utilities",2019,4,27626.0
CES4000000001,"Trade, transportation, utilities",2019,5,27632.0
CES4000000001,"Trade, transportation, utilities",2019,6,27645.0
CES4000000001,"Trade, transportation, utilities",2019,7,27661.0
CES4000000001,"Trade, transportation, utilities",2019,8,27652.0
CES4000000001,"Trade, transportation, utilities",2019,9,27676.0
CES4000000001,"Trade, transportation, utilities",2019,10,27688.0
CES4000000001,"Trade, transportation, utilities",2019,11,27687.0
CES4000000001,"Trade, transportation, utilities",2019,12,27758.0
CES4000000001,"Trade, transportation, utilities",2020,1,27775.0
CES4000000001,"Trade, transportation, utilities",2020,2,27738.0
CES4000000001,"Trade, transportation, utilities",2020,3,27659.0
CES4000000001,"Trade, transportation, utilities",2020,4,24564.0
CES4000000001,"Trade, transportation, utilities",2020,5,24975.0
CES4000000001,"Trade, transportation, utilities",2020,6,25963.0
CES4000000001,"Trade, transportation, utilities",2020,7,26231.0
CES4000000001,"Trade, transportation, utilities",2020,8,26613.0
CES4000000001,"Trade, transportation, utilities",2020,9,26746.0
CES4000000001,"Trade, transportation, utilities",2020,10,26947.0
CES4000000001,"Trade, transportation, utilities",2020,11,27112.0
CES4000000001,"Trade, transportation, utilities",2020,12,27158.0
CES4000000001,"Trade, transportation, utilities",2021,1,27201.0
CES4000000001,"Trade, transportation, utilities",2021,2,27277.0
CES4000000001,"Trade, transportation, utilities",2021,3,27423.0
CES4000000001,"Trade, transportation, utilities",2021,4,27387.0
CES4000000001,"Trade, transportation, utilities",2021,5,27431.0
CES4000000001,"Trade, transportation, utilities",2021,6,27571.0
CES4000000001,"Trade, transportation, utilities",2021,7,27652.0
CES4000000001,"Trade, transportation, utilities",2021,8,27703.0
CES4000000001,"Trade, transportation, utilities",2021,9,27832.0
CES4000000001,"Trade, transportation, utilities",2021,10,27988.0
CES4000000001,"Trade, transportation, utilities",2021,11,28151.0
CES4000000001,"Trade, transportation, utilities",2021,12,28262.0
CES4000000001,"Trade, transportation, utilities",2022,1,28318.0
CES4000000001,"Trade, transportation, utilities",2022,2,28528.0
CES4000000001,"Trade, transportation, utilities",2022,3,28593.0
CES4000000001,"Trade, transportation, utilities",2022,4,28595.0
CES4000000001,"Trade, transportation, utilities",2022,5,28572.0
CES4000000001,"Trade, transportation, utilities",2022,6,28646.0
CES4000000001,"Trade, transportation, utilities",2022,7,28702.0
CES4000000001,"Trade, transportation, utilities",2022,8,28748.0
CES4000000001,"Trade, transportation, utilities",2022,9,28720.0
CES4000000001,"Trade, transportation, utilities",2022,10,28761.0
CES4000000001,"Trade, transportation, utilities",2022,11,28763.0
CES4000000001,"Trade, transportation, utilities",2022,12,28769.0
CES4000000001,"Trade, transportation, utilities",2023,1,28807.0
CES4000000001,"Trade, transportation, utilities",2023,2,28845.0
CES4000000001,"Trade, transportation, utilities",2023,3,28803.0
CES4000000001,"Trade, transportation, utilities",2023,4,28799.0
CES4000000001,"Trade, transportation, utilities",2023,5,28830.0
CES4000000001,"Trade, transportation, utilities",2023,6,28799.0
CES4000000001,"Trade, transportation, utilities",2023,7,28816.0
CES4000000001,"Trade, transportation, utilities",2023,8,28799.0
CES4000000001,"Trade, transportation, utilities",2023,9,28832.0
CES4000000001,"Trade, transportation, utilities",2023,10,28865.0
CES4000000001,"Trade, transportation, utilities",2023,11,28837.0
CES4000000001,"Trade, transportation, utilities",2023,12,28829.0
CES4000000001,"Trade, transportation, utilities",2024,1,28799.0
CES4000000001,"Trade, transportation, utilities",2024,2,28839.0
CES4000000001,"Trade, transportation, utilities",2024,3,28855.0
CES4000000001,"Trade, transportation, utilities",2024,4,28880.0
CES4000000001,"Trade, transportation, utilities",2024,5,28880.0
CES4000000001,"Trade, transportation, utilities",2024,6,28851.0
CES4000000001,"Trade, transportation, utilities",2024,7,28830.0
CES4000000001,"Trade, transportation, utilities",2024,8,28802.0
CES4000000001,"Trade, transportation, utilities",2024,9,28813.0
CES4000000001,"Trade, transportation, utilities",2024,10,28794.0
CES4000000001,"Trade, transportation, utilities",2024,11,28755.0
CES4000000001,"Trade, transportation, utilities",2024,12,28811.0
CES4000000001,"Trade, transportation, utilities",2025,1,28795.0
CES4000000001,"Trade, transportation, utilities",2025,2,28806.0
CES4000000001,"Trade, transportation, utilities",2025,3,28792.0
CES4000000001,"Trade, transportation, utilities",2025,4,28783.0
CES4000000001,"Trade, transportation, utilities",2025,5,28765.0
CES4000000001,"Trade, transportation, utilities",2025,6,28741.0
CES4000000001,"Trade, transportation, utilities",2025,7,28744.0
CES4000000001,"Trade, transportation, utilities",2025,8,28743.0
CES4000000001,"Trade, transportation, utilities",2025,9,28725.0
CES4000000001,"Trade, transportation, utilities",2025,10,28714.0
CES4000000001,"Trade, transportation, utilities",2025,11,28649.0
CES4000000001,"Trade, transportation, utilities",2025,12,28616.0
CES4142000001,Wholesale trade,1976,1,3838.5
CES4142000001,Wholesale trade,1976,2,3856.0
CES4142000001,Wholesale trade,1976,3,3865.5
CES4142000001,Wholesale trade,1976,4,3880.2
CES4142000001,Wholesale trade,1976,5,3888.5
CES4142000001,Wholesale trade,1976,6,3890.0
CES4142000001,Wholesale trade,1976,7,3895.7
CES4142000001,Wholesale trade,1976,8,3897.4
CES4142000001,Wholesale trade,1976,9,3910.1
CES4142000001,Wholesale trade,1976,10,3915.8
CES4142000001,Wholesale trade,1976,11,3921.3
CES4142000001,Wholesale trade,1976,12,3929.6
CES4142000001,Wholesale trade,1977,1,3943.3
CES4142000001,Wholesale trade,1977,2,3952.9
CES4142000001,Wholesale trade,1977,3,3969.3
CES4142000001,Wholesale trade,1977,4,3983.5
CES4142000001,Wholesale trade,1977,5,3997.4
CES4142000001,Wholesale trade,1977,6,4014.3
CES4142000001,Wholesale trade,1977,7,4032.3
CES4142000001,Wholesale trade,1977,8,4049.1
CES4142000001,Wholesale trade,1977,9,4065.4
CES4142000001,Wholesale trade,1977,10,4079.0
CES4142000001,Wholesale trade,1977,11,4097.5
CES4142000001,Wholesale trade,1977,12,4116.5
CES4142000001,Wholesale trade,1978,1,4130.2
CES4142000001,Wholesale trade,1978,2,4152.3
CES4142000001,Wholesale trade,1978,3,4172.7
CES4142000001,Wholesale trade,1978,4,4197.1
CES4142000001,Wholesale trade,1978,5,4220.8
CES4142000001,Wholesale trade,1978,6,4243.0
CES4142000001,Wholesale trade,1978,7,4257.7
CES4142000001,Wholesale trade,1978,8,4281.9
CES4142000001,Wholesale trade,1978,9,4296.1
CES4142000001,Wholesale trade,1978,10,4322.5
CES4142000001,Wholesale trade,1978,11,4343.3
CES4142000001,Wholesale trade,1978,12,4364.2
CES4142000001,Wholesale trade,1979,1,4384.8
CES4142000001,Wholesale trade,1979,2,4398.3
CES4142000001,Wholesale trade,1979,3,4415.3
CES4142000001,Wholesale trade,1979,4,4423.9
CES4142000001,Wholesale trade,1979,5,4440.5
CES4142000001,Wholesale trade,1979,6,4459.2
CES4142000001,Wholesale trade,1979,7,4467.6
CES4142000001,Wholesale trade,1979,8,4473.1
CES4142000001,Wholesale trade,1979,9,4475.1
CES4142000001,Wholesale trade,1979,10,4490.4
CES4142000001,Wholesale trade,1979,11,4505.8
CES4142000001,Wholesale trade,1979,12,4492.2
CES4142000001,Wholesale trade,1980,1,4513.2
CES4142000001,Wholesale trade,1980,2,4531.9
CES4142000001,Wholesale trade,1980,3,4535.5
CES4142000001,Wholesale trade,1980,4,4519.6
CES4142000001,Wholesale trade,1980,5,4510.9
CES4142000001,Wholesale trade,1980,6,4501.2
CES4142000001,Wholesale trade,1980,7,4498.0
CES4142000001,Wholesale trade,1980,8,4512.2
CES4142000001,Wholesale trade,1980,9,4525.2
CES4142000001,Wholesale trade,1980,10,4532.8
CES4142000001,Wholesale trade,1980,11,4543.6
CES4142000001,Wholesale trade,1980,12,4556.2
CES4142000001,Wholesale trade,1981,1,4563.6
CES4142000001,Wholesale trade,1981,2,4573.6
CES4142000001,Wholesale trade,1981,3,4579.9
CES4142000001,Wholesale trade,1981,4,4595.6
CES4142000001,Wholesale trade,1981,5,4599.7
CES4142000001,Wholesale trade,1981,6,4607.1
CES4142000001,Wholesale trade,1981,7,4612.2
CES4142000001,Wholesale trade,1981,8,4614.8
CES4142000001,Wholesale trade,1981,9,4611.7
CES4142000001,Wholesale trade,1981,10,4614.0
CES4142000001,Wholesale trade,1981,11,4612.3
CES4142000001,Wholesale trade,1981,12,4604.8
CES4142000001,Wholesale trade,1982,1,4594.7
CES4142000001,Wholesale trade,1982,2,4587.0
CES4142000001,Wholesale trade,1982,3,4583.5
CES4142000001,Wholesale trade,1982,4,4569.6
CES4142000001,Wholesale trade,1982,5,4566.0
CES4142000001,Wholesale trade,1982,6,4550.7
CES4142000001,Wholesale trade,1982,7,4538.7
CES4142000001,Wholesale trade,1982,8,4527.8
CES4142000001,Wholesale trade,1982,9,4510.2
CES4142000001,Wholesale trade,1982,10,4496.4
CES4142000001,Wholesale trade,1982,11,4484.9
CES4142000001,Wholesale trade,1982,12,4474.7
CES4142000001,Wholesale trade,1983,1,4469.2
CES4142000001,Wholesale trade,1983,2,4467.9
CES4142000001,Wholesale trade,1983,3,4464.7
CES4142000001,Wholesale trade,1983,4,4478.5
CES4142000001,Wholesale trade,1983,5,4491.5
CES4142000001,Wholesale trade,1983,6,4510.1
CES4142000001,Wholesale trade,1983,7,4521.3
CES4142000001,Wholesale trade,1983,8,4533.0
CES4142000001,Wholesale trade,1983,9,4560.1
CES4142000001,Wholesale trade,1983,10,4578.1
CES4142000001,Wholesale trade,1983,11,4601.1
CES4142000001,Wholesale trade,1983,12,4624.0
CES4142000001,Wholesale trade,1984,1,4652.0
CES4142000001,Wholesale trade,1984,2,4679.7
CES4142000001,Wholesale trade,1984,3,4696.0
CES4142000001,Wholesale trade,1984,4,4715.0
CES4142000001,Wholesale trade,1984,5,4727.7
CES4142000001,Wholesale trade,1984,6,4743.1
CES4142000001,Wholesale trade,1984,7,4767.2
CES4142000001,Wholesale trade,1984,8,4781.8
CES4142000001,Wholesale trade,1984,9,4798.8
CES4142000001,Wholesale trade,1984,10,4811.9
CES4142000001,Wholesale trade,1984,11,4822.4
CES4142000001,Wholesale trade,1984,12,4834.8
CES4142000001,Wholesale trade,1985,1,4846.5
CES4142000001,Wholesale trade,1985,2,4847.4
CES4142000001,Wholesale trade,1985,3,4862.8
CES4142000001,Wholesale trade,1985,4,4865.7
CES4142000001,Wholesale trade,1985,5,4872.3
CES4142000001,Wholesale trade,1985,6,4878.2
CES4142000001,Wholesale trade,1985,7,4877.6
CES4142000001,Wholesale trade,1985,8,4888.7
CES4142000001,Wholesale trade,1985,9,4892.6
CES4142000001,Wholesale trade,1985,10,4900.0
CES4142000001,Wholesale trade,1985,11,4903.7
CES4142000001,Wholesale trade,1985,12,4904.2
CES4142000001,Wholesale trade,1986,1,4898.7
CES4142000001,Wholesale trade,1986,2,4896.7
CES4142000001,Wholesale trade,1986,3,4887.1
CES4142000001,Wholesale trade,1986,4,4897.9
CES4142000001,Wholesale trade,1986,5,4903.0
CES4142000001,Wholesale trade,1986,6,4872.1
CES4142000001,Wholesale trade,1986,7,4911.5
CES4142000001,Wholesale trade,1986,8,4902.6
CES4142000001,Wholesale trade,1986,9,4901.9
CES4142000001,Wholesale trade,1986,10,4901.0
CES4142000001,Wholesale trade,1986,11,4903.3
CES4142000001,Wholesale trade,1986,12,4907.4
CES4142000001,Wholesale trade,1987,1,4917.8
CES4142000001,Wholesale trade,1987,2,4929.0
CES4142000001,Wholesale trade,1987,3,4933.4
CES4142000001,Wholesale trade,1987,4,4945.0
CES4142000001,Wholesale trade,1987,5,4948.6
CES4142000001,Wholesale trade,1987,6,4953.2
CES4142000001,Wholesale trade,1987,7,4962.4
CES4142000001,Wholesale trade,1987,8,4975.7
CES4142000001,Wholesale trade,1987,9,4987.0
CES4142000001,Wholesale trade,1987,10,5001.2
CES4142000001,Wholesale trade,1987,11,5011.8
CES4142000001,Wholesale trade,1987,12,5027.0
CES4142000001,Wholesale trade,1988,1,5020.6
CES4142000001,Wholesale trade,1988,2,5044.1
CES4142000001,Wholesale trade,1988,3,5061.6
CES4142000001,Wholesale trade,1988,4,5078.4
CES4142000001,Wholesale trade,1988,5,5094.5
CES4142000001,Wholesale trade,1988,6,5115.4
CES4142000001,Wholesale trade,1988,7,5128.4
CES4142000001,Wholesale trade,1988,8,5140.1
CES4142000001,Wholesale trade,1988,9,5153.1
CES4142000001,Wholesale trade,1988,10,5166.1
CES4142000001,Wholesale trade,1988,11,5177.1
CES4142000001,Wholesale trade,1988,12,5195.3
CES4142000001,Wholesale trade,1989,1,5219.0
CES4142000001,Wholesale trade,1989,2,5239.3
CES4142000001,Wholesale trade,1989,3,5260.1
CES4142000001,Wholesale trade,1989,4,5252.5
CES4142000001,Wholesale trade,1989,5,5251.9
CES4142000001,Wholesale trade,1989,6,5246.8
CES4142000001,Wholesale trade,1989,7,5246.4
CES4142000001,Wholesale trade,1989,8,5254.0
CES4142000001,Wholesale trade,1989,9,5240.6
CES4142000001,Wholesale trade,1989,10,5239.2
CES4142000001,Wholesale trade,1989,11,5241.0
CES4142000001,Wholesale trade,1989,12,5239.1
CES4142000001,Wholesale trade,1990,1,5249.7
CES4142000001,Wholesale trade,1990,2,5239.8
CES4142000001,Wholesale trade,1990,3,5233.3
CES4142000001,Wholesale trade,1990,4,5235.4
CES4142000001,Wholesale trade,1990,5,5229.6
CES4142000001,Wholesale trade,1990,6,5236.4
CES4142000001,Wholesale trade,1990,7,5235.1
CES4142000001,Wholesale trade,1990,8,5238.1
CES4142000001,Wholesale trade,1990,9,5228.2
CES4142000001,Wholesale trade,1990,10,5216.9
CES4142000001,Wholesale trade,1990,11,5209.5
CES4142000001,Wholesale trade,1990,12,5206.7
CES4142000001,Wholesale trade,1991,1,5186.0
CES4142000001,Wholesale trade,1991,2,5170.9
CES4142000001,Wholesale trade,1991,3,5161.7
CES4142000001,Wholesale trade,1991,4,5154.5
CES4142000001,Wholesale trade,1991,5,5148.2
CES4142000001,Wholesale trade,1991,6,5146.0
CES4142000001,Wholesale trade,1991,7,5144.2
CES4142000001,Wholesale trade,1991,8,5139.3
CES4142000001,Wholesale trade,1991,9,5138.8
CES4142000001,Wholesale trade,1991,10,5133.0
CES4142000001,Wholesale trade,1991,11,5128.9
CES4142000001,Wholesale trade,1991,12,5125.7
CES4142000001,Wholesale trade,1992,1,5114.1
CES4142000001,Wholesale trade,1992,2,5111.1
CES4142000001,Wholesale trade,1992,3,5108.4
CES4142000001,Wholesale trade,1992,4,5096.8
CES4142000001,Wholesale trade,1992,5,5086.0
CES4142000001,Wholesale trade,1992,6,5078.8
CES4142000001,Wholesale trade,1992,7,5060.1
CES4142000001,Wholesale trade,1992,8,5051.7
CES4142000001,Wholesale trade,1992,9,5041.5
CES4142000001,Wholesale trade,1992,10,5042.5
CES4142000001,Wholesale trade,1992,11,5039.7
CES4142000001,Wholesale trade,1992,12,5030.9
CES4142000001,Wholesale trade,1993,1,5033.9
CES4142000001,Wholesale trade,1993,2,5030.9
CES4142000001,Wholesale trade,1993,3,5026.7
CES4142000001,Wholesale trade,1993,4,5033.1
CES4142000001,Wholesale trade,1993,5,5044.8
CES4142000001,Wholesale trade,1993,6,5046.3
CES4142000001,Wholesale trade,1993,7,5059.7
CES4142000001,Wholesale trade,1993,8,5055.3
CES4142000001,Wholesale trade,1993,9,5070.0
CES4142000001,Wholesale trade,1993,10,5078.6
CES4142000001,Wholesale trade,1993,11,5088.0
CES4142000001,Wholesale trade,1993,12,5102.6
CES4142000001,Wholesale trade,1994,1,5116.3
CES4142000001,Wholesale trade,1994,2,5127.3
CES4142000001,Wholesale trade,1994,3,5143.6
CES4142000001,Wholesale trade,1994,4,5160.9
CES4142000001,Wholesale trade,1994,5,5177.9
CES4142000001,Wholesale trade,1994,6,5195.1
CES4142000001,Wholesale trade,1994,7,5209.1
CES4142000001,Wholesale trade,1994,8,5236.7
CES4142000001,Wholesale trade,1994,9,5256.3
CES4142000001,Wholesale trade,1994,10,5274.3
CES4142000001,Wholesale trade,1994,11,5290.7
CES4142000001,Wholesale trade,1994,12,5310.0
CES4142000001,Wholesale trade,1995,1,5333.3
CES4142000001,Wholesale trade,1995,2,5357.4
CES4142000001,Wholesale trade,1995,3,5370.8
CES4142000001,Wholesale trade,1995,4,5378.4
CES4142000001,Wholesale trade,1995,5,5381.0
CES4142000001,Wholesale trade,1995,6,5400.5
CES4142000001,Wholesale trade,1995,7,5404.8
CES4142000001,Wholesale trade,1995,8,5407.6
CES4142000001,Wholesale trade,1995,9,5413.4
CES4142000001,Wholesale trade,1995,10,5415.7
CES4142000001,Wholesale trade,1995,11,5422.1
CES4142000001,Wholesale trade,1995,12,5427.8
CES4142000001,Wholesale trade,1996,1,5429.3
CES4142000001,Wholesale trade,1996,2,5432.2
CES4142000001,Wholesale trade,1996,3,5439.4
CES4142000001,Wholesale trade,1996,4,5447.2
CES4142000001,Wholesale trade,1996,5,5460.1
CES4142000001,Wholesale trade,1996,6,5475.3
CES4142000001,Wholesale trade,1996,7,5480.1
CES4142000001,Wholesale trade,1996,8,5496.1
CES4142000001,Wholesale trade,1996,9,5509.1
CES4142000001,Wholesale trade,1996,10,5528.3
CES4142000001,Wholesale trade,1996,11,5538.0
CES4142000001,Wholesale trade,1996,12,5541.6
CES4142000001,Wholesale trade,1997,1,5544.7
CES4142000001,Wholesale trade,1997,2,5562.0
CES4142000001,Wholesale trade,1997,3,5576.7
CES4142000001,Wholesale trade,1997,4,5590.6
CES4142000001,Wholesale trade,1997,5,5601.6
CES4142000001,Wholesale trade,1997,6,5613.7
CES4142000001,Wholesale trade,1997,7,5632.6
CES4142000001,Wholesale trade,1997,8,5643.5
CES4142000001,Wholesale trade,1997,9,5650.8
CES4142000001,Wholesale trade,1997,10,5671.3
CES4142000001,Wholesale trade,1997,11,5679.2
CES4142000001,Wholesale trade,1997,12,5688.6
CES4142000001,Wholesale trade,1998,1,5710.6
CES4142000001,Wholesale trade,1998,2,5719.5
CES4142000001,Wholesale trade,1998,3,5730.8
CES4142000001,Wholesale trade,1998,4,5739.2
CES4142000001,Wholesale trade,1998,5,5750.3
CES4142000001,Wholesale trade,1998,6,5754.3
CES4142000001,Wholesale trade,1998,7,5753.2
CES4142000001,Wholesale trade,1998,8,5758.4
CES4142000001,Wholesale trade,1998,9,5766.1
CES4142000001,Wholesale trade,1998,10,5766.1
CES4142000001,Wholesale trade,1998,11,5774.8
CES4142000001,Wholesale trade,1998,12,5790.4
CES4142000001,Wholesale trade,1999,1,5787.4
CES4142000001,Wholesale trade,1999,2,5810.6
CES4142000001,Wholesale trade,1999,3,5815.7
CES4142000001,Wholesale trade,1999,4,5823.1
CES4142000001,Wholesale trade,1999,5,5829.5
CES4142000001,Wholesale trade,1999,6,5837.5
CES4142000001,Wholesale trade,1999,7,5851.0
CES4142000001,Wholesale trade,1999,8,5864.7
CES4142000001,Wholesale trade,1999,9,5873.6
CES4142000001,Wholesale trade,1999,10,5881.0
CES4142000001,Wholesale trade,1999,11,5894.2
CES4142000001,Wholesale trade,1999,12,5904.7
CES4142000001,Wholesale trade,2000,1,5908.1
CES4142000001,Wholesale trade,2000,2,5909.7
CES4142000001,Wholesale trade,2000,3,5925.7
CES4142000001,Wholesale trade,2000,4,5913.5
CES4142000001,Wholesale trade,2000,5,5902.5
CES4142000001,Wholesale trade,2000,6,5905.5
CES4142000001,Wholesale trade,2000,7,5890.7
CES4142000001,Wholesale trade,2000,8,5879.7
CES4142000001,Wholesale trade,2000,9,5864.5
CES4142000001,Wholesale trade,2000,10,5864.3
CES4142000001,Wholesale trade,2000,11,5859.1
CES4142000001,Wholesale trade,2000,12,5836.8
CES4142000001,Wholesale trade,2001,1,5815.5
CES4142000001,Wholesale trade,2001,2,5797.5
CES4142000001,Wholesale trade,2001,3,5778.1
CES4142000001,Wholesale trade,2001,4,5761.4
CES4142000001,Wholesale trade,2001,5,5746.8
CES4142000001,Wholesale trade,2001,6,5729.0
CES4142000001,Wholesale trade,2001,7,5716.3
CES4142000001,Wholesale trade,2001,8,5709.8
CES4142000001,Wholesale trade,2001,9,5694.6
CES4142000001,Wholesale trade,2001,10,5682.8
CES4142000001,Wholesale trade,2001,11,5664.0
CES4142000001,Wholesale trade,2001,12,5645.4
CES4142000001,Wholesale trade,2002,1,5641.2
CES4142000001,Wholesale trade,2002,2,5626.0
CES4142000001,Wholesale trade,2002,3,5618.6
CES4142000001,Wholesale trade,2002,4,5607.3
CES4142000001,Wholesale trade,2002,5,5606.4
CES4142000001,Wholesale trade,2002,6,5610.0
CES4142000001,Wholesale trade,2002,7,5607.9
CES4142000001,Wholesale trade,2002,8,5598.0
CES4142000001,Wholesale trade,2002,9,5598.5
CES4142000001,Wholesale trade,2002,10,5596.1
CES4142000001,Wholesale trade,2002,11,5581.5
CES4142000001,Wholesale trade,2002,12,5584.1
CES4142000001,Wholesale trade,2003,1,5574.1
CES4142000001,Wholesale trade,2003,2,5581.7
CES4142000001,Wholesale trade,2003,3,5577.5
CES4142000001,Wholesale trade,2003,4,5572.3
CES4142000001,Wholesale trade,2003,5,5566.1
CES4142000001,Wholesale trade,2003,6,5555.1
CES4142000001,Wholesale trade,2003,7,5546.8
CES4142000001,Wholesale trade,2003,8,5539.6
CES4142000001,Wholesale trade,2003,9,5537.8
CES4142000001,Wholesale trade,2003,10,5537.2
CES4142000001,Wholesale trade,2003,11,5538.5
CES4142000001,Wholesale trade,2003,12,5549.8
CES4142000001,Wholesale trade,2004,1,5562.4
CES4142000001,Wholesale trade,2004,2,5568.7
CES4142000001,Wholesale trade,2004,3,5575.7
CES4142000001,Wholesale trade,2004,4,5596.7
CES4142000001,Wholesale trade,2004,5,5598.5
CES4142000001,Wholesale trade,2004,6,5602.3
CES4142000001,Wholesale trade,2004,7,5610.4
CES4142000001,Wholesale trade,2004,8,5618.5
CES4142000001,Wholesale trade,2004,9,5631.7
CES4142000001,Wholesale trade,2004,10,5635.2
CES4142000001,Wholesale trade,2004,11,5637.2
CES4142000001,Wholesale trade,2004,12,5651.3
CES4142000001,Wholesale trade,2005,1,5645.5
CES4142000001,Wholesale trade,2005,2,5658.6
CES4142000001,Wholesale trade,2005,3,5669.2
CES4142000001,Wholesale trade,2005,4,5681.1
CES4142000001,Wholesale trade,2005,5,5692.7
CES4142000001,Wholesale trade,2005,6,5703.2
CES4142000001,Wholesale trade,2005,7,5712.6
CES4142000001,Wholesale trade,2005,8,5722.6
CES4142000001,Wholesale trade,2005,9,5728.0
CES4142000001,Wholesale trade,2005,10,5736.0
CES4142000001,Wholesale trade,2005,11,5748.6
CES4142000001,Wholesale trade,2005,12,5761.0
CES4142000001,Wholesale trade,2006,1,5780.5
CES4142000001,Wholesale trade,2006,2,5796.5
CES4142000001,Wholesale trade,2006,3,5811.9
CES4142000001,Wholesale trade,2006,4,5823.7
CES4142000001,Wholesale trade,2006,5,5835.8
CES4142000001,Wholesale trade,2006,6,5839.9
CES4142000001,Wholesale trade,2006,7,5848.1
CES4142000001,Wholesale trade,2006,8,5856.3
CES4142000001,Wholesale trade,2006,9,5864.7
CES4142000001,Wholesale trade,2006,10,5863.1
CES4142000001,Wholesale trade,2006,11,5875.0
CES4142000001,Wholesale trade,2006,12,5899.9
CES4142000001,Wholesale trade,2007,1,5903.4
CES4142000001,Wholesale trade,2007,2,5918.0
CES4142000001,Wholesale trade,2007,3,5921.5
CES4142000001,Wholesale trade,2007,4,5937.2
CES4142000001,Wholesale trade,2007,5,5945.0
CES4142000001,Wholesale trade,2007,6,5956.1
CES4142000001,Wholesale trade,2007,7,5962.2
CES4142000001,Wholesale trade,2007,8,5961.4
CES4142000001,Wholesale trade,2007,9,5962.7
CES4142000001,Wholesale trade,2007,10,5970.0
CES4142000001,Wholesale trade,2007,11,5970.6
CES4142000001,Wholesale trade,2007,12,5970.4
CES4142000001,Wholesale trade,2008,1,5966.3
CES4142000001,Wholesale trade,2008,2,5956.2
CES4142000001,Wholesale trade,2008,3,5946.2
CES4142000001,Wholesale trade,2008,4,5925.0
CES4142000001,Wholesale trade,2008,5,5912.1
CES4142000001,Wholesale trade,2008,6,5899.7
CES4142000001,Wholesale trade,2008,7,5878.3
CES4142000001,Wholesale trade,2008,8,5857.3
CES4142000001,Wholesale trade,2008,9,5845.8
CES4142000001,Wholesale trade,2008,10,5808.3
CES4142000001,Wholesale trade,2008,11,5770.7
CES4142000001,Wholesale trade,2008,12,5730.1
CES4142000001,Wholesale trade,2009,1,5697.3
CES4142000001,Wholesale trade,2009,2,5650.1
CES4142000001,Wholesale trade,2009,3,5607.8
CES4142000001,Wholesale trade,2009,4,5562.4
CES4142000001,Wholesale trade,2009,5,5536.4
CES4142000001,Wholesale trade,2009,6,5512.6
CES4142000001,Wholesale trade,2009,7,5488.0
CES4142000001,Wholesale trade,2009,8,5470.9
CES4142000001,Wholesale trade,2009,9,5454.3
CES4142000001,Wholesale trade,2009,10,5434.6
CES4142000001,Wholesale trade,2009,11,5424.0
CES4142000001,Wholesale trade,2009,12,5410.2
CES4142000001,Wholesale trade,2010,1,5389.2
CES4142000001,Wholesale trade,2010,2,5379.1
CES4142000001,Wholesale trade,2010,3,5379.1
CES4142000001,Wholesale trade,2010,4,5379.6
CES4142000001,Wholesale trade,2010,5,5374.5
CES4142000001,Wholesale trade,2010,6,5377.8
CES4142000001,Wholesale trade,2010,7,5380.4
CES4142000001,Wholesale trade,2010,8,5382.5
CES4142000001,Wholesale trade,2010,9,5388.0
CES4142000001,Wholesale trade,2010,10,5396.4
CES4142000001,Wholesale trade,2010,11,5402.0
CES4142000001,Wholesale trade,2010,12,5409.5
CES4142000001,Wholesale trade,2011,1,5415.1
CES4142000001,Wholesale trade,2011,2,5426.8
CES4142000001,Wholesale trade,2011,3,5444.6
CES4142000001,Wholesale trade,2011,4,5457.6
CES4142000001,Wholesale trade,2011,5,5462.7
CES4142000001,Wholesale trade,2011,6,5470.1
CES4142000001,Wholesale trade,2011,7,5478.3
CES4142000001,Wholesale trade,2011,8,5488.4
CES4142000001,Wholesale trade,2011,9,5491.4
CES4142000001,Wholesale trade,2011,10,5508.4
CES4142000001,Wholesale trade,2011,11,5515.4
CES4142000001,Wholesale trade,2011,12,5536.4
CES4142000001,Wholesale trade,2012,1,5550.5
CES4142000001,Wholesale trade,2012,2,5560.9
CES4142000001,Wholesale trade,2012,3,5568.5
CES4142000001,Wholesale trade,2012,4,5582.5
CES4142000001,Wholesale trade,2012,5,5594.1
CES4142000001,Wholesale trade,2012,6,5599.0
CES4142000001,Wholesale trade,2012,7,5609.3
CES4142000001,Wholesale trade,2012,8,5610.1
CES4142000001,Wholesale trade,2012,9,5605.2
CES4142000001,Wholesale trade,2012,10,5619.0
CES4142000001,Wholesale trade,2012,11,5621.6
CES4142000001,Wholesale trade,2012,12,5628.3
CES4142000001,Wholesale trade,2013,1,5640.0
CES4142000001,Wholesale trade,2013,2,5640.8
CES4142000001,Wholesale trade,2013,3,5644.4
CES4142000001,Wholesale trade,2013,4,5644.4
CES4142000001,Wholesale trade,2013,5,5651.1
CES4142000001,Wholesale trade,2013,6,5654.7
CES4142000001,Wholesale trade,2013,7,5662.6
CES4142000001,Wholesale trade,2013,8,5670.2
CES4142000001,Wholesale trade,2013,9,5680.7
CES4142000001,Wholesale trade,2013,10,5672.2
CES4142000001,Wholesale trade,2013,11,5682.4
CES4142000001,Wholesale trade,2013,12,5689.8
CES4142000001,Wholesale trade,2014,1,5703.1
CES4142000001,Wholesale trade,2014,2,5708.1
CES4142000001,Wholesale trade,2014,3,5713.6
CES4142000001,Wholesale trade,2014,4,5729.3
CES4142000001,Wholesale trade,2014,5,5735.0
CES4142000001,Wholesale trade,2014,6,5747.5
CES4142000001,Wholesale trade,2014,7,5749.8
CES4142000001,Wholesale trade,2014,8,5748.5
CES4142000001,Wholesale trade,2014,9,5753.4
CES4142000001,Wholesale trade,2014,10,5756.6
CES4142000001,Wholesale trade,2014,11,5760.2
CES4142000001,Wholesale trade,2014,12,5768.3
CES4142000001,Wholesale trade,2015,1,5770.9
CES4142000001,Wholesale trade,2015,2,5780.2
CES4142000001,Wholesale trade,2015,3,5783.0
CES4142000001,Wholesale trade,2015,4,5778.7
CES4142000001,Wholesale trade,2015,5,5784.9
CES4142000001,Wholesale trade,2015,6,5785.7
CES4142000001,Wholesale trade,2015,7,5784.1
CES4142000001,Wholesale trade,2015,8,5785.2
CES4142000001,Wholesale trade,2015,9,5775.2
CES4142000001,Wholesale trade,2015,10,5776.3
CES4142000001,Wholesale trade,2015,11,5778.6
CES4142000001,Wholesale trade,2015,12,5775.9
CES4142000001,Wholesale trade,2016,1,5779.7
CES4142000001,Wholesale trade,2016,2,5775.4
CES4142000001,Wholesale trade,2016,3,5779.9
CES4142000001,Wholesale trade,2016,4,5784.3
CES4142000001,Wholesale trade,2016,5,5781.9
CES4142000001,Wholesale trade,2016,6,5777.1
CES4142000001,Wholesale trade,2016,7,5781.5
CES4142000001,Wholesale trade,2016,8,5784.1
CES4142000001,Wholesale trade,2016,9,5794.5
CES4142000001,Wholesale trade,2016,10,5799.7
CES4142000001,Wholesale trade,2016,11,5801.1
CES4142000001,Wholesale trade,2016,12,5797.1
CES4142000001,Wholesale trade,2017,1,5802.5
CES4142000001,Wholesale trade,2017,2,5804.9
CES4142000001,Wholesale trade,2017,3,5807.6
CES4142000001,Wholesale trade,2017,4,5809.9
CES4142000001,Wholesale trade,2017,5,5805.6
CES4142000001,Wholesale trade,2017,6,5810.5
CES4142000001,Wholesale trade,2017,7,5815.0
CES4142000001,Wholesale trade,2017,8,5816.2
CES4142000001,Wholesale trade,2017,9,5814.2
CES4142000001,Wholesale trade,2017,10,5823.0
CES4142000001,Wholesale trade,2017,11,5822.0
CES4142000001,Wholesale trade,2017,12,5825.8
CES4142000001,Wholesale trade,2018,1,5820.8
CES4142000001,Wholesale trade,2018,2,5823.3
CES4142000001,Wholesale trade,2018,3,5838.6
CES4142000001,Wholesale trade,2018,4,5816.3
CES4142000001,Wholesale trade,2018,5,5819.2
CES4142000001,Wholesale trade,2018,6,5822.8
CES4142000001,Wholesale trade,2018,7,5837.4
CES4142000001,Wholesale trade,2018,8,5857.6
CES4142000001,Wholesale trade,2018,9,5852.8
CES4142000001,Wholesale trade,2018,10,5858.7
CES4142000001,Wholesale trade,2018,11,5864.4
CES4142000001,Wholesale trade,2018,12,5871.4
CES4142000001,Wholesale trade,2019,1,5877.0
CES4142000001,Wholesale trade,2019,2,5882.6
CES4142000001,Wholesale trade,2019,3,5882.3
CES4142000001,Wholesale trade,2019,4,5889.2
CES4142000001,Wholesale trade,2019,5,5889.6
CES4142000001,Wholesale trade,2019,6,5885.8
CES4142000001,Wholesale trade,2019,7,5889.5
CES4142000001,Wholesale trade,2019,8,5889.7
CES4142000001,Wholesale trade,2019,9,5890.8
CES4142000001,Wholesale trade,2019,10,5896.0
CES4142000001,Wholesale trade,2019,11,5893.0
CES4142000001,Wholesale trade,2019,12,5898.4
CES4142000001,Wholesale trade,2020,1,5896.2
CES4142000001,Wholesale trade,2020,2,5893.4
CES4142000001,Wholesale trade,2020,3,5876.1
CES4142000001,Wholesale trade,2020,4,5485.6
CES4142000001,Wholesale trade,2020,5,5500.2
CES4142000001,Wholesale trade,2020,6,5541.2
CES4142000001,Wholesale trade,2020,7,5522.2
CES4142000001,Wholesale trade,2020,8,5539.3
CES4142000001,Wholesale trade,2020,9,5565.6
CES4142000001,Wholesale trade,2020,10,5577.2
CES4142000001,Wholesale trade,2020,11,5590.3
CES4142000001,Wholesale trade,2020,12,5599.1
CES4142000001,Wholesale trade,2021,1,5607.3
CES4142000001,Wholesale trade,2021,2,5618.8
CES4142000001,Wholesale trade,2021,3,5633.7
CES4142000001,Wholesale trade,2021,4,5651.4
CES4142000001,Wholesale trade,2021,5,5672.0
CES4142000001,Wholesale trade,2021,6,5699.9
CES4142000001,Wholesale trade,2021,7,5723.3
CES4142000001,Wholesale trade,2021,8,5744.0
CES4142000001,Wholesale trade,2021,9,5758.5
CES4142000001,Wholesale trade,2021,10,5773.9
CES4142000001,Wholesale trade,2021,11,5800.1
CES4142000001,Wholesale trade,2021,12,5828.1
CES4142000001,Wholesale trade,2022,1,5851.6
CES4142000001,Wholesale trade,2022,2,5876.5
CES4142000001,Wholesale trade,2022,3,5913.7
CES4142000001,Wholesale trade,2022,4,5945.3
CES4142000001,Wholesale trade,2022,5,5970.7
CES4142000001,Wholesale trade,2022,6,5987.6
CES4142000001,Wholesale trade,2022,7,6002.2
CES4142000001,Wholesale trade,2022,8,6025.3
CES4142000001,Wholesale trade,2022,9,6031.0
CES4142000001,Wholesale trade,2022,10,6043.4
CES4142000001,Wholesale trade,2022,11,6049.4
CES4142000001,Wholesale trade,2022,12,6059.8
CES4142000001,Wholesale trade,2023,1,6073.4
CES4142000001,Wholesale trade,2023,2,6089.7
CES4142000001,Wholesale trade,2023,3,6094.4
CES4142000001,Wholesale trade,2023,4,6091.5
CES4142000001,Wholesale trade,2023,5,6098.5
CES4142000001,Wholesale trade,2023,6,6101.0
CES4142000001,Wholesale trade,2023,7,6112.5
CES4142000001,Wholesale trade,2023,8,6116.7
CES4142000001,Wholesale trade,2023,9,6125.9
CES4142000001,Wholesale trade,2023,10,6127.4
CES4142000001,Wholesale trade,2023,11,6132.3
CES4142000001,Wholesale trade,2023,12,6132.8
CES4142000001,Wholesale trade,2024,1,6126.0
CES4142000001,Wholesale trade,2024,2,6120.5
CES4142000001,Wholesale trade,2024,3,6127.2
CES4142000001,Wholesale trade,2024,4,6127.5
CES4142000001,Wholesale trade,2024,5,6109.1
CES4142000001,Wholesale trade,2024,6,6111.9
CES4142000001,Wholesale trade,2024,7,6110.4
CES4142000001,Wholesale trade,2024,8,6106.2
CES4142000001,Wholesale trade,2024,9,6099.4
CES4142000001,Wholesale trade,2024,10,6094.8
CES4142000001,Wholesale trade,2024,11,6089.5
CES4142000001,Wholesale trade,2024,12,6092.1
CES4142000001,Wholesale trade,2025,1,6073.3
CES4142000001,Wholesale trade,2025,2,6075.9
CES4142000001,Wholesale trade,2025,3,6062.0
CES4142000001,Wholesale trade,2025,4,6066.9
CES4142000001,Wholesale trade,2025,5,6067.7
CES4142000001,Wholesale trade,2025,6,6057.3
CES4142000001,Wholesale trade,2025,7,6051.6
CES4142000001,Wholesale trade,2025,8,6043.0
CES4142000001,Wholesale trade,2025,9,6051.8
CES4142000001,Wholesale trade,2025,10,6054.6
CES4142000001,Wholesale trade,2025,11,6048.2
CES4142000001,Wholesale trade,2025,12,6042.5
CES4200000001,Retail trade,1976,1,8808.6
CES4200000001,Retail trade,1976,2,8871.8
CES4200000001,Retail trade,1976,3,8884.4
CES4200000001,Retail trade,1976,4,8937.2
CES4200000001,Retail trade,1976,5,8959.9
CES4200000001,Retail trade,1976,6,8955.9
CES4200000001,Retail trade,1976,7,8983.1
CES4200000001,Retail trade,1976,8,9017.0
CES4200000001,Retail trade,1976,9,9039.2
CES4200000001,Retail trade,1976,10,9049.3
CES4200000001,Retail trade,1976,11,9059.4
CES4200000001,Retail trade,1976,12,9079.3
CES4200000001,Retail trade,1977,1,9133.8
CES4200000001,Retail trade,1977,2,9163.5
CES4200000001,Retail trade,1977,3,9221.3
CES4200000001,Retail trade,1977,4,9257.3
CES4200000001,Retail trade,1977,5,9302.6
CES4200000001,Retail trade,1977,6,9347.5
CES4200000001,Retail trade,1977,7,9376.6
CES4200000001,Retail trade,1977,8,9416.7
CES4200000001,Retail trade,1977,9,9462.8
CES4200000001,Retail trade,1977,10,9503.2
CES4200000001,Retail trade,1977,11,9557.9
CES4200000001,Retail trade,1977,12,9611.8
CES4200000001,Retail trade,1978,1,9644.5
CES4200000001,Retail trade,1978,2,9673.8
CES4200000001,Retail trade,1978,3,9716.6
CES4200000001,Retail trade,1978,4,9769.8
CES4200000001,Retail trade,1978,5,9830.1
CES4200000001,Retail trade,1978,6,9889.6
CES4200000001,Retail trade,1978,7,9930.5
CES4200000001,Retail trade,1978,8,9954.8
CES4200000001,Retail trade,1978,9,9983.0
CES4200000001,Retail trade,1978,10,10024.1
CES4200000001,Retail trade,1978,11,10069.7
CES4200000001,Retail trade,1978,12,10094.7
CES4200000001,Retail trade,1979,1,10124.5
CES4200000001,Retail trade,1979,2,10146.9
CES4200000001,Retail trade,1979,3,10176.2
CES4200000001,Retail trade,1979,4,10183.4
CES4200000001,Retail trade,1979,5,10178.4
CES4200000001,Retail trade,1979,6,10169.7
CES4200000001,Retail trade,1979,7,10136.3
CES4200000001,Retail trade,1979,8,10141.3
CES4200000001,Retail trade,1979,9,10174.7
CES4200000001,Retail trade,1979,10,10229.6
CES4200000001,Retail trade,1979,11,10270.0
CES4200000001,Retail trade,1979,12,10271.9
CES4200000001,Retail trade,1980,1,10273.9
CES4200000001,Retail trade,1980,2,10297.9
CES4200000001,Retail trade,1980,3,10303.5
CES4200000001,Retail trade,1980,4,10240.4
CES4200000001,Retail trade,1980,5,10224.1
CES4200000001,Retail trade,1980,6,10209.8
CES4200000001,Retail trade,1980,7,10199.6
CES4200000001,Retail trade,1980,8,10218.6
CES4200000001,Retail trade,1980,9,10231.3
CES4200000001,Retail trade,1980,10,10238.5
CES4200000001,Retail trade,1980,11,10257.4
CES4200000001,Retail trade,1980,12,10277.1
CES4200000001,Retail trade,1981,1,10294.6
CES4200000001,Retail trade,1981,2,10325.0
CES4200000001,Retail trade,1981,3,10335.3
CES4200000001,Retail trade,1981,4,10372.3
CES4200000001,Retail trade,1981,5,10386.2
CES4200000001,Retail trade,1981,6,10397.5
CES4200000001,Retail trade,1981,7,10405.6
CES4200000001,Retail trade,1981,8,10412.7
CES4200000001,Retail trade,1981,9,10407.0
CES4200000001,Retail trade,1981,10,10393.7
CES4200000001,Retail trade,1981,11,10358.0
CES4200000001,Retail trade,1981,12,10332.2
CES4200000001,Retail trade,1982,1,10329.8
CES4200000001,Retail trade,1982,2,10351.1
CES4200000001,Retail trade,1982,3,10356.7
CES4200000001,Retail trade,1982,4,10363.6
CES4200000001,Retail trade,1982,5,10391.7
CES4200000001,Retail trade,1982,6,10397.6
CES4200000001,Retail trade,1982,7,10405.8
CES4200000001,Retail trade,1982,8,10405.0
CES4200000001,Retail trade,1982,9,10391.0
CES4200000001,Retail trade,1982,10,10379.0
CES4200000001,Retail trade,1982,11,10363.3
CES4200000001,Retail trade,1982,12,10371.4
CES4200000001,Retail trade,1983,1,10430.7
CES4200000001,Retail trade,1983,2,10439.8
CES4200000001,Retail trade,1983,3,10478.3
CES4200000001,Retail trade,1983,4,10509.0
CES4200000001,Retail trade,1983,5,10541.3
CES4200000001,Retail trade,1983,6,10590.3
CES4200000001,Retail trade,1983,7,10660.5
CES4200000001,Retail trade,1983,8,10693.2
CES4200000001,Retail trade,1983,9,10760.6
CES4200000001,Retail trade,1983,10,10803.2
CES4200000001,Retail trade,1983,11,10853.2
CES4200000001,Retail trade,1983,12,10903.1
CES4200000001,Retail trade,1984,1,10980.8
CES4200000001,Retail trade,1984,2,11024.8
CES4200000001,Retail trade,1984,3,11061.5
CES4200000001,Retail trade,1984,4,11105.5
CES4200000001,Retail trade,1984,5,11128.5
CES4200000001,Retail trade,1984,6,11186.8
CES4200000001,Retail trade,1984,7,11242.5
CES4200000001,Retail trade,1984,8,11271.4
CES4200000001,Retail trade,1984,9,11324.1
CES4200000001,Retail trade,1984,10,11390.8
CES4200000001,Retail trade,1984,11,11502.7
CES4200000001,Retail trade,1984,12,11499.2
CES4200000001,Retail trade,1985,1,11521.9
CES4200000001,Retail trade,1985,2,11548.3
CES4200000001,Retail trade,1985,3,11631.6
CES4200000001,Retail trade,1985,4,11668.9
CES4200000001,Retail trade,1985,5,11725.8
CES4200000001,Retail trade,1985,6,11758.5
CES4200000001,Retail trade,1985,7,11770.5
CES4200000001,Retail trade,1985,8,11808.6
CES4200000001,Retail trade,1985,9,11822.2
CES4200000001,Retail trade,1985,10,11836.7
CES4200000001,Retail trade,1985,11,11864.5
CES4200000001,Retail trade,1985,12,11890.1
CES4200000001,Retail trade,1986,1,11899.3
CES4200000001,Retail trade,1986,2,11906.5
CES4200000001,Retail trade,1986,3,11964.0
CES4200000001,Retail trade,1986,4,11994.3
CES4200000001,Retail trade,1986,5,12039.7
CES4200000001,Retail trade,1986,6,12055.5
CES4200000001,Retail trade,1986,7,12106.9
CES4200000001,Retail trade,1986,8,12154.4
CES4200000001,Retail trade,1986,9,12197.8
CES4200000001,Retail trade,1986,10,12212.0
CES4200000001,Retail trade,1986,11,12226.6
CES4200000001,Retail trade,1986,12,12235.9
CES4200000001,Retail trade,1987,1,12225.2
CES4200000001,Retail trade,1987,2,12256.7
CES4200000001,Retail trade,1987,3,12308.2
CES4200000001,Retail trade,1987,4,12356.7
CES4200000001,Retail trade,1987,5,12375.6
CES4200000001,Retail trade,1987,6,12413.9
CES4200000001,Retail trade,1987,7,12452.5
CES4200000001,Retail trade,1987,8,12462.6
CES4200000001,Retail trade,1987,9,12493.0
CES4200000001,Retail trade,1987,10,12559.2
CES4200000001,Retail trade,1987,11,12582.8
CES4200000001,Retail trade,1987,12,12590.9
CES4200000001,Retail trade,1988,1,12581.6
CES4200000001,Retail trade,1988,2,12676.4
CES4200000001,Retail trade,1988,3,12707.5
CES4200000001,Retail trade,1988,4,12739.2
CES4200000001,Retail trade,1988,5,12779.9
CES4200000001,Retail trade,1988,6,12829.3
CES4200000001,Retail trade,1988,7,12868.8
CES4200000001,Retail trade,1988,8,12899.0
CES4200000001,Retail trade,1988,9,12913.2
CES4200000001,Retail trade,1988,10,12907.4
CES4200000001,Retail trade,1988,11,12914.2
CES4200000001,Retail trade,1988,12,12928.1
CES4200000001,Retail trade,1989,1,12964.8
CES4200000001,Retail trade,1989,2,13006.3
CES4200000001,Retail trade,1989,3,13083.2
CES4200000001,Retail trade,1989,4,13096.5
CES4200000001,Retail trade,1989,5,13132.6
CES4200000001,Retail trade,1989,6,13158.6
CES4200000001,Retail trade,1989,7,13163.2
CES4200000001,Retail trade,1989,8,13190.1
CES4200000001,Retail trade,1989,9,13176.5
CES4200000001,Retail trade,1989,10,13143.3
CES4200000001,Retail trade,1989,11,13141.8
CES4200000001,Retail trade,1989,12,13070.7
CES4200000001,Retail trade,1990,1,13251.7
CES4200000001,Retail trade,1990,2,13226.6
CES4200000001,Retail trade,1990,3,13225.1
CES4200000001,Retail trade,1990,4,13226.1
CES4200000001,Retail trade,1990,5,13213.4
CES4200000001,Retail trade,1990,6,13200.9
CES4200000001,Retail trade,1990,7,13190.9
CES4200000001,Retail trade,1990,8,13153.6
CES4200000001,Retail trade,1990,9,13145.6
CES4200000001,Retail trade,1990,10,13138.8
CES4200000001,Retail trade,1990,11,13126.9
CES4200000001,Retail trade,1990,12,13093.8
CES4200000001,Retail trade,1991,1,13067.4
CES4200000001,Retail trade,1991,2,12994.0
CES4200000001,Retail trade,1991,3,12962.1
CES4200000001,Retail trade,1991,4,12893.6
CES4200000001,Retail trade,1991,5,12884.0
CES4200000001,Retail trade,1991,6,12878.5
CES4200000001,Retail trade,1991,7,12867.7
CES4200000001,Retail trade,1991,8,12863.0
CES4200000001,Retail trade,1991,9,12851.3
CES4200000001,Retail trade,1991,10,12836.7
CES4200000001,Retail trade,1991,11,12822.1
CES4200000001,Retail trade,1991,12,12823.8
CES4200000001,Retail trade,1992,1,12813.0
CES4200000001,Retail trade,1992,2,12820.1
CES4200000001,Retail trade,1992,3,12817.8
CES4200000001,Retail trade,1992,4,12834.6
CES4200000001,Retail trade,1992,5,12836.8
CES4200000001,Retail trade,1992,6,12843.6
CES4200000001,Retail trade,1992,7,12824.9
CES4200000001,Retail trade,1992,8,12811.3
CES4200000001,Retail trade,1992,9,12809.5
CES4200000001,Retail trade,1992,10,12827.4
CES4200000001,Retail trade,1992,11,12834.0
CES4200000001,Retail trade,1992,12,12842.3
CES4200000001,Retail trade,1993,1,12882.1
CES4200000001,Retail trade,1993,2,12932.4
CES4200000001,Retail trade,1993,3,12919.9
CES4200000001,Retail trade,1993,4,12939.9
CES4200000001,Retail trade,1993,5,12961.9
CES4200000001,Retail trade,1993,6,12993.8
CES4200000001,Retail trade,1993,7,13027.9
CES4200000001,Retail trade,1993,8,13051.4
CES4200000001,Retail trade,1993,9,13083.3
CES4200000001,Retail trade,1993,10,13115.5
CES4200000001,Retail trade,1993,11,13127.3
CES4200000001,Retail trade,1993,12,13174.3
CES4200000001,Retail trade,1994,1,13179.3
CES4200000001,Retail trade,1994,2,13249.7
CES4200000001,Retail trade,1994,3,13317.2
CES4200000001,Retail trade,1994,4,13360.2
CES4200000001,Retail trade,1994,5,13394.0
CES4200000001,Retail trade,1994,6,13444.2
CES4200000001,Retail trade,1994,7,13503.9
CES4200000001,Retail trade,1994,8,13557.7
CES4200000001,Retail trade,1994,9,13618.7
CES4200000001,Retail trade,1994,10,13658.3
CES4200000001,Retail trade,1994,11,13732.3
CES4200000001,Retail trade,1994,12,13765.6
CES4200000001,Retail trade,1995,1,13806.1
CES4200000001,Retail trade,1995,2,13834.9
CES4200000001,Retail trade,1995,3,13810.0
CES4200000001,Retail trade,1995,4,13860.5
CES4200000001,Retail trade,1995,5,13860.1
CES4200000001,Retail trade,1995,6,13890.2
CES4200000001,Retail trade,1995,7,13896.9
CES4200000001,Retail trade,1995,8,13919.3
CES4200000001,Retail trade,1995,9,13936.8
CES4200000001,Retail trade,1995,10,13930.1
CES4200000001,Retail trade,1995,11,13938.2
CES4200000001,Retail trade,1995,12,13963.4
CES4200000001,Retail trade,1996,1,13962.0
CES4200000001,Retail trade,1996,2,13990.1
CES4200000001,Retail trade,1996,3,14018.7
CES4200000001,Retail trade,1996,4,14019.1
CES4200000001,Retail trade,1996,5,14096.5
CES4200000001,Retail trade,1996,6,14123.1
CES4200000001,Retail trade,1996,7,14152.9
CES4200000001,Retail trade,1996,8,14172.5
CES4200000001,Retail trade,1996,9,14191.6
CES4200000001,Retail trade,1996,10,14247.5
CES4200000001,Retail trade,1996,11,14263.4
CES4200000001,Retail trade,1996,12,14315.1
CES4200000001,Retail trade,1997,1,14280.0
CES4200000001,Retail trade,1997,2,14282.3
CES4200000001,Retail trade,1997,3,14312.4
CES4200000001,Retail trade,1997,4,14326.2
CES4200000001,Retail trade,1997,5,14339.3
CES4200000001,Retail trade,1997,6,14352.7
CES4200000001,Retail trade,1997,7,14367.0
CES4200000001,Retail trade,1997,8,14395.9
CES4200000001,Retail trade,1997,9,14404.3
CES4200000001,Retail trade,1997,10,14443.6
CES4200000001,Retail trade,1997,11,14486.8
CES4200000001,Retail trade,1997,12,14525.7
CES4200000001,Retail trade,1998,1,14508.6
CES4200000001,Retail trade,1998,2,14501.1
CES4200000001,Retail trade,1998,3,14498.0
CES4200000001,Retail trade,1998,4,14519.5
CES4200000001,Retail trade,1998,5,14563.8
CES4200000001,Retail trade,1998,6,14583.5
CES4200000001,Retail trade,1998,7,14613.9
CES4200000001,Retail trade,1998,8,14626.9
CES4200000001,Retail trade,1998,9,14650.0
CES4200000001,Retail trade,1998,10,14658.8
CES4200000001,Retail trade,1998,11,14691.6
CES4200000001,Retail trade,1998,12,14736.4
CES4200000001,Retail trade,1999,1,14759.8
CES4200000001,Retail trade,1999,2,14822.5
CES4200000001,Retail trade,1999,3,14844.6
CES4200000001,Retail trade,1999,4,14888.0
CES4200000001,Retail trade,1999,5,14919.3
CES4200000001,Retail trade,1999,6,14944.1
CES4200000001,Retail trade,1999,7,14991.4
CES4200000001,Retail trade,1999,8,15000.1
CES4200000001,Retail trade,1999,9,15026.8
CES4200000001,Retail trade,1999,10,15062.1
CES4200000001,Retail trade,1999,11,15075.2
CES4200000001,Retail trade,1999,12,15151.8
CES4200000001,Retail trade,2000,1,15165.2
CES4200000001,Retail trade,2000,2,15174.1
CES4200000001,Retail trade,2000,3,15208.0
CES4200000001,Retail trade,2000,4,15281.9
CES4200000001,Retail trade,2000,5,15233.0
CES4200000001,Retail trade,2000,6,15243.2
CES4200000001,Retail trade,2000,7,15257.2
CES4200000001,Retail trade,2000,8,15279.7
CES4200000001,Retail trade,2000,9,15303.4
CES4200000001,Retail trade,2000,10,15308.3
CES4200000001,Retail trade,2000,11,15315.8
CES4200000001,Retail trade,2000,12,15362.5
CES4200000001,Retail trade,2001,1,15336.1
CES4200000001,Retail trade,2001,2,15354.0
CES4200000001,Retail trade,2001,3,15329.6
CES4200000001,Retail trade,2001,4,15233.9
CES4200000001,Retail trade,2001,5,15237.6
CES4200000001,Retail trade,2001,6,15241.8
CES4200000001,Retail trade,2001,7,15180.5
CES4200000001,Retail trade,2001,8,15185.3
CES4200000001,Retail trade,2001,9,15175.7
CES4200000001,Retail trade,2001,10,15148.9
CES4200000001,Retail trade,2001,11,15126.5
CES4200000001,Retail trade,2001,12,15077.2
CES4200000001,Retail trade,2002,1,15039.8
CES4200000001,Retail trade,2002,2,15043.5
CES4200000001,Retail trade,2002,3,15051.6
CES4200000001,Retail trade,2002,4,15049.2
CES4200000001,Retail trade,2002,5,15029.6
CES4200000001,Retail trade,2002,6,15018.6
CES4200000001,Retail trade,2002,7,15016.5
CES4200000001,Retail trade,2002,8,14971.2
CES4200000001,Retail trade,2002,9,14952.7
CES4200000001,Retail trade,2002,10,14958.1
CES4200000001,Retail trade,2002,11,14945.3
CES4200000001,Retail trade,2002,12,14957.2
CES4200000001,Retail trade,2003,1,14939.1
CES4200000001,Retail trade,2003,2,14904.0
CES4200000001,Retail trade,2003,3,14879.2
CES4200000001,Retail trade,2003,4,14889.6
CES4200000001,Retail trade,2003,5,14881.1
CES4200000001,Retail trade,2003,6,14866.3
CES4200000001,Retail trade,2003,7,14854.4
CES4200000001,Retail trade,2003,8,14881.5
CES4200000001,Retail trade,2003,9,14912.4
CES4200000001,Retail trade,2003,10,14928.2
CES4200000001,Retail trade,2003,11,14907.5
CES4200000001,Retail trade,2003,12,14901.3
CES4200000001,Retail trade,2004,1,14948.1
CES4200000001,Retail trade,2004,2,14946.4
CES4200000001,Retail trade,2004,3,14994.6
CES4200000001,Retail trade,2004,4,15014.6
CES4200000001,Retail trade,2004,5,15029.6
CES4200000001,Retail trade,2004,6,15053.4
CES4200000001,Retail trade,2004,7,15037.3
CES4200000001,Retail trade,2004,8,15038.1
CES4200000001,Retail trade,2004,9,15062.7
CES4200000001,Retail trade,2004,10,15090.7
CES4200000001,Retail trade,2004,11,15111.8
CES4200000001,Retail trade,2004,12,15104.1
CES4200000001,Retail trade,2005,1,15124.4
CES4200000001,Retail trade,2005,2,15164.4
CES4200000001,Retail trade,2005,3,15165.9
CES4200000001,Retail trade,2005,4,15215.2
CES4200000001,Retail trade,2005,5,15232.1
CES4200000001,Retail trade,2005,6,15266.2
CES4200000001,Retail trade,2005,7,15307.7
CES4200000001,Retail trade,2005,8,15323.9
CES4200000001,Retail trade,2005,9,15297.6
CES4200000001,Retail trade,2005,10,15294.6
CES4200000001,Retail trade,2005,11,15325.6
CES4200000001,Retail trade,2005,12,15331.2
CES4200000001,Retail trade,2006,1,15318.9
CES4200000001,Retail trade,2006,2,15325.6
CES4200000001,Retail trade,2006,3,15351.8
CES4200000001,Retail trade,2006,4,15317.0
CES4200000001,Retail trade,2006,5,15285.6
CES4200000001,Retail trade,2006,6,15297.4
CES4200000001,Retail trade,2006,7,15298.9
CES4200000001,Retail trade,2006,8,15301.6
CES4200000001,Retail trade,2006,9,15304.8
CES4200000001,Retail trade,2006,10,15338.6
CES4200000001,Retail trade,2006,11,15374.0
CES4200000001,Retail trade,2006,12,15375.3
CES4200000001,Retail trade,2007,1,15411.5
CES4200000001,Retail trade,2007,2,15440.3
CES4200000001,Retail trade,2007,3,15498.8
CES4200000001,Retail trade,2007,4,15477.4
CES4200000001,Retail trade,2007,5,15494.4
CES4200000001,Retail trade,2007,6,15478.7
CES4200000001,Retail trade,2007,7,15483.2
CES4200000001,Retail trade,2007,8,15484.0
CES4200000001,Retail trade,2007,9,15492.7
CES4200000001,Retail trade,2007,10,15485.8
CES4200000001,Retail trade,2007,11,15549.8
CES4200000001,Retail trade,2007,12,15544.7
CES4200000001,Retail trade,2008,1,15525.5
CES4200000001,Retail trade,2008,2,15490.6
CES4200000001,Retail trade,2008,3,15479.9
CES4200000001,Retail trade,2008,4,15396.7
CES4200000001,Retail trade,2008,5,15334.0
CES4200000001,Retail trade,2008,6,15310.0
CES4200000001,Retail trade,2008,7,15270.2
CES4200000001,Retail trade,2008,8,15209.3
CES4200000001,Retail trade,2008,9,15143.5
CES4200000001,Retail trade,2008,10,15081.9
CES4200000001,Retail trade,2008,11,14953.1
CES4200000001,Retail trade,2008,12,14847.5
CES4200000001,Retail trade,2009,1,14763.8
CES4200000001,Retail trade,2009,2,14680.6
CES4200000001,Retail trade,2009,3,14594.3
CES4200000001,Retail trade,2009,4,14530.6
CES4200000001,Retail trade,2009,5,14514.9
CES4200000001,Retail trade,2009,6,14501.7
CES4200000001,Retail trade,2009,7,14446.8
CES4200000001,Retail trade,2009,8,14438.7
CES4200000001,Retail trade,2009,9,14406.6
CES4200000001,Retail trade,2009,10,14358.2
CES4200000001,Retail trade,2009,11,14340.4
CES4200000001,Retail trade,2009,12,14309.1
CES4200000001,Retail trade,2010,1,14358.8
CES4200000001,Retail trade,2010,2,14357.8
CES4200000001,Retail trade,2010,3,14392.2
CES4200000001,Retail trade,2010,4,14388.3
CES4200000001,Retail trade,2010,5,14396.5
CES4200000001,Retail trade,2010,6,14399.4
CES4200000001,Retail trade,2010,7,14402.2
CES4200000001,Retail trade,2010,8,14414.1
CES4200000001,Retail trade,2010,9,14420.3
CES4200000001,Retail trade,2010,10,14462.1
CES4200000001,Retail trade,2010,11,14446.3
CES4200000001,Retail trade,2010,12,14444.5
CES4200000001,Retail trade,2011,1,14491.0
CES4200000001,Retail trade,2011,2,14518.2
CES4200000001,Retail trade,2011,3,14537.9
CES4200000001,Retail trade,2011,4,14602.8
CES4200000001,Retail trade,2011,5,14604.3
CES4200000001,Retail trade,2011,6,14637.7
CES4200000001,Retail trade,2011,7,14676.0
CES4200000001,Retail trade,2011,8,14677.7
CES4200000001,Retail trade,2011,9,14686.2
CES4200000001,Retail trade,2011,10,14698.8
CES4200000001,Retail trade,2011,11,14715.2
CES4200000001,Retail trade,2011,12,14707.2
CES4200000001,Retail trade,2012,1,14766.5
CES4200000001,Retail trade,2012,2,14760.1
CES4200000001,Retail trade,2012,3,14776.3
CES4200000001,Retail trade,2012,4,14784.0
CES4200000001,Retail trade,2012,5,14791.9
CES4200000001,Retail trade,2012,6,14772.6
CES4200000001,Retail trade,2012,7,14762.5
CES4200000001,Retail trade,2012,8,14773.7
CES4200000001,Retail trade,2012,9,14801.0
CES4200000001,Retail trade,2012,10,14817.1
CES4200000001,Retail trade,2012,11,14895.5
CES4200000001,Retail trade,2012,12,14865.1
CES4200000001,Retail trade,2013,1,14887.8
CES4200000001,Retail trade,2013,2,14912.7
CES4200000001,Retail trade,2013,3,14912.3
CES4200000001,Retail trade,2013,4,14922.3
CES4200000001,Retail trade,2013,5,14953.8
CES4200000001,Retail trade,2013,6,15001.3
CES4200000001,Retail trade,2013,7,15046.1
CES4200000001,Retail trade,2013,8,15091.6
CES4200000001,Retail trade,2013,9,15119.1
CES4200000001,Retail trade,2013,10,15146.2
CES4200000001,Retail trade,2013,11,15175.8
CES4200000001,Retail trade,2013,12,15231.0
CES4200000001,Retail trade,2014,1,15214.9
CES4200000001,Retail trade,2014,2,15189.6
CES4200000001,Retail trade,2014,3,15217.9
CES4200000001,Retail trade,2014,4,15255.9
CES4200000001,Retail trade,2014,5,15265.1
CES4200000001,Retail trade,2014,6,15306.0
CES4200000001,Retail trade,2014,7,15329.1
CES4200000001,Retail trade,2014,8,15338.0
CES4200000001,Retail trade,2014,9,15367.6
CES4200000001,Retail trade,2014,10,15404.8
CES4200000001,Retail trade,2014,11,15430.1
CES4200000001,Retail trade,2014,12,15444.4
CES4200000001,Retail trade,2015,1,15462.0
CES4200000001,Retail trade,2015,2,15478.7
CES4200000001,Retail trade,2015,3,15509.6
CES4200000001,Retail trade,2015,4,15522.1
CES4200000001,Retail trade,2015,5,15557.3
CES4200000001,Retail trade,2015,6,15567.8
CES4200000001,Retail trade,2015,7,15582.8
CES4200000001,Retail trade,2015,8,15589.2
CES4200000001,Retail trade,2015,9,15579.8
CES4200000001,Retail trade,2015,10,15619.3
CES4200000001,Retail trade,2015,11,15625.5
CES4200000001,Retail trade,2015,12,15630.8
CES4200000001,Retail trade,2016,1,15664.8
CES4200000001,Retail trade,2016,2,15715.1
CES4200000001,Retail trade,2016,3,15769.3
CES4200000001,Retail trade,2016,4,15767.2
CES4200000001,Retail trade,2016,5,15772.9
CES4200000001,Retail trade,2016,6,15790.0
CES4200000001,Retail trade,2016,7,15805.2
CES4200000001,Retail trade,2016,8,15822.3
CES4200000001,Retail trade,2016,9,15829.4
CES4200000001,Retail trade,2016,10,15830.8
CES4200000001,Retail trade,2016,11,15785.8
CES4200000001,Retail trade,2016,12,15818.6
CES4200000001,Retail trade,2017,1,15872.6
CES4200000001,Retail trade,2017,2,15851.4
CES4200000001,Retail trade,2017,3,15822.1
CES4200000001,Retail trade,2017,4,15804.0
CES4200000001,Retail trade,2017,5,15785.7
CES4200000001,Retail trade,2017,6,15778.0
CES4200000001,Retail trade,2017,7,15769.3
CES4200000001,Retail trade,2017,8,15762.8
CES4200000001,Retail trade,2017,9,15755.6
CES4200000001,Retail trade,2017,10,15748.5
CES4200000001,Retail trade,2017,11,15781.5
CES4200000001,Retail trade,2017,12,15740.7
CES4200000001,Retail trade,2018,1,15705.1
CES4200000001,Retail trade,2018,2,15753.0
CES4200000001,Retail trade,2018,3,15771.1
CES4200000001,Retail trade,2018,4,15770.6
CES4200000001,Retail trade,2018,5,15786.1
CES4200000001,Retail trade,2018,6,15739.8
CES4200000001,Retail trade,2018,7,15723.2
CES4200000001,Retail trade,2018,8,15725.1
CES4200000001,Retail trade,2018,9,15684.5
CES4200000001,Retail trade,2018,10,15641.5
CES4200000001,Retail trade,2018,11,15685.5
CES4200000001,Retail trade,2018,12,15635.3
CES4200000001,Retail trade,2019,1,15617.4
CES4200000001,Retail trade,2019,2,15586.7
CES4200000001,Retail trade,2019,3,15574.1
CES4200000001,Retail trade,2019,4,15571.6
CES4200000001,Retail trade,2019,5,15554.2
CES4200000001,Retail trade,2019,6,15533.2
CES4200000001,Retail trade,2019,7,15533.3
CES4200000001,Retail trade,2019,8,15516.7
CES4200000001,Retail trade,2019,9,15526.5
CES4200000001,Retail trade,2019,10,15527.2
CES4200000001,Retail trade,2019,11,15509.6
CES4200000001,Retail trade,2019,12,15550.1
CES4200000001,Retail trade,2020,1,15512.5
CES4200000001,Retail trade,2020,2,15519.2
CES4200000001,Retail trade,2020,3,15432.9
CES4200000001,Retail trade,2020,4,13246.9
CES4200000001,Retail trade,2020,5,13631.4
CES4200000001,Retail trade,2020,6,14452.3
CES4200000001,Retail trade,2020,7,14675.8
CES4200000001,Retail trade,2020,8,14942.7
CES4200000001,Retail trade,2020,9,14981.1
CES4200000001,Retail trade,2020,10,15090.3
CES4200000001,Retail trade,2020,11,15126.8
CES4200000001,Retail trade,2020,12,15144.2
CES4200000001,Retail trade,2021,1,15165.9
CES4200000001,Retail trade,2021,2,15188.9
CES4200000001,Retail trade,2021,3,15232.8
CES4200000001,Retail trade,2021,4,15189.4
CES4200000001,Retail trade,2021,5,15191.5
CES4200000001,Retail trade,2021,6,15244.8
CES4200000001,Retail trade,2021,7,15238.2
CES4200000001,Retail trade,2021,8,15216.0
CES4200000001,Retail trade,2021,9,15280.1
CES4200000001,Retail trade,2021,10,15348.1
CES4200000001,Retail trade,2021,11,15407.0
CES4200000001,Retail trade,2021,12,15421.7
CES4200000001,Retail trade,2022,1,15428.6
CES4200000001,Retail trade,2022,2,15537.4
CES4200000001,Retail trade,2022,3,15537.1
CES4200000001,Retail trade,2022,4,15488.0
CES4200000001,Retail trade,2022,5,15418.7
CES4200000001,Retail trade,2022,6,15464.6
CES4200000001,Retail trade,2022,7,15490.6
CES4200000001,Retail trade,2022,8,15521.8
CES4200000001,Retail trade,2022,9,15498.2
CES4200000001,Retail trade,2022,10,15512.0
CES4200000001,Retail trade,2022,11,15530.2
CES4200000001,Retail trade,2022,12,15533.9
CES4200000001,Retail trade,2023,1,15551.3
CES4200000001,Retail trade,2023,2,15602.6
CES4200000001,Retail trade,2023,3,15562.8
CES4200000001,Retail trade,2023,4,15556.0
CES4200000001,Retail trade,2023,5,15555.9
CES4200000001,Retail trade,2023,6,15533.2
CES4200000001,Retail trade,2023,7,15539.5
CES4200000001,Retail trade,2023,8,15531.2
CES4200000001,Retail trade,2023,9,15531.3
CES4200000001,Retail trade,2023,10,15543.9
CES4200000001,Retail trade,2023,11,15511.3
CES4200000001,Retail trade,2023,12,15550.9
CES4200000001,Retail trade,2024,1,15524.0
CES4200000001,Retail trade,2024,2,15528.5
CES4200000001,Retail trade,2024,3,15529.3
CES4200000001,Retail trade,2024,4,15531.2
CES4200000001,Retail trade,2024,5,15536.0
CES4200000001,Retail trade,2024,6,15499.9
CES4200000001,Retail trade,2024,7,15480.8
CES4200000001,Retail trade,2024,8,15458.4
CES4200000001,Retail trade,2024,9,15456.7
CES4200000001,Retail trade,2024,10,15452.4
CES4200000001,Retail trade,2024,11,15409.8
CES4200000001,Retail trade,2024,12,15460.1
CES4200000001,Retail trade,2025,1,15459.3
CES4200000001,Retail trade,2025,2,15441.8
CES4200000001,Retail trade,2025,3,15457.5
CES4200000001,Retail trade,2025,4,15461.6
CES4200000001,Retail trade,2025,5,15440.0
CES4200000001,Retail trade,2025,6,15425.5
CES4200000001,Retail trade,2025,7,15430.2
CES4200000001,Retail trade,2025,8,15440.3
CES4200000001,Retail trade,2025,9,15453.4
CES4200000001,Retail trade,2025,10,15438.0
CES4200000001,Retail trade,2025,11,15437.1
CES4200000001,Retail trade,2025,12,15413.5
CES4300000001,Transportation and warehousing,1976,1,2630.4
CES4300000001,Transportation and warehousing,1976,2,2644.6
CES4300000001,Transportation and warehousing,1976,3,2653.9
CES4300000001,Transportation and warehousing,1976,4,2661.3
CES4300000001,Transportation and warehousing,1976,5,2655.8
CES4300000001,Transportation and warehousing,1976,6,2668.7
CES4300000001,Transportation and warehousing,1976,7,2680.2
CES4300000001,Transportation and warehousing,1976,8,2680.2
CES4300000001,Transportation and warehousing,1976,9,2690.0
CES4300000001,Transportation and warehousing,1976,10,2675.1
CES4300000001,Transportation and warehousing,1976,11,2682.8
CES4300000001,Transportation and warehousing,1976,12,2705.0
CES4300000001,Transportation and warehousing,1977,1,2717.9
CES4300000001,Transportation and warehousing,1977,2,2726.9
CES4300000001,Transportation and warehousing,1977,3,2730.4
CES4300000001,Transportation and warehousing,1977,4,2745.5
CES4300000001,Transportation and warehousing,1977,5,2755.0
CES4300000001,Transportation and warehousing,1977,6,2763.6
CES4300000001,Transportation and warehousing,1977,7,2778.6
CES4300000001,Transportation and warehousing,1977,8,2783.5
CES4300000001,Transportation and warehousing,1977,9,2806.2
CES4300000001,Transportation and warehousing,1977,10,2791.3
CES4300000001,Transportation and warehousing,1977,11,2799.0
CES4300000001,Transportation and warehousing,1977,12,2814.8
CES4300000001,Transportation and warehousing,1978,1,2827.8
CES4300000001,Transportation and warehousing,1978,2,2837.3
CES4300000001,Transportation and warehousing,1978,3,2857.7
CES4300000001,Transportation and warehousing,1978,4,2879.3
CES4300000001,Transportation and warehousing,1978,5,2881.2
CES4300000001,Transportation and warehousing,1978,6,2904.8
CES4300000001,Transportation and warehousing,1978,7,2872.2
CES4300000001,Transportation and warehousing,1978,8,2888.5
CES4300000001,Transportation and warehousing,1978,9,2902.2
CES4300000001,Transportation and warehousing,1978,10,2932.6
CES4300000001,Transportation and warehousing,1978,11,2955.1
CES4300000001,Transportation and warehousing,1978,12,2970.0
CES4300000001,Transportation and warehousing,1979,1,2976.8
CES4300000001,Transportation and warehousing,1979,2,2988.6
CES4300000001,Transportation and warehousing,1979,3,2997.0
CES4300000001,Transportation and warehousing,1979,4,2906.2
CES4300000001,Transportation and warehousing,1979,5,2988.5
CES4300000001,Transportation and warehousing,1979,6,3031.6
CES4300000001,Transportation and warehousing,1979,7,3028.9
CES4300000001,Transportation and warehousing,1979,8,3030.6
CES4300000001,Transportation and warehousing,1979,9,3028.7
CES4300000001,Transportation and warehousing,1979,10,3032.3
CES4300000001,Transportation and warehousing,1979,11,3039.7
CES4300000001,Transportation and warehousing,1979,12,3034.8
CES4300000001,Transportation and warehousing,1980,1,3027.8
CES4300000001,Transportation and warehousing,1980,2,3018.3
CES4300000001,Transportation and warehousing,1980,3,3011.4
CES4300000001,Transportation and warehousing,1980,4,2988.2
CES4300000001,Transportation and warehousing,1980,5,2969.2
CES4300000001,Transportation and warehousing,1980,6,2945.5
CES4300000001,Transportation and warehousing,1980,7,2936.0
CES4300000001,Transportation and warehousing,1980,8,2933.3
CES4300000001,Transportation and warehousing,1980,9,2930.3
CES4300000001,Transportation and warehousing,1980,10,2933.9
CES4300000001,Transportation and warehousing,1980,11,2931.1
CES4300000001,Transportation and warehousing,1980,12,2935.0
CES4300000001,Transportation and warehousing,1981,1,2942.0
CES4300000001,Transportation and warehousing,1981,2,2944.3
CES4300000001,Transportation and warehousing,1981,3,2947.4
CES4300000001,Transportation and warehousing,1981,4,2944.9
CES4300000001,Transportation and warehousing,1981,5,2938.2
CES4300000001,Transportation and warehousing,1981,6,2941.9
CES4300000001,Transportation and warehousing,1981,7,2945.1
CES4300000001,Transportation and warehousing,1981,8,2943.2
CES4300000001,Transportation and warehousing,1981,9,2935.1
CES4300000001,Transportation and warehousing,1981,10,2921.4
CES4300000001,Transportation and warehousing,1981,11,2914.3
CES4300000001,Transportation and warehousing,1981,12,2894.3
CES4300000001,Transportation and warehousing,1982,1,2880.5
CES4300000001,Transportation and warehousing,1982,2,2870.1
CES4300000001,Transportation and warehousing,1982,3,2859.6
CES4300000001,Transportation and warehousing,1982,4,2839.1
CES4300000001,Transportation and warehousing,1982,5,2844.7
CES4300000001,Transportation and warehousing,1982,6,2832.1
CES4300000001,Transportation and warehousing,1982,7,2813.7
CES4300000001,Transportation and warehousing,1982,8,2796.7
CES4300000001,Transportation and warehousing,1982,9,2787.9
CES4300000001,Transportation and warehousing,1982,10,2778.0
CES4300000001,Transportation and warehousing,1982,11,2767.9
CES4300000001,Transportation and warehousing,1982,12,2761.9
CES4300000001,Transportation and warehousing,1983,1,2740.8
CES4300000001,Transportation and warehousing,1983,2,2729.9
CES4300000001,Transportation and warehousing,1983,3,2740.0
CES4300000001,Transportation and warehousing,1983,4,2752.7
CES4300000001,Transportation and warehousing,1983,5,2763.2
CES4300000001,Transportation and warehousing,1983,6,2773.6
CES4300000001,Transportation and warehousing,1983,7,2792.6
CES4300000001,Transportation and warehousing,1983,8,2775.9
CES4300000001,Transportation and warehousing,1983,9,2816.4
CES4300000001,Transportation and warehousing,1983,10,2818.9
CES4300000001,Transportation and warehousing,1983,11,2810.0
CES4300000001,Transportation and warehousing,1983,12,2817.2
CES4300000001,Transportation and warehousing,1984,1,2865.1
CES4300000001,Transportation and warehousing,1984,2,2882.0
CES4300000001,Transportation and warehousing,1984,3,2897.7
CES4300000001,Transportation and warehousing,1984,4,2910.3
CES4300000001,Transportation and warehousing,1984,5,2923.6
CES4300000001,Transportation and warehousing,1984,6,2945.8
CES4300000001,Transportation and warehousing,1984,7,2944.7
CES4300000001,Transportation and warehousing,1984,8,2958.1
CES4300000001,Transportation and warehousing,1984,9,2966.8
CES4300000001,Transportation and warehousing,1984,10,2976.6
CES4300000001,Transportation and warehousing,1984,11,2979.1
CES4300000001,Transportation and warehousing,1984,12,2983.6
CES4300000001,Transportation and warehousing,1985,1,2990.7
CES4300000001,Transportation and warehousing,1985,2,3000.0
CES4300000001,Transportation and warehousing,1985,3,2987.7
CES4300000001,Transportation and warehousing,1985,4,3001.8
CES4300000001,Transportation and warehousing,1985,5,3010.1
CES4300000001,Transportation and warehousing,1985,6,3018.8
CES4300000001,Transportation and warehousing,1985,7,3021.9
CES4300000001,Transportation and warehousing,1985,8,3006.3
CES4300000001,Transportation and warehousing,1985,9,3027.1
CES4300000001,Transportation and warehousing,1985,10,3033.2
CES4300000001,Transportation and warehousing,1985,11,3035.2
CES4300000001,Transportation and warehousing,1985,12,3038.5
CES4300000001,Transportation and warehousing,1986,1,3043.6
CES4300000001,Transportation and warehousing,1986,2,3039.2
CES4300000001,Transportation and warehousing,1986,3,3034.1
CES4300000001,Transportation and warehousing,1986,4,3035.3
CES4300000001,Transportation and warehousing,1986,5,3043.8
CES4300000001,Transportation and warehousing,1986,6,3051.3
CES4300000001,Transportation and warehousing,1986,7,3064.8
CES4300000001,Transportation and warehousing,1986,8,3073.1
CES4300000001,Transportation and warehousing,1986,9,3079.0
CES4300000001,Transportation and warehousing,1986,10,3084.5
CES4300000001,Transportation and warehousing,1986,11,3093.6
CES4300000001,Transportation and warehousing,1986,12,3095.4
CES4300000001,Transportation and warehousing,1987,1,3098.3
CES4300000001,Transportation and warehousing,1987,2,3108.3
CES4300000001,Transportation and warehousing,1987,3,3114.7
CES4300000001,Transportation and warehousing,1987,4,3132.2
CES4300000001,Transportation and warehousing,1987,5,3138.2
CES4300000001,Transportation and warehousing,1987,6,3153.0
CES4300000001,Transportation and warehousing,1987,7,3158.7
CES4300000001,Transportation and warehousing,1987,8,3172.5
CES4300000001,Transportation and warehousing,1987,9,3192.4
CES4300000001,Transportation and warehousing,1987,10,3202.9
CES4300000001,Transportation and warehousing,1987,11,3210.8
CES4300000001,Transportation and warehousing,1987,12,3213.6
CES4300000001,Transportation and warehousing,1988,1,3235.5
CES4300000001,Transportation and warehousing,1988,2,3248.4
CES4300000001,Transportation and warehousing,1988,3,3257.3
CES4300000001,Transportation and warehousing,1988,4,3264.0
CES4300000001,Transportation and warehousing,1988,5,3274.6
CES4300000001,Transportation and warehousing,1988,6,3286.6
CES4300000001,Transportation and warehousing,1988,7,3298.8
CES4300000001,Transportation and warehousing,1988,8,3304.1
CES4300000001,Transportation and warehousing,1988,9,3310.8
CES4300000001,Transportation and warehousing,1988,10,3322.2
CES4300000001,Transportation and warehousing,1988,11,3338.2
CES4300000001,Transportation and warehousing,1988,12,3365.0
CES4300000001,Transportation and warehousing,1989,1,3341.0
CES4300000001,Transportation and warehousing,1989,2,3372.4
CES4300000001,Transportation and warehousing,1989,3,3354.1
CES4300000001,Transportation and warehousing,1989,4,3364.7
CES4300000001,Transportation and warehousing,1989,5,3368.4
CES4300000001,Transportation and warehousing,1989,6,3372.5
CES4300000001,Transportation and warehousing,1989,7,3384.9
CES4300000001,Transportation and warehousing,1989,8,3398.0
CES4300000001,Transportation and warehousing,1989,9,3401.0
CES4300000001,Transportation and warehousing,1989,10,3414.9
CES4300000001,Transportation and warehousing,1989,11,3430.2
CES4300000001,Transportation and warehousing,1989,12,3454.4
CES4300000001,Transportation and warehousing,1990,1,3452.9
CES4300000001,Transportation and warehousing,1990,2,3467.2
CES4300000001,Transportation and warehousing,1990,3,3474.2
CES4300000001,Transportation and warehousing,1990,4,3473.0
CES4300000001,Transportation and warehousing,1990,5,3483.4
CES4300000001,Transportation and warehousing,1990,6,3481.2
CES4300000001,Transportation and warehousing,1990,7,3477.0
CES4300000001,Transportation and warehousing,1990,8,3471.4
CES4300000001,Transportation and warehousing,1990,9,3479.7
CES4300000001,Transportation and warehousing,1990,10,3485.7
CES4300000001,Transportation and warehousing,1990,11,3483.9
CES4300000001,Transportation and warehousing,1990,12,3512.6
CES4300000001,Transportation and warehousing,1991,1,3490.2
CES4300000001,Transportation and warehousing,1991,2,3476.1
CES4300000001,Transportation and warehousing,1991,3,3466.8
CES4300000001,Transportation and warehousing,1991,4,3463.1
CES4300000001,Transportation and warehousing,1991,5,3458.5
CES4300000001,Transportation and warehousing,1991,6,3450.5
CES4300000001,Transportation and warehousing,1991,7,3465.0
CES4300000001,Transportation and warehousing,1991,8,3468.7
CES4300000001,Transportation and warehousing,1991,9,3459.8
CES4300000001,Transportation and warehousing,1991,10,3459.1
CES4300000001,Transportation and warehousing,1991,11,3459.6
CES4300000001,Transportation and warehousing,1991,12,3459.0
CES4300000001,Transportation and warehousing,1992,1,3444.0
CES4300000001,Transportation and warehousing,1992,2,3444.5
CES4300000001,Transportation and warehousing,1992,3,3449.4
CES4300000001,Transportation and warehousing,1992,4,3453.6
CES4300000001,Transportation and warehousing,1992,5,3452.4
CES4300000001,Transportation and warehousing,1992,6,3458.9
CES4300000001,Transportation and warehousing,1992,7,3456.1
CES4300000001,Transportation and warehousing,1992,8,3463.3
CES4300000001,Transportation and warehousing,1992,9,3472.1
CES4300000001,Transportation and warehousing,1992,10,3472.5
CES4300000001,Transportation and warehousing,1992,11,3475.6
CES4300000001,Transportation and warehousing,1992,12,3494.5
CES4300000001,Transportation and warehousing,1993,1,3514.6
CES4300000001,Transportation and warehousing,1993,2,3516.1
CES4300000001,Transportation and warehousing,1993,3,3518.8
CES4300000001,Transportation and warehousing,1993,4,3521.3
CES4300000001,Transportation and warehousing,1993,5,3536.9
CES4300000001,Transportation and warehousing,1993,6,3553.8
CES4300000001,Transportation and warehousing,1993,7,3563.9
CES4300000001,Transportation and warehousing,1993,8,3559.2
CES4300000001,Transportation and warehousing,1993,9,3569.2
CES4300000001,Transportation and warehousing,1993,10,3582.5
CES4300000001,Transportation and warehousing,1993,11,3594.9
CES4300000001,Transportation and warehousing,1993,12,3595.1
CES4300000001,Transportation and warehousing,1994,1,3616.2
CES4300000001,Transportation and warehousing,1994,2,3634.5
CES4300000001,Transportation and warehousing,1994,3,3658.0
CES4300000001,Transportation and warehousing,1994,4,3616.9
CES4300000001,Transportation and warehousing,1994,5,3684.2
CES4300000001,Transportation and warehousing,1994,6,3697.5
CES4300000001,Transportation and warehousing,1994,7,3713.0
CES4300000001,Transportation and warehousing,1994,8,3720.4
CES4300000001,Transportation and warehousing,1994,9,3734.7
CES4300000001,Transportation and warehousing,1994,10,3745.9
CES4300000001,Transportation and warehousing,1994,11,3761.1
CES4300000001,Transportation and warehousing,1994,12,3792.5
CES4300000001,Transportation and warehousing,1995,1,3800.2
CES4300000001,Transportation and warehousing,1995,2,3805.8
CES4300000001,Transportation and warehousing,1995,3,3814.5
CES4300000001,Transportation and warehousing,1995,4,3817.4
CES4300000001,Transportation and warehousing,1995,5,3815.7
CES4300000001,Transportation and warehousing,1995,6,3818.7
CES4300000001,Transportation and warehousing,1995,7,3813.5
CES4300000001,Transportation and warehousing,1995,8,3838.8
CES4300000001,Transportation and warehousing,1995,9,3839.2
CES4300000001,Transportation and warehousing,1995,10,3877.4
CES4300000001,Transportation and warehousing,1995,11,3898.0
CES4300000001,Transportation and warehousing,1995,12,3884.3
CES4300000001,Transportation and warehousing,1996,1,3890.6
CES4300000001,Transportation and warehousing,1996,2,3899.7
CES4300000001,Transportation and warehousing,1996,3,3908.4
CES4300000001,Transportation and warehousing,1996,4,3916.4
CES4300000001,Transportation and warehousing,1996,5,3927.4
CES4300000001,Transportation and warehousing,1996,6,3943.9
CES4300000001,Transportation and warehousing,1996,7,3958.0
CES4300000001,Transportation and warehousing,1996,8,3950.8
CES4300000001,Transportation and warehousing,1996,9,3945.1
CES4300000001,Transportation and warehousing,1996,10,3945.8
CES4300000001,Transportation and warehousing,1996,11,3955.0
CES4300000001,Transportation and warehousing,1996,12,3939.5
CES4300000001,Transportation and warehousing,1997,1,3980.1
CES4300000001,Transportation and warehousing,1997,2,3987.7
CES4300000001,Transportation and warehousing,1997,3,4000.1
CES4300000001,Transportation and warehousing,1997,4,4011.4
CES4300000001,Transportation and warehousing,1997,5,4019.5
CES4300000001,Transportation and warehousing,1997,6,4030.2
CES4300000001,Transportation and warehousing,1997,7,4032.1
CES4300000001,Transportation and warehousing,1997,8,3884.3
CES4300000001,Transportation and warehousing,1997,9,4063.5
CES4300000001,Transportation and warehousing,1997,10,4073.4
CES4300000001,Transportation and warehousing,1997,11,4080.4
CES4300000001,Transportation and warehousing,1997,12,4073.7
CES4300000001,Transportation and warehousing,1998,1,4092.5
CES4300000001,Transportation and warehousing,1998,2,4109.5
CES4300000001,Transportation and warehousing,1998,3,4118.0
CES4300000001,Transportation and warehousing,1998,4,4121.8
CES4300000001,Transportation and warehousing,1998,5,4144.7
CES4300000001,Transportation and warehousing,1998,6,4152.7
CES4300000001,Transportation and warehousing,1998,7,4163.4
CES4300000001,Transportation and warehousing,1998,8,4184.9
CES4300000001,Transportation and warehousing,1998,9,4196.1
CES4300000001,Transportation and warehousing,1998,10,4203.8
CES4300000001,Transportation and warehousing,1998,11,4212.4
CES4300000001,Transportation and warehousing,1998,12,4222.5
CES4300000001,Transportation and warehousing,1999,1,4222.9
CES4300000001,Transportation and warehousing,1999,2,4239.9
CES4300000001,Transportation and warehousing,1999,3,4247.9
CES4300000001,Transportation and warehousing,1999,4,4259.3
CES4300000001,Transportation and warehousing,1999,5,4272.1
CES4300000001,Transportation and warehousing,1999,6,4289.1
CES4300000001,Transportation and warehousing,1999,7,4295.0
CES4300000001,Transportation and warehousing,1999,8,4301.7
CES4300000001,Transportation and warehousing,1999,9,4321.6
CES4300000001,Transportation and warehousing,1999,10,4332.7
CES4300000001,Transportation and warehousing,1999,11,4343.9
CES4300000001,Transportation and warehousing,1999,12,4355.2
CES4300000001,Transportation and warehousing,2000,1,4363.7
CES4300000001,Transportation and warehousing,2000,2,4372.8
CES4300000001,Transportation and warehousing,2000,3,4381.3
CES4300000001,Transportation and warehousing,2000,4,4386.5
CES4300000001,Transportation and warehousing,2000,5,4381.3
CES4300000001,Transportation and warehousing,2000,6,4391.8
CES4300000001,Transportation and warehousing,2000,7,4402.5
CES4300000001,Transportation and warehousing,2000,8,4420.0
CES4300000001,Transportation and warehousing,2000,9,4408.6
CES4300000001,Transportation and warehousing,2000,10,4420.1
CES4300000001,Transportation and warehousing,2000,11,4435.3
CES4300000001,Transportation and warehousing,2000,12,4462.9
CES4300000001,Transportation and warehousing,2001,1,4428.6
CES4300000001,Transportation and warehousing,2001,2,4425.1
CES4300000001,Transportation and warehousing,2001,3,4431.1
CES4300000001,Transportation and warehousing,2001,4,4412.1
CES4300000001,Transportation and warehousing,2001,5,4408.1
CES4300000001,Transportation and warehousing,2001,6,4387.1
CES4300000001,Transportation and warehousing,2001,7,4390.3
CES4300000001,Transportation and warehousing,2001,8,4381.8
CES4300000001,Transportation and warehousing,2001,9,4322.3
CES4300000001,Transportation and warehousing,2001,10,4288.6
CES4300000001,Transportation and warehousing,2001,11,4241.8
CES4300000001,Transportation and warehousing,2001,12,4227.2
CES4300000001,Transportation and warehousing,2002,1,4205.5
CES4300000001,Transportation and warehousing,2002,2,4211.6
CES4300000001,Transportation and warehousing,2002,3,4201.8
CES4300000001,Transportation and warehousing,2002,4,4202.0
CES4300000001,Transportation and warehousing,2002,5,4206.8
CES4300000001,Transportation and warehousing,2002,6,4214.8
CES4300000001,Transportation and warehousing,2002,7,4228.2
CES4300000001,Transportation and warehousing,2002,8,4232.1
CES4300000001,Transportation and warehousing,2002,9,4202.6
CES4300000001,Transportation and warehousing,2002,10,4213.2
CES4300000001,Transportation and warehousing,2002,11,4212.5
CES4300000001,Transportation and warehousing,2002,12,4211.8
CES4300000001,Transportation and warehousing,2003,1,4197.0
CES4300000001,Transportation and warehousing,2003,2,4201.8
CES4300000001,Transportation and warehousing,2003,3,4188.3
CES4300000001,Transportation and warehousing,2003,4,4170.4
CES4300000001,Transportation and warehousing,2003,5,4166.4
CES4300000001,Transportation and warehousing,2003,6,4158.4
CES4300000001,Transportation and warehousing,2003,7,4150.3
CES4300000001,Transportation and warehousing,2003,8,4151.7
CES4300000001,Transportation and warehousing,2003,9,4162.1
CES4300000001,Transportation and warehousing,2003,10,4171.3
CES4300000001,Transportation and warehousing,2003,11,4174.8
CES4300000001,Transportation and warehousing,2003,12,4161.6
CES4300000001,Transportation and warehousing,2004,1,4191.7
CES4300000001,Transportation and warehousing,2004,2,4196.3
CES4300000001,Transportation and warehousing,2004,3,4213.0
CES4300000001,Transportation and warehousing,2004,4,4206.8
CES4300000001,Transportation and warehousing,2004,5,4219.7
CES4300000001,Transportation and warehousing,2004,6,4234.3
CES4300000001,Transportation and warehousing,2004,7,4244.0
CES4300000001,Transportation and warehousing,2004,8,4250.3
CES4300000001,Transportation and warehousing,2004,9,4262.6
CES4300000001,Transportation and warehousing,2004,10,4271.9
CES4300000001,Transportation and warehousing,2004,11,4270.3
CES4300000001,Transportation and warehousing,2004,12,4288.1
CES4300000001,Transportation and warehousing,2005,1,4297.2
CES4300000001,Transportation and warehousing,2005,2,4310.5
CES4300000001,Transportation and warehousing,2005,3,4320.3
CES4300000001,Transportation and warehousing,2005,4,4335.5
CES4300000001,Transportation and warehousing,2005,5,4345.2
CES4300000001,Transportation and warehousing,2005,6,4345.9
CES4300000001,Transportation and warehousing,2005,7,4358.4
CES4300000001,Transportation and warehousing,2005,8,4363.4
CES4300000001,Transportation and warehousing,2005,9,4366.5
CES4300000001,Transportation and warehousing,2005,10,4373.3
CES4300000001,Transportation and warehousing,2005,11,4386.5
CES4300000001,Transportation and warehousing,2005,12,4391.3
CES4300000001,Transportation and warehousing,2006,1,4407.9
CES4300000001,Transportation and warehousing,2006,2,4418.1
CES4300000001,Transportation and warehousing,2006,3,4417.8
CES4300000001,Transportation and warehousing,2006,4,4433.3
CES4300000001,Transportation and warehousing,2006,5,4445.8
CES4300000001,Transportation and warehousing,2006,6,4451.3
CES4300000001,Transportation and warehousing,2006,7,4465.7
CES4300000001,Transportation and warehousing,2006,8,4465.3
CES4300000001,Transportation and warehousing,2006,9,4474.5
CES4300000001,Transportation and warehousing,2006,10,4484.0
CES4300000001,Transportation and warehousing,2006,11,4496.1
CES4300000001,Transportation and warehousing,2006,12,4516.5
CES4300000001,Transportation and warehousing,2007,1,4518.0
CES4300000001,Transportation and warehousing,2007,2,4519.1
CES4300000001,Transportation and warehousing,2007,3,4522.5
CES4300000001,Transportation and warehousing,2007,4,4525.0
CES4300000001,Transportation and warehousing,2007,5,4526.4
CES4300000001,Transportation and warehousing,2007,6,4524.9
CES4300000001,Transportation and warehousing,2007,7,4527.9
CES4300000001,Transportation and warehousing,2007,8,4524.0
CES4300000001,Transportation and warehousing,2007,9,4546.0
CES4300000001,Transportation and warehousing,2007,10,4541.4
CES4300000001,Transportation and warehousing,2007,11,4538.6
CES4300000001,Transportation and warehousing,2007,12,4536.0
CES4300000001,Transportation and warehousing,2008,1,4537.8
CES4300000001,Transportation and warehousing,2008,2,4541.6
CES4300000001,Transportation and warehousing,2008,3,4542.4
CES4300000001,Transportation and warehousing,2008,4,4546.8
CES4300000001,Transportation and warehousing,2008,5,4535.2
CES4300000001,Transportation and warehousing,2008,6,4522.6
CES4300000001,Transportation and warehousing,2008,7,4517.4
CES4300000001,Transportation and warehousing,2008,8,4500.4
CES4300000001,Transportation and warehousing,2008,9,4464.8
CES4300000001,Transportation and warehousing,2008,10,4450.0
CES4300000001,Transportation and warehousing,2008,11,4409.1
CES4300000001,Transportation and warehousing,2008,12,4382.2
CES4300000001,Transportation and warehousing,2009,1,4358.5
CES4300000001,Transportation and warehousing,2009,2,4334.5
CES4300000001,Transportation and warehousing,2009,3,4301.0
CES4300000001,Transportation and warehousing,2009,4,4255.3
CES4300000001,Transportation and warehousing,2009,5,4237.4
CES4300000001,Transportation and warehousing,2009,6,4219.8
CES4300000001,Transportation and warehousing,2009,7,4198.2
CES4300000001,Transportation and warehousing,2009,8,4187.8
CES4300000001,Transportation and warehousing,2009,9,4179.5
CES4300000001,Transportation and warehousing,2009,10,4163.8
CES4300000001,Transportation and warehousing,2009,11,4158.3
CES4300000001,Transportation and warehousing,2009,12,4108.4
CES4300000001,Transportation and warehousing,2010,1,4129.0
CES4300000001,Transportation and warehousing,2010,2,4129.4
CES4300000001,Transportation and warehousing,2010,3,4140.8
CES4300000001,Transportation and warehousing,2010,4,4147.1
CES4300000001,Transportation and warehousing,2010,5,4158.3
CES4300000001,Transportation and warehousing,2010,6,4175.2
CES4300000001,Transportation and warehousing,2010,7,4192.6
CES4300000001,Transportation and warehousing,2010,8,4188.9
CES4300000001,Transportation and warehousing,2010,9,4206.3
CES4300000001,Transportation and warehousing,2010,10,4216.4
CES4300000001,Transportation and warehousing,2010,11,4225.3
CES4300000001,Transportation and warehousing,2010,12,4250.1
CES4300000001,Transportation and warehousing,2011,1,4217.3
CES4300000001,Transportation and warehousing,2011,2,4248.2
CES4300000001,Transportation and warehousing,2011,3,4258.7
CES4300000001,Transportation and warehousing,2011,4,4277.4
CES4300000001,Transportation and warehousing,2011,5,4285.6
CES4300000001,Transportation and warehousing,2011,6,4301.5
CES4300000001,Transportation and warehousing,2011,7,4303.8
CES4300000001,Transportation and warehousing,2011,8,4310.6
CES4300000001,Transportation and warehousing,2011,9,4315.9
CES4300000001,Transportation and warehousing,2011,10,4324.1
CES4300000001,Transportation and warehousing,2011,11,4328.2
CES4300000001,Transportation and warehousing,2011,12,4328.3
CES4300000001,Transportation and warehousing,2012,1,4346.3
CES4300000001,Transportation and warehousing,2012,2,4372.2
CES4300000001,Transportation and warehousing,2012,3,4377.0
CES4300000001,Transportation and warehousing,2012,4,4364.9
CES4300000001,Transportation and warehousing,2012,5,4397.5
CES4300000001,Transportation and warehousing,2012,6,4397.7
CES4300000001,Transportation and warehousing,2012,7,4409.9
CES4300000001,Transportation and warehousing,2012,8,4422.2
CES4300000001,Transportation and warehousing,2012,9,4426.1
CES4300000001,Transportation and warehousing,2012,10,4436.6
CES4300000001,Transportation and warehousing,2012,11,4428.1
CES4300000001,Transportation and warehousing,2012,12,4463.7
CES4300000001,Transportation and warehousing,2013,1,4465.0
CES4300000001,Transportation and warehousing,2013,2,4463.3
CES4300000001,Transportation and warehousing,2013,3,4456.9
CES4300000001,Transportation and warehousing,2013,4,4471.4
CES4300000001,Transportation and warehousing,2013,5,4467.5
CES4300000001,Transportation and warehousing,2013,6,4471.8
CES4300000001,Transportation and warehousing,2013,7,4463.9
CES4300000001,Transportation and warehousing,2013,8,4479.8
CES4300000001,Transportation and warehousing,2013,9,4506.2
CES4300000001,Transportation and warehousing,2013,10,4512.2
CES4300000001,Transportation and warehousing,2013,11,4529.8
CES4300000001,Transportation and warehousing,2013,12,4541.2
CES4300000001,Transportation and warehousing,2014,1,4561.9
CES4300000001,Transportation and warehousing,2014,2,4556.8
CES4300000001,Transportation and warehousing,2014,3,4572.6
CES4300000001,Transportation and warehousing,2014,4,4586.5
CES4300000001,Transportation and warehousing,2014,5,4614.8
CES4300000001,Transportation and warehousing,2014,6,4634.0
CES4300000001,Transportation and warehousing,2014,7,4661.5
CES4300000001,Transportation and warehousing,2014,8,4676.2
CES4300000001,Transportation and warehousing,2014,9,4690.1
CES4300000001,Transportation and warehousing,2014,10,4710.0
CES4300000001,Transportation and warehousing,2014,11,4732.6
CES4300000001,Transportation and warehousing,2014,12,4760.5
CES4300000001,Transportation and warehousing,2015,1,4769.8
CES4300000001,Transportation and warehousing,2015,2,4786.0
CES4300000001,Transportation and warehousing,2015,3,4799.0
CES4300000001,Transportation and warehousing,2015,4,4805.9
CES4300000001,Transportation and warehousing,2015,5,4828.1
CES4300000001,Transportation and warehousing,2015,6,4855.2
CES4300000001,Transportation and warehousing,2015,7,4878.6
CES4300000001,Transportation and warehousing,2015,8,4889.4
CES4300000001,Transportation and warehousing,2015,9,4898.4
CES4300000001,Transportation and warehousing,2015,10,4898.8
CES4300000001,Transportation and warehousing,2015,11,4914.7
CES4300000001,Transportation and warehousing,2015,12,4946.0
CES4300000001,Transportation and warehousing,2016,1,4914.5
CES4300000001,Transportation and warehousing,2016,2,4930.3
CES4300000001,Transportation and warehousing,2016,3,4948.9
CES4300000001,Transportation and warehousing,2016,4,4964.8
CES4300000001,Transportation and warehousing,2016,5,4979.9
CES4300000001,Transportation and warehousing,2016,6,4984.1
CES4300000001,Transportation and warehousing,2016,7,5009.2
CES4300000001,Transportation and warehousing,2016,8,5035.8
CES4300000001,Transportation and warehousing,2016,9,5030.8
CES4300000001,Transportation and warehousing,2016,10,5047.4
CES4300000001,Transportation and warehousing,2016,11,5064.8
CES4300000001,Transportation and warehousing,2016,12,5096.9
CES4300000001,Transportation and warehousing,2017,1,5081.9
CES4300000001,Transportation and warehousing,2017,2,5098.9
CES4300000001,Transportation and warehousing,2017,3,5112.9
CES4300000001,Transportation and warehousing,2017,4,5131.5
CES4300000001,Transportation and warehousing,2017,5,5161.6
CES4300000001,Transportation and warehousing,2017,6,5176.8
CES4300000001,Transportation and warehousing,2017,7,5186.3
CES4300000001,Transportation and warehousing,2017,8,5198.8
CES4300000001,Transportation and warehousing,2017,9,5229.8
CES4300000001,Transportation and warehousing,2017,10,5247.3
CES4300000001,Transportation and warehousing,2017,11,5257.7
CES4300000001,Transportation and warehousing,2017,12,5281.9
CES4300000001,Transportation and warehousing,2018,1,5290.3
CES4300000001,Transportation and warehousing,2018,2,5314.3
CES4300000001,Transportation and warehousing,2018,3,5353.1
CES4300000001,Transportation and warehousing,2018,4,5373.2
CES4300000001,Transportation and warehousing,2018,5,5404.2
CES4300000001,Transportation and warehousing,2018,6,5425.5
CES4300000001,Transportation and warehousing,2018,7,5433.4
CES4300000001,Transportation and warehousing,2018,8,5468.1
CES4300000001,Transportation and warehousing,2018,9,5488.6
CES4300000001,Transportation and warehousing,2018,10,5516.9
CES4300000001,Transportation and warehousing,2018,11,5536.1
CES4300000001,Transportation and warehousing,2018,12,5521.6
CES4300000001,Transportation and warehousing,2019,1,5587.6
CES4300000001,Transportation and warehousing,2019,2,5571.9
CES4300000001,Transportation and warehousing,2019,3,5584.7
CES4300000001,Transportation and warehousing,2019,4,5617.2
CES4300000001,Transportation and warehousing,2019,5,5639.1
CES4300000001,Transportation and warehousing,2019,6,5675.2
CES4300000001,Transportation and warehousing,2019,7,5687.8
CES4300000001,Transportation and warehousing,2019,8,5695.8
CES4300000001,Transportation and warehousing,2019,9,5710.2
CES4300000001,Transportation and warehousing,2019,10,5717.5
CES4300000001,Transportation and warehousing,2019,11,5735.9
CES4300000001,Transportation and warehousing,2019,12,5760.3
CES4300000001,Transportation and warehousing,2020,1,5819.5
CES4300000001,Transportation and warehousing,2020,2,5777.5
CES4300000001,Transportation and warehousing,2020,3,5802.6
CES4300000001,Transportation and warehousing,2020,4,5288.7
CES4300000001,Transportation and warehousing,2020,5,5301.4
CES4300000001,Transportation and warehousing,2020,6,5430.0
CES4300000001,Transportation and warehousing,2020,7,5493.4
CES4300000001,Transportation and warehousing,2020,8,5590.2
CES4300000001,Transportation and warehousing,2020,9,5656.4
CES4300000001,Transportation and warehousing,2020,10,5737.8
CES4300000001,Transportation and warehousing,2020,11,5853.1
CES4300000001,Transportation and warehousing,2020,12,5872.9
CES4300000001,Transportation and warehousing,2021,1,5885.3
CES4300000001,Transportation and warehousing,2021,2,5926.8
CES4300000001,Transportation and warehousing,2021,3,6013.6
CES4300000001,Transportation and warehousing,2021,4,6001.3
CES4300000001,Transportation and warehousing,2021,5,6022.7
CES4300000001,Transportation and warehousing,2021,6,6081.5
CES4300000001,Transportation and warehousing,2021,7,6145.2
CES4300000001,Transportation and warehousing,2021,8,6197.9
CES4300000001,Transportation and warehousing,2021,9,6247.7
CES4300000001,Transportation and warehousing,2021,10,6319.2
CES4300000001,Transportation and warehousing,2021,11,6396.2
CES4300000001,Transportation and warehousing,2021,12,6465.0
CES4300000001,Transportation and warehousing,2022,1,6487.3
CES4300000001,Transportation and warehousing,2022,2,6562.7
CES4300000001,Transportation and warehousing,2022,3,6590.7
CES4300000001,Transportation and warehousing,2022,4,6607.9
CES4300000001,Transportation and warehousing,2022,5,6627.2
CES4300000001,Transportation and warehousing,2022,6,6636.4
CES4300000001,Transportation and warehousing,2022,7,6648.8
CES4300000001,Transportation and warehousing,2022,8,6638.4
CES4300000001,Transportation and warehousing,2022,9,6626.3
CES4300000001,Transportation and warehousing,2022,10,6638.8
CES4300000001,Transportation and warehousing,2022,11,6616.0
CES4300000001,Transportation and warehousing,2022,12,6606.5
CES4300000001,Transportation and warehousing,2023,1,6614.3
CES4300000001,Transportation and warehousing,2023,2,6584.9
CES4300000001,Transportation and warehousing,2023,3,6574.3
CES4300000001,Transportation and warehousing,2023,4,6577.2
CES4300000001,Transportation and warehousing,2023,5,6600.6
CES4300000001,Transportation and warehousing,2023,6,6589.4
CES4300000001,Transportation and warehousing,2023,7,6589.4
CES4300000001,Transportation and warehousing,2023,8,6574.5
CES4300000001,Transportation and warehousing,2023,9,6595.3
CES4300000001,Transportation and warehousing,2023,10,6612.2
CES4300000001,Transportation and warehousing,2023,11,6611.0
CES4300000001,Transportation and warehousing,2023,12,6560.6
CES4300000001,Transportation and warehousing,2024,1,6562.5
CES4300000001,Transportation and warehousing,2024,2,6600.3
CES4300000001,Transportation and warehousing,2024,3,6610.1
CES4300000001,Transportation and warehousing,2024,4,6631.4
CES4300000001,Transportation and warehousing,2024,5,6644.6
CES4300000001,Transportation and warehousing,2024,6,6647.2
CES4300000001,Transportation and warehousing,2024,7,6646.0
CES4300000001,Transportation and warehousing,2024,8,6643.2
CES4300000001,Transportation and warehousing,2024,9,6659.4
CES4300000001,Transportation and warehousing,2024,10,6650.2
CES4300000001,Transportation and warehousing,2024,11,6659.6
CES4300000001,Transportation and warehousing,2024,12,6663.2
CES4300000001,Transportation and warehousing,2025,1,6664.9
CES4300000001,Transportation and warehousing,2025,2,6689.1
CES4300000001,Transportation and warehousing,2025,3,6671.7
CES4300000001,Transportation and warehousing,2025,4,6655.4
CES4300000001,Transportation and warehousing,2025,5,6655.5
CES4300000001,Transportation and warehousing,2025,6,6655.5
CES4300000001,Transportation and warehousing,2025,7,6659.4
CES4300000001,Transportation and warehousing,2025,8,6657.8
CES4300000001,Transportation and warehousing,2025,9,6618.5
CES4300000001,Transportation and warehousing,2025,10,6619.1
CES4300000001,Transportation and warehousing,2025,11,6560.2
CES4300000001,Transportation and warehousing,2025,12,6555.4
CES5000000001,Information,1976,1,2083.0
CES5000000001,Information,1976,2,2093.0
CES5000000001,Information,1976,3,2100.0
CES5000000001,Information,1976,4,2106.0
CES5000000001,Information,1976,5,2106.0
CES5000000001,Information,1976,6,2111.0
CES5000000001,Information,1976,7,2115.0
CES5000000001,Information,1976,8,2118.0
CES5000000001,Information,1976,9,2123.0
CES5000000001,Information,1976,10,2119.0
CES5000000001,Information,1976,11,2129.0
CES5000000001,Information,1976,12,2136.0
CES5000000001,Information,1977,1,2145.0
CES5000000001,Information,1977,2,2151.0
CES5000000001,Information,1977,3,2157.0
CES5000000001,Information,1977,4,2166.0
CES5000000001,Information,1977,5,2177.0
CES5000000001,Information,1977,6,2185.0
CES5000000001,Information,1977,7,2192.0
CES5000000001,Information,1977,8,2196.0
CES5000000001,Information,1977,9,2205.0
CES5000000001,Information,1977,10,2208.0
CES5000000001,Information,1977,11,2218.0
CES5000000001,Information,1977,12,2227.0
CES5000000001,Information,1978,1,2234.0
CES5000000001,Information,1978,2,2244.0
CES5000000001,Information,1978,3,2255.0
CES5000000001,Information,1978,4,2268.0
CES5000000001,Information,1978,5,2277.0
CES5000000001,Information,1978,6,2291.0
CES5000000001,Information,1978,7,2285.0
CES5000000001,Information,1978,8,2296.0
CES5000000001,Information,1978,9,2301.0
CES5000000001,Information,1978,10,2316.0
CES5000000001,Information,1978,11,2332.0
CES5000000001,Information,1978,12,2341.0
CES5000000001,Information,1979,1,2347.0
CES5000000001,Information,1979,2,2355.0
CES5000000001,Information,1979,3,2363.0
CES5000000001,Information,1979,4,2344.0
CES5000000001,Information,1979,5,2372.0
CES5000000001,Information,1979,6,2391.0
CES5000000001,Information,1979,7,2386.0
CES5000000001,Information,1979,8,2385.0
CES5000000001,Information,1979,9,2386.0
CES5000000001,Information,1979,10,2389.0
CES5000000001,Information,1979,11,2391.0
CES5000000001,Information,1979,12,2392.0
CES5000000001,Information,1980,1,2391.0
CES5000000001,Information,1980,2,2389.0
CES5000000001,Information,1980,3,2390.0
CES5000000001,Information,1980,4,2377.0
CES5000000001,Information,1980,5,2365.0
CES5000000001,Information,1980,6,2351.0
CES5000000001,Information,1980,7,2339.0
CES5000000001,Information,1980,8,2323.0
CES5000000001,Information,1980,9,2325.0
CES5000000001,Information,1980,10,2354.0
CES5000000001,Information,1980,11,2359.0
CES5000000001,Information,1980,12,2364.0
CES5000000001,Information,1981,1,2372.0
CES5000000001,Information,1981,2,2373.0
CES5000000001,Information,1981,3,2377.0
CES5000000001,Information,1981,4,2382.0
CES5000000001,Information,1981,5,2385.0
CES5000000001,Information,1981,6,2389.0
CES5000000001,Information,1981,7,2392.0
CES5000000001,Information,1981,8,2392.0
CES5000000001,Information,1981,9,2390.0
CES5000000001,Information,1981,10,2385.0
CES5000000001,Information,1981,11,2379.0
CES5000000001,Information,1981,12,2367.0
CES5000000001,Information,1982,1,2360.0
CES5000000001,Information,1982,2,2355.0
CES5000000001,Information,1982,3,2348.0
CES5000000001,Information,1982,4,2336.0
CES5000000001,Information,1982,5,2334.0
CES5000000001,Information,1982,6,2324.0
CES5000000001,Information,1982,7,2314.0
CES5000000001,Information,1982,8,2304.0
CES5000000001,Information,1982,9,2295.0
CES5000000001,Information,1982,10,2285.0
CES5000000001,Information,1982,11,2279.0
CES5000000001,Information,1982,12,2276.0
CES5000000001,Information,1983,1,2272.0
CES5000000001,Information,1983,2,2269.0
CES5000000001,Information,1983,3,2274.0
CES5000000001,Information,1983,4,2282.0
CES5000000001,Information,1983,5,2288.0
CES5000000001,Information,1983,6,2294.0
CES5000000001,Information,1983,7,2303.0
CES5000000001,Information,1983,8,1717.0
CES5000000001,Information,1983,9,2323.0
CES5000000001,Information,1983,10,2331.0
CES5000000001,Information,1983,11,2337.0
CES5000000001,Information,1983,12,2341.0
CES5000000001,Information,1984,1,2359.0
CES5000000001,Information,1984,2,2368.0
CES5000000001,Information,1984,3,2378.0
CES5000000001,Information,1984,4,2384.0
CES5000000001,Information,1984,5,2392.0
CES5000000001,Information,1984,6,2401.0
CES5000000001,Information,1984,7,2406.0
CES5000000001,Information,1984,8,2411.0
CES5000000001,Information,1984,9,2412.0
CES5000000001,Information,1984,10,2418.0
CES5000000001,Information,1984,11,2421.0
CES5000000001,Information,1984,12,2424.0
CES5000000001,Information,1985,1,2429.0
CES5000000001,Information,1985,2,2430.0
CES5000000001,Information,1985,3,2423.0
CES5000000001,Information,1985,4,2432.0
CES5000000001,Information,1985,5,2434.0
CES5000000001,Information,1985,6,2437.0
CES5000000001,Information,1985,7,2438.0
CES5000000001,Information,1985,8,2437.0
CES5000000001,Information,1985,9,2440.0
CES5000000001,Information,1985,10,2444.0
CES5000000001,Information,1985,11,2448.0
CES5000000001,Information,1985,12,2449.0
CES5000000001,Information,1986,1,2450.0
CES5000000001,Information,1986,2,2450.0
CES5000000001,Information,1986,3,2449.0
CES5000000001,Information,1986,4,2450.0
CES5000000001,Information,1986,5,2451.0
CES5000000001,Information,1986,6,2365.0
CES5000000001,Information,1986,7,2453.0
CES5000000001,Information,1986,8,2420.0
CES5000000001,Information,1986,9,2458.0
CES5000000001,Information,1986,10,2452.0
CES5000000001,Information,1986,11,2465.0
CES5000000001,Information,1986,12,2468.0
CES5000000001,Information,1987,1,2472.0
CES5000000001,Information,1987,2,2477.0
CES5000000001,Information,1987,3,2484.0
CES5000000001,Information,1987,4,2492.0
CES5000000001,Information,1987,5,2496.0
CES5000000001,Information,1987,6,2501.0
CES5000000001,Information,1987,7,2508.0
CES5000000001,Information,1987,8,2516.0
CES5000000001,Information,1987,9,2526.0
CES5000000001,Information,1987,10,2533.0
CES5000000001,Information,1987,11,2538.0
CES5000000001,Information,1987,12,2543.0
CES5000000001,Information,1988,1,2549.0
CES5000000001,Information,1988,2,2555.0
CES5000000001,Information,1988,3,2563.0
CES5000000001,Information,1988,4,2568.0
CES5000000001,Information,1988,5,2575.0
CES5000000001,Information,1988,6,2583.0
CES5000000001,Information,1988,7,2585.0
CES5000000001,Information,1988,8,2592.0
CES5000000001,Information,1988,9,2601.0
CES5000000001,Information,1988,10,2609.0
CES5000000001,Information,1988,11,2616.0
CES5000000001,Information,1988,12,2626.0
CES5000000001,Information,1989,1,2620.0
CES5000000001,Information,1989,2,2627.0
CES5000000001,Information,1989,3,2629.0
CES5000000001,Information,1989,4,2637.0
CES5000000001,Information,1989,5,2643.0
CES5000000001,Information,1989,6,2646.0
CES5000000001,Information,1989,7,2639.0
CES5000000001,Information,1989,8,2498.0
CES5000000001,Information,1989,9,2610.0
CES5000000001,Information,1989,10,2616.0
CES5000000001,Information,1989,11,2620.0
CES5000000001,Information,1989,12,2682.0
CES5000000001,Information,1990,1,2671.0
CES5000000001,Information,1990,2,2676.0
CES5000000001,Information,1990,3,2680.0
CES5000000001,Information,1990,4,2684.0
CES5000000001,Information,1990,5,2689.0
CES5000000001,Information,1990,6,2694.0
CES5000000001,Information,1990,7,2697.0
CES5000000001,Information,1990,8,2696.0
CES5000000001,Information,1990,9,2693.0
CES5000000001,Information,1990,10,2694.0
CES5000000001,Information,1990,11,2690.0
CES5000000001,Information,1990,12,2692.0
CES5000000001,Information,1991,1,2697.0
CES5000000001,Information,1991,2,2693.0
CES5000000001,Information,1991,3,2689.0
CES5000000001,Information,1991,4,2689.0
CES5000000001,Information,1991,5,2684.0
CES5000000001,Information,1991,6,2680.0
CES5000000001,Information,1991,7,2677.0
CES5000000001,Information,1991,8,2671.0
CES5000000001,Information,1991,9,2670.0
CES5000000001,Information,1991,10,2667.0
CES5000000001,Information,1991,11,2656.0
CES5000000001,Information,1991,12,2656.0
CES5000000001,Information,1992,1,2638.0
CES5000000001,Information,1992,2,2640.0
CES5000000001,Information,1992,3,2642.0
CES5000000001,Information,1992,4,2639.0
CES5000000001,Information,1992,5,2638.0
CES5000000001,Information,1992,6,2638.0
CES5000000001,Information,1992,7,2637.0
CES5000000001,Information,1992,8,2635.0
CES5000000001,Information,1992,9,2638.0
CES5000000001,Information,1992,10,2645.0
CES5000000001,Information,1992,11,2650.0
CES5000000001,Information,1992,12,2654.0
CES5000000001,Information,1993,1,2655.0
CES5000000001,Information,1993,2,2656.0
CES5000000001,Information,1993,3,2651.0
CES5000000001,Information,1993,4,2658.0
CES5000000001,Information,1993,5,2661.0
CES5000000001,Information,1993,6,2666.0
CES5000000001,Information,1993,7,2667.0
CES5000000001,Information,1993,8,2674.0
CES5000000001,Information,1993,9,2674.0
CES5000000001,Information,1993,10,2677.0
CES5000000001,Information,1993,11,2683.0
CES5000000001,Information,1993,12,2691.0
CES5000000001,Information,1994,1,2700.0
CES5000000001,Information,1994,2,2708.0
CES5000000001,Information,1994,3,2713.0
CES5000000001,Information,1994,4,2722.0
CES5000000001,Information,1994,5,2726.0
CES5000000001,Information,1994,6,2731.0
CES5000000001,Information,1994,7,2735.0
CES5000000001,Information,1994,8,2751.0
CES5000000001,Information,1994,9,2752.0
CES5000000001,Information,1994,10,2765.0
CES5000000001,Information,1994,11,2776.0
CES5000000001,Information,1994,12,2789.0
CES5000000001,Information,1995,1,2785.0
CES5000000001,Information,1995,2,2814.0
CES5000000001,Information,1995,3,2823.0
CES5000000001,Information,1995,4,2833.0
CES5000000001,Information,1995,5,2834.0
CES5000000001,Information,1995,6,2837.0
CES5000000001,Information,1995,7,2849.0
CES5000000001,Information,1995,8,2851.0
CES5000000001,Information,1995,9,2864.0
CES5000000001,Information,1995,10,2873.0
CES5000000001,Information,1995,11,2880.0
CES5000000001,Information,1995,12,2884.0
CES5000000001,Information,1996,1,2888.0
CES5000000001,Information,1996,2,2892.0
CES5000000001,Information,1996,3,2903.0
CES5000000001,Information,1996,4,2910.0
CES5000000001,Information,1996,5,2920.0
CES5000000001,Information,1996,6,2932.0
CES5000000001,Information,1996,7,2945.0
CES5000000001,Information,1996,8,2957.0
CES5000000001,Information,1996,9,2969.0
CES5000000001,Information,1996,10,2977.0
CES5000000001,Information,1996,11,2990.0
CES5000000001,Information,1996,12,2997.0
CES5000000001,Information,1997,1,3009.0
CES5000000001,Information,1997,2,3025.0
CES5000000001,Information,1997,3,3044.0
CES5000000001,Information,1997,4,3056.0
CES5000000001,Information,1997,5,3071.0
CES5000000001,Information,1997,6,3087.0
CES5000000001,Information,1997,7,3093.0
CES5000000001,Information,1997,8,3103.0
CES5000000001,Information,1997,9,3108.0
CES5000000001,Information,1997,10,3123.0
CES5000000001,Information,1997,11,3132.0
CES5000000001,Information,1997,12,3146.0
CES5000000001,Information,1998,1,3155.0
CES5000000001,Information,1998,2,3169.0
CES5000000001,Information,1998,3,3177.0
CES5000000001,Information,1998,4,3193.0
CES5000000001,Information,1998,5,3203.0
CES5000000001,Information,1998,6,3209.0
CES5000000001,Information,1998,7,3227.0
CES5000000001,Information,1998,8,3230.0
CES5000000001,Information,1998,9,3241.0
CES5000000001,Information,1998,10,3258.0
CES5000000001,Information,1998,11,3271.0
CES5000000001,Information,1998,12,3288.0
CES5000000001,Information,1999,1,3303.0
CES5000000001,Information,1999,2,3330.0
CES5000000001,Information,1999,3,3336.0
CES5000000001,Information,1999,4,3357.0
CES5000000001,Information,1999,5,3391.0
CES5000000001,Information,1999,6,3405.0
CES5000000001,Information,1999,7,3427.0
CES5000000001,Information,1999,8,3451.0
CES5000000001,Information,1999,9,3476.0
CES5000000001,Information,1999,10,3497.0
CES5000000001,Information,1999,11,3515.0
CES5000000001,Information,1999,12,3532.0
CES5000000001,Information,2000,1,3552.0
CES5000000001,Information,2000,2,3570.0
CES5000000001,Information,2000,3,3591.0
CES5000000001,Information,2000,4,3609.0
CES5000000001,Information,2000,5,3615.0
CES5000000001,Information,2000,6,3642.0
CES5000000001,Information,2000,7,3658.0
CES5000000001,Information,2000,8,3584.0
CES5000000001,Information,2000,9,3676.0
CES5000000001,Information,2000,10,3676.0
CES5000000001,Information,2000,11,3685.0
CES5000000001,Information,2000,12,3707.0
CES5000000001,Information,2001,1,3711.0
CES5000000001,Information,2001,2,3716.0
CES5000000001,Information,2001,3,3718.0
CES5000000001,Information,2001,4,3686.0
CES5000000001,Information,2001,5,3663.0
CES5000000001,Information,2001,6,3642.0
CES5000000001,Information,2001,7,3619.0
CES5000000001,Information,2001,8,3598.0
CES5000000001,Information,2001,9,3581.0
CES5000000001,Information,2001,10,3557.0
CES5000000001,Information,2001,11,3536.0
CES5000000001,Information,2001,12,3521.0
CES5000000001,Information,2002,1,3495.0
CES5000000001,Information,2002,2,3471.0
CES5000000001,Information,2002,3,3454.0
CES5000000001,Information,2002,4,3435.0
CES5000000001,Information,2002,5,3417.0
CES5000000001,Information,2002,6,3401.0
CES5000000001,Information,2002,7,3381.0
CES5000000001,Information,2002,8,3370.0
CES5000000001,Information,2002,9,3344.0
CES5000000001,Information,2002,10,3349.0
CES5000000001,Information,2002,11,3328.0
CES5000000001,Information,2002,12,3288.0
CES5000000001,Information,2003,1,3264.0
CES5000000001,Information,2003,2,3235.0
CES5000000001,Information,2003,3,3221.0
CES5000000001,Information,2003,4,3208.0
CES5000000001,Information,2003,5,3194.0
CES5000000001,Information,2003,6,3182.0
CES5000000001,Information,2003,7,3176.0
CES5000000001,Information,2003,8,3163.0
CES5000000001,Information,2003,9,3162.0
CES5000000001,Information,2003,10,3155.0
CES5000000001,Information,2003,11,3150.0
CES5000000001,Information,2003,12,3150.0
CES5000000001,Information,2004,1,3141.0
CES5000000001,Information,2004,2,3141.0
CES5000000001,Information,2004,3,3134.0
CES5000000001,Information,2004,4,3130.0
CES5000000001,Information,2004,5,3135.0
CES5000000001,Information,2004,6,3136.0
CES5000000001,Information,2004,7,3124.0
CES5000000001,Information,2004,8,3108.0
CES5000000001,Information,2004,9,3096.0
CES5000000001,Information,2004,10,3099.0
CES5000000001,Information,2004,11,3088.0
CES5000000001,Information,2004,12,3077.0
CES5000000001,Information,2005,1,3071.0
CES5000000001,Information,2005,2,3057.0
CES5000000001,Information,2005,3,3062.0
CES5000000001,Information,2005,4,3066.0
CES5000000001,Information,2005,5,3062.0
CES5000000001,Information,2005,6,3057.0
CES5000000001,Information,2005,7,3061.0
CES5000000001,Information,2005,8,3063.0
CES5000000001,Information,2005,9,3070.0
CES5000000001,Information,2005,10,3055.0
CES5000000001,Information,2005,11,3055.0
CES5000000001,Information,2005,12,3052.0
CES5000000001,Information,2006,1,3054.0
CES5000000001,Information,2006,2,3052.0
CES5000000001,Information,2006,3,3055.0
CES5000000001,Information,2006,4,3047.0
CES5000000001,Information,2006,5,3039.0
CES5000000001,Information,2006,6,3036.0
CES5000000001,Information,2006,7,3031.0
CES5000000001,Information,2006,8,3035.0
CES5000000001,Information,2006,9,3028.0
CES5000000001,Information,2006,10,3024.0
CES5000000001,Information,2006,11,3024.0
CES5000000001,Information,2006,12,3034.0
CES5000000001,Information,2007,1,3030.0
CES5000000001,Information,2007,2,3034.0
CES5000000001,Information,2007,3,3030.0
CES5000000001,Information,2007,4,3035.0
CES5000000001,Information,2007,5,3040.0
CES5000000001,Information,2007,6,3038.0
CES5000000001,Information,2007,7,3037.0
CES5000000001,Information,2007,8,3028.0
CES5000000001,Information,2007,9,3031.0
CES5000000001,Information,2007,10,3028.0
CES5000000001,Information,2007,11,3025.0
CES5000000001,Information,2007,12,3026.0
CES5000000001,Information,2008,1,3026.0
CES5000000001,Information,2008,2,3019.0
CES5000000001,Information,2008,3,3021.0
CES5000000001,Information,2008,4,3013.0
CES5000000001,Information,2008,5,3008.0
CES5000000001,Information,2008,6,3001.0
CES5000000001,Information,2008,7,2987.0
CES5000000001,Information,2008,8,2972.0
CES5000000001,Information,2008,9,2962.0
CES5000000001,Information,2008,10,2951.0
CES5000000001,Information,2008,11,2931.0
CES5000000001,Information,2008,12,2911.0
CES5000000001,Information,2009,1,2891.0
CES5000000001,Information,2009,2,2878.0
CES5000000001,Information,2009,3,2864.0
CES5000000001,Information,2009,4,2832.0
CES5000000001,Information,2009,5,2807.0
CES5000000001,Information,2009,6,2795.0
CES5000000001,Information,2009,7,2778.0
CES5000000001,Information,2009,8,2767.0
CES5000000001,Information,2009,9,2769.0
CES5000000001,Information,2009,10,2764.0
CES5000000001,Information,2009,11,2752.0
CES5000000001,Information,2009,12,2745.0
CES5000000001,Information,2010,1,2739.0
CES5000000001,Information,2010,2,2737.0
CES5000000001,Information,2010,3,2719.0
CES5000000001,Information,2010,4,2714.0
CES5000000001,Information,2010,5,2708.0
CES5000000001,Information,2010,6,2701.0
CES5000000001,Information,2010,7,2703.0
CES5000000001,Information,2010,8,2701.0
CES5000000001,Information,2010,9,2697.0
CES5000000001,Information,2010,10,2695.0
CES5000000001,Information,2010,11,2689.0
CES5000000001,Information,2010,12,2682.0
CES5000000001,Information,2011,1,2678.0
CES5000000001,Information,2011,2,2672.0
CES5000000001,Information,2011,3,2672.0
CES5000000001,Information,2011,4,2674.0
CES5000000001,Information,2011,5,2679.0
CES5000000001,Information,2011,6,2685.0
CES5000000001,Information,2011,7,2675.0
CES5000000001,Information,2011,8,2632.0
CES5000000001,Information,2011,9,2676.0
CES5000000001,Information,2011,10,2677.0
CES5000000001,Information,2011,11,2676.0
CES5000000001,Information,2011,12,2679.0
CES5000000001,Information,2012,1,2665.0
CES5000000001,Information,2012,2,2676.0
CES5000000001,Information,2012,3,2678.0
CES5000000001,Information,2012,4,2680.0
CES5000000001,Information,2012,5,2685.0
CES5000000001,Information,2012,6,2674.0
CES5000000001,Information,2012,7,2679.0
CES5000000001,Information,2012,8,2675.0
CES5000000001,Information,2012,9,2670.0
CES5000000001,Information,2012,10,2666.0
CES5000000001,Information,2012,11,2674.0
CES5000000001,Information,2012,12,2677.0
CES5000000001,Information,2013,1,2662.0
CES5000000001,Information,2013,2,2698.0
CES5000000001,Information,2013,3,2700.0
CES5000000001,Information,2013,4,2696.0
CES5000000001,Information,2013,5,2710.0
CES5000000001,Information,2013,6,2705.0
CES5000000001,Information,2013,7,2720.0
CES5000000001,Information,2013,8,2691.0
CES5000000001,Information,2013,9,2708.0
CES5000000001,Information,2013,10,2718.0
CES5000000001,Information,2013,11,2722.0
CES5000000001,Information,2013,12,2727.0
CES5000000001,Information,2014,1,2724.0
CES5000000001,Information,2014,2,2718.0
CES5000000001,Information,2014,3,2725.0
CES5000000001,Information,2014,4,2721.0
CES5000000001,Information,2014,5,2717.0
CES5000000001,Information,2014,6,2722.0
CES5000000001,Information,2014,7,2725.0
CES5000000001,Information,2014,8,2733.0
CES5000000001,Information,2014,9,2734.0
CES5000000001,Information,2014,10,2727.0
CES5000000001,Information,2014,11,2735.0
CES5000000001,Information,2014,12,2737.0
CES5000000001,Information,2015,1,2740.0
CES5000000001,Information,2015,2,2741.0
CES5000000001,Information,2015,3,2737.0
CES5000000001,Information,2015,4,2742.0
CES5000000001,Information,2015,5,2747.0
CES5000000001,Information,2015,6,2748.0
CES5000000001,Information,2015,7,2752.0
CES5000000001,Information,2015,8,2751.0
CES5000000001,Information,2015,9,2764.0
CES5000000001,Information,2015,10,2766.0
CES5000000001,Information,2015,11,2751.0
CES5000000001,Information,2015,12,2761.0
CES5000000001,Information,2016,1,2762.0
CES5000000001,Information,2016,2,2775.0
CES5000000001,Information,2016,3,2785.0
CES5000000001,Information,2016,4,2789.0
CES5000000001,Information,2016,5,2751.0
CES5000000001,Information,2016,6,2801.0
CES5000000001,Information,2016,7,2799.0
CES5000000001,Information,2016,8,2803.0
CES5000000001,Information,2016,9,2817.0
CES5000000001,Information,2016,10,2814.0
CES5000000001,Information,2016,11,2812.0
CES5000000001,Information,2016,12,2817.0
CES5000000001,Information,2017,1,2821.0
CES5000000001,Information,2017,2,2815.0
CES5000000001,Information,2017,3,2813.0
CES5000000001,Information,2017,4,2804.0
CES5000000001,Information,2017,5,2801.0
CES5000000001,Information,2017,6,2811.0
CES5000000001,Information,2017,7,2809.0
CES5000000001,Information,2017,8,2813.0
CES5000000001,Information,2017,9,2816.0
CES5000000001,Information,2017,10,2811.0
CES5000000001,Information,2017,11,2815.0
CES5000000001,Information,2017,12,2818.0
CES5000000001,Information,2018,1,2817.0
CES5000000001,Information,2018,2,2819.0
CES5000000001,Information,2018,3,2826.0
CES5000000001,Information,2018,4,2838.0
CES5000000001,Information,2018,5,2841.0
CES5000000001,Information,2018,6,2838.0
CES5000000001,Information,2018,7,2841.0
CES5000000001,Information,2018,8,2840.0
CES5000000001,Information,2018,9,2838.0
CES5000000001,Information,2018,10,2850.0
CES5000000001,Information,2018,11,2850.0
CES5000000001,Information,2018,12,2851.0
CES5000000001,Information,2019,1,2842.0
CES5000000001,Information,2019,2,2843.0
CES5000000001,Information,2019,3,2849.0
CES5000000001,Information,2019,4,2846.0
CES5000000001,Information,2019,5,2858.0
CES5000000001,Information,2019,6,2875.0
CES5000000001,Information,2019,7,2866.0
CES5000000001,Information,2019,8,2865.0
CES5000000001,Information,2019,9,2871.0
CES5000000001,Information,2019,10,2874.0
CES5000000001,Information,2019,11,2885.0
CES5000000001,Information,2019,12,2891.0
CES5000000001,Information,2020,1,2901.0
CES5000000001,Information,2020,2,2910.0
CES5000000001,Information,2020,3,2902.0
CES5000000001,Information,2020,4,2643.0
CES5000000001,Information,2020,5,2609.0
CES5000000001,Information,2020,6,2622.0
CES5000000001,Information,2020,7,2622.0
CES5000000001,Information,2020,8,2640.0
CES5000000001,Information,2020,9,2695.0
CES5000000001,Information,2020,10,2684.0
CES5000000001,Information,2020,11,2696.0
CES5000000001,Information,2020,12,2712.0
CES5000000001,Information,2021,1,2747.0
CES5000000001,Information,2021,2,2764.0
CES5000000001,Information,2021,3,2770.0
CES5000000001,Information,2021,4,2796.0
CES5000000001,Information,2021,5,2816.0
CES5000000001,Information,2021,6,2824.0
CES5000000001,Information,2021,7,2881.0
CES5000000001,Information,2021,8,2903.0
CES5000000001,Information,2021,9,2917.0
CES5000000001,Information,2021,10,2938.0
CES5000000001,Information,2021,11,2957.0
CES5000000001,Information,2021,12,2967.0
CES5000000001,Information,2022,1,2984.0
CES5000000001,Information,2022,2,2990.0
CES5000000001,Information,2022,3,3018.0
CES5000000001,Information,2022,4,3034.0
CES5000000001,Information,2022,5,3057.0
CES5000000001,Information,2022,6,3076.0
CES5000000001,Information,2022,7,3094.0
CES5000000001,Information,2022,8,3097.0
CES5000000001,Information,2022,9,3095.0
CES5000000001,Information,2022,10,3100.0
CES5000000001,Information,2022,11,3115.0
CES5000000001,Information,2022,12,3092.0
CES5000000001,Information,2023,1,3061.0
CES5000000001,Information,2023,2,3048.0
CES5000000001,Information,2023,3,3049.0
CES5000000001,Information,2023,4,3043.0
CES5000000001,Information,2023,5,3034.0
CES5000000001,Information,2023,6,3021.0
CES5000000001,Information,2023,7,3001.0
CES5000000001,Information,2023,8,2981.0
CES5000000001,Information,2023,9,2975.0
CES5000000001,Information,2023,10,2951.0
CES5000000001,Information,2023,11,2962.0
CES5000000001,Information,2023,12,2963.0
CES5000000001,Information,2024,1,2963.0
CES5000000001,Information,2024,2,2958.0
CES5000000001,Information,2024,3,2951.0
CES5000000001,Information,2024,4,2940.0
CES5000000001,Information,2024,5,2930.0
CES5000000001,Information,2024,6,2930.0
CES5000000001,Information,2024,7,2917.0
CES5000000001,Information,2024,8,2909.0
CES5000000001,Information,2024,9,2903.0
CES5000000001,Information,2024,10,2887.0
CES5000000001,Information,2024,11,2885.0
CES5000000001,Information,2024,12,2895.0
CES5000000001,Information,2025,1,2877.0
CES5000000001,Information,2025,2,2876.0
CES5000000001,Information,2025,3,2867.0
CES5000000001,Information,2025,4,2865.0
CES5000000001,Information,2025,5,2864.0
CES5000000001,Information,2025,6,2863.0
CES5000000001,Information,2025,7,2861.0
CES5000000001,Information,2025,8,2860.0
CES5000000001,Information,2025,9,2859.0
CES5000000001,Information,2025,10,2853.0
CES5000000001,Information,2025,11,2848.0
CES5000000001,Information,2025,12,2842.0
CES5500000001,Financial activities,1976,1,4096.0
CES5500000001,Financial activities,1976,2,4105.0
CES5500000001,Financial activities,1976,3,4115.0
CES5500000001,Financial activities,1976,4,4127.0
CES5500000001,Financial activities,1976,5,4136.0
CES5500000001,Financial activities,1976,6,4146.0
CES5500000001,Financial activities,1976,7,4155.0
CES5500000001,Financial activities,1976,8,4160.0
CES5500000001,Financial activities,1976,9,4184.0
CES5500000001,Financial activities,1976,10,4199.0
CES5500000001,Financial activities,1976,11,4213.0
CES5500000001,Financial activities,1976,12,4229.0
CES5500000001,Financial activities,1977,1,4247.0
CES5500000001,Financial activities,1977,2,4260.0
CES5500000001,Financial activities,1977,3,4285.0
CES5500000001,Financial activities,1977,4,4304.0
CES5500000001,Financial activities,1977,5,4318.0
CES5500000001,Financial activities,1977,6,4333.0
CES5500000001,Financial activities,1977,7,4349.0
CES5500000001,Financial activities,1977,8,4368.0
CES5500000001,Financial activities,1977,9,4394.0
CES5500000001,Financial activities,1977,10,4416.0
CES5500000001,Financial activities,1977,11,4441.0
CES5500000001,Financial activities,1977,12,4461.0
CES5500000001,Financial activities,1978,1,4476.0
CES5500000001,Financial activities,1978,2,4506.0
CES5500000001,Financial activities,1978,3,4527.0
CES5500000001,Financial activities,1978,4,4547.0
CES5500000001,Financial activities,1978,5,4566.0
CES5500000001,Financial activities,1978,6,4592.0
CES5500000001,Financial activities,1978,7,4615.0
CES5500000001,Financial activities,1978,8,4633.0
CES5500000001,Financial activities,1978,9,4650.0
CES5500000001,Financial activities,1978,10,4665.0
CES5500000001,Financial activities,1978,11,4697.0
CES5500000001,Financial activities,1978,12,4717.0
CES5500000001,Financial activities,1979,1,4738.0
CES5500000001,Financial activities,1979,2,4757.0
CES5500000001,Financial activities,1979,3,4776.0
CES5500000001,Financial activities,1979,4,4796.0
CES5500000001,Financial activities,1979,5,4821.0
CES5500000001,Financial activities,1979,6,4840.0
CES5500000001,Financial activities,1979,7,4856.0
CES5500000001,Financial activities,1979,8,4885.0
CES5500000001,Financial activities,1979,9,4884.0
CES5500000001,Financial activities,1979,10,4903.0
CES5500000001,Financial activities,1979,11,4920.0
CES5500000001,Financial activities,1979,12,4933.0
CES5500000001,Financial activities,1980,1,4956.0
CES5500000001,Financial activities,1980,2,4969.0
CES5500000001,Financial activities,1980,3,4987.0
CES5500000001,Financial activities,1980,4,4993.0
CES5500000001,Financial activities,1980,5,5004.0
CES5500000001,Financial activities,1980,6,5016.0
CES5500000001,Financial activities,1980,7,5027.0
CES5500000001,Financial activities,1980,8,5039.0
CES5500000001,Financial activities,1980,9,5051.0
CES5500000001,Financial activities,1980,10,5071.0
CES5500000001,Financial activities,1980,11,5085.0
CES5500000001,Financial activities,1980,12,5100.0
CES5500000001,Financial activities,1981,1,5116.0
CES5500000001,Financial activities,1981,2,5128.0
CES5500000001,Financial activities,1981,3,5137.0
CES5500000001,Financial activities,1981,4,5151.0
CES5500000001,Financial activities,1981,5,5160.0
CES5500000001,Financial activities,1981,6,5163.0
CES5500000001,Financial activities,1981,7,5174.0
CES5500000001,Financial activities,1981,8,5181.0
CES5500000001,Financial activities,1981,9,5184.0
CES5500000001,Financial activities,1981,10,5183.0
CES5500000001,Financial activities,1981,11,5184.0
CES5500000001,Financial activities,1981,12,5188.0
CES5500000001,Financial activities,1982,1,5190.0
CES5500000001,Financial activities,1982,2,5192.0
CES5500000001,Financial activities,1982,3,5199.0
CES5500000001,Financial activities,1982,4,5198.0
CES5500000001,Financial activities,1982,5,5202.0
CES5500000001,Financial activities,1982,6,5209.0
CES5500000001,Financial activities,1982,7,5211.0
CES5500000001,Financial activities,1982,8,5211.0
CES5500000001,Financial activities,1982,9,5216.0
CES5500000001,Financial activities,1982,10,5217.0
CES5500000001,Financial activities,1982,11,5224.0
CES5500000001,Financial activities,1982,12,5229.0
CES5500000001,Financial activities,1983,1,5242.0
CES5500000001,Financial activities,1983,2,5256.0
CES5500000001,Financial activities,1983,3,5267.0
CES5500000001,Financial activities,1983,4,5289.0
CES5500000001,Financial activities,1983,5,5302.0
CES5500000001,Financial activities,1983,6,5313.0
CES5500000001,Financial activities,1983,7,5340.0
CES5500000001,Financial activities,1983,8,5362.0
CES5500000001,Financial activities,1983,9,5387.0
CES5500000001,Financial activities,1983,10,5397.0
CES5500000001,Financial activities,1983,11,5416.0
CES5500000001,Financial activities,1983,12,5436.0
CES5500000001,Financial activities,1984,1,5452.0
CES5500000001,Financial activities,1984,2,5472.0
CES5500000001,Financial activities,1984,3,5492.0
CES5500000001,Financial activities,1984,4,5503.0
CES5500000001,Financial activities,1984,5,5522.0
CES5500000001,Financial activities,1984,6,5540.0
CES5500000001,Financial activities,1984,7,5556.0
CES5500000001,Financial activities,1984,8,5574.0
CES5500000001,Financial activities,1984,9,5595.0
CES5500000001,Financial activities,1984,10,5620.0
CES5500000001,Financial activities,1984,11,5641.0
CES5500000001,Financial activities,1984,12,5661.0
CES5500000001,Financial activities,1985,1,5684.0
CES5500000001,Financial activities,1985,2,5705.0
CES5500000001,Financial activities,1985,3,5730.0
CES5500000001,Financial activities,1985,4,5751.0
CES5500000001,Financial activities,1985,5,5775.0
CES5500000001,Financial activities,1985,6,5796.0
CES5500000001,Financial activities,1985,7,5818.0
CES5500000001,Financial activities,1985,8,5845.0
CES5500000001,Financial activities,1985,9,5874.0
CES5500000001,Financial activities,1985,10,5902.0
CES5500000001,Financial activities,1985,11,5935.0
CES5500000001,Financial activities,1985,12,5959.0
CES5500000001,Financial activities,1986,1,5977.0
CES5500000001,Financial activities,1986,2,6010.0
CES5500000001,Financial activities,1986,3,6036.0
CES5500000001,Financial activities,1986,4,6066.0
CES5500000001,Financial activities,1986,5,6091.0
CES5500000001,Financial activities,1986,6,6118.0
CES5500000001,Financial activities,1986,7,6149.0
CES5500000001,Financial activities,1986,8,6173.0
CES5500000001,Financial activities,1986,9,6197.0
CES5500000001,Financial activities,1986,10,6215.0
CES5500000001,Financial activities,1986,11,6236.0
CES5500000001,Financial activities,1986,12,6264.0
CES5500000001,Financial activities,1987,1,6282.0
CES5500000001,Financial activities,1987,2,6303.0
CES5500000001,Financial activities,1987,3,6327.0
CES5500000001,Financial activities,1987,4,6358.0
CES5500000001,Financial activities,1987,5,6376.0
CES5500000001,Financial activities,1987,6,6388.0
CES5500000001,Financial activities,1987,7,6408.0
CES5500000001,Financial activities,1987,8,6419.0
CES5500000001,Financial activities,1987,9,6427.0
CES5500000001,Financial activities,1987,10,6442.0
CES5500000001,Financial activities,1987,11,6441.0
CES5500000001,Financial activities,1987,12,6451.0
CES5500000001,Financial activities,1988,1,6466.0
CES5500000001,Financial activities,1988,2,6472.0
CES5500000001,Financial activities,1988,3,6483.0
CES5500000001,Financial activities,1988,4,6489.0
CES5500000001,Financial activities,1988,5,6490.0
CES5500000001,Financial activities,1988,6,6499.0
CES5500000001,Financial activities,1988,7,6507.0
CES5500000001,Financial activities,1988,8,6505.0
CES5500000001,Financial activities,1988,9,6509.0
CES5500000001,Financial activities,1988,10,6517.0
CES5500000001,Financial activities,1988,11,6526.0
CES5500000001,Financial activities,1988,12,6533.0
CES5500000001,Financial activities,1989,1,6529.0
CES5500000001,Financial activities,1989,2,6542.0
CES5500000001,Financial activities,1989,3,6547.0
CES5500000001,Financial activities,1989,4,6549.0
CES5500000001,Financial activities,1989,5,6554.0
CES5500000001,Financial activities,1989,6,6560.0
CES5500000001,Financial activities,1989,7,6567.0
CES5500000001,Financial activities,1989,8,6571.0
CES5500000001,Financial activities,1989,9,6577.0
CES5500000001,Financial activities,1989,10,6576.0
CES5500000001,Financial activities,1989,11,6584.0
CES5500000001,Financial activities,1989,12,6585.0
CES5500000001,Financial activities,1990,1,6585.0
CES5500000001,Financial activities,1990,2,6599.0
CES5500000001,Financial activities,1990,3,6601.0
CES5500000001,Financial activities,1990,4,6611.0
CES5500000001,Financial activities,1990,5,6616.0
CES5500000001,Financial activities,1990,6,6626.0
CES5500000001,Financial activities,1990,7,6631.0
CES5500000001,Financial activities,1990,8,6634.0
CES5500000001,Financial activities,1990,9,6627.0
CES5500000001,Financial activities,1990,10,6623.0
CES5500000001,Financial activities,1990,11,6614.0
CES5500000001,Financial activities,1990,12,6602.0
CES5500000001,Financial activities,1991,1,6611.0
CES5500000001,Financial activities,1991,2,6601.0
CES5500000001,Financial activities,1991,3,6602.0
CES5500000001,Financial activities,1991,4,6583.0
CES5500000001,Financial activities,1991,5,6566.0
CES5500000001,Financial activities,1991,6,6560.0
CES5500000001,Financial activities,1991,7,6548.0
CES5500000001,Financial activities,1991,8,6543.0
CES5500000001,Financial activities,1991,9,6534.0
CES5500000001,Financial activities,1991,10,6532.0
CES5500000001,Financial activities,1991,11,6533.0
CES5500000001,Financial activities,1991,12,6529.0
CES5500000001,Financial activities,1992,1,6520.0
CES5500000001,Financial activities,1992,2,6523.0
CES5500000001,Financial activities,1992,3,6523.0
CES5500000001,Financial activities,1992,4,6533.0
CES5500000001,Financial activities,1992,5,6544.0
CES5500000001,Financial activities,1992,6,6553.0
CES5500000001,Financial activities,1992,7,6553.0
CES5500000001,Financial activities,1992,8,6564.0
CES5500000001,Financial activities,1992,9,6579.0
CES5500000001,Financial activities,1992,10,6589.0
CES5500000001,Financial activities,1992,11,6600.0
CES5500000001,Financial activities,1992,12,6617.0
CES5500000001,Financial activities,1993,1,6634.0
CES5500000001,Financial activities,1993,2,6645.0
CES5500000001,Financial activities,1993,3,6655.0
CES5500000001,Financial activities,1993,4,6680.0
CES5500000001,Financial activities,1993,5,6703.0
CES5500000001,Financial activities,1993,6,6724.0
CES5500000001,Financial activities,1993,7,6751.0
CES5500000001,Financial activities,1993,8,6770.0
CES5500000001,Financial activities,1993,9,6795.0
CES5500000001,Financial activities,1993,10,6819.0
CES5500000001,Financial activities,1993,11,6845.0
CES5500000001,Financial activities,1993,12,6870.0
CES5500000001,Financial activities,1994,1,6889.0
CES5500000001,Financial activities,1994,2,6910.0
CES5500000001,Financial activities,1994,3,6930.0
CES5500000001,Financial activities,1994,4,6936.0
CES5500000001,Financial activities,1994,5,6928.0
CES5500000001,Financial activities,1994,6,6929.0
CES5500000001,Financial activities,1994,7,6925.0
CES5500000001,Financial activities,1994,8,6919.0
CES5500000001,Financial activities,1994,9,6905.0
CES5500000001,Financial activities,1994,10,6889.0
CES5500000001,Financial activities,1994,11,6877.0
CES5500000001,Financial activities,1994,12,6869.0
CES5500000001,Financial activities,1995,1,6858.0
CES5500000001,Financial activities,1995,2,6850.0
CES5500000001,Financial activities,1995,3,6854.0
CES5500000001,Financial activities,1995,4,6847.0
CES5500000001,Financial activities,1995,5,6844.0
CES5500000001,Financial activities,1995,6,6847.0
CES5500000001,Financial activities,1995,7,6854.0
CES5500000001,Financial activities,1995,8,6864.0
CES5500000001,Financial activities,1995,9,6877.0
CES5500000001,Financial activities,1995,10,6887.0
CES5500000001,Financial activities,1995,11,6903.0
CES5500000001,Financial activities,1995,12,6911.0
CES5500000001,Financial activities,1996,1,6922.0
CES5500000001,Financial activities,1996,2,6945.0
CES5500000001,Financial activities,1996,3,6952.0
CES5500000001,Financial activities,1996,4,6967.0
CES5500000001,Financial activities,1996,5,6991.0
CES5500000001,Financial activities,1996,6,7012.0
CES5500000001,Financial activities,1996,7,7033.0
CES5500000001,Financial activities,1996,8,7048.0
CES5500000001,Financial activities,1996,9,7066.0
CES5500000001,Financial activities,1996,10,7079.0
CES5500000001,Financial activities,1996,11,7097.0
CES5500000001,Financial activities,1996,12,7111.0
CES5500000001,Financial activities,1997,1,7125.0
CES5500000001,Financial activities,1997,2,7143.0
CES5500000001,Financial activities,1997,3,7164.0
CES5500000001,Financial activities,1997,4,7195.0
CES5500000001,Financial activities,1997,5,7215.0
CES5500000001,Financial activities,1997,6,7230.0
CES5500000001,Financial activities,1997,7,7266.0
CES5500000001,Financial activities,1997,8,7292.0
CES5500000001,Financial activities,1997,9,7313.0
CES5500000001,Financial activities,1997,10,7343.0
CES5500000001,Financial activities,1997,11,7369.0
CES5500000001,Financial activities,1997,12,7400.0
CES5500000001,Financial activities,1998,1,7425.0
CES5500000001,Financial activities,1998,2,7450.0
CES5500000001,Financial activities,1998,3,7485.0
CES5500000001,Financial activities,1998,4,7507.0
CES5500000001,Financial activities,1998,5,7534.0
CES5500000001,Financial activities,1998,6,7561.0
CES5500000001,Financial activities,1998,7,7595.0
CES5500000001,Financial activities,1998,8,7605.0
CES5500000001,Financial activities,1998,9,7624.0
CES5500000001,Financial activities,1998,10,7648.0
CES5500000001,Financial activities,1998,11,7663.0
CES5500000001,Financial activities,1998,12,7682.0
CES5500000001,Financial activities,1999,1,7706.0
CES5500000001,Financial activities,1999,2,7713.0
CES5500000001,Financial activities,1999,3,7722.0
CES5500000001,Financial activities,1999,4,7734.0
CES5500000001,Financial activities,1999,5,7746.0
CES5500000001,Financial activities,1999,6,7762.0
CES5500000001,Financial activities,1999,7,7781.0
CES5500000001,Financial activities,1999,8,7778.0
CES5500000001,Financial activities,1999,9,7770.0
CES5500000001,Financial activities,1999,10,7770.0
CES5500000001,Financial activities,1999,11,7772.0
CES5500000001,Financial activities,1999,12,7775.0
CES5500000001,Financial activities,2000,1,7769.0
CES5500000001,Financial activities,2000,2,7771.0
CES5500000001,Financial activities,2000,3,7767.0
CES5500000001,Financial activities,2000,4,7764.0
CES5500000001,Financial activities,2000,5,7762.0
CES5500000001,Financial activities,2000,6,7764.0
CES5500000001,Financial activities,2000,7,7766.0
CES5500000001,Financial activities,2000,8,7777.0
CES5500000001,Financial activities,2000,9,7797.0
CES5500000001,Financial activities,2000,10,7809.0
CES5500000001,Financial activities,2000,11,7823.0
CES5500000001,Financial activities,2000,12,7838.0
CES5500000001,Financial activities,2001,1,7845.0
CES5500000001,Financial activities,2001,2,7868.0
CES5500000001,Financial activities,2001,3,7885.0
CES5500000001,Financial activities,2001,4,7889.0
CES5500000001,Financial activities,2001,5,7898.0
CES5500000001,Financial activities,2001,6,7905.0
CES5500000001,Financial activities,2001,7,7892.0
CES5500000001,Financial activities,2001,8,7916.0
CES5500000001,Financial activities,2001,9,7916.0
CES5500000001,Financial activities,2001,10,7925.0
CES5500000001,Financial activities,2001,11,7940.0
CES5500000001,Financial activities,2001,12,7934.0
CES5500000001,Financial activities,2002,1,7939.0
CES5500000001,Financial activities,2002,2,7932.0
CES5500000001,Financial activities,2002,3,7929.0
CES5500000001,Financial activities,2002,4,7936.0
CES5500000001,Financial activities,2002,5,7933.0
CES5500000001,Financial activities,2002,6,7939.0
CES5500000001,Financial activities,2002,7,7943.0
CES5500000001,Financial activities,2002,8,7949.0
CES5500000001,Financial activities,2002,9,7964.0
CES5500000001,Financial activities,2002,10,7991.0
CES5500000001,Financial activities,2002,11,8003.0
CES5500000001,Financial activities,2002,12,8017.0
CES5500000001,Financial activities,2003,1,8025.0
CES5500000001,Financial activities,2003,2,8037.0
CES5500000001,Financial activities,2003,3,8051.0
CES5500000001,Financial activities,2003,4,8077.0
CES5500000001,Financial activities,2003,5,8094.0
CES5500000001,Financial activities,2003,6,8090.0
CES5500000001,Financial activities,2003,7,8101.0
CES5500000001,Financial activities,2003,8,8102.0
CES5500000001,Financial activities,2003,9,8099.0
CES5500000001,Financial activities,2003,10,8089.0
CES5500000001,Financial activities,2003,11,8082.0
CES5500000001,Financial activities,2003,12,8076.0
CES5500000001,Financial activities,2004,1,8078.0
CES5500000001,Financial activities,2004,2,8079.0
CES5500000001,Financial activities,2004,3,8086.0
CES5500000001,Financial activities,2004,4,8097.0
CES5500000001,Financial activities,2004,5,8115.0
CES5500000001,Financial activities,2004,6,8116.0
CES5500000001,Financial activities,2004,7,8100.0
CES5500000001,Financial activities,2004,8,8106.0
CES5500000001,Financial activities,2004,9,8118.0
CES5500000001,Financial activities,2004,10,8113.0
CES5500000001,Financial activities,2004,11,8116.0
CES5500000001,Financial activities,2004,12,8134.0
CES5500000001,Financial activities,2005,1,8143.0
CES5500000001,Financial activities,2005,2,8147.0
CES5500000001,Financial activities,2005,3,8141.0
CES5500000001,Financial activities,2005,4,8151.0
CES5500000001,Financial activities,2005,5,8154.0
CES5500000001,Financial activities,2005,6,8173.0
CES5500000001,Financial activities,2005,7,8191.0
CES5500000001,Financial activities,2005,8,8214.0
CES5500000001,Financial activities,2005,9,8222.0
CES5500000001,Financial activities,2005,10,8257.0
CES5500000001,Financial activities,2005,11,8279.0
CES5500000001,Financial activities,2005,12,8285.0
CES5500000001,Financial activities,2006,1,8306.0
CES5500000001,Financial activities,2006,2,8335.0
CES5500000001,Financial activities,2006,3,8352.0
CES5500000001,Financial activities,2006,4,8374.0
CES5500000001,Financial activities,2006,5,8376.0
CES5500000001,Financial activities,2006,6,8366.0
CES5500000001,Financial activities,2006,7,8366.0
CES5500000001,Financial activities,2006,8,8372.0
CES5500000001,Financial activities,2006,9,8386.0
CES5500000001,Financial activities,2006,10,8381.0
CES5500000001,Financial activities,2006,11,8391.0
CES5500000001,Financial activities,2006,12,8391.0
CES5500000001,Financial activities,2007,1,8388.0
CES5500000001,Financial activities,2007,2,8393.0
CES5500000001,Financial activities,2007,3,8383.0
CES5500000001,Financial activities,2007,4,8364.0
CES5500000001,Financial activities,2007,5,8370.0
CES5500000001,Financial activities,2007,6,8369.0
CES5500000001,Financial activities,2007,7,8370.0
CES5500000001,Financial activities,2007,8,8342.0
CES5500000001,Financial activities,2007,9,8317.0
CES5500000001,Financial activities,2007,10,8304.0
CES5500000001,Financial activities,2007,11,8290.0
CES5500000001,Financial activities,2007,12,8280.0
CES5500000001,Financial activities,2008,1,8276.0
CES5500000001,Financial activities,2008,2,8271.0
CES5500000001,Financial activities,2008,3,8270.0
CES5500000001,Financial activities,2008,4,8260.0
CES5500000001,Financial activities,2008,5,8249.0
CES5500000001,Financial activities,2008,6,8238.0
CES5500000001,Financial activities,2008,7,8218.0
CES5500000001,Financial activities,2008,8,8205.0
CES5500000001,Financial activities,2008,9,8171.0
CES5500000001,Financial activities,2008,10,8137.0
CES5500000001,Financial activities,2008,11,8098.0
CES5500000001,Financial activities,2008,12,8067.0
CES5500000001,Financial activities,2009,1,8018.0
CES5500000001,Financial activities,2009,2,7970.0
CES5500000001,Financial activities,2009,3,7929.0
CES5500000001,Financial activities,2009,4,7873.0
CES5500000001,Financial activities,2009,5,7842.0
CES5500000001,Financial activities,2009,6,7820.0
CES5500000001,Financial activities,2009,7,7805.0
CES5500000001,Financial activities,2009,8,7780.0
CES5500000001,Financial activities,2009,9,7769.0
CES5500000001,Financial activities,2009,10,7750.0
CES5500000001,Financial activities,2009,11,7755.0
CES5500000001,Financial activities,2009,12,7744.0
CES5500000001,Financial activities,2010,1,7733.0
CES5500000001,Financial activities,2010,2,7726.0
CES5500000001,Financial activities,2010,3,7709.0
CES5500000001,Financial activities,2010,4,7711.0
CES5500000001,Financial activities,2010,5,7698.0
CES5500000001,Financial activities,2010,6,7688.0
CES5500000001,Financial activities,2010,7,7676.0
CES5500000001,Financial activities,2010,8,7674.0
CES5500000001,Financial activities,2010,9,7681.0
CES5500000001,Financial activities,2010,10,7682.0
CES5500000001,Financial activities,2010,11,7680.0
CES5500000001,Financial activities,2010,12,7684.0
CES5500000001,Financial activities,2011,1,7680.0
CES5500000001,Financial activities,2011,2,7677.0
CES5500000001,Financial activities,2011,3,7682.0
CES5500000001,Financial activities,2011,4,7680.0
CES5500000001,Financial activities,2011,5,7701.0
CES5500000001,Financial activities,2011,6,7690.0
CES5500000001,Financial activities,2011,7,7692.0
CES5500000001,Financial activities,2011,8,7697.0
CES5500000001,Financial activities,2011,9,7695.0
CES5500000001,Financial activities,2011,10,7708.0
CES5500000001,Financial activities,2011,11,7721.0
CES5500000001,Financial activities,2011,12,7729.0
CES5500000001,Financial activities,2012,1,7736.0
CES5500000001,Financial activities,2012,2,7745.0
CES5500000001,Financial activities,2012,3,7767.0
CES5500000001,Financial activities,2012,4,7771.0
CES5500000001,Financial activities,2012,5,7781.0
CES5500000001,Financial activities,2012,6,7782.0
CES5500000001,Financial activities,2012,7,7778.0
CES5500000001,Financial activities,2012,8,7788.0
CES5500000001,Financial activities,2012,9,7800.0
CES5500000001,Financial activities,2012,10,7810.0
CES5500000001,Financial activities,2012,11,7816.0
CES5500000001,Financial activities,2012,12,7829.0
CES5500000001,Financial activities,2013,1,7837.0
CES5500000001,Financial activities,2013,2,7852.0
CES5500000001,Financial activities,2013,3,7856.0
CES5500000001,Financial activities,2013,4,7872.0
CES5500000001,Financial activities,2013,5,7884.0
CES5500000001,Financial activities,2013,6,7887.0
CES5500000001,Financial activities,2013,7,7904.0
CES5500000001,Financial activities,2013,8,7902.0
CES5500000001,Financial activities,2013,9,7903.0
CES5500000001,Financial activities,2013,10,7912.0
CES5500000001,Financial activities,2013,11,7912.0
CES5500000001,Financial activities,2013,12,7915.0
CES5500000001,Financial activities,2014,1,7913.0
CES5500000001,Financial activities,2014,2,7932.0
CES5500000001,Financial activities,2014,3,7932.0
CES5500000001,Financial activities,2014,4,7945.0
CES5500000001,Financial activities,2014,5,7952.0
CES5500000001,Financial activities,2014,6,7965.0
CES5500000001,Financial activities,2014,7,7979.0
CES5500000001,Financial activities,2014,8,7994.0
CES5500000001,Financial activities,2014,9,8009.0
CES5500000001,Financial activities,2014,10,8019.0
CES5500000001,Financial activities,2014,11,8035.0
CES5500000001,Financial activities,2014,12,8042.0
CES5500000001,Financial activities,2015,1,8059.0
CES5500000001,Financial activities,2015,2,8070.0
CES5500000001,Financial activities,2015,3,8081.0
CES5500000001,Financial activities,2015,4,8086.0
CES5500000001,Financial activities,2015,5,8097.0
CES5500000001,Financial activities,2015,6,8115.0
CES5500000001,Financial activities,2015,7,8134.0
CES5500000001,Financial activities,2015,8,8145.0
CES5500000001,Financial activities,2015,9,8152.0
CES5500000001,Financial activities,2015,10,8167.0
CES5500000001,Financial activities,2015,11,8182.0
CES5500000001,Financial activities,2015,12,8189.0
CES5500000001,Financial activities,2016,1,8207.0
CES5500000001,Financial activities,2016,2,8209.0
CES5500000001,Financial activities,2016,3,8226.0
CES5500000001,Financial activities,2016,4,8248.0
CES5500000001,Financial activities,2016,5,8265.0
CES5500000001,Financial activities,2016,6,8282.0
CES5500000001,Financial activities,2016,7,8304.0
CES5500000001,Financial activities,2016,8,8319.0
CES5500000001,Financial activities,2016,9,8327.0
CES5500000001,Financial activities,2016,10,8332.0
CES5500000001,Financial activities,2016,11,8344.0
CES5500000001,Financial activities,2016,12,8370.0
CES5500000001,Financial activities,2017,1,8397.0
CES5500000001,Financial activities,2017,2,8398.0
CES5500000001,Financial activities,2017,3,8408.0
CES5500000001,Financial activities,2017,4,8425.0
CES5500000001,Financial activities,2017,5,8436.0
CES5500000001,Financial activities,2017,6,8452.0
CES5500000001,Financial activities,2017,7,8465.0
CES5500000001,Financial activities,2017,8,8476.0
CES5500000001,Financial activities,2017,9,8480.0
CES5500000001,Financial activities,2017,10,8481.0
CES5500000001,Financial activities,2017,11,8489.0
CES5500000001,Financial activities,2017,12,8496.0
CES5500000001,Financial activities,2018,1,8503.0
CES5500000001,Financial activities,2018,2,8527.0
CES5500000001,Financial activities,2018,3,8538.0
CES5500000001,Financial activities,2018,4,8544.0
CES5500000001,Financial activities,2018,5,8574.0
CES5500000001,Financial activities,2018,6,8591.0
CES5500000001,Financial activities,2018,7,8600.0
CES5500000001,Financial activities,2018,8,8610.0
CES5500000001,Financial activities,2018,9,8629.0
CES5500000001,Financial activities,2018,10,8644.0
CES5500000001,Financial activities,2018,11,8651.0
CES5500000001,Financial activities,2018,12,8661.0
CES5500000001,Financial activities,2019,1,8672.0
CES5500000001,Financial activities,2019,2,8685.0
CES5500000001,Financial activities,2019,3,8705.0
CES5500000001,Financial activities,2019,4,8721.0
CES5500000001,Financial activities,2019,5,8733.0
CES5500000001,Financial activities,2019,6,8748.0
CES5500000001,Financial activities,2019,7,8771.0
CES5500000001,Financial activities,2019,8,8785.0
CES5500000001,Financial activities,2019,9,8785.0
CES5500000001,Financial activities,2019,10,8801.0
CES5500000001,Financial activities,2019,11,8813.0
CES5500000001,Financial activities,2019,12,8822.0
CES5500000001,Financial activities,2020,1,8833.0
CES5500000001,Financial activities,2020,2,8872.0
CES5500000001,Financial activities,2020,3,8855.0
CES5500000001,Financial activities,2020,4,8592.0
CES5500000001,Financial activities,2020,5,8607.0
CES5500000001,Financial activities,2020,6,8622.0
CES5500000001,Financial activities,2020,7,8623.0
CES5500000001,Financial activities,2020,8,8649.0
CES5500000001,Financial activities,2020,9,8674.0
CES5500000001,Financial activities,2020,10,8691.0
CES5500000001,Financial activities,2020,11,8706.0
CES5500000001,Financial activities,2020,12,8718.0
CES5500000001,Financial activities,2021,1,8722.0
CES5500000001,Financial activities,2021,2,8718.0
CES5500000001,Financial activities,2021,3,8736.0
CES5500000001,Financial activities,2021,4,8750.0
CES5500000001,Financial activities,2021,5,8761.0
CES5500000001,Financial activities,2021,6,8773.0
CES5500000001,Financial activities,2021,7,8808.0
CES5500000001,Financial activities,2021,8,8826.0
CES5500000001,Financial activities,2021,9,8851.0
CES5500000001,Financial activities,2021,10,8879.0
CES5500000001,Financial activities,2021,11,8911.0
CES5500000001,Financial activities,2021,12,8938.0
CES5500000001,Financial activities,2022,1,8934.0
CES5500000001,Financial activities,2022,2,8976.0
CES5500000001,Financial activities,2022,3,9002.0
CES5500000001,Financial activities,2022,4,9037.0
CES5500000001,Financial activities,2022,5,9049.0
CES5500000001,Financial activities,2022,6,9059.0
CES5500000001,Financial activities,2022,7,9073.0
CES5500000001,Financial activities,2022,8,9092.0
CES5500000001,Financial activities,2022,9,9097.0
CES5500000001,Financial activities,2022,10,9122.0
CES5500000001,Financial activities,2022,11,9136.0
CES5500000001,Financial activities,2022,12,9146.0
CES5500000001,Financial activities,2023,1,9144.0
CES5500000001,Financial activities,2023,2,9152.0
CES5500000001,Financial activities,2023,3,9150.0
CES5500000001,Financial activities,2023,4,9180.0
CES5500000001,Financial activities,2023,5,9175.0
CES5500000001,Financial activities,2023,6,9182.0
CES5500000001,Financial activities,2023,7,9193.0
CES5500000001,Financial activities,2023,8,9193.0
CES5500000001,Financial activities,2023,9,9186.0
CES5500000001,Financial activities,2023,10,9179.0
CES5500000001,Financial activities,2023,11,9172.0
CES5500000001,Financial activities,2023,12,9176.0
CES5500000001,Financial activities,2024,1,9165.0
CES5500000001,Financial activities,2024,2,9151.0
CES5500000001,Financial activities,2024,3,9149.0
CES5500000001,Financial activities,2024,4,9144.0
CES5500000001,Financial activities,2024,5,9147.0
CES5500000001,Financial activities,2024,6,9159.0
CES5500000001,Financial activities,2024,7,9154.0
CES5500000001,Financial activities,2024,8,9162.0
CES5500000001,Financial activities,2024,9,9162.0
CES5500000001,Financial activities,2024,10,9164.0
CES5500000001,Financial activities,2024,11,9173.0
CES5500000001,Financial activities,2024,12,9179.0
CES5500000001,Financial activities,2025,1,9187.0
CES5500000001,Financial activities,2025,2,9199.0
CES5500000001,Financial activities,2025,3,9201.0
CES5500000001,Financial activities,2025,4,9205.0
CES5500000001,Financial activities,2025,5,9211.0
CES5500000001,Financial activities,2025,6,9204.0
CES5500000001,Financial activities,2025,7,9204.0
CES5500000001,Financial activities,2025,8,9185.0
CES5500000001,Financial activities,2025,9,9189.0
CES5500000001,Financial activities,2025,10,9184.0
CES5500000001,Financial activities,2025,11,9185.0
CES5500000001,Financial activities,2025,12,9186.0
CES6000000001,Professional and business services,1976,1,6191.0
CES6000000001,Professional and business services,1976,2,6217.0
CES6000000001,Professional and business services,1976,3,6246.0
CES6000000001,Professional and business services,1976,4,6267.0
CES6000000001,Professional and business services,1976,5,6286.0
CES6000000001,Professional and business services,1976,6,6304.0
CES6000000001,Professional and business services,1976,7,6327.0
CES6000000001,Professional and business services,1976,8,6340.0
CES6000000001,Professional and business services,1976,9,6355.0
CES6000000001,Professional and business services,1976,10,6373.0
CES6000000001,Professional and business services,1976,11,6395.0
CES6000000001,Professional and business services,1976,12,6419.0
CES6000000001,Professional and business services,1977,1,6447.0
CES6000000001,Professional and business services,1977,2,6470.0
CES6000000001,Professional and business services,1977,3,6500.0
CES6000000001,Professional and business services,1977,4,6526.0
CES6000000001,Professional and business services,1977,5,6556.0
CES6000000001,Professional and business services,1977,6,6587.0
CES6000000001,Professional and business services,1977,7,6621.0
CES6000000001,Professional and business services,1977,8,6653.0
CES6000000001,Professional and business services,1977,9,6697.0
CES6000000001,Professional and business services,1977,10,6732.0
CES6000000001,Professional and business services,1977,11,6761.0
CES6000000001,Professional and business services,1977,12,6787.0
CES6000000001,Professional and business services,1978,1,6794.0
CES6000000001,Professional and business services,1978,2,6830.0
CES6000000001,Professional and business services,1978,3,6873.0
CES6000000001,Professional and business services,1978,4,6921.0
CES6000000001,Professional and business services,1978,5,6957.0
CES6000000001,Professional and business services,1978,6,6993.0
CES6000000001,Professional and business services,1978,7,7022.0
CES6000000001,Professional and business services,1978,8,7062.0
CES6000000001,Professional and business services,1978,9,7083.0
CES6000000001,Professional and business services,1978,10,7105.0
CES6000000001,Professional and business services,1978,11,7147.0
CES6000000001,Professional and business services,1978,12,7178.0
CES6000000001,Professional and business services,1979,1,7191.0
CES6000000001,Professional and business services,1979,2,7228.0
CES6000000001,Professional and business services,1979,3,7265.0
CES6000000001,Professional and business services,1979,4,7271.0
CES6000000001,Professional and business services,1979,5,7313.0
CES6000000001,Professional and business services,1979,6,7346.0
CES6000000001,Professional and business services,1979,7,7360.0
CES6000000001,Professional and business services,1979,8,7378.0
CES6000000001,Professional and business services,1979,9,7395.0
CES6000000001,Professional and business services,1979,10,7421.0
CES6000000001,Professional and business services,1979,11,7436.0
CES6000000001,Professional and business services,1979,12,7459.0
CES6000000001,Professional and business services,1980,1,7488.0
CES6000000001,Professional and business services,1980,2,7512.0
CES6000000001,Professional and business services,1980,3,7536.0
CES6000000001,Professional and business services,1980,4,7533.0
CES6000000001,Professional and business services,1980,5,7534.0
CES6000000001,Professional and business services,1980,6,7534.0
CES6000000001,Professional and business services,1980,7,7548.0
CES6000000001,Professional and business services,1980,8,7576.0
CES6000000001,Professional and business services,1980,9,7605.0
CES6000000001,Professional and business services,1980,10,7629.0
CES6000000001,Professional and business services,1980,11,7660.0
CES6000000001,Professional and business services,1980,12,7691.0
CES6000000001,Professional and business services,1981,1,7714.0
CES6000000001,Professional and business services,1981,2,7730.0
CES6000000001,Professional and business services,1981,3,7744.0
CES6000000001,Professional and business services,1981,4,7768.0
CES6000000001,Professional and business services,1981,5,7785.0
CES6000000001,Professional and business services,1981,6,7806.0
CES6000000001,Professional and business services,1981,7,7824.0
CES6000000001,Professional and business services,1981,8,7841.0
CES6000000001,Professional and business services,1981,9,7857.0
CES6000000001,Professional and business services,1981,10,7873.0
CES6000000001,Professional and business services,1981,11,7876.0
CES6000000001,Professional and business services,1981,12,7876.0
CES6000000001,Professional and business services,1982,1,7880.0
CES6000000001,Professional and business services,1982,2,7884.0
CES6000000001,Professional and business services,1982,3,7884.0
CES6000000001,Professional and business services,1982,4,7870.0
CES6000000001,Professional and business services,1982,5,7880.0
CES6000000001,Professional and business services,1982,6,7875.0
CES6000000001,Professional and business services,1982,7,7876.0
CES6000000001,Professional and business services,1982,8,7872.0
CES6000000001,Professional and business services,1982,9,7867.0
CES6000000001,Professional and business services,1982,10,7861.0
CES6000000001,Professional and business services,1982,11,7870.0
CES6000000001,Professional and business services,1982,12,7877.0
CES6000000001,Professional and business services,1983,1,7890.0
CES6000000001,Professional and business services,1983,2,7893.0
CES6000000001,Professional and business services,1983,3,7934.0
CES6000000001,Professional and business services,1983,4,7972.0
CES6000000001,Professional and business services,1983,5,8001.0
CES6000000001,Professional and business services,1983,6,8044.0
CES6000000001,Professional and business services,1983,7,8088.0
CES6000000001,Professional and business services,1983,8,8119.0
CES6000000001,Professional and business services,1983,9,8167.0
CES6000000001,Professional and business services,1983,10,8190.0
CES6000000001,Professional and business services,1983,11,8219.0
CES6000000001,Professional and business services,1983,12,8259.0
CES6000000001,Professional and business services,1984,1,8293.0
CES6000000001,Professional and business services,1984,2,8337.0
CES6000000001,Professional and business services,1984,3,8371.0
CES6000000001,Professional and business services,1984,4,8410.0
CES6000000001,Professional and business services,1984,5,8447.0
CES6000000001,Professional and business services,1984,6,8483.0
CES6000000001,Professional and business services,1984,7,8507.0
CES6000000001,Professional and business services,1984,8,8533.0
CES6000000001,Professional and business services,1984,9,8581.0
CES6000000001,Professional and business services,1984,10,8615.0
CES6000000001,Professional and business services,1984,11,8649.0
CES6000000001,Professional and business services,1984,12,8678.0
CES6000000001,Professional and business services,1985,1,8722.0
CES6000000001,Professional and business services,1985,2,8751.0
CES6000000001,Professional and business services,1985,3,8792.0
CES6000000001,Professional and business services,1985,4,8815.0
CES6000000001,Professional and business services,1985,5,8854.0
CES6000000001,Professional and business services,1985,6,8880.0
CES6000000001,Professional and business services,1985,7,8897.0
CES6000000001,Professional and business services,1985,8,8944.0
CES6000000001,Professional and business services,1985,9,8983.0
CES6000000001,Professional and business services,1985,10,9017.0
CES6000000001,Professional and business services,1985,11,9055.0
CES6000000001,Professional and business services,1985,12,9083.0
CES6000000001,Professional and business services,1986,1,9099.0
CES6000000001,Professional and business services,1986,2,9123.0
CES6000000001,Professional and business services,1986,3,9143.0
CES6000000001,Professional and business services,1986,4,9174.0
CES6000000001,Professional and business services,1986,5,9198.0
CES6000000001,Professional and business services,1986,6,9218.0
CES6000000001,Professional and business services,1986,7,9247.0
CES6000000001,Professional and business services,1986,8,9276.0
CES6000000001,Professional and business services,1986,9,9305.0
CES6000000001,Professional and business services,1986,10,9335.0
CES6000000001,Professional and business services,1986,11,9366.0
CES6000000001,Professional and business services,1986,12,9399.0
CES6000000001,Professional and business services,1987,1,9439.0
CES6000000001,Professional and business services,1987,2,9473.0
CES6000000001,Professional and business services,1987,3,9507.0
CES6000000001,Professional and business services,1987,4,9549.0
CES6000000001,Professional and business services,1987,5,9592.0
CES6000000001,Professional and business services,1987,6,9618.0
CES6000000001,Professional and business services,1987,7,9662.0
CES6000000001,Professional and business services,1987,8,9700.0
CES6000000001,Professional and business services,1987,9,9724.0
CES6000000001,Professional and business services,1987,10,9763.0
CES6000000001,Professional and business services,1987,11,9795.0
CES6000000001,Professional and business services,1987,12,9838.0
CES6000000001,Professional and business services,1988,1,9884.0
CES6000000001,Professional and business services,1988,2,9942.0
CES6000000001,Professional and business services,1988,3,9973.0
CES6000000001,Professional and business services,1988,4,10008.0
CES6000000001,Professional and business services,1988,5,10048.0
CES6000000001,Professional and business services,1988,6,10103.0
CES6000000001,Professional and business services,1988,7,10146.0
CES6000000001,Professional and business services,1988,8,10178.0
CES6000000001,Professional and business services,1988,9,10220.0
CES6000000001,Professional and business services,1988,10,10255.0
CES6000000001,Professional and business services,1988,11,10313.0
CES6000000001,Professional and business services,1988,12,10370.0
CES6000000001,Professional and business services,1989,1,10410.0
CES6000000001,Professional and business services,1989,2,10466.0
CES6000000001,Professional and business services,1989,3,10498.0
CES6000000001,Professional and business services,1989,4,10525.0
CES6000000001,Professional and business services,1989,5,10556.0
CES6000000001,Professional and business services,1989,6,10573.0
CES6000000001,Professional and business services,1989,7,10595.0
CES6000000001,Professional and business services,1989,8,10613.0
CES6000000001,Professional and business services,1989,9,10647.0
CES6000000001,Professional and business services,1989,10,10658.0
CES6000000001,Professional and business services,1989,11,10724.0
CES6000000001,Professional and business services,1989,12,10764.0
CES6000000001,Professional and business services,1990,1,10821.0
CES6000000001,Professional and business services,1990,2,10886.0
CES6000000001,Professional and business services,1990,3,10920.0
CES6000000001,Professional and business services,1990,4,10919.0
CES6000000001,Professional and business services,1990,5,10909.0
CES6000000001,Professional and business services,1990,6,10923.0
CES6000000001,Professional and business services,1990,7,10929.0
CES6000000001,Professional and business services,1990,8,10912.0
CES6000000001,Professional and business services,1990,9,10898.0
CES6000000001,Professional and business services,1990,10,10852.0
CES6000000001,Professional and business services,1990,11,10833.0
CES6000000001,Professional and business services,1990,12,10801.0
CES6000000001,Professional and business services,1991,1,10814.0
CES6000000001,Professional and business services,1991,2,10769.0
CES6000000001,Professional and business services,1991,3,10729.0
CES6000000001,Professional and business services,1991,4,10716.0
CES6000000001,Professional and business services,1991,5,10697.0
CES6000000001,Professional and business services,1991,6,10716.0
CES6000000001,Professional and business services,1991,7,10715.0
CES6000000001,Professional and business services,1991,8,10740.0
CES6000000001,Professional and business services,1991,9,10775.0
CES6000000001,Professional and business services,1991,10,10780.0
CES6000000001,Professional and business services,1991,11,10777.0
CES6000000001,Professional and business services,1991,12,10795.0
CES6000000001,Professional and business services,1992,1,10812.0
CES6000000001,Professional and business services,1992,2,10829.0
CES6000000001,Professional and business services,1992,3,10863.0
CES6000000001,Professional and business services,1992,4,10907.0
CES6000000001,Professional and business services,1992,5,10966.0
CES6000000001,Professional and business services,1992,6,10998.0
CES6000000001,Professional and business services,1992,7,11004.0
CES6000000001,Professional and business services,1992,8,11046.0
CES6000000001,Professional and business services,1992,9,11080.0
CES6000000001,Professional and business services,1992,10,11124.0
CES6000000001,Professional and business services,1992,11,11169.0
CES6000000001,Professional and business services,1992,12,11235.0
CES6000000001,Professional and business services,1993,1,11286.0
CES6000000001,Professional and business services,1993,2,11333.0
CES6000000001,Professional and business services,1993,3,11368.0
CES6000000001,Professional and business services,1993,4,11417.0
CES6000000001,Professional and business services,1993,5,11462.0
CES6000000001,Professional and business services,1993,6,11499.0
CES6000000001,Professional and business services,1993,7,11536.0
CES6000000001,Professional and business services,1993,8,11575.0
CES6000000001,Professional and business services,1993,9,11629.0
CES6000000001,Professional and business services,1993,10,11707.0
CES6000000001,Professional and business services,1993,11,11758.0
CES6000000001,Professional and business services,1993,12,11795.0
CES6000000001,Professional and business services,1994,1,11835.0
CES6000000001,Professional and business services,1994,2,11881.0
CES6000000001,Professional and business services,1994,3,11964.0
CES6000000001,Professional and business services,1994,4,12047.0
CES6000000001,Professional and business services,1994,5,12093.0
CES6000000001,Professional and business services,1994,6,12164.0
CES6000000001,Professional and business services,1994,7,12269.0
CES6000000001,Professional and business services,1994,8,12314.0
CES6000000001,Professional and business services,1994,9,12394.0
CES6000000001,Professional and business services,1994,10,12448.0
CES6000000001,Professional and business services,1994,11,12540.0
CES6000000001,Professional and business services,1994,12,12582.0
CES6000000001,Professional and business services,1995,1,12662.0
CES6000000001,Professional and business services,1995,2,12722.0
CES6000000001,Professional and business services,1995,3,12765.0
CES6000000001,Professional and business services,1995,4,12779.0
CES6000000001,Professional and business services,1995,5,12783.0
CES6000000001,Professional and business services,1995,6,12828.0
CES6000000001,Professional and business services,1995,7,12871.0
CES6000000001,Professional and business services,1995,8,12945.0
CES6000000001,Professional and business services,1995,9,13031.0
CES6000000001,Professional and business services,1995,10,13062.0
CES6000000001,Professional and business services,1995,11,13099.0
CES6000000001,Professional and business services,1995,12,13150.0
CES6000000001,Professional and business services,1996,1,13137.0
CES6000000001,Professional and business services,1996,2,13269.0
CES6000000001,Professional and business services,1996,3,13320.0
CES6000000001,Professional and business services,1996,4,13358.0
CES6000000001,Professional and business services,1996,5,13416.0
CES6000000001,Professional and business services,1996,6,13490.0
CES6000000001,Professional and business services,1996,7,13548.0
CES6000000001,Professional and business services,1996,8,13619.0
CES6000000001,Professional and business services,1996,9,13661.0
CES6000000001,Professional and business services,1996,10,13683.0
CES6000000001,Professional and business services,1996,11,13784.0
CES6000000001,Professional and business services,1996,12,13847.0
CES6000000001,Professional and business services,1997,1,13911.0
CES6000000001,Professional and business services,1997,2,14024.0
CES6000000001,Professional and business services,1997,3,14123.0
CES6000000001,Professional and business services,1997,4,14233.0
CES6000000001,Professional and business services,1997,5,14308.0
CES6000000001,Professional and business services,1997,6,14378.0
CES6000000001,Professional and business services,1997,7,14466.0
CES6000000001,Professional and business services,1997,8,14477.0
CES6000000001,Professional and business services,1997,9,14556.0
CES6000000001,Professional and business services,1997,10,14624.0
CES6000000001,Professional and business services,1997,11,14711.0
CES6000000001,Professional and business services,1997,12,14801.0
CES6000000001,Professional and business services,1998,1,14866.0
CES6000000001,Professional and business services,1998,2,14923.0
CES6000000001,Professional and business services,1998,3,14975.0
CES6000000001,Professional and business services,1998,4,15022.0
CES6000000001,Professional and business services,1998,5,15114.0
CES6000000001,Professional and business services,1998,6,15196.0
CES6000000001,Professional and business services,1998,7,15229.0
CES6000000001,Professional and business services,1998,8,15287.0
CES6000000001,Professional and business services,1998,9,15292.0
CES6000000001,Professional and business services,1998,10,15393.0
CES6000000001,Professional and business services,1998,11,15476.0
CES6000000001,Professional and business services,1998,12,15567.0
CES6000000001,Professional and business services,1999,1,15626.0
CES6000000001,Professional and business services,1999,2,15704.0
CES6000000001,Professional and business services,1999,3,15751.0
CES6000000001,Professional and business services,1999,4,15828.0
CES6000000001,Professional and business services,1999,5,15895.0
CES6000000001,Professional and business services,1999,6,15983.0
CES6000000001,Professional and business services,1999,7,16062.0
CES6000000001,Professional and business services,1999,8,16101.0
CES6000000001,Professional and business services,1999,9,16125.0
CES6000000001,Professional and business services,1999,10,16279.0
CES6000000001,Professional and business services,1999,11,16339.0
CES6000000001,Professional and business services,1999,12,16412.0
CES6000000001,Professional and business services,2000,1,16488.0
CES6000000001,Professional and business services,2000,2,16525.0
CES6000000001,Professional and business services,2000,3,16599.0
CES6000000001,Professional and business services,2000,4,16682.0
CES6000000001,Professional and business services,2000,5,16647.0
CES6000000001,Professional and business services,2000,6,16716.0
CES6000000001,Professional and business services,2000,7,16761.0
CES6000000001,Professional and business services,2000,8,16793.0
CES6000000001,Professional and business services,2000,9,16855.0
CES6000000001,Professional and business services,2000,10,16868.0
CES6000000001,Professional and business services,2000,11,16909.0
CES6000000001,Professional and business services,2000,12,16893.0
CES6000000001,Professional and business services,2001,1,16898.0
CES6000000001,Professional and business services,2001,2,16874.0
CES6000000001,Professional and business services,2001,3,16824.0
CES6000000001,Professional and business services,2001,4,16698.0
CES6000000001,Professional and business services,2001,5,16654.0
CES6000000001,Professional and business services,2001,6,16588.0
CES6000000001,Professional and business services,2001,7,16535.0
CES6000000001,Professional and business services,2001,8,16473.0
CES6000000001,Professional and business services,2001,9,16387.0
CES6000000001,Professional and business services,2001,10,16285.0
CES6000000001,Professional and business services,2001,11,16158.0
CES6000000001,Professional and business services,2001,12,16132.0
CES6000000001,Professional and business services,2002,1,16096.0
CES6000000001,Professional and business services,2002,2,16066.0
CES6000000001,Professional and business services,2002,3,16082.0
CES6000000001,Professional and business services,2002,4,16082.0
CES6000000001,Professional and business services,2002,5,16092.0
CES6000000001,Professional and business services,2002,6,16082.0
CES6000000001,Professional and business services,2002,7,16009.0
CES6000000001,Professional and business services,2002,8,16038.0
CES6000000001,Professional and business services,2002,9,16016.0
CES6000000001,Professional and business services,2002,10,16033.0
CES6000000001,Professional and business services,2002,11,15991.0
CES6000000001,Professional and business services,2002,12,15927.0
CES6000000001,Professional and business services,2003,1,15993.0
CES6000000001,Professional and business services,2003,2,16021.0
CES6000000001,Professional and business services,2003,3,15951.0
CES6000000001,Professional and business services,2003,4,15954.0
CES6000000001,Professional and business services,2003,5,16004.0
CES6000000001,Professional and business services,2003,6,16018.0
CES6000000001,Professional and business services,2003,7,16057.0
CES6000000001,Professional and business services,2003,8,16052.0
CES6000000001,Professional and business services,2003,9,16107.0
CES6000000001,Professional and business services,2003,10,16130.0
CES6000000001,Professional and business services,2003,11,16169.0
CES6000000001,Professional and business services,2003,12,16195.0
CES6000000001,Professional and business services,2004,1,16223.0
CES6000000001,Professional and business services,2004,2,16238.0
CES6000000001,Professional and business services,2004,3,16264.0
CES6000000001,Professional and business services,2004,4,16376.0
CES6000000001,Professional and business services,2004,5,16449.0
CES6000000001,Professional and business services,2004,6,16481.0
CES6000000001,Professional and business services,2004,7,16520.0
CES6000000001,Professional and business services,2004,8,16519.0
CES6000000001,Professional and business services,2004,9,16542.0
CES6000000001,Professional and business services,2004,10,16661.0
CES6000000001,Professional and business services,2004,11,16643.0
CES6000000001,Professional and business services,2004,12,16659.0
CES6000000001,Professional and business services,2005,1,16714.0
CES6000000001,Professional and business services,2005,2,16798.0
CES6000000001,Professional and business services,2005,3,16826.0
CES6000000001,Professional and business services,2005,4,16888.0
CES6000000001,Professional and business services,2005,5,16910.0
CES6000000001,Professional and business services,2005,6,16999.0
CES6000000001,Professional and business services,2005,7,17065.0
CES6000000001,Professional and business services,2005,8,17124.0
CES6000000001,Professional and business services,2005,9,17195.0
CES6000000001,Professional and business services,2005,10,17216.0
CES6000000001,Professional and business services,2005,11,17297.0
CES6000000001,Professional and business services,2005,12,17330.0
CES6000000001,Professional and business services,2006,1,17383.0
CES6000000001,Professional and business services,2006,2,17444.0
CES6000000001,Professional and business services,2006,3,17530.0
CES6000000001,Professional and business services,2006,4,17552.0
CES6000000001,Professional and business services,2006,5,17611.0
CES6000000001,Professional and business services,2006,6,17680.0
CES6000000001,Professional and business services,2006,7,17720.0
CES6000000001,Professional and business services,2006,8,17766.0
CES6000000001,Professional and business services,2006,9,17756.0
CES6000000001,Professional and business services,2006,10,17760.0
CES6000000001,Professional and business services,2006,11,17828.0
CES6000000001,Professional and business services,2006,12,17863.0
CES6000000001,Professional and business services,2007,1,17927.0
CES6000000001,Professional and business services,2007,2,17960.0
CES6000000001,Professional and business services,2007,3,17990.0
CES6000000001,Professional and business services,2007,4,18008.0
CES6000000001,Professional and business services,2007,5,18042.0
CES6000000001,Professional and business services,2007,6,18053.0
CES6000000001,Professional and business services,2007,7,18057.0
CES6000000001,Professional and business services,2007,8,18067.0
CES6000000001,Professional and business services,2007,9,18066.0
CES6000000001,Professional and business services,2007,10,18101.0
CES6000000001,Professional and business services,2007,11,18102.0
CES6000000001,Professional and business services,2007,12,18148.0
CES6000000001,Professional and business services,2008,1,18138.0
CES6000000001,Professional and business services,2008,2,18093.0
CES6000000001,Professional and business services,2008,3,18051.0
CES6000000001,Professional and business services,2008,4,18041.0
CES6000000001,Professional and business services,2008,5,17984.0
CES6000000001,Professional and business services,2008,6,17940.0
CES6000000001,Professional and business services,2008,7,17881.0
CES6000000001,Professional and business services,2008,8,17817.0
CES6000000001,Professional and business services,2008,9,17748.0
CES6000000001,Professional and business services,2008,10,17640.0
CES6000000001,Professional and business services,2008,11,17468.0
CES6000000001,Professional and business services,2008,12,17337.0
CES6000000001,Professional and business services,2009,1,17183.0
CES6000000001,Professional and business services,2009,2,16988.0
CES6000000001,Professional and business services,2009,3,16837.0
CES6000000001,Professional and business services,2009,4,16703.0
CES6000000001,Professional and business services,2009,5,16652.0
CES6000000001,Professional and business services,2009,6,16547.0
CES6000000001,Professional and business services,2009,7,16524.0
CES6000000001,Professional and business services,2009,8,16515.0
CES6000000001,Professional and business services,2009,9,16522.0
CES6000000001,Professional and business services,2009,10,16543.0
CES6000000001,Professional and business services,2009,11,16601.0
CES6000000001,Professional and business services,2009,12,16605.0
CES6000000001,Professional and business services,2010,1,16627.0
CES6000000001,Professional and business services,2010,2,16646.0
CES6000000001,Professional and business services,2010,3,16629.0
CES6000000001,Professional and business services,2010,4,16721.0
CES6000000001,Professional and business services,2010,5,16756.0
CES6000000001,Professional and business services,2010,6,16818.0
CES6000000001,Professional and business services,2010,7,16828.0
CES6000000001,Professional and business services,2010,8,16888.0
CES6000000001,Professional and business services,2010,9,16906.0
CES6000000001,Professional and business services,2010,10,16975.0
CES6000000001,Professional and business services,2010,11,17069.0
CES6000000001,Professional and business services,2010,12,17140.0
CES6000000001,Professional and business services,2011,1,17150.0
CES6000000001,Professional and business services,2011,2,17229.0
CES6000000001,Professional and business services,2011,3,17294.0
CES6000000001,Professional and business services,2011,4,17356.0
CES6000000001,Professional and business services,2011,5,17407.0
CES6000000001,Professional and business services,2011,6,17424.0
CES6000000001,Professional and business services,2011,7,17431.0
CES6000000001,Professional and business services,2011,8,17506.0
CES6000000001,Professional and business services,2011,9,17571.0
CES6000000001,Professional and business services,2011,10,17618.0
CES6000000001,Professional and business services,2011,11,17654.0
CES6000000001,Professional and business services,2011,12,17722.0
CES6000000001,Professional and business services,2012,1,17808.0
CES6000000001,Professional and business services,2012,2,17878.0
CES6000000001,Professional and business services,2012,3,17912.0
CES6000000001,Professional and business services,2012,4,17961.0
CES6000000001,Professional and business services,2012,5,17986.0
CES6000000001,Professional and business services,2012,6,18042.0
CES6000000001,Professional and business services,2012,7,18084.0
CES6000000001,Professional and business services,2012,8,18118.0
CES6000000001,Professional and business services,2012,9,18134.0
CES6000000001,Professional and business services,2012,10,18207.0
CES6000000001,Professional and business services,2012,11,18261.0
CES6000000001,Professional and business services,2012,12,18298.0
CES6000000001,Professional and business services,2013,1,18340.0
CES6000000001,Professional and business services,2013,2,18433.0
CES6000000001,Professional and business services,2013,3,18489.0
CES6000000001,Professional and business services,2013,4,18551.0
CES6000000001,Professional and business services,2013,5,18605.0
CES6000000001,Professional and business services,2013,6,18651.0
CES6000000001,Professional and business services,2013,7,18698.0
CES6000000001,Professional and business services,2013,8,18725.0
CES6000000001,Professional and business services,2013,9,18755.0
CES6000000001,Professional and business services,2013,10,18805.0
CES6000000001,Professional and business services,2013,11,18873.0
CES6000000001,Professional and business services,2013,12,18862.0
CES6000000001,Professional and business services,2014,1,18909.0
CES6000000001,Professional and business services,2014,2,18971.0
CES6000000001,Professional and business services,2014,3,19018.0
CES6000000001,Professional and business services,2014,4,19076.0
CES6000000001,Professional and business services,2014,5,19117.0
CES6000000001,Professional and business services,2014,6,19178.0
CES6000000001,Professional and business services,2014,7,19216.0
CES6000000001,Professional and business services,2014,8,19274.0
CES6000000001,Professional and business services,2014,9,19330.0
CES6000000001,Professional and business services,2014,10,19359.0
CES6000000001,Professional and business services,2014,11,19415.0
CES6000000001,Professional and business services,2014,12,19494.0
CES6000000001,Professional and business services,2015,1,19519.0
CES6000000001,Professional and business services,2015,2,19563.0
CES6000000001,Professional and business services,2015,3,19592.0
CES6000000001,Professional and business services,2015,4,19635.0
CES6000000001,Professional and business services,2015,5,19718.0
CES6000000001,Professional and business services,2015,6,19768.0
CES6000000001,Professional and business services,2015,7,19803.0
CES6000000001,Professional and business services,2015,8,19835.0
CES6000000001,Professional and business services,2015,9,19855.0
CES6000000001,Professional and business services,2015,10,19930.0
CES6000000001,Professional and business services,2015,11,19965.0
CES6000000001,Professional and business services,2015,12,20035.0
CES6000000001,Professional and business services,2016,1,20046.0
CES6000000001,Professional and business services,2016,2,20058.0
CES6000000001,Professional and business services,2016,3,20082.0
CES6000000001,Professional and business services,2016,4,20113.0
CES6000000001,Professional and business services,2016,5,20120.0
CES6000000001,Professional and business services,2016,6,20162.0
CES6000000001,Professional and business services,2016,7,20208.0
CES6000000001,Professional and business services,2016,8,20212.0
CES6000000001,Professional and business services,2016,9,20281.0
CES6000000001,Professional and business services,2016,10,20303.0
CES6000000001,Professional and business services,2016,11,20340.0
CES6000000001,Professional and business services,2016,12,20374.0
CES6000000001,Professional and business services,2017,1,20415.0
CES6000000001,Professional and business services,2017,2,20433.0
CES6000000001,Professional and business services,2017,3,20463.0
CES6000000001,Professional and business services,2017,4,20494.0
CES6000000001,Professional and business services,2017,5,20556.0
CES6000000001,Professional and business services,2017,6,20589.0
CES6000000001,Professional and business services,2017,7,20632.0
CES6000000001,Professional and business services,2017,8,20671.0
CES6000000001,Professional and business services,2017,9,20668.0
CES6000000001,Professional and business services,2017,10,20709.0
CES6000000001,Professional and business services,2017,11,20725.0
CES6000000001,Professional and business services,2017,12,20764.0
CES6000000001,Professional and business services,2018,1,20822.0
CES6000000001,Professional and business services,2018,2,20861.0
CES6000000001,Professional and business services,2018,3,20908.0
CES6000000001,Professional and business services,2018,4,20952.0
CES6000000001,Professional and business services,2018,5,21011.0
CES6000000001,Professional and business services,2018,6,21060.0
CES6000000001,Professional and business services,2018,7,21073.0
CES6000000001,Professional and business services,2018,8,21112.0
CES6000000001,Professional and business services,2018,9,21145.0
CES6000000001,Professional and business services,2018,10,21171.0
CES6000000001,Professional and business services,2018,11,21176.0
CES6000000001,Professional and business services,2018,12,21196.0
CES6000000001,Professional and business services,2019,1,21201.0
CES6000000001,Professional and business services,2019,2,21230.0
CES6000000001,Professional and business services,2019,3,21258.0
CES6000000001,Professional and business services,2019,4,21315.0
CES6000000001,Professional and business services,2019,5,21356.0
CES6000000001,Professional and business services,2019,6,21402.0
CES6000000001,Professional and business services,2019,7,21421.0
CES6000000001,Professional and business services,2019,8,21455.0
CES6000000001,Professional and business services,2019,9,21465.0
CES6000000001,Professional and business services,2019,10,21476.0
CES6000000001,Professional and business services,2019,11,21487.0
CES6000000001,Professional and business services,2019,12,21467.0
CES6000000001,Professional and business services,2020,1,21476.0
CES6000000001,Professional and business services,2020,2,21483.0
CES6000000001,Professional and business services,2020,3,21388.0
CES6000000001,Professional and business services,2020,4,19223.0
CES6000000001,Professional and business services,2020,5,19410.0
CES6000000001,Professional and business services,2020,6,19768.0
CES6000000001,Professional and business services,2020,7,19953.0
CES6000000001,Professional and business services,2020,8,20147.0
CES6000000001,Professional and business services,2020,9,20267.0
CES6000000001,Professional and business services,2020,10,20455.0
CES6000000001,Professional and business services,2020,11,20602.0
CES6000000001,Professional and business services,2020,12,20770.0
CES6000000001,Professional and business services,2021,1,20922.0
CES6000000001,Professional and business services,2021,2,20999.0
CES6000000001,Professional and business services,2021,3,21109.0
CES6000000001,Professional and business services,2021,4,21103.0
CES6000000001,Professional and business services,2021,5,21176.0
CES6000000001,Professional and business services,2021,6,21257.0
CES6000000001,Professional and business services,2021,7,21418.0
CES6000000001,Professional and business services,2021,8,21535.0
CES6000000001,Professional and business services,2021,9,21636.0
CES6000000001,Professional and business services,2021,10,21873.0
CES6000000001,Professional and business services,2021,11,22019.0
CES6000000001,Professional and business services,2021,12,22129.0
CES6000000001,Professional and business services,2022,1,22183.0
CES6000000001,Professional and business services,2022,2,22372.0
CES6000000001,Professional and business services,2022,3,22483.0
CES6000000001,Professional and business services,2022,4,22468.0
CES6000000001,Professional and business services,2022,5,22503.0
CES6000000001,Professional and business services,2022,6,22564.0
CES6000000001,Professional and business services,2022,7,22658.0
CES6000000001,Professional and business services,2022,8,22697.0
CES6000000001,Professional and business services,2022,9,22744.0
CES6000000001,Professional and business services,2022,10,22783.0
CES6000000001,Professional and business services,2022,11,22792.0
CES6000000001,Professional and business services,2022,12,22774.0
CES6000000001,Professional and business services,2023,1,22791.0
CES6000000001,Professional and business services,2023,2,22837.0
CES6000000001,Professional and business services,2023,3,22832.0
CES6000000001,Professional and business services,2023,4,22837.0
CES6000000001,Professional and business services,2023,5,22850.0
CES6000000001,Professional and business services,2023,6,22826.0
CES6000000001,Professional and business services,2023,7,22779.0
CES6000000001,Professional and business services,2023,8,22768.0
CES6000000001,Professional and business services,2023,9,22743.0
CES6000000001,Professional and business services,2023,10,22715.0
CES6000000001,Professional and business services,2023,11,22661.0
CES6000000001,Professional and business services,2023,12,22643.0
CES6000000001,Professional and business services,2024,1,22668.0
CES6000000001,Professional and business services,2024,2,22658.0
CES6000000001,Professional and business services,2024,3,22631.0
CES6000000001,Professional and business services,2024,4,22616.0
CES6000000001,Professional and business services,2024,5,22633.0
CES6000000001,Professional and business services,2024,6,22606.0
CES6000000001,Professional and business services,2024,7,22584.0
CES6000000001,Professional and business services,2024,8,22544.0
CES6000000001,Professional and business services,2024,9,22525.0
CES6000000001,Professional and business services,2024,10,22486.0
CES6000000001,Professional and business services,2024,11,22499.0
CES6000000001,Professional and business services,2024,12,22532.0
CES6000000001,Professional and business services,2025,1,22480.0
CES6000000001,Professional and business services,2025,2,22473.0
CES6000000001,Professional and business services,2025,3,22457.0
CES6000000001,Professional and business services,2025,4,22470.0
CES6000000001,Professional and business services,2025,5,22450.0
CES6000000001,Professional and business services,2025,6,22419.0
CES6000000001,Professional and business services,2025,7,22403.0
CES6000000001,Professional and business services,2025,8,22375.0
CES6000000001,Professional and business services,2025,9,22359.0
CES6000000001,Professional and business services,2025,10,22335.0
CES6000000001,Professional and business services,2025,11,22391.0
CES6000000001,Professional and business services,2025,12,22372.0
CES6500000001,Education and health services,1976,1,5635.0
CES6500000001,Education and health services,1976,2,5657.0
CES6500000001,Education and health services,1976,3,5687.0
CES6500000001,Education and health services,1976,4,5709.0
CES6500000001,Education and health services,1976,5,5730.0
CES6500000001,Education and health services,1976,6,5751.0
CES6500000001,Education and health services,1976,7,5780.0
CES6500000001,Education and health services,1976,8,5789.0
CES6500000001,Education and health services,1976,9,5801.0
CES6500000001,Education and health services,1976,10,5819.0
CES6500000001,Education and health services,1976,11,5843.0
CES6500000001,Education and health services,1976,12,5868.0
CES6500000001,Education and health services,1977,1,5892.0
CES6500000001,Education and health services,1977,2,5914.0
CES6500000001,Education and health services,1977,3,5941.0
CES6500000001,Education and health services,1977,4,5965.0
CES6500000001,Education and health services,1977,5,5992.0
CES6500000001,Education and health services,1977,6,6023.0
CES6500000001,Education and health services,1977,7,6060.0
CES6500000001,Education and health services,1977,8,6094.0
CES6500000001,Education and health services,1977,9,6139.0
CES6500000001,Education and health services,1977,10,6171.0
CES6500000001,Education and health services,1977,11,6204.0
CES6500000001,Education and health services,1977,12,6229.0
CES6500000001,Education and health services,1978,1,6228.0
CES6500000001,Education and health services,1978,2,6266.0
CES6500000001,Education and health services,1978,3,6308.0
CES6500000001,Education and health services,1978,4,6353.0
CES6500000001,Education and health services,1978,5,6387.0
CES6500000001,Education and health services,1978,6,6421.0
CES6500000001,Education and health services,1978,7,6455.0
CES6500000001,Education and health services,1978,8,6498.0
CES6500000001,Education and health services,1978,9,6514.0
CES6500000001,Education and health services,1978,10,6525.0
CES6500000001,Education and health services,1978,11,6567.0
CES6500000001,Education and health services,1978,12,6597.0
CES6500000001,Education and health services,1979,1,6603.0
CES6500000001,Education and health services,1979,2,6645.0
CES6500000001,Education and health services,1979,3,6683.0
CES6500000001,Education and health services,1979,4,6702.0
CES6500000001,Education and health services,1979,5,6738.0
CES6500000001,Education and health services,1979,6,6770.0
CES6500000001,Education and health services,1979,7,6784.0
CES6500000001,Education and health services,1979,8,6812.0
CES6500000001,Education and health services,1979,9,6830.0
CES6500000001,Education and health services,1979,10,6858.0
CES6500000001,Education and health services,1979,11,6879.0
CES6500000001,Education and health services,1979,12,6908.0
CES6500000001,Education and health services,1980,1,6942.0
CES6500000001,Education and health services,1980,2,6975.0
CES6500000001,Education and health services,1980,3,7002.0
CES6500000001,Education and health services,1980,4,7020.0
CES6500000001,Education and health services,1980,5,7034.0
CES6500000001,Education and health services,1980,6,7048.0
CES6500000001,Education and health services,1980,7,7077.0
CES6500000001,Education and health services,1980,8,7104.0
CES6500000001,Education and health services,1980,9,7134.0
CES6500000001,Education and health services,1980,10,7159.0
CES6500000001,Education and health services,1980,11,7194.0
CES6500000001,Education and health services,1980,12,7227.0
CES6500000001,Education and health services,1981,1,7254.0
CES6500000001,Education and health services,1981,2,7273.0
CES6500000001,Education and health services,1981,3,7285.0
CES6500000001,Education and health services,1981,4,7313.0
CES6500000001,Education and health services,1981,5,7331.0
CES6500000001,Education and health services,1981,6,7352.0
CES6500000001,Education and health services,1981,7,7371.0
CES6500000001,Education and health services,1981,8,7393.0
CES6500000001,Education and health services,1981,9,7417.0
CES6500000001,Education and health services,1981,10,7446.0
CES6500000001,Education and health services,1981,11,7459.0
CES6500000001,Education and health services,1981,12,7471.0
CES6500000001,Education and health services,1982,1,7490.0
CES6500000001,Education and health services,1982,2,7497.0
CES6500000001,Education and health services,1982,3,7502.0
CES6500000001,Education and health services,1982,4,7501.0
CES6500000001,Education and health services,1982,5,7513.0
CES6500000001,Education and health services,1982,6,7519.0
CES6500000001,Education and health services,1982,7,7530.0
CES6500000001,Education and health services,1982,8,7536.0
CES6500000001,Education and health services,1982,9,7537.0
CES6500000001,Education and health services,1982,10,7545.0
CES6500000001,Education and health services,1982,11,7565.0
CES6500000001,Education and health services,1982,12,7576.0
CES6500000001,Education and health services,1983,1,7594.0
CES6500000001,Education and health services,1983,2,7601.0
CES6500000001,Education and health services,1983,3,7648.0
CES6500000001,Education and health services,1983,4,7689.0
CES6500000001,Education and health services,1983,5,7715.0
CES6500000001,Education and health services,1983,6,7766.0
CES6500000001,Education and health services,1983,7,7810.0
CES6500000001,Education and health services,1983,8,7847.0
CES6500000001,Education and health services,1983,9,7883.0
CES6500000001,Education and health services,1983,10,7906.0
CES6500000001,Education and health services,1983,11,7933.0
CES6500000001,Education and health services,1983,12,7973.0
CES6500000001,Education and health services,1984,1,8001.0
CES6500000001,Education and health services,1984,2,8046.0
CES6500000001,Education and health services,1984,3,8080.0
CES6500000001,Education and health services,1984,4,8121.0
CES6500000001,Education and health services,1984,5,8162.0
CES6500000001,Education and health services,1984,6,8200.0
CES6500000001,Education and health services,1984,7,8226.0
CES6500000001,Education and health services,1984,8,8254.0
CES6500000001,Education and health services,1984,9,8303.0
CES6500000001,Education and health services,1984,10,8343.0
CES6500000001,Education and health services,1984,11,8380.0
CES6500000001,Education and health services,1984,12,8413.0
CES6500000001,Education and health services,1985,1,8464.0
CES6500000001,Education and health services,1985,2,8499.0
CES6500000001,Education and health services,1985,3,8544.0
CES6500000001,Education and health services,1985,4,8574.0
CES6500000001,Education and health services,1985,5,8620.0
CES6500000001,Education and health services,1985,6,8652.0
CES6500000001,Education and health services,1985,7,8686.0
CES6500000001,Education and health services,1985,8,8748.0
CES6500000001,Education and health services,1985,9,8778.0
CES6500000001,Education and health services,1985,10,8819.0
CES6500000001,Education and health services,1985,11,8864.0
CES6500000001,Education and health services,1985,12,8894.0
CES6500000001,Education and health services,1986,1,8912.0
CES6500000001,Education and health services,1986,2,8936.0
CES6500000001,Education and health services,1986,3,8965.0
CES6500000001,Education and health services,1986,4,9002.0
CES6500000001,Education and health services,1986,5,9032.0
CES6500000001,Education and health services,1986,6,9061.0
CES6500000001,Education and health services,1986,7,9111.0
CES6500000001,Education and health services,1986,8,9160.0
CES6500000001,Education and health services,1986,9,9164.0
CES6500000001,Education and health services,1986,10,9202.0
CES6500000001,Education and health services,1986,11,9232.0
CES6500000001,Education and health services,1986,12,9268.0
CES6500000001,Education and health services,1987,1,9312.0
CES6500000001,Education and health services,1987,2,9338.0
CES6500000001,Education and health services,1987,3,9383.0
CES6500000001,Education and health services,1987,4,9431.0
CES6500000001,Education and health services,1987,5,9484.0
CES6500000001,Education and health services,1987,6,9520.0
CES6500000001,Education and health services,1987,7,9602.0
CES6500000001,Education and health services,1987,8,9670.0
CES6500000001,Education and health services,1987,9,9643.0
CES6500000001,Education and health services,1987,10,9686.0
CES6500000001,Education and health services,1987,11,9711.0
CES6500000001,Education and health services,1987,12,9752.0
CES6500000001,Education and health services,1988,1,9793.0
CES6500000001,Education and health services,1988,2,9838.0
CES6500000001,Education and health services,1988,3,9883.0
CES6500000001,Education and health services,1988,4,9938.0
CES6500000001,Education and health services,1988,5,9996.0
CES6500000001,Education and health services,1988,6,10095.0
CES6500000001,Education and health services,1988,7,10181.0
CES6500000001,Education and health services,1988,8,10263.0
CES6500000001,Education and health services,1988,9,10242.0
CES6500000001,Education and health services,1988,10,10273.0
CES6500000001,Education and health services,1988,11,10310.0
CES6500000001,Education and health services,1988,12,10359.0
CES6500000001,Education and health services,1989,1,10383.0
CES6500000001,Education and health services,1989,2,10411.0
CES6500000001,Education and health services,1989,3,10468.0
CES6500000001,Education and health services,1989,4,10536.0
CES6500000001,Education and health services,1989,5,10590.0
CES6500000001,Education and health services,1989,6,10706.0
CES6500000001,Education and health services,1989,7,10764.0
CES6500000001,Education and health services,1989,8,10834.0
CES6500000001,Education and health services,1989,9,10786.0
CES6500000001,Education and health services,1989,10,10766.0
CES6500000001,Education and health services,1989,11,10792.0
CES6500000001,Education and health services,1989,12,10814.0
CES6500000001,Education and health services,1990,1,10784.0
CES6500000001,Education and health services,1990,2,10823.0
CES6500000001,Education and health services,1990,3,10872.0
CES6500000001,Education and health services,1990,4,10897.0
CES6500000001,Education and health services,1990,5,10953.0
CES6500000001,Education and health services,1990,6,11011.0
CES6500000001,Education and health services,1990,7,11048.0
CES6500000001,Education and health services,1990,8,11093.0
CES6500000001,Education and health services,1990,9,11137.0
CES6500000001,Education and health services,1990,10,11179.0
CES6500000001,Education and health services,1990,11,11221.0
CES6500000001,Education and health services,1990,12,11271.0
CES6500000001,Education and health services,1991,1,11349.0
CES6500000001,Education and health services,1991,2,11377.0
CES6500000001,Education and health services,1991,3,11427.0
CES6500000001,Education and health services,1991,4,11463.0
CES6500000001,Education and health services,1991,5,11494.0
CES6500000001,Education and health services,1991,6,11530.0
CES6500000001,Education and health services,1991,7,11572.0
CES6500000001,Education and health services,1991,8,11612.0
CES6500000001,Education and health services,1991,9,11658.0
CES6500000001,Education and health services,1991,10,11700.0
CES6500000001,Education and health services,1991,11,11726.0
CES6500000001,Education and health services,1991,12,11764.0
CES6500000001,Education and health services,1992,1,11802.0
CES6500000001,Education and health services,1992,2,11827.0
CES6500000001,Education and health services,1992,3,11847.0
CES6500000001,Education and health services,1992,4,11871.0
CES6500000001,Education and health services,1992,5,11882.0
CES6500000001,Education and health services,1992,6,11919.0
CES6500000001,Education and health services,1992,7,11966.0
CES6500000001,Education and health services,1992,8,11989.0
CES6500000001,Education and health services,1992,9,12012.0
CES6500000001,Education and health services,1992,10,12047.0
CES6500000001,Education and health services,1992,11,12080.0
CES6500000001,Education and health services,1992,12,12112.0
CES6500000001,Education and health services,1993,1,12142.0
CES6500000001,Education and health services,1993,2,12181.0
CES6500000001,Education and health services,1993,3,12202.0
CES6500000001,Education and health services,1993,4,12249.0
CES6500000001,Education and health services,1993,5,12298.0
CES6500000001,Education and health services,1993,6,12337.0
CES6500000001,Education and health services,1993,7,12392.0
CES6500000001,Education and health services,1993,8,12440.0
CES6500000001,Education and health services,1993,9,12460.0
CES6500000001,Education and health services,1993,10,12501.0
CES6500000001,Education and health services,1993,11,12541.0
CES6500000001,Education and health services,1993,12,12585.0
CES6500000001,Education and health services,1994,1,12627.0
CES6500000001,Education and health services,1994,2,12647.0
CES6500000001,Education and health services,1994,3,12699.0
CES6500000001,Education and health services,1994,4,12745.0
CES6500000001,Education and health services,1994,5,12796.0
CES6500000001,Education and health services,1994,6,12852.0
CES6500000001,Education and health services,1994,7,12920.0
CES6500000001,Education and health services,1994,8,12959.0
CES6500000001,Education and health services,1994,9,12989.0
CES6500000001,Education and health services,1994,10,13030.0
CES6500000001,Education and health services,1994,11,13072.0
CES6500000001,Education and health services,1994,12,13125.0
CES6500000001,Education and health services,1995,1,13167.0
CES6500000001,Education and health services,1995,2,13213.0
CES6500000001,Education and health services,1995,3,13257.0
CES6500000001,Education and health services,1995,4,13285.0
CES6500000001,Education and health services,1995,5,13308.0
CES6500000001,Education and health services,1995,6,13348.0
CES6500000001,Education and health services,1995,7,13364.0
CES6500000001,Education and health services,1995,8,13409.0
CES6500000001,Education and health services,1995,9,13438.0
CES6500000001,Education and health services,1995,10,13474.0
CES6500000001,Education and health services,1995,11,13506.0
CES6500000001,Education and health services,1995,12,13545.0
CES6500000001,Education and health services,1996,1,13551.0
CES6500000001,Education and health services,1996,2,13604.0
CES6500000001,Education and health services,1996,3,13647.0
CES6500000001,Education and health services,1996,4,13680.0
CES6500000001,Education and health services,1996,5,13721.0
CES6500000001,Education and health services,1996,6,13751.0
CES6500000001,Education and health services,1996,7,13800.0
CES6500000001,Education and health services,1996,8,13804.0
CES6500000001,Education and health services,1996,9,13834.0
CES6500000001,Education and health services,1996,10,13887.0
CES6500000001,Education and health services,1996,11,13927.0
CES6500000001,Education and health services,1996,12,13949.0
CES6500000001,Education and health services,1997,1,13994.0
CES6500000001,Education and health services,1997,2,14026.0
CES6500000001,Education and health services,1997,3,14055.0
CES6500000001,Education and health services,1997,4,14105.0
CES6500000001,Education and health services,1997,5,14148.0
CES6500000001,Education and health services,1997,6,14168.0
CES6500000001,Education and health services,1997,7,14233.0
CES6500000001,Education and health services,1997,8,14228.0
CES6500000001,Education and health services,1997,9,14270.0
CES6500000001,Education and health services,1997,10,14302.0
CES6500000001,Education and health services,1997,11,14326.0
CES6500000001,Education and health services,1997,12,14364.0
CES6500000001,Education and health services,1998,1,14388.0
CES6500000001,Education and health services,1998,2,14416.0
CES6500000001,Education and health services,1998,3,14439.0
CES6500000001,Education and health services,1998,4,14467.0
CES6500000001,Education and health services,1998,5,14508.0
CES6500000001,Education and health services,1998,6,14553.0
CES6500000001,Education and health services,1998,7,14612.0
CES6500000001,Education and health services,1998,8,14594.0
CES6500000001,Education and health services,1998,9,14648.0
CES6500000001,Education and health services,1998,10,14692.0
CES6500000001,Education and health services,1998,11,14724.0
CES6500000001,Education and health services,1998,12,14759.0
CES6500000001,Education and health services,1999,1,14775.0
CES6500000001,Education and health services,1999,2,14832.0
CES6500000001,Education and health services,1999,3,14859.0
CES6500000001,Education and health services,1999,4,14890.0
CES6500000001,Education and health services,1999,5,14902.0
CES6500000001,Education and health services,1999,6,14926.0
CES6500000001,Education and health services,1999,7,14954.0
CES6500000001,Education and health services,1999,8,14962.0
CES6500000001,Education and health services,1999,9,14980.0
CES6500000001,Education and health services,1999,10,15022.0
CES6500000001,Education and health services,1999,11,15055.0
CES6500000001,Education and health services,1999,12,15080.0
CES6500000001,Education and health services,2000,1,15100.0
CES6500000001,Education and health services,2000,2,15114.0
CES6500000001,Education and health services,2000,3,15141.0
CES6500000001,Education and health services,2000,4,15161.0
CES6500000001,Education and health services,2000,5,15189.0
CES6500000001,Education and health services,2000,6,15218.0
CES6500000001,Education and health services,2000,7,15246.0
CES6500000001,Education and health services,2000,8,15286.0
CES6500000001,Education and health services,2000,9,15336.0
CES6500000001,Education and health services,2000,10,15361.0
CES6500000001,Education and health services,2000,11,15409.0
CES6500000001,Education and health services,2000,12,15465.0
CES6500000001,Education and health services,2001,1,15519.0
CES6500000001,Education and health services,2001,2,15573.0
CES6500000001,Education and health services,2001,3,15629.0
CES6500000001,Education and health services,2001,4,15672.0
CES6500000001,Education and health services,2001,5,15747.0
CES6500000001,Education and health services,2001,6,15784.0
CES6500000001,Education and health services,2001,7,15840.0
CES6500000001,Education and health services,2001,8,15900.0
CES6500000001,Education and health services,2001,9,15958.0
CES6500000001,Education and health services,2001,10,15999.0
CES6500000001,Education and health services,2001,11,16044.0
CES6500000001,Education and health services,2001,12,16098.0
CES6500000001,Education and health services,2002,1,16153.0
CES6500000001,Education and health services,2002,2,16201.0
CES6500000001,Education and health services,2002,3,16242.0
CES6500000001,Education and health services,2002,4,16280.0
CES6500000001,Education and health services,2002,5,16325.0
CES6500000001,Education and health services,2002,6,16414.0
CES6500000001,Education and health services,2002,7,16464.0
CES6500000001,Education and health services,2002,8,16485.0
CES6500000001,Education and health services,2002,9,16513.0
CES6500000001,Education and health services,2002,10,16539.0
CES6500000001,Education and health services,2002,11,16585.0
CES6500000001,Education and health services,2002,12,16605.0
CES6500000001,Education and health services,2003,1,16650.0
CES6500000001,Education and health services,2003,2,16695.0
CES6500000001,Education and health services,2003,3,16722.0
CES6500000001,Education and health services,2003,4,16781.0
CES6500000001,Education and health services,2003,5,16822.0
CES6500000001,Education and health services,2003,6,16830.0
CES6500000001,Education and health services,2003,7,16840.0
CES6500000001,Education and health services,2003,8,16851.0
CES6500000001,Education and health services,2003,9,16885.0
CES6500000001,Education and health services,2003,10,16945.0
CES6500000001,Education and health services,2003,11,16976.0
CES6500000001,Education and health services,2003,12,17015.0
CES6500000001,Education and health services,2004,1,17039.0
CES6500000001,Education and health services,2004,2,17063.0
CES6500000001,Education and health services,2004,3,17115.0
CES6500000001,Education and health services,2004,4,17153.0
CES6500000001,Education and health services,2004,5,17188.0
CES6500000001,Education and health services,2004,6,17202.0
CES6500000001,Education and health services,2004,7,17237.0
CES6500000001,Education and health services,2004,8,17274.0
CES6500000001,Education and health services,2004,9,17267.0
CES6500000001,Education and health services,2004,10,17361.0
CES6500000001,Education and health services,2004,11,17387.0
CES6500000001,Education and health services,2004,12,17435.0
CES6500000001,Education and health services,2005,1,17471.0
CES6500000001,Education and health services,2005,2,17479.0
CES6500000001,Education and health services,2005,3,17506.0
CES6500000001,Education and health services,2005,4,17546.0
CES6500000001,Education and health services,2005,5,17607.0
CES6500000001,Education and health services,2005,6,17669.0
CES6500000001,Education and health services,2005,7,17719.0
CES6500000001,Education and health services,2005,8,17759.0
CES6500000001,Education and health services,2005,9,17793.0
CES6500000001,Education and health services,2005,10,17811.0
CES6500000001,Education and health services,2005,11,17861.0
CES6500000001,Education and health services,2005,12,17893.0
CES6500000001,Education and health services,2006,1,17946.0
CES6500000001,Education and health services,2006,2,17996.0
CES6500000001,Education and health services,2006,3,18042.0
CES6500000001,Education and health services,2006,4,18068.0
CES6500000001,Education and health services,2006,5,18100.0
CES6500000001,Education and health services,2006,6,18109.0
CES6500000001,Education and health services,2006,7,18133.0
CES6500000001,Education and health services,2006,8,18186.0
CES6500000001,Education and health services,2006,9,18251.0
CES6500000001,Education and health services,2006,10,18287.0
CES6500000001,Education and health services,2006,11,18333.0
CES6500000001,Education and health services,2006,12,18377.0
CES6500000001,Education and health services,2007,1,18413.0
CES6500000001,Education and health services,2007,2,18452.0
CES6500000001,Education and health services,2007,3,18508.0
CES6500000001,Education and health services,2007,4,18563.0
CES6500000001,Education and health services,2007,5,18609.0
CES6500000001,Education and health services,2007,6,18660.0
CES6500000001,Education and health services,2007,7,18695.0
CES6500000001,Education and health services,2007,8,18751.0
CES6500000001,Education and health services,2007,9,18806.0
CES6500000001,Education and health services,2007,10,18849.0
CES6500000001,Education and health services,2007,11,18875.0
CES6500000001,Education and health services,2007,12,18924.0
CES6500000001,Education and health services,2008,1,18976.0
CES6500000001,Education and health services,2008,2,19019.0
CES6500000001,Education and health services,2008,3,19069.0
CES6500000001,Education and health services,2008,4,19129.0
CES6500000001,Education and health services,2008,5,19166.0
CES6500000001,Education and health services,2008,6,19232.0
CES6500000001,Education and health services,2008,7,19283.0
CES6500000001,Education and health services,2008,8,19339.0
CES6500000001,Education and health services,2008,9,19343.0
CES6500000001,Education and health services,2008,10,19358.0
CES6500000001,Education and health services,2008,11,19397.0
CES6500000001,Education and health services,2008,12,19438.0
CES6500000001,Education and health services,2009,1,19494.0
CES6500000001,Education and health services,2009,2,19508.0
CES6500000001,Education and health services,2009,3,19514.0
CES6500000001,Education and health services,2009,4,19519.0
CES6500000001,Education and health services,2009,5,19581.0
CES6500000001,Education and health services,2009,6,19619.0
CES6500000001,Education and health services,2009,7,19632.0
CES6500000001,Education and health services,2009,8,19676.0
CES6500000001,Education and health services,2009,9,19695.0
CES6500000001,Education and health services,2009,10,19731.0
CES6500000001,Education and health services,2009,11,19768.0
CES6500000001,Education and health services,2009,12,19802.0
CES6500000001,Education and health services,2010,1,19829.0
CES6500000001,Education and health services,2010,2,19843.0
CES6500000001,Education and health services,2010,3,19896.0
CES6500000001,Education and health services,2010,4,19907.0
CES6500000001,Education and health services,2010,5,19934.0
CES6500000001,Education and health services,2010,6,19964.0
CES6500000001,Education and health services,2010,7,19976.0
CES6500000001,Education and health services,2010,8,20012.0
CES6500000001,Education and health services,2010,9,20005.0
CES6500000001,Education and health services,2010,10,20073.0
CES6500000001,Education and health services,2010,11,20113.0
CES6500000001,Education and health services,2010,12,20126.0
CES6500000001,Education and health services,2011,1,20150.0
CES6500000001,Education and health services,2011,2,20167.0
CES6500000001,Education and health services,2011,3,20180.0
CES6500000001,Education and health services,2011,4,20232.0
CES6500000001,Education and health services,2011,5,20253.0
CES6500000001,Education and health services,2011,6,20284.0
CES6500000001,Education and health services,2011,7,20332.0
CES6500000001,Education and health services,2011,8,20367.0
CES6500000001,Education and health services,2011,9,20417.0
CES6500000001,Education and health services,2011,10,20452.0
CES6500000001,Education and health services,2011,11,20484.0
CES6500000001,Education and health services,2011,12,20515.0
CES6500000001,Education and health services,2012,1,20573.0
CES6500000001,Education and health services,2012,2,20646.0
CES6500000001,Education and health services,2012,3,20690.0
CES6500000001,Education and health services,2012,4,20707.0
CES6500000001,Education and health services,2012,5,20744.0
CES6500000001,Education and health services,2012,6,20744.0
CES6500000001,Education and health services,2012,7,20779.0
CES6500000001,Education and health services,2012,8,20806.0
CES6500000001,Education and health services,2012,9,20845.0
CES6500000001,Education and health services,2012,10,20875.0
CES6500000001,Education and health services,2012,11,20880.0
CES6500000001,Education and health services,2012,12,20933.0
CES6500000001,Education and health services,2013,1,20948.0
CES6500000001,Education and health services,2013,2,20959.0
CES6500000001,Education and health services,2013,3,21007.0
CES6500000001,Education and health services,2013,4,21057.0
CES6500000001,Education and health services,2013,5,21076.0
CES6500000001,Education and health services,2013,6,21082.0
CES6500000001,Education and health services,2013,7,21073.0
CES6500000001,Education and health services,2013,8,21147.0
CES6500000001,Education and health services,2013,9,21133.0
CES6500000001,Education and health services,2013,10,21158.0
CES6500000001,Education and health services,2013,11,21200.0
CES6500000001,Education and health services,2013,12,21199.0
CES6500000001,Education and health services,2014,1,21236.0
CES6500000001,Education and health services,2014,2,21252.0
CES6500000001,Education and health services,2014,3,21292.0
CES6500000001,Education and health services,2014,4,21323.0
CES6500000001,Education and health services,2014,5,21375.0
CES6500000001,Education and health services,2014,6,21424.0
CES6500000001,Education and health services,2014,7,21450.0
CES6500000001,Education and health services,2014,8,21501.0
CES6500000001,Education and health services,2014,9,21541.0
CES6500000001,Education and health services,2014,10,21569.0
CES6500000001,Education and health services,2014,11,21626.0
CES6500000001,Education and health services,2014,12,21678.0
CES6500000001,Education and health services,2015,1,21746.0
CES6500000001,Education and health services,2015,2,21787.0
CES6500000001,Education and health services,2015,3,21829.0
CES6500000001,Education and health services,2015,4,21902.0
CES6500000001,Education and health services,2015,5,21956.0
CES6500000001,Education and health services,2015,6,22011.0
CES6500000001,Education and health services,2015,7,22052.0
CES6500000001,Education and health services,2015,8,22088.0
CES6500000001,Education and health services,2015,9,22140.0
CES6500000001,Education and health services,2015,10,22212.0
CES6500000001,Education and health services,2015,11,22260.0
CES6500000001,Education and health services,2015,12,22318.0
CES6500000001,Education and health services,2016,1,22348.0
CES6500000001,Education and health services,2016,2,22401.0
CES6500000001,Education and health services,2016,3,22447.0
CES6500000001,Education and health services,2016,4,22503.0
CES6500000001,Education and health services,2016,5,22564.0
CES6500000001,Education and health services,2016,6,22615.0
CES6500000001,Education and health services,2016,7,22669.0
CES6500000001,Education and health services,2016,8,22715.0
CES6500000001,Education and health services,2016,9,22779.0
CES6500000001,Education and health services,2016,10,22827.0
CES6500000001,Education and health services,2016,11,22865.0
CES6500000001,Education and health services,2016,12,22928.0
CES6500000001,Education and health services,2017,1,22941.0
CES6500000001,Education and health services,2017,2,23018.0
CES6500000001,Education and health services,2017,3,23047.0
CES6500000001,Education and health services,2017,4,23105.0
CES6500000001,Education and health services,2017,5,23140.0
CES6500000001,Education and health services,2017,6,23165.0
CES6500000001,Education and health services,2017,7,23232.0
CES6500000001,Education and health services,2017,8,23269.0
CES6500000001,Education and health services,2017,9,23295.0
CES6500000001,Education and health services,2017,10,23313.0
CES6500000001,Education and health services,2017,11,23354.0
CES6500000001,Education and health services,2017,12,23383.0
CES6500000001,Education and health services,2018,1,23438.0
CES6500000001,Education and health services,2018,2,23494.0
CES6500000001,Education and health services,2018,3,23523.0
CES6500000001,Education and health services,2018,4,23546.0
CES6500000001,Education and health services,2018,5,23583.0
CES6500000001,Education and health services,2018,6,23615.0
CES6500000001,Education and health services,2018,7,23643.0
CES6500000001,Education and health services,2018,8,23701.0
CES6500000001,Education and health services,2018,9,23709.0
CES6500000001,Education and health services,2018,10,23756.0
CES6500000001,Education and health services,2018,11,23768.0
CES6500000001,Education and health services,2018,12,23852.0
CES6500000001,Education and health services,2019,1,23902.0
CES6500000001,Education and health services,2019,2,23923.0
CES6500000001,Education and health services,2019,3,23988.0
CES6500000001,Education and health services,2019,4,24054.0
CES6500000001,Education and health services,2019,5,24090.0
CES6500000001,Education and health services,2019,6,24135.0
CES6500000001,Education and health services,2019,7,24181.0
CES6500000001,Education and health services,2019,8,24246.0
CES6500000001,Education and health services,2019,9,24288.0
CES6500000001,Education and health services,2019,10,24328.0
CES6500000001,Education and health services,2019,11,24391.0
CES6500000001,Education and health services,2019,12,24428.0
CES6500000001,Education and health services,2020,1,24510.0
CES6500000001,Education and health services,2020,2,24573.0
CES6500000001,Education and health services,2020,3,24356.0
CES6500000001,Education and health services,2020,4,21742.0
CES6500000001,Education and health services,2020,5,22150.0
CES6500000001,Education and health services,2020,6,22727.0
CES6500000001,Education and health services,2020,7,22923.0
CES6500000001,Education and health services,2020,8,23124.0
CES6500000001,Education and health services,2020,9,23189.0
CES6500000001,Education and health services,2020,10,23278.0
CES6500000001,Education and health services,2020,11,23337.0
CES6500000001,Education and health services,2020,12,23334.0
CES6500000001,Education and health services,2021,1,23362.0
CES6500000001,Education and health services,2021,2,23413.0
CES6500000001,Education and health services,2021,3,23536.0
CES6500000001,Education and health services,2021,4,23584.0
CES6500000001,Education and health services,2021,5,23616.0
CES6500000001,Education and health services,2021,6,23642.0
CES6500000001,Education and health services,2021,7,23684.0
CES6500000001,Education and health services,2021,8,23708.0
CES6500000001,Education and health services,2021,9,23705.0
CES6500000001,Education and health services,2021,10,23800.0
CES6500000001,Education and health services,2021,11,23845.0
CES6500000001,Education and health services,2021,12,23886.0
CES6500000001,Education and health services,2022,1,23869.0
CES6500000001,Education and health services,2022,2,23984.0
CES6500000001,Education and health services,2022,3,24057.0
CES6500000001,Education and health services,2022,4,24117.0
CES6500000001,Education and health services,2022,5,24176.0
CES6500000001,Education and health services,2022,6,24267.0
CES6500000001,Education and health services,2022,7,24395.0
CES6500000001,Education and health services,2022,8,24468.0
CES6500000001,Education and health services,2022,9,24552.0
CES6500000001,Education and health services,2022,10,24642.0
CES6500000001,Education and health services,2022,11,24729.0
CES6500000001,Education and health services,2022,12,24773.0
CES6500000001,Education and health services,2023,1,24883.0
CES6500000001,Education and health services,2023,2,24956.0
CES6500000001,Education and health services,2023,3,25033.0
CES6500000001,Education and health services,2023,4,25113.0
CES6500000001,Education and health services,2023,5,25221.0
CES6500000001,Education and health services,2023,6,25314.0
CES6500000001,Education and health services,2023,7,25435.0
CES6500000001,Education and health services,2023,8,25544.0
CES6500000001,Education and health services,2023,9,25641.0
CES6500000001,Education and health services,2023,10,25735.0
CES6500000001,Education and health services,2023,11,25853.0
CES6500000001,Education and health services,2023,12,25935.0
CES6500000001,Education and health services,2024,1,26033.0
CES6500000001,Education and health services,2024,2,26130.0
CES6500000001,Education and health services,2024,3,26225.0
CES6500000001,Education and health services,2024,4,26313.0
CES6500000001,Education and health services,2024,5,26383.0
CES6500000001,Education and health services,2024,6,26474.0
CES6500000001,Education and health services,2024,7,26515.0
CES6500000001,Education and health services,2024,8,26573.0
CES6500000001,Education and health services,2024,9,26691.0
CES6500000001,Education and health services,2024,10,26786.0
CES6500000001,Education and health services,2024,11,26870.0
CES6500000001,Education and health services,2024,12,26945.0
CES6500000001,Education and health services,2025,1,27006.0
CES6500000001,Education and health services,2025,2,27064.0
CES6500000001,Education and health services,2025,3,27132.0
CES6500000001,Education and health services,2025,4,27216.0
CES6500000001,Education and health services,2025,5,27276.0
CES6500000001,Education and health services,2025,6,27325.0
CES6500000001,Education and health services,2025,7,27412.0
CES6500000001,Education and health services,2025,8,27435.0
CES6500000001,Education and health services,2025,9,27489.0
CES6500000001,Education and health services,2025,10,27533.0
CES6500000001,Education and health services,2025,11,27589.0
CES6500000001,Education and health services,2025,12,27627.0
CES7000000001,Leisure and hospitality,1976,1,5681.0
CES7000000001,Leisure and hospitality,1976,2,5718.0
CES7000000001,Leisure and hospitality,1976,3,5736.0
CES7000000001,Leisure and hospitality,1976,4,5767.0
CES7000000001,Leisure and hospitality,1976,5,5781.0
CES7000000001,Leisure and hospitality,1976,6,5787.0
CES7000000001,Leisure and hospitality,1976,7,5804.0
CES7000000001,Leisure and hospitality,1976,8,5827.0
CES7000000001,Leisure and hospitality,1976,9,5839.0
CES7000000001,Leisure and hospitality,1976,10,5849.0
CES7000000001,Leisure and hospitality,1976,11,5860.0
CES7000000001,Leisure and hospitality,1976,12,5879.0
CES7000000001,Leisure and hospitality,1977,1,5911.0
CES7000000001,Leisure and hospitality,1977,2,5930.0
CES7000000001,Leisure and hospitality,1977,3,5969.0
CES7000000001,Leisure and hospitality,1977,4,5992.0
CES7000000001,Leisure and hospitality,1977,5,6020.0
CES7000000001,Leisure and hospitality,1977,6,6050.0
CES7000000001,Leisure and hospitality,1977,7,6073.0
CES7000000001,Leisure and hospitality,1977,8,6103.0
CES7000000001,Leisure and hospitality,1977,9,6136.0
CES7000000001,Leisure and hospitality,1977,10,6164.0
CES7000000001,Leisure and hospitality,1977,11,6198.0
CES7000000001,Leisure and hospitality,1977,12,6231.0
CES7000000001,Leisure and hospitality,1978,1,6251.0
CES7000000001,Leisure and hospitality,1978,2,6272.0
CES7000000001,Leisure and hospitality,1978,3,6308.0
CES7000000001,Leisure and hospitality,1978,4,6340.0
CES7000000001,Leisure and hospitality,1978,5,6376.0
CES7000000001,Leisure and hospitality,1978,6,6413.0
CES7000000001,Leisure and hospitality,1978,7,6438.0
CES7000000001,Leisure and hospitality,1978,8,6459.0
CES7000000001,Leisure and hospitality,1978,9,6477.0
CES7000000001,Leisure and hospitality,1978,10,6502.0
CES7000000001,Leisure and hospitality,1978,11,6532.0
CES7000000001,Leisure and hospitality,1978,12,6551.0
CES7000000001,Leisure and hospitality,1979,1,6571.0
CES7000000001,Leisure and hospitality,1979,2,6592.0
CES7000000001,Leisure and hospitality,1979,3,6620.0
CES7000000001,Leisure and hospitality,1979,4,6614.0
CES7000000001,Leisure and hospitality,1979,5,6621.0
CES7000000001,Leisure and hospitality,1979,6,6623.0
CES7000000001,Leisure and hospitality,1979,7,6608.0
CES7000000001,Leisure and hospitality,1979,8,6617.0
CES7000000001,Leisure and hospitality,1979,9,6639.0
CES7000000001,Leisure and hospitality,1979,10,6674.0
CES7000000001,Leisure and hospitality,1979,11,6693.0
CES7000000001,Leisure and hospitality,1979,12,6702.0
CES7000000001,Leisure and hospitality,1980,1,6713.0
CES7000000001,Leisure and hospitality,1980,2,6731.0
CES7000000001,Leisure and hospitality,1980,3,6743.0
CES7000000001,Leisure and hospitality,1980,4,6708.0
CES7000000001,Leisure and hospitality,1980,5,6700.0
CES7000000001,Leisure and hospitality,1980,6,6693.0
CES7000000001,Leisure and hospitality,1980,7,6693.0
CES7000000001,Leisure and hospitality,1980,8,6704.0
CES7000000001,Leisure and hospitality,1980,9,6717.0
CES7000000001,Leisure and hospitality,1980,10,6730.0
CES7000000001,Leisure and hospitality,1980,11,6745.0
CES7000000001,Leisure and hospitality,1980,12,6765.0
CES7000000001,Leisure and hospitality,1981,1,6780.0
CES7000000001,Leisure and hospitality,1981,2,6801.0
CES7000000001,Leisure and hospitality,1981,3,6811.0
CES7000000001,Leisure and hospitality,1981,4,6833.0
CES7000000001,Leisure and hospitality,1981,5,6842.0
CES7000000001,Leisure and hospitality,1981,6,6852.0
CES7000000001,Leisure and hospitality,1981,7,6857.0
CES7000000001,Leisure and hospitality,1981,8,6867.0
CES7000000001,Leisure and hospitality,1981,9,6870.0
CES7000000001,Leisure and hospitality,1981,10,6867.0
CES7000000001,Leisure and hospitality,1981,11,6852.0
CES7000000001,Leisure and hospitality,1981,12,6843.0
CES7000000001,Leisure and hospitality,1982,1,6839.0
CES7000000001,Leisure and hospitality,1982,2,6852.0
CES7000000001,Leisure and hospitality,1982,3,6856.0
CES7000000001,Leisure and hospitality,1982,4,6859.0
CES7000000001,Leisure and hospitality,1982,5,6877.0
CES7000000001,Leisure and hospitality,1982,6,6882.0
CES7000000001,Leisure and hospitality,1982,7,6887.0
CES7000000001,Leisure and hospitality,1982,8,6888.0
CES7000000001,Leisure and hospitality,1982,9,6885.0
CES7000000001,Leisure and hospitality,1982,10,6882.0
CES7000000001,Leisure and hospitality,1982,11,6882.0
CES7000000001,Leisure and hospitality,1982,12,6895.0
CES7000000001,Leisure and hospitality,1983,1,6920.0
CES7000000001,Leisure and hospitality,1983,2,6927.0
CES7000000001,Leisure and hospitality,1983,3,6959.0
CES7000000001,Leisure and hospitality,1983,4,6986.0
CES7000000001,Leisure and hospitality,1983,5,7011.0
CES7000000001,Leisure and hospitality,1983,6,7048.0
CES7000000001,Leisure and hospitality,1983,7,7092.0
CES7000000001,Leisure and hospitality,1983,8,7126.0
CES7000000001,Leisure and hospitality,1983,9,7164.0
CES7000000001,Leisure and hospitality,1983,10,7192.0
CES7000000001,Leisure and hospitality,1983,11,7226.0
CES7000000001,Leisure and hospitality,1983,12,7265.0
CES7000000001,Leisure and hospitality,1984,1,7309.0
CES7000000001,Leisure and hospitality,1984,2,7349.0
CES7000000001,Leisure and hospitality,1984,3,7372.0
CES7000000001,Leisure and hospitality,1984,4,7406.0
CES7000000001,Leisure and hospitality,1984,5,7428.0
CES7000000001,Leisure and hospitality,1984,6,7465.0
CES7000000001,Leisure and hospitality,1984,7,7496.0
CES7000000001,Leisure and hospitality,1984,8,7508.0
CES7000000001,Leisure and hospitality,1984,9,7559.0
CES7000000001,Leisure and hospitality,1984,10,7606.0
CES7000000001,Leisure and hospitality,1984,11,7674.0
CES7000000001,Leisure and hospitality,1984,12,7682.0
CES7000000001,Leisure and hospitality,1985,1,7708.0
CES7000000001,Leisure and hospitality,1985,2,7740.0
CES7000000001,Leisure and hospitality,1985,3,7784.0
CES7000000001,Leisure and hospitality,1985,4,7812.0
CES7000000001,Leisure and hospitality,1985,5,7852.0
CES7000000001,Leisure and hospitality,1985,6,7874.0
CES7000000001,Leisure and hospitality,1985,7,7884.0
CES7000000001,Leisure and hospitality,1985,8,7889.0
CES7000000001,Leisure and hospitality,1985,9,7935.0
CES7000000001,Leisure and hospitality,1985,10,7954.0
CES7000000001,Leisure and hospitality,1985,11,7981.0
CES7000000001,Leisure and hospitality,1985,12,8005.0
CES7000000001,Leisure and hospitality,1986,1,8026.0
CES7000000001,Leisure and hospitality,1986,2,8048.0
CES7000000001,Leisure and hospitality,1986,3,8070.0
CES7000000001,Leisure and hospitality,1986,4,8093.0
CES7000000001,Leisure and hospitality,1986,5,8122.0
CES7000000001,Leisure and hospitality,1986,6,8138.0
CES7000000001,Leisure and hospitality,1986,7,8167.0
CES7000000001,Leisure and hospitality,1986,8,8143.0
CES7000000001,Leisure and hospitality,1986,9,8231.0
CES7000000001,Leisure and hospitality,1986,10,8252.0
CES7000000001,Leisure and hospitality,1986,11,8273.0
CES7000000001,Leisure and hospitality,1986,12,8295.0
CES7000000001,Leisure and hospitality,1987,1,8319.0
CES7000000001,Leisure and hospitality,1987,2,8353.0
CES7000000001,Leisure and hospitality,1987,3,8369.0
CES7000000001,Leisure and hospitality,1987,4,8399.0
CES7000000001,Leisure and hospitality,1987,5,8411.0
CES7000000001,Leisure and hospitality,1987,6,8426.0
CES7000000001,Leisure and hospitality,1987,7,8446.0
CES7000000001,Leisure and hospitality,1987,8,8374.0
CES7000000001,Leisure and hospitality,1987,9,8489.0
CES7000000001,Leisure and hospitality,1987,10,8547.0
CES7000000001,Leisure and hospitality,1987,11,8581.0
CES7000000001,Leisure and hospitality,1987,12,8619.0
CES7000000001,Leisure and hospitality,1988,1,8664.0
CES7000000001,Leisure and hospitality,1988,2,8734.0
CES7000000001,Leisure and hospitality,1988,3,8727.0
CES7000000001,Leisure and hospitality,1988,4,8735.0
CES7000000001,Leisure and hospitality,1988,5,8732.0
CES7000000001,Leisure and hospitality,1988,6,8728.0
CES7000000001,Leisure and hospitality,1988,7,8740.0
CES7000000001,Leisure and hospitality,1988,8,8663.0
CES7000000001,Leisure and hospitality,1988,9,8804.0
CES7000000001,Leisure and hospitality,1988,10,8869.0
CES7000000001,Leisure and hospitality,1988,11,8928.0
CES7000000001,Leisure and hospitality,1988,12,8998.0
CES7000000001,Leisure and hospitality,1989,1,9072.0
CES7000000001,Leisure and hospitality,1989,2,9096.0
CES7000000001,Leisure and hospitality,1989,3,9096.0
CES7000000001,Leisure and hospitality,1989,4,9076.0
CES7000000001,Leisure and hospitality,1989,5,9024.0
CES7000000001,Leisure and hospitality,1989,6,8955.0
CES7000000001,Leisure and hospitality,1989,7,8936.0
CES7000000001,Leisure and hospitality,1989,8,8853.0
CES7000000001,Leisure and hospitality,1989,9,9004.0
CES7000000001,Leisure and hospitality,1989,10,9126.0
CES7000000001,Leisure and hospitality,1989,11,9230.0
CES7000000001,Leisure and hospitality,1989,12,9273.0
CES7000000001,Leisure and hospitality,1990,1,9290.0
CES7000000001,Leisure and hospitality,1990,2,9297.0
CES7000000001,Leisure and hospitality,1990,3,9325.0
CES7000000001,Leisure and hospitality,1990,4,9289.0
CES7000000001,Leisure and hospitality,1990,5,9242.0
CES7000000001,Leisure and hospitality,1990,6,9265.0
CES7000000001,Leisure and hospitality,1990,7,9294.0
CES7000000001,Leisure and hospitality,1990,8,9292.0
CES7000000001,Leisure and hospitality,1990,9,9296.0
CES7000000001,Leisure and hospitality,1990,10,9256.0
CES7000000001,Leisure and hospitality,1990,11,9298.0
CES7000000001,Leisure and hospitality,1990,12,9302.0
CES7000000001,Leisure and hospitality,1991,1,9294.0
CES7000000001,Leisure and hospitality,1991,2,9264.0
CES7000000001,Leisure and hospitality,1991,3,9267.0
CES7000000001,Leisure and hospitality,1991,4,9228.0
CES7000000001,Leisure and hospitality,1991,5,9218.0
CES7000000001,Leisure and hospitality,1991,6,9252.0
CES7000000001,Leisure and hospitality,1991,7,9220.0
CES7000000001,Leisure and hospitality,1991,8,9223.0
CES7000000001,Leisure and hospitality,1991,9,9259.0
CES7000000001,Leisure and hospitality,1991,10,9263.0
CES7000000001,Leisure and hospitality,1991,11,9283.0
CES7000000001,Leisure and hospitality,1991,12,9301.0
CES7000000001,Leisure and hospitality,1992,1,9361.0
CES7000000001,Leisure and hospitality,1992,2,9346.0
CES7000000001,Leisure and hospitality,1992,3,9338.0
CES7000000001,Leisure and hospitality,1992,4,9362.0
CES7000000001,Leisure and hospitality,1992,5,9402.0
CES7000000001,Leisure and hospitality,1992,6,9408.0
CES7000000001,Leisure and hospitality,1992,7,9438.0
CES7000000001,Leisure and hospitality,1992,8,9461.0
CES7000000001,Leisure and hospitality,1992,9,9496.0
CES7000000001,Leisure and hospitality,1992,10,9545.0
CES7000000001,Leisure and hospitality,1992,11,9554.0
CES7000000001,Leisure and hospitality,1992,12,9555.0
CES7000000001,Leisure and hospitality,1993,1,9582.0
CES7000000001,Leisure and hospitality,1993,2,9614.0
CES7000000001,Leisure and hospitality,1993,3,9559.0
CES7000000001,Leisure and hospitality,1993,4,9668.0
CES7000000001,Leisure and hospitality,1993,5,9700.0
CES7000000001,Leisure and hospitality,1993,6,9712.0
CES7000000001,Leisure and hospitality,1993,7,9739.0
CES7000000001,Leisure and hospitality,1993,8,9775.0
CES7000000001,Leisure and hospitality,1993,9,9807.0
CES7000000001,Leisure and hospitality,1993,10,9844.0
CES7000000001,Leisure and hospitality,1993,11,9872.0
CES7000000001,Leisure and hospitality,1993,12,9925.0
CES7000000001,Leisure and hospitality,1994,1,9959.0
CES7000000001,Leisure and hospitality,1994,2,9964.0
CES7000000001,Leisure and hospitality,1994,3,10007.0
CES7000000001,Leisure and hospitality,1994,4,10052.0
CES7000000001,Leisure and hospitality,1994,5,10063.0
CES7000000001,Leisure and hospitality,1994,6,10083.0
CES7000000001,Leisure and hospitality,1994,7,10108.0
CES7000000001,Leisure and hospitality,1994,8,10133.0
CES7000000001,Leisure and hospitality,1994,9,10157.0
CES7000000001,Leisure and hospitality,1994,10,10160.0
CES7000000001,Leisure and hospitality,1994,11,10222.0
CES7000000001,Leisure and hospitality,1994,12,10268.0
CES7000000001,Leisure and hospitality,1995,1,10348.0
CES7000000001,Leisure and hospitality,1995,2,10375.0
CES7000000001,Leisure and hospitality,1995,3,10417.0
CES7000000001,Leisure and hospitality,1995,4,10438.0
CES7000000001,Leisure and hospitality,1995,5,10459.0
CES7000000001,Leisure and hospitality,1995,6,10507.0
CES7000000001,Leisure and hospitality,1995,7,10535.0
CES7000000001,Leisure and hospitality,1995,8,10564.0
CES7000000001,Leisure and hospitality,1995,9,10582.0
CES7000000001,Leisure and hospitality,1995,10,10579.0
CES7000000001,Leisure and hospitality,1995,11,10589.0
CES7000000001,Leisure and hospitality,1995,12,10600.0
CES7000000001,Leisure and hospitality,1996,1,10613.0
CES7000000001,Leisure and hospitality,1996,2,10645.0
CES7000000001,Leisure and hospitality,1996,3,10693.0
CES7000000001,Leisure and hospitality,1996,4,10720.0
CES7000000001,Leisure and hospitality,1996,5,10755.0
CES7000000001,Leisure and hospitality,1996,6,10787.0
CES7000000001,Leisure and hospitality,1996,7,10801.0
CES7000000001,Leisure and hospitality,1996,8,10819.0
CES7000000001,Leisure and hospitality,1996,9,10813.0
CES7000000001,Leisure and hospitality,1996,10,10858.0
CES7000000001,Leisure and hospitality,1996,11,10881.0
CES7000000001,Leisure and hospitality,1996,12,10901.0
CES7000000001,Leisure and hospitality,1997,1,10921.0
CES7000000001,Leisure and hospitality,1997,2,10952.0
CES7000000001,Leisure and hospitality,1997,3,10968.0
CES7000000001,Leisure and hospitality,1997,4,10984.0
CES7000000001,Leisure and hospitality,1997,5,11015.0
CES7000000001,Leisure and hospitality,1997,6,11029.0
CES7000000001,Leisure and hospitality,1997,7,11016.0
CES7000000001,Leisure and hospitality,1997,8,11030.0
CES7000000001,Leisure and hospitality,1997,9,11059.0
CES7000000001,Leisure and hospitality,1997,10,11062.0
CES7000000001,Leisure and hospitality,1997,11,11074.0
CES7000000001,Leisure and hospitality,1997,12,11087.0
CES7000000001,Leisure and hospitality,1998,1,11100.0
CES7000000001,Leisure and hospitality,1998,2,11123.0
CES7000000001,Leisure and hospitality,1998,3,11134.0
CES7000000001,Leisure and hospitality,1998,4,11156.0
CES7000000001,Leisure and hospitality,1998,5,11213.0
CES7000000001,Leisure and hospitality,1998,6,11215.0
CES7000000001,Leisure and hospitality,1998,7,11248.0
CES7000000001,Leisure and hospitality,1998,8,11273.0
CES7000000001,Leisure and hospitality,1998,9,11311.0
CES7000000001,Leisure and hospitality,1998,10,11298.0
CES7000000001,Leisure and hospitality,1998,11,11337.0
CES7000000001,Leisure and hospitality,1998,12,11376.0
CES7000000001,Leisure and hospitality,1999,1,11385.0
CES7000000001,Leisure and hospitality,1999,2,11425.0
CES7000000001,Leisure and hospitality,1999,3,11443.0
CES7000000001,Leisure and hospitality,1999,4,11478.0
CES7000000001,Leisure and hospitality,1999,5,11506.0
CES7000000001,Leisure and hospitality,1999,6,11539.0
CES7000000001,Leisure and hospitality,1999,7,11546.0
CES7000000001,Leisure and hospitality,1999,8,11567.0
CES7000000001,Leisure and hospitality,1999,9,11597.0
CES7000000001,Leisure and hospitality,1999,10,11648.0
CES7000000001,Leisure and hospitality,1999,11,11682.0
CES7000000001,Leisure and hospitality,1999,12,11706.0
CES7000000001,Leisure and hospitality,2000,1,11713.0
CES7000000001,Leisure and hospitality,2000,2,11719.0
CES7000000001,Leisure and hospitality,2000,3,11788.0
CES7000000001,Leisure and hospitality,2000,4,11834.0
CES7000000001,Leisure and hospitality,2000,5,11827.0
CES7000000001,Leisure and hospitality,2000,6,11869.0
CES7000000001,Leisure and hospitality,2000,7,11900.0
CES7000000001,Leisure and hospitality,2000,8,11927.0
CES7000000001,Leisure and hospitality,2000,9,11940.0
CES7000000001,Leisure and hospitality,2000,10,11876.0
CES7000000001,Leisure and hospitality,2000,11,11946.0
CES7000000001,Leisure and hospitality,2000,12,11976.0
CES7000000001,Leisure and hospitality,2001,1,11977.0
CES7000000001,Leisure and hospitality,2001,2,11997.0
CES7000000001,Leisure and hospitality,2001,3,12000.0
CES7000000001,Leisure and hospitality,2001,4,12040.0
CES7000000001,Leisure and hospitality,2001,5,12068.0
CES7000000001,Leisure and hospitality,2001,6,12076.0
CES7000000001,Leisure and hospitality,2001,7,12110.0
CES7000000001,Leisure and hospitality,2001,8,12093.0
CES7000000001,Leisure and hospitality,2001,9,12061.0
CES7000000001,Leisure and hospitality,2001,10,12015.0
CES7000000001,Leisure and hospitality,2001,11,11985.0
CES7000000001,Leisure and hospitality,2001,12,11967.0
CES7000000001,Leisure and hospitality,2002,1,12006.0
CES7000000001,Leisure and hospitality,2002,2,11962.0
CES7000000001,Leisure and hospitality,2002,3,11965.0
CES7000000001,Leisure and hospitality,2002,4,11928.0
CES7000000001,Leisure and hospitality,2002,5,11936.0
CES7000000001,Leisure and hospitality,2002,6,11905.0
CES7000000001,Leisure and hospitality,2002,7,11912.0
CES7000000001,Leisure and hospitality,2002,8,11936.0
CES7000000001,Leisure and hospitality,2002,9,11991.0
CES7000000001,Leisure and hospitality,2002,10,12070.0
CES7000000001,Leisure and hospitality,2002,11,12109.0
CES7000000001,Leisure and hospitality,2002,12,12112.0
CES7000000001,Leisure and hospitality,2003,1,12173.0
CES7000000001,Leisure and hospitality,2003,2,12130.0
CES7000000001,Leisure and hospitality,2003,3,12109.0
CES7000000001,Leisure and hospitality,2003,4,12085.0
CES7000000001,Leisure and hospitality,2003,5,12092.0
CES7000000001,Leisure and hospitality,2003,6,12121.0
CES7000000001,Leisure and hospitality,2003,7,12143.0
CES7000000001,Leisure and hospitality,2003,8,12177.0
CES7000000001,Leisure and hospitality,2003,9,12208.0
CES7000000001,Leisure and hospitality,2003,10,12259.0
CES7000000001,Leisure and hospitality,2003,11,12284.0
CES7000000001,Leisure and hospitality,2003,12,12320.0
CES7000000001,Leisure and hospitality,2004,1,12346.0
CES7000000001,Leisure and hospitality,2004,2,12372.0
CES7000000001,Leisure and hospitality,2004,3,12425.0
CES7000000001,Leisure and hospitality,2004,4,12435.0
CES7000000001,Leisure and hospitality,2004,5,12481.0
CES7000000001,Leisure and hospitality,2004,6,12495.0
CES7000000001,Leisure and hospitality,2004,7,12495.0
CES7000000001,Leisure and hospitality,2004,8,12485.0
CES7000000001,Leisure and hospitality,2004,9,12550.0
CES7000000001,Leisure and hospitality,2004,10,12582.0
CES7000000001,Leisure and hospitality,2004,11,12606.0
CES7000000001,Leisure and hospitality,2004,12,12630.0
CES7000000001,Leisure and hospitality,2005,1,12665.0
CES7000000001,Leisure and hospitality,2005,2,12690.0
CES7000000001,Leisure and hospitality,2005,3,12718.0
CES7000000001,Leisure and hospitality,2005,4,12802.0
CES7000000001,Leisure and hospitality,2005,5,12797.0
CES7000000001,Leisure and hospitality,2005,6,12837.0
CES7000000001,Leisure and hospitality,2005,7,12867.0
CES7000000001,Leisure and hospitality,2005,8,12891.0
CES7000000001,Leisure and hospitality,2005,9,12862.0
CES7000000001,Leisure and hospitality,2005,10,12840.0
CES7000000001,Leisure and hospitality,2005,11,12884.0
CES7000000001,Leisure and hospitality,2005,12,12905.0
CES7000000001,Leisure and hospitality,2006,1,12945.0
CES7000000001,Leisure and hospitality,2006,2,12980.0
CES7000000001,Leisure and hospitality,2006,3,13034.0
CES7000000001,Leisure and hospitality,2006,4,13074.0
CES7000000001,Leisure and hospitality,2006,5,13052.0
CES7000000001,Leisure and hospitality,2006,6,13061.0
CES7000000001,Leisure and hospitality,2006,7,13130.0
CES7000000001,Leisure and hospitality,2006,8,13152.0
CES7000000001,Leisure and hospitality,2006,9,13150.0
CES7000000001,Leisure and hospitality,2006,10,13187.0
CES7000000001,Leisure and hospitality,2006,11,13251.0
CES7000000001,Leisure and hospitality,2006,12,13292.0
CES7000000001,Leisure and hospitality,2007,1,13338.0
CES7000000001,Leisure and hospitality,2007,2,13361.0
CES7000000001,Leisure and hospitality,2007,3,13363.0
CES7000000001,Leisure and hospitality,2007,4,13375.0
CES7000000001,Leisure and hospitality,2007,5,13404.0
CES7000000001,Leisure and hospitality,2007,6,13413.0
CES7000000001,Leisure and hospitality,2007,7,13417.0
CES7000000001,Leisure and hospitality,2007,8,13419.0
CES7000000001,Leisure and hospitality,2007,9,13461.0
CES7000000001,Leisure and hospitality,2007,10,13499.0
CES7000000001,Leisure and hospitality,2007,11,13535.0
CES7000000001,Leisure and hospitality,2007,12,13550.0
CES7000000001,Leisure and hospitality,2008,1,13542.0
CES7000000001,Leisure and hospitality,2008,2,13543.0
CES7000000001,Leisure and hospitality,2008,3,13531.0
CES7000000001,Leisure and hospitality,2008,4,13511.0
CES7000000001,Leisure and hospitality,2008,5,13498.0
CES7000000001,Leisure and hospitality,2008,6,13482.0
CES7000000001,Leisure and hospitality,2008,7,13463.0
CES7000000001,Leisure and hospitality,2008,8,13431.0
CES7000000001,Leisure and hospitality,2008,9,13379.0
CES7000000001,Leisure and hospitality,2008,10,13352.0
CES7000000001,Leisure and hospitality,2008,11,13300.0
CES7000000001,Leisure and hospitality,2008,12,13256.0
CES7000000001,Leisure and hospitality,2009,1,13222.0
CES7000000001,Leisure and hospitality,2009,2,13193.0
CES7000000001,Leisure and hospitality,2009,3,13127.0
CES7000000001,Leisure and hospitality,2009,4,13056.0
CES7000000001,Leisure and hospitality,2009,5,13106.0
CES7000000001,Leisure and hospitality,2009,6,13076.0
CES7000000001,Leisure and hospitality,2009,7,13078.0
CES7000000001,Leisure and hospitality,2009,8,13046.0
CES7000000001,Leisure and hospitality,2009,9,13054.0
CES7000000001,Leisure and hospitality,2009,10,12995.0
CES7000000001,Leisure and hospitality,2009,11,12986.0
CES7000000001,Leisure and hospitality,2009,12,12944.0
CES7000000001,Leisure and hospitality,2010,1,12932.0
CES7000000001,Leisure and hospitality,2010,2,12927.0
CES7000000001,Leisure and hospitality,2010,3,12943.0
CES7000000001,Leisure and hospitality,2010,4,12979.0
CES7000000001,Leisure and hospitality,2010,5,13012.0
CES7000000001,Leisure and hospitality,2010,6,13034.0
CES7000000001,Leisure and hospitality,2010,7,13048.0
CES7000000001,Leisure and hospitality,2010,8,13081.0
CES7000000001,Leisure and hospitality,2010,9,13137.0
CES7000000001,Leisure and hospitality,2010,10,13127.0
CES7000000001,Leisure and hospitality,2010,11,13126.0
CES7000000001,Leisure and hospitality,2010,12,13157.0
CES7000000001,Leisure and hospitality,2011,1,13149.0
CES7000000001,Leisure and hospitality,2011,2,13188.0
CES7000000001,Leisure and hospitality,2011,3,13247.0
CES7000000001,Leisure and hospitality,2011,4,13298.0
CES7000000001,Leisure and hospitality,2011,5,13293.0
CES7000000001,Leisure and hospitality,2011,6,13343.0
CES7000000001,Leisure and hospitality,2011,7,13370.0
CES7000000001,Leisure and hospitality,2011,8,13395.0
CES7000000001,Leisure and hospitality,2011,9,13426.0
CES7000000001,Leisure and hospitality,2011,10,13464.0
CES7000000001,Leisure and hospitality,2011,11,13511.0
CES7000000001,Leisure and hospitality,2011,12,13538.0
CES7000000001,Leisure and hospitality,2012,1,13600.0
CES7000000001,Leisure and hospitality,2012,2,13641.0
CES7000000001,Leisure and hospitality,2012,3,13706.0
CES7000000001,Leisure and hospitality,2012,4,13709.0
CES7000000001,Leisure and hospitality,2012,5,13705.0
CES7000000001,Leisure and hospitality,2012,6,13702.0
CES7000000001,Leisure and hospitality,2012,7,13735.0
CES7000000001,Leisure and hospitality,2012,8,13804.0
CES7000000001,Leisure and hospitality,2012,9,13872.0
CES7000000001,Leisure and hospitality,2012,10,13883.0
CES7000000001,Leisure and hospitality,2012,11,13910.0
CES7000000001,Leisure and hospitality,2012,12,13978.0
CES7000000001,Leisure and hospitality,2013,1,14037.0
CES7000000001,Leisure and hospitality,2013,2,14082.0
CES7000000001,Leisure and hospitality,2013,3,14113.0
CES7000000001,Leisure and hospitality,2013,4,14152.0
CES7000000001,Leisure and hospitality,2013,5,14193.0
CES7000000001,Leisure and hospitality,2013,6,14252.0
CES7000000001,Leisure and hospitality,2013,7,14288.0
CES7000000001,Leisure and hospitality,2013,8,14327.0
CES7000000001,Leisure and hospitality,2013,9,14339.0
CES7000000001,Leisure and hospitality,2013,10,14395.0
CES7000000001,Leisure and hospitality,2013,11,14432.0
CES7000000001,Leisure and hospitality,2013,12,14454.0
CES7000000001,Leisure and hospitality,2014,1,14489.0
CES7000000001,Leisure and hospitality,2014,2,14509.0
CES7000000001,Leisure and hospitality,2014,3,14564.0
CES7000000001,Leisure and hospitality,2014,4,14614.0
CES7000000001,Leisure and hospitality,2014,5,14670.0
CES7000000001,Leisure and hospitality,2014,6,14693.0
CES7000000001,Leisure and hospitality,2014,7,14703.0
CES7000000001,Leisure and hospitality,2014,8,14725.0
CES7000000001,Leisure and hospitality,2014,9,14768.0
CES7000000001,Leisure and hospitality,2014,10,14811.0
CES7000000001,Leisure and hospitality,2014,11,14849.0
CES7000000001,Leisure and hospitality,2014,12,14892.0
CES7000000001,Leisure and hospitality,2015,1,14915.0
CES7000000001,Leisure and hospitality,2015,2,14972.0
CES7000000001,Leisure and hospitality,2015,3,14981.0
CES7000000001,Leisure and hospitality,2015,4,15023.0
CES7000000001,Leisure and hospitality,2015,5,15103.0
CES7000000001,Leisure and hospitality,2015,6,15108.0
CES7000000001,Leisure and hospitality,2015,7,15168.0
CES7000000001,Leisure and hospitality,2015,8,15201.0
CES7000000001,Leisure and hospitality,2015,9,15279.0
CES7000000001,Leisure and hospitality,2015,10,15316.0
CES7000000001,Leisure and hospitality,2015,11,15374.0
CES7000000001,Leisure and hospitality,2015,12,15406.0
CES7000000001,Leisure and hospitality,2016,1,15454.0
CES7000000001,Leisure and hospitality,2016,2,15494.0
CES7000000001,Leisure and hospitality,2016,3,15535.0
CES7000000001,Leisure and hospitality,2016,4,15562.0
CES7000000001,Leisure and hospitality,2016,5,15583.0
CES7000000001,Leisure and hospitality,2016,6,15639.0
CES7000000001,Leisure and hospitality,2016,7,15679.0
CES7000000001,Leisure and hospitality,2016,8,15725.0
CES7000000001,Leisure and hospitality,2016,9,15785.0
CES7000000001,Leisure and hospitality,2016,10,15780.0
CES7000000001,Leisure and hospitality,2016,11,15826.0
CES7000000001,Leisure and hospitality,2016,12,15845.0
CES7000000001,Leisure and hospitality,2017,1,15874.0
CES7000000001,Leisure and hospitality,2017,2,15917.0
CES7000000001,Leisure and hospitality,2017,3,15941.0
CES7000000001,Leisure and hospitality,2017,4,16006.0
CES7000000001,Leisure and hospitality,2017,5,16046.0
CES7000000001,Leisure and hospitality,2017,6,16087.0
CES7000000001,Leisure and hospitality,2017,7,16122.0
CES7000000001,Leisure and hospitality,2017,8,16150.0
CES7000000001,Leisure and hospitality,2017,9,16140.0
CES7000000001,Leisure and hospitality,2017,10,16133.0
CES7000000001,Leisure and hospitality,2017,11,16160.0
CES7000000001,Leisure and hospitality,2017,12,16183.0
CES7000000001,Leisure and hospitality,2018,1,16209.0
CES7000000001,Leisure and hospitality,2018,2,16231.0
CES7000000001,Leisure and hospitality,2018,3,16239.0
CES7000000001,Leisure and hospitality,2018,4,16226.0
CES7000000001,Leisure and hospitality,2018,5,16261.0
CES7000000001,Leisure and hospitality,2018,6,16310.0
CES7000000001,Leisure and hospitality,2018,7,16329.0
CES7000000001,Leisure and hospitality,2018,8,16343.0
CES7000000001,Leisure and hospitality,2018,9,16325.0
CES7000000001,Leisure and hospitality,2018,10,16356.0
CES7000000001,Leisure and hospitality,2018,11,16361.0
CES7000000001,Leisure and hospitality,2018,12,16412.0
CES7000000001,Leisure and hospitality,2019,1,16488.0
CES7000000001,Leisure and hospitality,2019,2,16494.0
CES7000000001,Leisure and hospitality,2019,3,16504.0
CES7000000001,Leisure and hospitality,2019,4,16527.0
CES7000000001,Leisure and hospitality,2019,5,16507.0
CES7000000001,Leisure and hospitality,2019,6,16512.0
CES7000000001,Leisure and hospitality,2019,7,16522.0
CES7000000001,Leisure and hospitality,2019,8,16602.0
CES7000000001,Leisure and hospitality,2019,9,16673.0
CES7000000001,Leisure and hospitality,2019,10,16722.0
CES7000000001,Leisure and hospitality,2019,11,16761.0
CES7000000001,Leisure and hospitality,2019,12,16805.0
CES7000000001,Leisure and hospitality,2020,1,16823.0
CES7000000001,Leisure and hospitality,2020,2,16889.0
CES7000000001,Leisure and hospitality,2020,3,16158.0
CES7000000001,Leisure and hospitality,2020,4,8719.0
CES7000000001,Leisure and hospitality,2020,5,9947.0
CES7000000001,Leisure and hospitality,2020,6,11777.0
CES7000000001,Leisure and hospitality,2020,7,12415.0
CES7000000001,Leisure and hospitality,2020,8,12573.0
CES7000000001,Leisure and hospitality,2020,9,13065.0
CES7000000001,Leisure and hospitality,2020,10,13303.0
CES7000000001,Leisure and hospitality,2020,11,13260.0
CES7000000001,Leisure and hospitality,2020,12,12798.0
CES7000000001,Leisure and hospitality,2021,1,12801.0
CES7000000001,Leisure and hospitality,2021,2,13142.0
CES7000000001,Leisure and hospitality,2021,3,13298.0
CES7000000001,Leisure and hospitality,2021,4,13568.0
CES7000000001,Leisure and hospitality,2021,5,13802.0
CES7000000001,Leisure and hospitality,2021,6,14085.0
CES7000000001,Leisure and hospitality,2021,7,14495.0
CES7000000001,Leisure and hospitality,2021,8,14621.0
CES7000000001,Leisure and hospitality,2021,9,14746.0
CES7000000001,Leisure and hospitality,2021,10,14949.0
CES7000000001,Leisure and hospitality,2021,11,15071.0
CES7000000001,Leisure and hospitality,2021,12,15246.0
CES7000000001,Leisure and hospitality,2022,1,15329.0
CES7000000001,Leisure and hospitality,2022,2,15462.0
CES7000000001,Leisure and hospitality,2022,3,15523.0
CES7000000001,Leisure and hospitality,2022,4,15626.0
CES7000000001,Leisure and hospitality,2022,5,15704.0
CES7000000001,Leisure and hospitality,2022,6,15794.0
CES7000000001,Leisure and hospitality,2022,7,15931.0
CES7000000001,Leisure and hospitality,2022,8,15990.0
CES7000000001,Leisure and hospitality,2022,9,16052.0
CES7000000001,Leisure and hospitality,2022,10,16142.0
CES7000000001,Leisure and hospitality,2022,11,16183.0
CES7000000001,Leisure and hospitality,2022,12,16245.0
CES7000000001,Leisure and hospitality,2023,1,16352.0
CES7000000001,Leisure and hospitality,2023,2,16431.0
CES7000000001,Leisure and hospitality,2023,3,16450.0
CES7000000001,Leisure and hospitality,2023,4,16487.0
CES7000000001,Leisure and hospitality,2023,5,16533.0
CES7000000001,Leisure and hospitality,2023,6,16594.0
CES7000000001,Leisure and hospitality,2023,7,16616.0
CES7000000001,Leisure and hospitality,2023,8,16651.0
CES7000000001,Leisure and hospitality,2023,9,16643.0
CES7000000001,Leisure and hospitality,2023,10,16689.0
CES7000000001,Leisure and hospitality,2023,11,16694.0
CES7000000001,Leisure and hospitality,2023,12,16704.0
CES7000000001,Leisure and hospitality,2024,1,16716.0
CES7000000001,Leisure and hospitality,2024,2,16744.0
CES7000000001,Leisure and hospitality,2024,3,16780.0
CES7000000001,Leisure and hospitality,2024,4,16762.0
CES7000000001,Leisure and hospitality,2024,5,16731.0
CES7000000001,Leisure and hospitality,2024,6,16744.0
CES7000000001,Leisure and hospitality,2024,7,16751.0
CES7000000001,Leisure and hospitality,2024,8,16746.0
CES7000000001,Leisure and hospitality,2024,9,16776.0
CES7000000001,Leisure and hospitality,2024,10,16799.0
CES7000000001,Leisure and hospitality,2024,11,16823.0
CES7000000001,Leisure and hospitality,2024,12,16862.0
CES7000000001,Leisure and hospitality,2025,1,16832.0
CES7000000001,Leisure and hospitality,2025,2,16796.0
CES7000000001,Leisure and hospitality,2025,3,16823.0
CES7000000001,Leisure and hospitality,2025,4,16836.0
CES7000000001,Leisure and hospitality,2025,5,16839.0
CES7000000001,Leisure and hospitality,2025,6,16837.0
CES7000000001,Leisure and hospitality,2025,7,16848.0
CES7000000001,Leisure and hospitality,2025,8,16870.0
CES7000000001,Leisure and hospitality,2025,9,16907.0
CES7000000001,Leisure and hospitality,2025,10,16948.0
CES7000000001,Leisure and hospitality,2025,11,16936.0
CES7000000001,Leisure and hospitality,2025,12,16961.0
CES8000000001,Other services,1976,1,2197.0
CES8000000001,Other services,1976,2,2205.0
CES8000000001,Other services,1976,3,2217.0
CES8000000001,Other services,1976,4,2226.0
CES8000000001,Other services,1976,5,2234.0
CES8000000001,Other services,1976,6,2242.0
CES8000000001,Other services,1976,7,2253.0
CES8000000001,Other services,1976,8,2256.0
CES8000000001,Other services,1976,9,2261.0
CES8000000001,Other services,1976,10,2268.0
CES8000000001,Other services,1976,11,2278.0
CES8000000001,Other services,1976,12,2287.0
CES8000000001,Other services,1977,1,2297.0
CES8000000001,Other services,1977,2,2305.0
CES8000000001,Other services,1977,3,2316.0
CES8000000001,Other services,1977,4,2326.0
CES8000000001,Other services,1977,5,2336.0
CES8000000001,Other services,1977,6,2348.0
CES8000000001,Other services,1977,7,2362.0
CES8000000001,Other services,1977,8,2375.0
CES8000000001,Other services,1977,9,2392.0
CES8000000001,Other services,1977,10,2405.0
CES8000000001,Other services,1977,11,2418.0
CES8000000001,Other services,1977,12,2428.0
CES8000000001,Other services,1978,1,2428.0
CES8000000001,Other services,1978,2,2442.0
CES8000000001,Other services,1978,3,2458.0
CES8000000001,Other services,1978,4,2476.0
CES8000000001,Other services,1978,5,2489.0
CES8000000001,Other services,1978,6,2502.0
CES8000000001,Other services,1978,7,2516.0
CES8000000001,Other services,1978,8,2532.0
CES8000000001,Other services,1978,9,2538.0
CES8000000001,Other services,1978,10,2543.0
CES8000000001,Other services,1978,11,2559.0
CES8000000001,Other services,1978,12,2571.0
CES8000000001,Other services,1979,1,2574.0
CES8000000001,Other services,1979,2,2590.0
CES8000000001,Other services,1979,3,2604.0
CES8000000001,Other services,1979,4,2612.0
CES8000000001,Other services,1979,5,2626.0
CES8000000001,Other services,1979,6,2638.0
CES8000000001,Other services,1979,7,2643.0
CES8000000001,Other services,1979,8,2654.0
CES8000000001,Other services,1979,9,2661.0
CES8000000001,Other services,1979,10,2672.0
CES8000000001,Other services,1979,11,2680.0
CES8000000001,Other services,1979,12,2690.0
CES8000000001,Other services,1980,1,2704.0
CES8000000001,Other services,1980,2,2716.0
CES8000000001,Other services,1980,3,2727.0
CES8000000001,Other services,1980,4,2733.0
CES8000000001,Other services,1980,5,2739.0
CES8000000001,Other services,1980,6,2744.0
CES8000000001,Other services,1980,7,2755.0
CES8000000001,Other services,1980,8,2765.0
CES8000000001,Other services,1980,9,2777.0
CES8000000001,Other services,1980,10,2786.0
CES8000000001,Other services,1980,11,2799.0
CES8000000001,Other services,1980,12,2812.0
CES8000000001,Other services,1981,1,2823.0
CES8000000001,Other services,1981,2,2830.0
CES8000000001,Other services,1981,3,2834.0
CES8000000001,Other services,1981,4,2845.0
CES8000000001,Other services,1981,5,2852.0
CES8000000001,Other services,1981,6,2860.0
CES8000000001,Other services,1981,7,2867.0
CES8000000001,Other services,1981,8,2875.0
CES8000000001,Other services,1981,9,2885.0
CES8000000001,Other services,1981,10,2895.0
CES8000000001,Other services,1981,11,2900.0
CES8000000001,Other services,1981,12,2904.0
CES8000000001,Other services,1982,1,2911.0
CES8000000001,Other services,1982,2,2914.0
CES8000000001,Other services,1982,3,2916.0
CES8000000001,Other services,1982,4,2915.0
CES8000000001,Other services,1982,5,2920.0
CES8000000001,Other services,1982,6,2922.0
CES8000000001,Other services,1982,7,2926.0
CES8000000001,Other services,1982,8,2927.0
CES8000000001,Other services,1982,9,2928.0
CES8000000001,Other services,1982,10,2931.0
CES8000000001,Other services,1982,11,2938.0
CES8000000001,Other services,1982,12,2942.0
CES8000000001,Other services,1983,1,2950.0
CES8000000001,Other services,1983,2,2952.0
CES8000000001,Other services,1983,3,2970.0
CES8000000001,Other services,1983,4,2986.0
CES8000000001,Other services,1983,5,2997.0
CES8000000001,Other services,1983,6,3015.0
CES8000000001,Other services,1983,7,3032.0
CES8000000001,Other services,1983,8,3045.0
CES8000000001,Other services,1983,9,3061.0
CES8000000001,Other services,1983,10,3069.0
CES8000000001,Other services,1983,11,3080.0
CES8000000001,Other services,1983,12,3095.0
CES8000000001,Other services,1984,1,3106.0
CES8000000001,Other services,1984,2,3123.0
CES8000000001,Other services,1984,3,3137.0
CES8000000001,Other services,1984,4,3152.0
CES8000000001,Other services,1984,5,3168.0
CES8000000001,Other services,1984,6,3182.0
CES8000000001,Other services,1984,7,3191.0
CES8000000001,Other services,1984,8,3199.0
CES8000000001,Other services,1984,9,3222.0
CES8000000001,Other services,1984,10,3237.0
CES8000000001,Other services,1984,11,3252.0
CES8000000001,Other services,1984,12,3264.0
CES8000000001,Other services,1985,1,3284.0
CES8000000001,Other services,1985,2,3298.0
CES8000000001,Other services,1985,3,3315.0
CES8000000001,Other services,1985,4,3327.0
CES8000000001,Other services,1985,5,3345.0
CES8000000001,Other services,1985,6,3355.0
CES8000000001,Other services,1985,7,3365.0
CES8000000001,Other services,1985,8,3386.0
CES8000000001,Other services,1985,9,3404.0
CES8000000001,Other services,1985,10,3420.0
CES8000000001,Other services,1985,11,3438.0
CES8000000001,Other services,1985,12,3450.0
CES8000000001,Other services,1986,1,3457.0
CES8000000001,Other services,1986,2,3467.0
CES8000000001,Other services,1986,3,3479.0
CES8000000001,Other services,1986,4,3493.0
CES8000000001,Other services,1986,5,3504.0
CES8000000001,Other services,1986,6,3514.0
CES8000000001,Other services,1986,7,3527.0
CES8000000001,Other services,1986,8,3540.0
CES8000000001,Other services,1986,9,3554.0
CES8000000001,Other services,1986,10,3569.0
CES8000000001,Other services,1986,11,3581.0
CES8000000001,Other services,1986,12,3595.0
CES8000000001,Other services,1987,1,3613.0
CES8000000001,Other services,1987,2,3625.0
CES8000000001,Other services,1987,3,3642.0
CES8000000001,Other services,1987,4,3660.0
CES8000000001,Other services,1987,5,3679.0
CES8000000001,Other services,1987,6,3689.0
CES8000000001,Other services,1987,7,3708.0
CES8000000001,Other services,1987,8,3727.0
CES8000000001,Other services,1987,9,3738.0
CES8000000001,Other services,1987,10,3754.0
CES8000000001,Other services,1987,11,3765.0
CES8000000001,Other services,1987,12,3782.0
CES8000000001,Other services,1988,1,3800.0
CES8000000001,Other services,1988,2,3822.0
CES8000000001,Other services,1988,3,3839.0
CES8000000001,Other services,1988,4,3857.0
CES8000000001,Other services,1988,5,3872.0
CES8000000001,Other services,1988,6,3898.0
CES8000000001,Other services,1988,7,3912.0
CES8000000001,Other services,1988,8,3937.0
CES8000000001,Other services,1988,9,3962.0
CES8000000001,Other services,1988,10,3978.0
CES8000000001,Other services,1988,11,3996.0
CES8000000001,Other services,1988,12,4014.0
CES8000000001,Other services,1989,1,4026.0
CES8000000001,Other services,1989,2,4050.0
CES8000000001,Other services,1989,3,4070.0
CES8000000001,Other services,1989,4,4088.0
CES8000000001,Other services,1989,5,4096.0
CES8000000001,Other services,1989,6,4112.0
CES8000000001,Other services,1989,7,4108.0
CES8000000001,Other services,1989,8,4135.0
CES8000000001,Other services,1989,9,4163.0
CES8000000001,Other services,1989,10,4169.0
CES8000000001,Other services,1989,11,4185.0
CES8000000001,Other services,1989,12,4191.0
CES8000000001,Other services,1990,1,4221.0
CES8000000001,Other services,1990,2,4237.0
CES8000000001,Other services,1990,3,4254.0
CES8000000001,Other services,1990,4,4256.0
CES8000000001,Other services,1990,5,4266.0
CES8000000001,Other services,1990,6,4266.0
CES8000000001,Other services,1990,7,4266.0
CES8000000001,Other services,1990,8,4269.0
CES8000000001,Other services,1990,9,4268.0
CES8000000001,Other services,1990,10,4275.0
CES8000000001,Other services,1990,11,4273.0
CES8000000001,Other services,1990,12,4277.0
CES8000000001,Other services,1991,1,4275.0
CES8000000001,Other services,1991,2,4269.0
CES8000000001,Other services,1991,3,4261.0
CES8000000001,Other services,1991,4,4252.0
CES8000000001,Other services,1991,5,4250.0
CES8000000001,Other services,1991,6,4247.0
CES8000000001,Other services,1991,7,4239.0
CES8000000001,Other services,1991,8,4242.0
CES8000000001,Other services,1991,9,4244.0
CES8000000001,Other services,1991,10,4244.0
CES8000000001,Other services,1991,11,4237.0
CES8000000001,Other services,1991,12,4228.0
CES8000000001,Other services,1992,1,4227.0
CES8000000001,Other services,1992,2,4210.0
CES8000000001,Other services,1992,3,4206.0
CES8000000001,Other services,1992,4,4219.0
CES8000000001,Other services,1992,5,4223.0
CES8000000001,Other services,1992,6,4223.0
CES8000000001,Other services,1992,7,4236.0
CES8000000001,Other services,1992,8,4243.0
CES8000000001,Other services,1992,9,4252.0
CES8000000001,Other services,1992,10,4268.0
CES8000000001,Other services,1992,11,4279.0
CES8000000001,Other services,1992,12,4289.0
CES8000000001,Other services,1993,1,4312.0
CES8000000001,Other services,1993,2,4332.0
CES8000000001,Other services,1993,3,4339.0
CES8000000001,Other services,1993,4,4350.0
CES8000000001,Other services,1993,5,4349.0
CES8000000001,Other services,1993,6,4362.0
CES8000000001,Other services,1993,7,4361.0
CES8000000001,Other services,1993,8,4360.0
CES8000000001,Other services,1993,9,4360.0
CES8000000001,Other services,1993,10,4357.0
CES8000000001,Other services,1993,11,4362.0
CES8000000001,Other services,1993,12,4363.0
CES8000000001,Other services,1994,1,4366.0
CES8000000001,Other services,1994,2,4361.0
CES8000000001,Other services,1994,3,4377.0
CES8000000001,Other services,1994,4,4390.0
CES8000000001,Other services,1994,5,4401.0
CES8000000001,Other services,1994,6,4415.0
CES8000000001,Other services,1994,7,4429.0
CES8000000001,Other services,1994,8,4443.0
CES8000000001,Other services,1994,9,4472.0
CES8000000001,Other services,1994,10,4486.0
CES8000000001,Other services,1994,11,4499.0
CES8000000001,Other services,1994,12,4508.0
CES8000000001,Other services,1995,1,4525.0
CES8000000001,Other services,1995,2,4536.0
CES8000000001,Other services,1995,3,4547.0
CES8000000001,Other services,1995,4,4550.0
CES8000000001,Other services,1995,5,4556.0
CES8000000001,Other services,1995,6,4565.0
CES8000000001,Other services,1995,7,4573.0
CES8000000001,Other services,1995,8,4591.0
CES8000000001,Other services,1995,9,4592.0
CES8000000001,Other services,1995,10,4596.0
CES8000000001,Other services,1995,11,4608.0
CES8000000001,Other services,1995,12,4626.0
CES8000000001,Other services,1996,1,4625.0
CES8000000001,Other services,1996,2,4645.0
CES8000000001,Other services,1996,3,4655.0
CES8000000001,Other services,1996,4,4665.0
CES8000000001,Other services,1996,5,4680.0
CES8000000001,Other services,1996,6,4689.0
CES8000000001,Other services,1996,7,4700.0
CES8000000001,Other services,1996,8,4713.0
CES8000000001,Other services,1996,9,4714.0
CES8000000001,Other services,1996,10,4727.0
CES8000000001,Other services,1996,11,4732.0
CES8000000001,Other services,1996,12,4743.0
CES8000000001,Other services,1997,1,4753.0
CES8000000001,Other services,1997,2,4763.0
CES8000000001,Other services,1997,3,4776.0
CES8000000001,Other services,1997,4,4794.0
CES8000000001,Other services,1997,5,4809.0
CES8000000001,Other services,1997,6,4812.0
CES8000000001,Other services,1997,7,4840.0
CES8000000001,Other services,1997,8,4844.0
CES8000000001,Other services,1997,9,4857.0
CES8000000001,Other services,1997,10,4871.0
CES8000000001,Other services,1997,11,4879.0
CES8000000001,Other services,1997,12,4898.0
CES8000000001,Other services,1998,1,4914.0
CES8000000001,Other services,1998,2,4923.0
CES8000000001,Other services,1998,3,4938.0
CES8000000001,Other services,1998,4,4949.0
CES8000000001,Other services,1998,5,4963.0
CES8000000001,Other services,1998,6,4974.0
CES8000000001,Other services,1998,7,4989.0
CES8000000001,Other services,1998,8,4995.0
CES8000000001,Other services,1998,9,5000.0
CES8000000001,Other services,1998,10,5013.0
CES8000000001,Other services,1998,11,5021.0
CES8000000001,Other services,1998,12,5029.0
CES8000000001,Other services,1999,1,5039.0
CES8000000001,Other services,1999,2,5051.0
CES8000000001,Other services,1999,3,5057.0
CES8000000001,Other services,1999,4,5066.0
CES8000000001,Other services,1999,5,5069.0
CES8000000001,Other services,1999,6,5084.0
CES8000000001,Other services,1999,7,5095.0
CES8000000001,Other services,1999,8,5097.0
CES8000000001,Other services,1999,9,5104.0
CES8000000001,Other services,1999,10,5117.0
CES8000000001,Other services,1999,11,5126.0
CES8000000001,Other services,1999,12,5138.0
CES8000000001,Other services,2000,1,5146.0
CES8000000001,Other services,2000,2,5153.0
CES8000000001,Other services,2000,3,5161.0
CES8000000001,Other services,2000,4,5159.0
CES8000000001,Other services,2000,5,5154.0
CES8000000001,Other services,2000,6,5157.0
CES8000000001,Other services,2000,7,5163.0
CES8000000001,Other services,2000,8,5168.0
CES8000000001,Other services,2000,9,5182.0
CES8000000001,Other services,2000,10,5188.0
CES8000000001,Other services,2000,11,5190.0
CES8000000001,Other services,2000,12,5196.0
CES8000000001,Other services,2001,1,5203.0
CES8000000001,Other services,2001,2,5199.0
CES8000000001,Other services,2001,3,5201.0
CES8000000001,Other services,2001,4,5219.0
CES8000000001,Other services,2001,5,5239.0
CES8000000001,Other services,2001,6,5247.0
CES8000000001,Other services,2001,7,5269.0
CES8000000001,Other services,2001,8,5280.0
CES8000000001,Other services,2001,9,5293.0
CES8000000001,Other services,2001,10,5299.0
CES8000000001,Other services,2001,11,5314.0
CES8000000001,Other services,2001,12,5334.0
CES8000000001,Other services,2002,1,5344.0
CES8000000001,Other services,2002,2,5355.0
CES8000000001,Other services,2002,3,5362.0
CES8000000001,Other services,2002,4,5366.0
CES8000000001,Other services,2002,5,5368.0
CES8000000001,Other services,2002,6,5365.0
CES8000000001,Other services,2002,7,5360.0
CES8000000001,Other services,2002,8,5369.0
CES8000000001,Other services,2002,9,5383.0
CES8000000001,Other services,2002,10,5391.0
CES8000000001,Other services,2002,11,5407.0
CES8000000001,Other services,2002,12,5398.0
CES8000000001,Other services,2003,1,5400.0
CES8000000001,Other services,2003,2,5405.0
CES8000000001,Other services,2003,3,5398.0
CES8000000001,Other services,2003,4,5397.0
CES8000000001,Other services,2003,5,5398.0
CES8000000001,Other services,2003,6,5397.0
CES8000000001,Other services,2003,7,5399.0
CES8000000001,Other services,2003,8,5399.0
CES8000000001,Other services,2003,9,5403.0
CES8000000001,Other services,2003,10,5402.0
CES8000000001,Other services,2003,11,5404.0
CES8000000001,Other services,2003,12,5403.0
CES8000000001,Other services,2004,1,5405.0
CES8000000001,Other services,2004,2,5405.0
CES8000000001,Other services,2004,3,5418.0
CES8000000001,Other services,2004,4,5419.0
CES8000000001,Other services,2004,5,5419.0
CES8000000001,Other services,2004,6,5420.0
CES8000000001,Other services,2004,7,5414.0
CES8000000001,Other services,2004,8,5410.0
CES8000000001,Other services,2004,9,5405.0
CES8000000001,Other services,2004,10,5397.0
CES8000000001,Other services,2004,11,5400.0
CES8000000001,Other services,2004,12,5400.0
CES8000000001,Other services,2005,1,5398.0
CES8000000001,Other services,2005,2,5393.0
CES8000000001,Other services,2005,3,5386.0
CES8000000001,Other services,2005,4,5392.0
CES8000000001,Other services,2005,5,5384.0
CES8000000001,Other services,2005,6,5397.0
CES8000000001,Other services,2005,7,5403.0
CES8000000001,Other services,2005,8,5399.0
CES8000000001,Other services,2005,9,5397.0
CES8000000001,Other services,2005,10,5386.0
CES8000000001,Other services,2005,11,5394.0
CES8000000001,Other services,2005,12,5409.0
CES8000000001,Other services,2006,1,5424.0
CES8000000001,Other services,2006,2,5425.0
CES8000000001,Other services,2006,3,5426.0
CES8000000001,Other services,2006,4,5426.0
CES8000000001,Other services,2006,5,5435.0
CES8000000001,Other services,2006,6,5433.0
CES8000000001,Other services,2006,7,5428.0
CES8000000001,Other services,2006,8,5432.0
CES8000000001,Other services,2006,9,5447.0
CES8000000001,Other services,2006,10,5454.0
CES8000000001,Other services,2006,11,5457.0
CES8000000001,Other services,2006,12,5466.0
CES8000000001,Other services,2007,1,5466.0
CES8000000001,Other services,2007,2,5474.0
CES8000000001,Other services,2007,3,5485.0
CES8000000001,Other services,2007,4,5491.0
CES8000000001,Other services,2007,5,5498.0
CES8000000001,Other services,2007,6,5501.0
CES8000000001,Other services,2007,7,5500.0
CES8000000001,Other services,2007,8,5496.0
CES8000000001,Other services,2007,9,5493.0
CES8000000001,Other services,2007,10,5494.0
CES8000000001,Other services,2007,11,5507.0
CES8000000001,Other services,2007,12,5515.0
CES8000000001,Other services,2008,1,5520.0
CES8000000001,Other services,2008,2,5532.0
CES8000000001,Other services,2008,3,5539.0
CES8000000001,Other services,2008,4,5540.0
CES8000000001,Other services,2008,5,5532.0
CES8000000001,Other services,2008,6,5525.0
CES8000000001,Other services,2008,7,5522.0
CES8000000001,Other services,2008,8,5512.0
CES8000000001,Other services,2008,9,5512.0
CES8000000001,Other services,2008,10,5516.0
CES8000000001,Other services,2008,11,5476.0
CES8000000001,Other services,2008,12,5446.0
CES8000000001,Other services,2009,1,5430.0
CES8000000001,Other services,2009,2,5411.0
CES8000000001,Other services,2009,3,5383.0
CES8000000001,Other services,2009,4,5372.0
CES8000000001,Other services,2009,5,5368.0
CES8000000001,Other services,2009,6,5371.0
CES8000000001,Other services,2009,7,5368.0
CES8000000001,Other services,2009,8,5359.0
CES8000000001,Other services,2009,9,5353.0
CES8000000001,Other services,2009,10,5334.0
CES8000000001,Other services,2009,11,5324.0
CES8000000001,Other services,2009,12,5320.0
CES8000000001,Other services,2010,1,5325.0
CES8000000001,Other services,2010,2,5317.0
CES8000000001,Other services,2010,3,5328.0
CES8000000001,Other services,2010,4,5335.0
CES8000000001,Other services,2010,5,5328.0
CES8000000001,Other services,2010,6,5313.0
CES8000000001,Other services,2010,7,5326.0
CES8000000001,Other services,2010,8,5324.0
CES8000000001,Other services,2010,9,5332.0
CES8000000001,Other services,2010,10,5357.0
CES8000000001,Other services,2010,11,5347.0
CES8000000001,Other services,2010,12,5338.0
CES8000000001,Other services,2011,1,5327.0
CES8000000001,Other services,2011,2,5337.0
CES8000000001,Other services,2011,3,5332.0
CES8000000001,Other services,2011,4,5341.0
CES8000000001,Other services,2011,5,5345.0
CES8000000001,Other services,2011,6,5353.0
CES8000000001,Other services,2011,7,5358.0
CES8000000001,Other services,2011,8,5377.0
CES8000000001,Other services,2011,9,5382.0
CES8000000001,Other services,2011,10,5383.0
CES8000000001,Other services,2011,11,5391.0
CES8000000001,Other services,2011,12,5402.0
CES8000000001,Other services,2012,1,5414.0
CES8000000001,Other services,2012,2,5414.0
CES8000000001,Other services,2012,3,5422.0
CES8000000001,Other services,2012,4,5416.0
CES8000000001,Other services,2012,5,5416.0
CES8000000001,Other services,2012,6,5425.0
CES8000000001,Other services,2012,7,5433.0
CES8000000001,Other services,2012,8,5431.0
CES8000000001,Other services,2012,9,5442.0
CES8000000001,Other services,2012,10,5446.0
CES8000000001,Other services,2012,11,5448.0
CES8000000001,Other services,2012,12,5452.0
CES8000000001,Other services,2013,1,5458.0
CES8000000001,Other services,2013,2,5456.0
CES8000000001,Other services,2013,3,5451.0
CES8000000001,Other services,2013,4,5455.0
CES8000000001,Other services,2013,5,5471.0
CES8000000001,Other services,2013,6,5479.0
CES8000000001,Other services,2013,7,5484.0
CES8000000001,Other services,2013,8,5493.0
CES8000000001,Other services,2013,9,5502.0
CES8000000001,Other services,2013,10,5509.0
CES8000000001,Other services,2013,11,5511.0
CES8000000001,Other services,2013,12,5525.0
CES8000000001,Other services,2014,1,5533.0
CES8000000001,Other services,2014,2,5535.0
CES8000000001,Other services,2014,3,5553.0
CES8000000001,Other services,2014,4,5565.0
CES8000000001,Other services,2014,5,5568.0
CES8000000001,Other services,2014,6,5562.0
CES8000000001,Other services,2014,7,5566.0
CES8000000001,Other services,2014,8,5580.0
CES8000000001,Other services,2014,9,5574.0
CES8000000001,Other services,2014,10,5581.0
CES8000000001,Other services,2014,11,5591.0
CES8000000001,Other services,2014,12,5593.0
CES8000000001,Other services,2015,1,5599.0
CES8000000001,Other services,2015,2,5606.0
CES8000000001,Other services,2015,3,5607.0
CES8000000001,Other services,2015,4,5614.0
CES8000000001,Other services,2015,5,5622.0
CES8000000001,Other services,2015,6,5615.0
CES8000000001,Other services,2015,7,5628.0
CES8000000001,Other services,2015,8,5621.0
CES8000000001,Other services,2015,9,5621.0
CES8000000001,Other services,2015,10,5630.0
CES8000000001,Other services,2015,11,5638.0
CES8000000001,Other services,2015,12,5653.0
CES8000000001,Other services,2016,1,5647.0
CES8000000001,Other services,2016,2,5666.0
CES8000000001,Other services,2016,3,5673.0
CES8000000001,Other services,2016,4,5678.0
CES8000000001,Other services,2016,5,5670.0
CES8000000001,Other services,2016,6,5682.0
CES8000000001,Other services,2016,7,5690.0
CES8000000001,Other services,2016,8,5702.0
CES8000000001,Other services,2016,9,5714.0
CES8000000001,Other services,2016,10,5720.0
CES8000000001,Other services,2016,11,5729.0
CES8000000001,Other services,2016,12,5711.0
CES8000000001,Other services,2017,1,5729.0
CES8000000001,Other services,2017,2,5741.0
CES8000000001,Other services,2017,3,5748.0
CES8000000001,Other services,2017,4,5753.0
CES8000000001,Other services,2017,5,5765.0
CES8000000001,Other services,2017,6,5769.0
CES8000000001,Other services,2017,7,5775.0
CES8000000001,Other services,2017,8,5777.0
CES8000000001,Other services,2017,9,5780.0
CES8000000001,Other services,2017,10,5793.0
CES8000000001,Other services,2017,11,5803.0
CES8000000001,Other services,2017,12,5805.0
CES8000000001,Other services,2018,1,5809.0
CES8000000001,Other services,2018,2,5814.0
CES8000000001,Other services,2018,3,5816.0
CES8000000001,Other services,2018,4,5824.0
CES8000000001,Other services,2018,5,5835.0
CES8000000001,Other services,2018,6,5844.0
CES8000000001,Other services,2018,7,5829.0
CES8000000001,Other services,2018,8,5829.0
CES8000000001,Other services,2018,9,5838.0
CES8000000001,Other services,2018,10,5841.0
CES8000000001,Other services,2018,11,5839.0
CES8000000001,Other services,2018,12,5846.0
CES8000000001,Other services,2019,1,5854.0
CES8000000001,Other services,2019,2,5856.0
CES8000000001,Other services,2019,3,5875.0
CES8000000001,Other services,2019,4,5891.0
CES8000000001,Other services,2019,5,5886.0
CES8000000001,Other services,2019,6,5894.0
CES8000000001,Other services,2019,7,5899.0
CES8000000001,Other services,2019,8,5901.0
CES8000000001,Other services,2019,9,5903.0
CES8000000001,Other services,2019,10,5898.0
CES8000000001,Other services,2019,11,5911.0
CES8000000001,Other services,2019,12,5917.0
CES8000000001,Other services,2020,1,5933.0
CES8000000001,Other services,2020,2,5934.0
CES8000000001,Other services,2020,3,5847.0
CES8000000001,Other services,2020,4,4511.0
CES8000000001,Other services,2020,5,4740.0
CES8000000001,Other services,2020,6,5092.0
CES8000000001,Other services,2020,7,5236.0
CES8000000001,Other services,2020,8,5289.0
CES8000000001,Other services,2020,9,5334.0
CES8000000001,Other services,2020,10,5354.0
CES8000000001,Other services,2020,11,5344.0
CES8000000001,Other services,2020,12,5313.0
CES8000000001,Other services,2021,1,5314.0
CES8000000001,Other services,2021,2,5324.0
CES8000000001,Other services,2021,3,5335.0
CES8000000001,Other services,2021,4,5358.0
CES8000000001,Other services,2021,5,5370.0
CES8000000001,Other services,2021,6,5438.0
CES8000000001,Other services,2021,7,5494.0
CES8000000001,Other services,2021,8,5532.0
CES8000000001,Other services,2021,9,5539.0
CES8000000001,Other services,2021,10,5578.0
CES8000000001,Other services,2021,11,5598.0
CES8000000001,Other services,2021,12,5617.0
CES8000000001,Other services,2022,1,5603.0
CES8000000001,Other services,2022,2,5648.0
CES8000000001,Other services,2022,3,5651.0
CES8000000001,Other services,2022,4,5657.0
CES8000000001,Other services,2022,5,5665.0
CES8000000001,Other services,2022,6,5674.0
CES8000000001,Other services,2022,7,5707.0
CES8000000001,Other services,2022,8,5719.0
CES8000000001,Other services,2022,9,5730.0
CES8000000001,Other services,2022,10,5748.0
CES8000000001,Other services,2022,11,5762.0
CES8000000001,Other services,2022,12,5771.0
CES8000000001,Other services,2023,1,5785.0
CES8000000001,Other services,2023,2,5785.0
CES8000000001,Other services,2023,3,5789.0
CES8000000001,Other services,2023,4,5798.0
CES8000000001,Other services,2023,5,5814.0
CES8000000001,Other services,2023,6,5831.0
CES8000000001,Other services,2023,7,5846.0
CES8000000001,Other services,2023,8,5874.0
CES8000000001,Other services,2023,9,5883.0
CES8000000001,Other services,2023,10,5893.0
CES8000000001,Other services,2023,11,5905.0
CES8000000001,Other services,2023,12,5906.0
CES8000000001,Other services,2024,1,5917.0
CES8000000001,Other services,2024,2,5930.0
CES8000000001,Other services,2024,3,5943.0
CES8000000001,Other services,2024,4,5947.0
CES8000000001,Other services,2024,5,5949.0
CES8000000001,Other services,2024,6,5962.0
CES8000000001,Other services,2024,7,5961.0
CES8000000001,Other services,2024,8,5957.0
CES8000000001,Other services,2024,9,5959.0
CES8000000001,Other services,2024,10,5962.0
CES8000000001,Other services,2024,11,5968.0
CES8000000001,Other services,2024,12,5972.0
CES8000000001,Other services,2025,1,5975.0
CES8000000001,Other services,2025,2,5977.0
CES8000000001,Other services,2025,3,5987.0
CES8000000001,Other services,2025,4,5987.0
CES8000000001,Other services,2025,5,5994.0
CES8000000001,Other services,2025,6,5984.0
CES8000000001,Other services,2025,7,5989.0
CES8000000001,Other services,2025,8,6008.0
CES8000000001,Other services,2025,9,6005.0
CES8000000001,Other services,2025,10,5999.0
CES8000000001,Other services,2025,11,6015.0
CES8000000001,Other services,2025,12,6023.0
CES9000000001,Government,1976,1,14969.0
CES9000000001,Government,1976,2,14981.0
CES9000000001,Government,1976,3,14987.0
CES9000000001,Government,1976,4,14985.0
CES9000000001,Government,1976,5,14971.0
CES9000000001,Government,1976,6,14963.0
CES9000000001,Government,1976,7,14993.0
CES9000000001,Government,1976,8,15007.0
CES9000000001,Government,1976,9,14971.0
CES9000000001,Government,1976,10,15028.0
CES9000000001,Government,1976,11,15073.0
CES9000000001,Government,1976,12,15075.0
CES9000000001,Government,1977,1,15056.0
CES9000000001,Government,1977,2,15056.0
CES9000000001,Government,1977,3,15050.0
CES9000000001,Government,1977,4,15075.0
CES9000000001,Government,1977,5,15132.0
CES9000000001,Government,1977,6,15207.0
CES9000000001,Government,1977,7,15299.0
CES9000000001,Government,1977,8,15328.0
CES9000000001,Government,1977,9,15403.0
CES9000000001,Government,1977,10,15463.0
CES9000000001,Government,1977,11,15515.0
CES9000000001,Government,1977,12,15538.0
CES9000000001,Government,1978,1,15611.0
CES9000000001,Government,1978,2,15671.0
CES9000000001,Government,1978,3,15731.0
CES9000000001,Government,1978,4,15797.0
CES9000000001,Government,1978,5,15834.0
CES9000000001,Government,1978,6,15852.0
CES9000000001,Government,1978,7,15901.0
CES9000000001,Government,1978,8,15891.0
CES9000000001,Government,1978,9,15819.0
CES9000000001,Government,1978,10,15858.0
CES9000000001,Government,1978,11,15894.0
CES9000000001,Government,1978,12,15911.0
CES9000000001,Government,1979,1,15937.0
CES9000000001,Government,1979,2,15947.0
CES9000000001,Government,1979,3,15956.0
CES9000000001,Government,1979,4,15977.0
CES9000000001,Government,1979,5,15990.0
CES9000000001,Government,1979,6,16045.0
CES9000000001,Government,1979,7,16150.0
CES9000000001,Government,1979,8,16229.0
CES9000000001,Government,1979,9,16128.0
CES9000000001,Government,1979,10,16136.0
CES9000000001,Government,1979,11,16173.0
CES9000000001,Government,1979,12,16180.0
CES9000000001,Government,1980,1,16201.0
CES9000000001,Government,1980,2,16226.0
CES9000000001,Government,1980,3,16296.0
CES9000000001,Government,1980,4,16583.0
CES9000000001,Government,1980,5,16454.0
CES9000000001,Government,1980,6,16441.0
CES9000000001,Government,1980,7,16418.0
CES9000000001,Government,1980,8,16410.0
CES9000000001,Government,1980,9,16330.0
CES9000000001,Government,1980,10,16386.0
CES9000000001,Government,1980,11,16391.0
CES9000000001,Government,1980,12,16373.0
CES9000000001,Government,1981,1,16360.0
CES9000000001,Government,1981,2,16346.0
CES9000000001,Government,1981,3,16292.0
CES9000000001,Government,1981,4,16260.0
CES9000000001,Government,1981,5,16198.0
CES9000000001,Government,1981,6,16159.0
CES9000000001,Government,1981,7,16175.0
CES9000000001,Government,1981,8,16110.0
CES9000000001,Government,1981,9,16031.0
CES9000000001,Government,1981,10,16069.0
CES9000000001,Government,1981,11,16078.0
CES9000000001,Government,1981,12,16073.0
CES9000000001,Government,1982,1,16041.0
CES9000000001,Government,1982,2,16011.0
CES9000000001,Government,1982,3,16024.0
CES9000000001,Government,1982,4,16010.0
CES9000000001,Government,1982,5,16003.0
CES9000000001,Government,1982,6,16016.0
CES9000000001,Government,1982,7,15890.0
CES9000000001,Government,1982,8,15930.0
CES9000000001,Government,1982,9,15923.0
CES9000000001,Government,1982,10,15956.0
CES9000000001,Government,1982,11,15977.0
CES9000000001,Government,1982,12,15981.0
CES9000000001,Government,1983,1,16023.0
CES9000000001,Government,1983,2,16004.0
CES9000000001,Government,1983,3,16005.0
CES9000000001,Government,1983,4,15990.0
CES9000000001,Government,1983,5,16005.0
CES9000000001,Government,1983,6,16020.0
CES9000000001,Government,1983,7,16011.0
CES9000000001,Government,1983,8,16016.0
CES9000000001,Government,1983,9,16042.0
CES9000000001,Government,1983,10,15986.0
CES9000000001,Government,1983,11,15997.0
CES9000000001,Government,1983,12,16008.0
CES9000000001,Government,1984,1,16010.0
CES9000000001,Government,1984,2,16025.0
CES9000000001,Government,1984,3,16030.0
CES9000000001,Government,1984,4,16075.0
CES9000000001,Government,1984,5,16103.0
CES9000000001,Government,1984,6,16127.0
CES9000000001,Government,1984,7,16172.0
CES9000000001,Government,1984,8,16224.0
CES9000000001,Government,1984,9,16255.0
CES9000000001,Government,1984,10,16274.0
CES9000000001,Government,1984,11,16311.0
CES9000000001,Government,1984,12,16282.0
CES9000000001,Government,1985,1,16336.0
CES9000000001,Government,1985,2,16349.0
CES9000000001,Government,1985,3,16395.0
CES9000000001,Government,1985,4,16430.0
CES9000000001,Government,1985,5,16474.0
CES9000000001,Government,1985,6,16498.0
CES9000000001,Government,1985,7,16620.0
CES9000000001,Government,1985,8,16619.0
CES9000000001,Government,1985,9,16638.0
CES9000000001,Government,1985,10,16654.0
CES9000000001,Government,1985,11,16674.0
CES9000000001,Government,1985,12,16694.0
CES9000000001,Government,1986,1,16715.0
CES9000000001,Government,1986,2,16759.0
CES9000000001,Government,1986,3,16755.0
CES9000000001,Government,1986,4,16765.0
CES9000000001,Government,1986,5,16790.0
CES9000000001,Government,1986,6,16779.0
CES9000000001,Government,1986,7,16779.0
CES9000000001,Government,1986,8,16800.0
CES9000000001,Government,1986,9,16910.0
CES9000000001,Government,1986,10,16969.0
CES9000000001,Government,1986,11,17005.0
CES9000000001,Government,1986,12,17021.0
CES9000000001,Government,1987,1,17045.0
CES9000000001,Government,1987,2,17036.0
CES9000000001,Government,1987,3,17064.0
CES9000000001,Government,1987,4,17109.0
CES9000000001,Government,1987,5,17112.0
CES9000000001,Government,1987,6,17124.0
CES9000000001,Government,1987,7,17160.0
CES9000000001,Government,1987,8,17172.0
CES9000000001,Government,1987,9,17135.0
CES9000000001,Government,1987,10,17269.0
CES9000000001,Government,1987,11,17299.0
CES9000000001,Government,1987,12,17347.0
CES9000000001,Government,1988,1,17365.0
CES9000000001,Government,1988,2,17389.0
CES9000000001,Government,1988,3,17447.0
CES9000000001,Government,1988,4,17452.0
CES9000000001,Government,1988,5,17481.0
CES9000000001,Government,1988,6,17515.0
CES9000000001,Government,1988,7,17494.0
CES9000000001,Government,1988,8,17544.0
CES9000000001,Government,1988,9,17634.0
CES9000000001,Government,1988,10,17670.0
CES9000000001,Government,1988,11,17746.0
CES9000000001,Government,1988,12,17736.0
CES9000000001,Government,1989,1,17774.0
CES9000000001,Government,1989,2,17812.0
CES9000000001,Government,1989,3,17822.0
CES9000000001,Government,1989,4,17840.0
CES9000000001,Government,1989,5,17876.0
CES9000000001,Government,1989,6,17912.0
CES9000000001,Government,1989,7,17905.0
CES9000000001,Government,1989,8,17989.0
CES9000000001,Government,1989,9,18027.0
CES9000000001,Government,1989,10,18033.0
CES9000000001,Government,1989,11,18057.0
CES9000000001,Government,1989,12,18075.0
CES9000000001,Government,1990,1,18151.0
CES9000000001,Government,1990,2,18177.0
CES9000000001,Government,1990,3,18294.0
CES9000000001,Government,1990,4,18377.0
CES9000000001,Government,1990,5,18599.0
CES9000000001,Government,1990,6,18556.0
CES9000000001,Government,1990,7,18560.0
CES9000000001,Government,1990,8,18457.0
CES9000000001,Government,1990,9,18437.0
CES9000000001,Government,1990,10,18443.0
CES9000000001,Government,1990,11,18450.0
CES9000000001,Government,1990,12,18468.0
CES9000000001,Government,1991,1,18474.0
CES9000000001,Government,1991,2,18482.0
CES9000000001,Government,1991,3,18488.0
CES9000000001,Government,1991,4,18485.0
CES9000000001,Government,1991,5,18498.0
CES9000000001,Government,1991,6,18561.0
CES9000000001,Government,1991,7,18598.0
CES9000000001,Government,1991,8,18567.0
CES9000000001,Government,1991,9,18543.0
CES9000000001,Government,1991,10,18593.0
CES9000000001,Government,1991,11,18627.0
CES9000000001,Government,1991,12,18641.0
CES9000000001,Government,1992,1,18688.0
CES9000000001,Government,1992,2,18689.0
CES9000000001,Government,1992,3,18715.0
CES9000000001,Government,1992,4,18739.0
CES9000000001,Government,1992,5,18753.0
CES9000000001,Government,1992,6,18762.0
CES9000000001,Government,1992,7,18817.0
CES9000000001,Government,1992,8,18883.0
CES9000000001,Government,1992,9,18829.0
CES9000000001,Government,1992,10,18828.0
CES9000000001,Government,1992,11,18841.0
CES9000000001,Government,1992,12,18878.0
CES9000000001,Government,1993,1,18901.0
CES9000000001,Government,1993,2,18902.0
CES9000000001,Government,1993,3,18907.0
CES9000000001,Government,1993,4,18938.0
CES9000000001,Government,1993,5,18951.0
CES9000000001,Government,1993,6,18969.0
CES9000000001,Government,1993,7,19060.0
CES9000000001,Government,1993,8,19028.0
CES9000000001,Government,1993,9,19041.0
CES9000000001,Government,1993,10,19042.0
CES9000000001,Government,1993,11,19068.0
CES9000000001,Government,1993,12,19109.0
CES9000000001,Government,1994,1,19147.0
CES9000000001,Government,1994,2,19150.0
CES9000000001,Government,1994,3,19190.0
CES9000000001,Government,1994,4,19223.0
CES9000000001,Government,1994,5,19264.0
CES9000000001,Government,1994,6,19274.0
CES9000000001,Government,1994,7,19301.0
CES9000000001,Government,1994,8,19306.0
CES9000000001,Government,1994,9,19337.0
CES9000000001,Government,1994,10,19344.0
CES9000000001,Government,1994,11,19367.0
CES9000000001,Government,1994,12,19388.0
CES9000000001,Government,1995,1,19397.0
CES9000000001,Government,1995,2,19407.0
CES9000000001,Government,1995,3,19427.0
CES9000000001,Government,1995,4,19434.0
CES9000000001,Government,1995,5,19418.0
CES9000000001,Government,1995,6,19445.0
CES9000000001,Government,1995,7,19437.0
CES9000000001,Government,1995,8,19429.0
CES9000000001,Government,1995,9,19430.0
CES9000000001,Government,1995,10,19464.0
CES9000000001,Government,1995,11,19463.0
CES9000000001,Government,1995,12,19466.0
CES9000000001,Government,1996,1,19450.0
CES9000000001,Government,1996,2,19485.0
CES9000000001,Government,1996,3,19532.0
CES9000000001,Government,1996,4,19515.0
CES9000000001,Government,1996,5,19529.0
CES9000000001,Government,1996,6,19528.0
CES9000000001,Government,1996,7,19547.0
CES9000000001,Government,1996,8,19504.0
CES9000000001,Government,1996,9,19567.0
CES9000000001,Government,1996,10,19554.0
CES9000000001,Government,1996,11,19565.0
CES9000000001,Government,1996,12,19571.0
CES9000000001,Government,1997,1,19593.0
CES9000000001,Government,1997,2,19598.0
CES9000000001,Government,1997,3,19608.0
CES9000000001,Government,1997,4,19603.0
CES9000000001,Government,1997,5,19601.0
CES9000000001,Government,1997,6,19660.0
CES9000000001,Government,1997,7,19686.0
CES9000000001,Government,1997,8,19617.0
CES9000000001,Government,1997,9,19679.0
CES9000000001,Government,1997,10,19738.0
CES9000000001,Government,1997,11,19761.0
CES9000000001,Government,1997,12,19766.0
CES9000000001,Government,1998,1,19770.0
CES9000000001,Government,1998,2,19786.0
CES9000000001,Government,1998,3,19792.0
CES9000000001,Government,1998,4,19816.0
CES9000000001,Government,1998,5,19875.0
CES9000000001,Government,1998,6,19879.0
CES9000000001,Government,1998,7,19930.0
CES9000000001,Government,1998,8,19959.0
CES9000000001,Government,1998,9,19985.0
CES9000000001,Government,1998,10,20001.0
CES9000000001,Government,1998,11,20044.0
CES9000000001,Government,1998,12,20079.0
CES9000000001,Government,1999,1,20084.0
CES9000000001,Government,1999,2,20144.0
CES9000000001,Government,1999,3,20168.0
CES9000000001,Government,1999,4,20237.0
CES9000000001,Government,1999,5,20229.0
CES9000000001,Government,1999,6,20272.0
CES9000000001,Government,1999,7,20339.0
CES9000000001,Government,1999,8,20375.0
CES9000000001,Government,1999,9,20404.0
CES9000000001,Government,1999,10,20457.0
CES9000000001,Government,1999,11,20496.0
CES9000000001,Government,1999,12,20540.0
CES9000000001,Government,2000,1,20571.0
CES9000000001,Government,2000,2,20599.0
CES9000000001,Government,2000,3,20733.0
CES9000000001,Government,2000,4,20802.0
CES9000000001,Government,2000,5,21147.0
CES9000000001,Government,2000,6,20887.0
CES9000000001,Government,2000,7,20867.0
CES9000000001,Government,2000,8,20837.0
CES9000000001,Government,2000,9,20735.0
CES9000000001,Government,2000,10,20743.0
CES9000000001,Government,2000,11,20760.0
CES9000000001,Government,2000,12,20804.0
CES9000000001,Government,2001,1,20835.0
CES9000000001,Government,2001,2,20906.0
CES9000000001,Government,2001,3,20945.0
CES9000000001,Government,2001,4,20992.0
CES9000000001,Government,2001,5,21029.0
CES9000000001,Government,2001,6,21137.0
CES9000000001,Government,2001,7,21185.0
CES9000000001,Government,2001,8,21218.0
CES9000000001,Government,2001,9,21242.0
CES9000000001,Government,2001,10,21275.0
CES9000000001,Government,2001,11,21326.0
CES9000000001,Government,2001,12,21355.0
CES9000000001,Government,2002,1,21377.0
CES9000000001,Government,2002,2,21390.0
CES9000000001,Government,2002,3,21431.0
CES9000000001,Government,2002,4,21443.0
CES9000000001,Government,2002,5,21514.0
CES9000000001,Government,2002,6,21549.0
CES9000000001,Government,2002,7,21544.0
CES9000000001,Government,2002,8,21589.0
CES9000000001,Government,2002,9,21546.0
CES9000000001,Government,2002,10,21559.0
CES9000000001,Government,2002,11,21581.0
CES9000000001,Government,2002,12,21588.0
CES9000000001,Government,2003,1,21626.0
CES9000000001,Government,2003,2,21624.0
CES9000000001,Government,2003,3,21610.0
CES9000000001,Government,2003,4,21595.0
CES9000000001,Government,2003,5,21567.0
CES9000000001,Government,2003,6,21606.0
CES9000000001,Government,2003,7,21633.0
CES9000000001,Government,2003,8,21556.0
CES9000000001,Government,2003,9,21504.0
CES9000000001,Government,2003,10,21558.0
CES9000000001,Government,2003,11,21535.0
CES9000000001,Government,2003,12,21546.0
CES9000000001,Government,2004,1,21538.0
CES9000000001,Government,2004,2,21550.0
CES9000000001,Government,2004,3,21588.0
CES9000000001,Government,2004,4,21614.0
CES9000000001,Government,2004,5,21614.0
CES9000000001,Government,2004,6,21601.0
CES9000000001,Government,2004,7,21606.0
CES9000000001,Government,2004,8,21626.0
CES9000000001,Government,2004,9,21635.0
CES9000000001,Government,2004,10,21656.0
CES9000000001,Government,2004,11,21692.0
CES9000000001,Government,2004,12,21693.0
CES9000000001,Government,2005,1,21735.0
CES9000000001,Government,2005,2,21744.0
CES9000000001,Government,2005,3,21740.0
CES9000000001,Government,2005,4,21754.0
CES9000000001,Government,2005,5,21781.0
CES9000000001,Government,2005,6,21763.0
CES9000000001,Government,2005,7,21857.0
CES9000000001,Government,2005,8,21863.0
CES9000000001,Government,2005,9,21845.0
CES9000000001,Government,2005,10,21829.0
CES9000000001,Government,2005,11,21859.0
CES9000000001,Government,2005,12,21879.0
CES9000000001,Government,2006,1,21847.0
CES9000000001,Government,2006,2,21878.0
CES9000000001,Government,2006,3,21903.0
CES9000000001,Government,2006,4,21919.0
CES9000000001,Government,2006,5,21926.0
CES9000000001,Government,2006,6,21922.0
CES9000000001,Government,2006,7,21973.0
CES9000000001,Government,2006,8,22011.0
CES9000000001,Government,2006,9,22082.0
CES9000000001,Government,2006,10,22068.0
CES9000000001,Government,2006,11,22083.0
CES9000000001,Government,2006,12,22088.0
CES9000000001,Government,2007,1,22095.0
CES9000000001,Government,2007,2,22131.0
CES9000000001,Government,2007,3,22149.0
CES9000000001,Government,2007,4,22175.0
CES9000000001,Government,2007,5,22193.0
CES9000000001,Government,2007,6,22207.0
CES9000000001,Government,2007,7,22171.0
CES9000000001,Government,2007,8,22226.0
CES9000000001,Government,2007,9,22279.0
CES9000000001,Government,2007,10,22297.0
CES9000000001,Government,2007,11,22334.0
CES9000000001,Government,2007,12,22376.0
CES9000000001,Government,2008,1,22388.0
CES9000000001,Government,2008,2,22417.0
CES9000000001,Government,2008,3,22443.0
CES9000000001,Government,2008,4,22450.0
CES9000000001,Government,2008,5,22483.0
CES9000000001,Government,2008,6,22517.0
CES9000000001,Government,2008,7,22568.0
CES9000000001,Government,2008,8,22567.0
CES9000000001,Government,2008,9,22537.0
CES9000000001,Government,2008,10,22549.0
CES9000000001,Government,2008,11,22560.0
CES9000000001,Government,2008,12,22556.0
CES9000000001,Government,2009,1,22579.0
CES9000000001,Government,2009,2,22576.0
CES9000000001,Government,2009,3,22560.0
CES9000000001,Government,2009,4,22677.0
CES9000000001,Government,2009,5,22617.0
CES9000000001,Government,2009,6,22576.0
CES9000000001,Government,2009,7,22521.0
CES9000000001,Government,2009,8,22537.0
CES9000000001,Government,2009,9,22451.0
CES9000000001,Government,2009,10,22524.0
CES9000000001,Government,2009,11,22533.0
CES9000000001,Government,2009,12,22482.0
CES9000000001,Government,2010,1,22491.0
CES9000000001,Government,2010,2,22476.0
CES9000000001,Government,2010,3,22518.0
CES9000000001,Government,2010,4,22569.0
CES9000000001,Government,2010,5,22996.0
CES9000000001,Government,2010,6,22740.0
CES9000000001,Government,2010,7,22569.0
CES9000000001,Government,2010,8,22420.0
CES9000000001,Government,2010,9,22247.0
CES9000000001,Government,2010,10,22297.0
CES9000000001,Government,2010,11,22287.0
CES9000000001,Government,2010,12,22266.0
CES9000000001,Government,2011,1,22258.0
CES9000000001,Government,2011,2,22215.0
CES9000000001,Government,2011,3,22192.0
CES9000000001,Government,2011,4,22184.0
CES9000000001,Government,2011,5,22129.0
CES9000000001,Government,2011,6,22164.0
CES9000000001,Government,2011,7,22049.0
CES9000000001,Government,2011,8,22017.0
CES9000000001,Government,2011,9,21983.0
CES9000000001,Government,2011,10,21998.0
CES9000000001,Government,2011,11,21971.0
CES9000000001,Government,2011,12,21954.0
CES9000000001,Government,2012,1,21946.0
CES9000000001,Government,2012,2,21947.0
CES9000000001,Government,2012,3,21943.0
CES9000000001,Government,2012,4,21931.0
CES9000000001,Government,2012,5,21911.0
CES9000000001,Government,2012,6,21930.0
CES9000000001,Government,2012,7,21913.0
CES9000000001,Government,2012,8,21916.0
CES9000000001,Government,2012,9,21925.0
CES9000000001,Government,2012,10,21903.0
CES9000000001,Government,2012,11,21883.0
CES9000000001,Government,2012,12,21887.0
CES9000000001,Government,2013,1,21869.0
CES9000000001,Government,2013,2,21881.0
CES9000000001,Government,2013,3,21870.0
CES9000000001,Government,2013,4,21869.0
CES9000000001,Government,2013,5,21864.0
CES9000000001,Government,2013,6,21840.0
CES9000000001,Government,2013,7,21815.0
CES9000000001,Government,2013,8,21831.0
CES9000000001,Government,2013,9,21835.0
CES9000000001,Government,2013,10,21830.0
CES9000000001,Government,2013,11,21843.0
CES9000000001,Government,2013,12,21820.0
CES9000000001,Government,2014,1,21814.0
CES9000000001,Government,2014,2,21825.0
CES9000000001,Government,2014,3,21833.0
CES9000000001,Government,2014,4,21853.0
CES9000000001,Government,2014,5,21832.0
CES9000000001,Government,2014,6,21895.0
CES9000000001,Government,2014,7,21901.0
CES9000000001,Government,2014,8,21855.0
CES9000000001,Government,2014,9,21897.0
CES9000000001,Government,2014,10,21917.0
CES9000000001,Government,2014,11,21932.0
CES9000000001,Government,2014,12,21947.0
CES9000000001,Government,2015,1,21960.0
CES9000000001,Government,2015,2,21978.0
CES9000000001,Government,2015,3,21970.0
CES9000000001,Government,2015,4,22005.0
CES9000000001,Government,2015,5,22012.0
CES9000000001,Government,2015,6,22015.0
CES9000000001,Government,2015,7,22050.0
CES9000000001,Government,2015,8,22060.0
CES9000000001,Government,2015,9,22040.0
CES9000000001,Government,2015,10,22056.0
CES9000000001,Government,2015,11,22081.0
CES9000000001,Government,2015,12,22097.0
CES9000000001,Government,2016,1,22114.0
CES9000000001,Government,2016,2,22138.0
CES9000000001,Government,2016,3,22178.0
CES9000000001,Government,2016,4,22184.0
CES9000000001,Government,2016,5,22199.0
CES9000000001,Government,2016,6,22180.0
CES9000000001,Government,2016,7,22289.0
CES9000000001,Government,2016,8,22284.0
CES9000000001,Government,2016,9,22323.0
CES9000000001,Government,2016,10,22295.0
CES9000000001,Government,2016,11,22277.0
CES9000000001,Government,2016,12,22304.0
CES9000000001,Government,2017,1,22316.0
CES9000000001,Government,2017,2,22326.0
CES9000000001,Government,2017,3,22329.0
CES9000000001,Government,2017,4,22335.0
CES9000000001,Government,2017,5,22347.0
CES9000000001,Government,2017,6,22360.0
CES9000000001,Government,2017,7,22374.0
CES9000000001,Government,2017,8,22310.0
CES9000000001,Government,2017,9,22333.0
CES9000000001,Government,2017,10,22361.0
CES9000000001,Government,2017,11,22379.0
CES9000000001,Government,2017,12,22384.0
CES9000000001,Government,2018,1,22374.0
CES9000000001,Government,2018,2,22419.0
CES9000000001,Government,2018,3,22427.0
CES9000000001,Government,2018,4,22444.0
CES9000000001,Government,2018,5,22449.0
CES9000000001,Government,2018,6,22482.0
CES9000000001,Government,2018,7,22436.0
CES9000000001,Government,2018,8,22468.0
CES9000000001,Government,2018,9,22474.0
CES9000000001,Government,2018,10,22479.0
CES9000000001,Government,2018,11,22473.0
CES9000000001,Government,2018,12,22511.0
CES9000000001,Government,2019,1,22508.0
CES9000000001,Government,2019,2,22525.0
CES9000000001,Government,2019,3,22569.0
CES9000000001,Government,2019,4,22619.0
CES9000000001,Government,2019,5,22562.0
CES9000000001,Government,2019,6,22604.0
CES9000000001,Government,2019,7,22572.0
CES9000000001,Government,2019,8,22625.0
CES9000000001,Government,2019,9,22653.0
CES9000000001,Government,2019,10,22670.0
CES9000000001,Government,2019,11,22709.0
CES9000000001,Government,2019,12,22726.0
CES9000000001,Government,2020,1,22781.0
CES9000000001,Government,2020,2,22857.0
CES9000000001,Government,2020,3,22827.0
CES9000000001,Government,2020,4,21909.0
CES9000000001,Government,2020,5,21393.0
CES9000000001,Government,2020,6,21412.0
CES9000000001,Government,2020,7,21514.0
CES9000000001,Government,2020,8,22000.0
CES9000000001,Government,2020,9,21929.0
CES9000000001,Government,2020,10,21805.0
CES9000000001,Government,2020,11,21683.0
CES9000000001,Government,2020,12,21678.0
CES9000000001,Government,2021,1,21741.0
CES9000000001,Government,2021,2,21754.0
CES9000000001,Government,2021,3,21844.0
CES9000000001,Government,2021,4,21893.0
CES9000000001,Government,2021,5,21929.0
CES9000000001,Government,2021,6,22031.0
CES9000000001,Government,2021,7,22039.0
CES9000000001,Government,2021,8,22136.0
CES9000000001,Government,2021,9,22102.0
CES9000000001,Government,2021,10,22027.0
CES9000000001,Government,2021,11,22046.0
CES9000000001,Government,2021,12,22062.0
CES9000000001,Government,2022,1,22049.0
CES9000000001,Government,2022,2,22032.0
CES9000000001,Government,2022,3,22033.0
CES9000000001,Government,2022,4,22069.0
CES9000000001,Government,2022,5,22125.0
CES9000000001,Government,2022,6,22142.0
CES9000000001,Government,2022,7,22306.0
CES9000000001,Government,2022,8,22306.0
CES9000000001,Government,2022,9,22297.0
CES9000000001,Government,2022,10,22293.0
CES9000000001,Government,2022,11,22379.0
CES9000000001,Government,2022,12,22365.0
CES9000000001,Government,2023,1,22484.0
CES9000000001,Government,2023,2,22538.0
CES9000000001,Government,2023,3,22580.0
CES9000000001,Government,2023,4,22642.0
CES9000000001,Government,2023,5,22722.0
CES9000000001,Government,2023,6,22792.0
CES9000000001,Government,2023,7,22837.0
CES9000000001,Government,2023,8,22907.0
CES9000000001,Government,2023,9,22948.0
CES9000000001,Government,2023,10,22993.0
CES9000000001,Government,2023,11,23036.0
CES9000000001,Government,2023,12,23091.0
CES9000000001,Government,2024,1,23140.0
CES9000000001,Government,2024,2,23211.0
CES9000000001,Government,2024,3,23296.0
CES9000000001,Government,2024,4,23297.0
CES9000000001,Government,2024,5,23330.0
CES9000000001,Government,2024,6,23339.0
CES9000000001,Government,2024,7,23400.0
CES9000000001,Government,2024,8,23436.0
CES9000000001,Government,2024,9,23449.0
CES9000000001,Government,2024,10,23486.0
CES9000000001,Government,2024,11,23504.0
CES9000000001,Government,2024,12,23529.0
CES9000000001,Government,2025,1,23557.0
CES9000000001,Government,2025,2,23559.0
CES9000000001,Government,2025,3,23559.0
CES9000000001,Government,2025,4,23568.0
CES9000000001,Government,2025,5,23561.0
CES9000000001,Government,2025,6,23586.0
CES9000000001,Government,2025,7,23585.0
CES9000000001,Government,2025,8,23535.0
CES9000000001,Government,2025,9,23543.0
CES9000000001,Government,2025,10,23390.0
CES9000000001,Government,2025,11,23359.0
CES9000000001,Government,2025,12,23349.0
CES9091000001,Federal government,1976,1,2887.0
CES9091000001,Federal government,1976,2,2882.0
CES9091000001,Federal government,1976,3,2876.0
CES9091000001,Federal government,1976,4,2872.0
CES9091000001,Federal government,1976,5,2866.0
CES9091000001,Federal government,1976,6,2850.0
CES9091000001,Federal government,1976,7,2854.0
CES9091000001,Federal government,1976,8,2855.0
CES9091000001,Federal government,1976,9,2855.0
CES9091000001,Federal government,1976,10,2853.0
CES9091000001,Federal government,1976,11,2864.0
CES9091000001,Federal government,1976,12,2850.0
CES9091000001,Federal government,1977,1,2851.0
CES9091000001,Federal government,1977,2,2851.0
CES9091000001,Federal government,1977,3,2854.0
CES9091000001,Federal government,1977,4,2858.0
CES9091000001,Federal government,1977,5,2857.0
CES9091000001,Federal government,1977,6,2853.0
CES9091000001,Federal government,1977,7,2852.0
CES9091000001,Federal government,1977,8,2860.0
CES9091000001,Federal government,1977,9,2865.0
CES9091000001,Federal government,1977,10,2867.0
CES9091000001,Federal government,1977,11,2872.0
CES9091000001,Federal government,1977,12,2870.0
CES9091000001,Federal government,1978,1,2881.0
CES9091000001,Federal government,1978,2,2881.0
CES9091000001,Federal government,1978,3,2879.0
CES9091000001,Federal government,1978,4,2881.0
CES9091000001,Federal government,1978,5,2881.0
CES9091000001,Federal government,1978,6,2886.0
CES9091000001,Federal government,1978,7,2892.0
CES9091000001,Federal government,1978,8,2902.0
CES9091000001,Federal government,1978,9,2908.0
CES9091000001,Federal government,1978,10,2915.0
CES9091000001,Federal government,1978,11,2919.0
CES9091000001,Federal government,1978,12,2899.0
CES9091000001,Federal government,1979,1,2916.0
CES9091000001,Federal government,1979,2,2912.0
CES9091000001,Federal government,1979,3,2905.0
CES9091000001,Federal government,1979,4,2883.0
CES9091000001,Federal government,1979,5,2880.0
CES9091000001,Federal government,1979,6,2882.0
CES9091000001,Federal government,1979,7,2884.0
CES9091000001,Federal government,1979,8,2925.0
CES9091000001,Federal government,1979,9,2884.0
CES9091000001,Federal government,1979,10,2887.0
CES9091000001,Federal government,1979,11,2886.0
CES9091000001,Federal government,1979,12,2886.0
CES9091000001,Federal government,1980,1,2886.0
CES9091000001,Federal government,1980,2,2907.0
CES9091000001,Federal government,1980,3,2960.0
CES9091000001,Federal government,1980,4,3258.0
CES9091000001,Federal government,1980,5,3088.0
CES9091000001,Federal government,1980,6,3076.0
CES9091000001,Federal government,1980,7,3023.0
CES9091000001,Federal government,1980,8,2980.0
CES9091000001,Federal government,1980,9,2936.0
CES9091000001,Federal government,1980,10,2958.0
CES9091000001,Federal government,1980,11,2960.0
CES9091000001,Federal government,1980,12,2961.0
CES9091000001,Federal government,1981,1,2961.0
CES9091000001,Federal government,1981,2,2946.0
CES9091000001,Federal government,1981,3,2932.0
CES9091000001,Federal government,1981,4,2915.0
CES9091000001,Federal government,1981,5,2904.0
CES9091000001,Federal government,1981,6,2908.0
CES9091000001,Federal government,1981,7,2912.0
CES9091000001,Federal government,1981,8,2921.0
CES9091000001,Federal government,1981,9,2920.0
CES9091000001,Federal government,1981,10,2920.0
CES9091000001,Federal government,1981,11,2913.0
CES9091000001,Federal government,1981,12,2907.0
CES9091000001,Federal government,1982,1,2902.0
CES9091000001,Federal government,1982,2,2894.0
CES9091000001,Federal government,1982,3,2890.0
CES9091000001,Federal government,1982,4,2872.0
CES9091000001,Federal government,1982,5,2855.0
CES9091000001,Federal government,1982,6,2873.0
CES9091000001,Federal government,1982,7,2876.0
CES9091000001,Federal government,1982,8,2885.0
CES9091000001,Federal government,1982,9,2876.0
CES9091000001,Federal government,1982,10,2890.0
CES9091000001,Federal government,1982,11,2896.0
CES9091000001,Federal government,1982,12,2896.0
CES9091000001,Federal government,1983,1,2921.0
CES9091000001,Federal government,1983,2,2910.0
CES9091000001,Federal government,1983,3,2908.0
CES9091000001,Federal government,1983,4,2902.0
CES9091000001,Federal government,1983,5,2904.0
CES9091000001,Federal government,1983,6,2905.0
CES9091000001,Federal government,1983,7,2908.0
CES9091000001,Federal government,1983,8,2913.0
CES9091000001,Federal government,1983,9,2935.0
CES9091000001,Federal government,1983,10,2928.0
CES9091000001,Federal government,1983,11,2920.0
CES9091000001,Federal government,1983,12,2923.0
CES9091000001,Federal government,1984,1,2920.0
CES9091000001,Federal government,1984,2,2922.0
CES9091000001,Federal government,1984,3,2926.0
CES9091000001,Federal government,1984,4,2931.0
CES9091000001,Federal government,1984,5,2937.0
CES9091000001,Federal government,1984,6,2941.0
CES9091000001,Federal government,1984,7,2945.0
CES9091000001,Federal government,1984,8,2950.0
CES9091000001,Federal government,1984,9,2955.0
CES9091000001,Federal government,1984,10,2957.0
CES9091000001,Federal government,1984,11,2962.0
CES9091000001,Federal government,1984,12,2964.0
CES9091000001,Federal government,1985,1,2964.0
CES9091000001,Federal government,1985,2,2961.0
CES9091000001,Federal government,1985,3,2973.0
CES9091000001,Federal government,1985,4,2996.0
CES9091000001,Federal government,1985,5,3008.0
CES9091000001,Federal government,1985,6,3019.0
CES9091000001,Federal government,1985,7,3029.0
CES9091000001,Federal government,1985,8,3037.0
CES9091000001,Federal government,1985,9,3038.0
CES9091000001,Federal government,1985,10,3039.0
CES9091000001,Federal government,1985,11,3046.0
CES9091000001,Federal government,1985,12,3051.0
CES9091000001,Federal government,1986,1,3055.0
CES9091000001,Federal government,1986,2,3056.0
CES9091000001,Federal government,1986,3,3055.0
CES9091000001,Federal government,1986,4,3052.0
CES9091000001,Federal government,1986,5,3043.0
CES9091000001,Federal government,1986,6,3027.0
CES9091000001,Federal government,1986,7,3023.0
CES9091000001,Federal government,1986,8,3035.0
CES9091000001,Federal government,1986,9,3043.0
CES9091000001,Federal government,1986,10,3045.0
CES9091000001,Federal government,1986,11,3046.0
CES9091000001,Federal government,1986,12,3051.0
CES9091000001,Federal government,1987,1,3060.0
CES9091000001,Federal government,1987,2,3064.0
CES9091000001,Federal government,1987,3,3072.0
CES9091000001,Federal government,1987,4,3073.0
CES9091000001,Federal government,1987,5,3078.0
CES9091000001,Federal government,1987,6,3085.0
CES9091000001,Federal government,1987,7,3089.0
CES9091000001,Federal government,1987,8,3094.0
CES9091000001,Federal government,1987,9,3100.0
CES9091000001,Federal government,1987,10,3111.0
CES9091000001,Federal government,1987,11,3122.0
CES9091000001,Federal government,1987,12,3126.0
CES9091000001,Federal government,1988,1,3125.0
CES9091000001,Federal government,1988,2,3119.0
CES9091000001,Federal government,1988,3,3113.0
CES9091000001,Federal government,1988,4,3107.0
CES9091000001,Federal government,1988,5,3100.0
CES9091000001,Federal government,1988,6,3099.0
CES9091000001,Federal government,1988,7,3104.0
CES9091000001,Federal government,1988,8,3119.0
CES9091000001,Federal government,1988,9,3141.0
CES9091000001,Federal government,1988,10,3153.0
CES9091000001,Federal government,1988,11,3159.0
CES9091000001,Federal government,1988,12,3156.0
CES9091000001,Federal government,1989,1,3158.0
CES9091000001,Federal government,1989,2,3159.0
CES9091000001,Federal government,1989,3,3152.0
CES9091000001,Federal government,1989,4,3142.0
CES9091000001,Federal government,1989,5,3143.0
CES9091000001,Federal government,1989,6,3137.0
CES9091000001,Federal government,1989,7,3135.0
CES9091000001,Federal government,1989,8,3133.0
CES9091000001,Federal government,1989,9,3127.0
CES9091000001,Federal government,1989,10,3124.0
CES9091000001,Federal government,1989,11,3121.0
CES9091000001,Federal government,1989,12,3098.0
CES9091000001,Federal government,1990,1,3103.0
CES9091000001,Federal government,1990,2,3109.0
CES9091000001,Federal government,1990,3,3194.0
CES9091000001,Federal government,1990,4,3259.0
CES9091000001,Federal government,1990,5,3435.0
CES9091000001,Federal government,1990,6,3332.0
CES9091000001,Federal government,1990,7,3274.0
CES9091000001,Federal government,1990,8,3174.0
CES9091000001,Federal government,1990,9,3136.0
CES9091000001,Federal government,1990,10,3114.0
CES9091000001,Federal government,1990,11,3108.0
CES9091000001,Federal government,1990,12,3110.0
CES9091000001,Federal government,1991,1,3098.0
CES9091000001,Federal government,1991,2,3096.0
CES9091000001,Federal government,1991,3,3095.0
CES9091000001,Federal government,1991,4,3086.0
CES9091000001,Federal government,1991,5,3096.0
CES9091000001,Federal government,1991,6,3103.0
CES9091000001,Federal government,1991,7,3133.0
CES9091000001,Federal government,1991,8,3121.0
CES9091000001,Federal government,1991,9,3121.0
CES9091000001,Federal government,1991,10,3131.0
CES9091000001,Federal government,1991,11,3128.0
CES9091000001,Federal government,1991,12,3121.0
CES9091000001,Federal government,1992,1,3137.0
CES9091000001,Federal government,1992,2,3121.0
CES9091000001,Federal government,1992,3,3121.0
CES9091000001,Federal government,1992,4,3117.0
CES9091000001,Federal government,1992,5,3119.0
CES9091000001,Federal government,1992,6,3117.0
CES9091000001,Federal government,1992,7,3117.0
CES9091000001,Federal government,1992,8,3109.0
CES9091000001,Federal government,1992,9,3107.0
CES9091000001,Federal government,1992,10,3090.0
CES9091000001,Federal government,1992,11,3083.0
CES9091000001,Federal government,1992,12,3101.0
CES9091000001,Federal government,1993,1,3092.0
CES9091000001,Federal government,1993,2,3079.0
CES9091000001,Federal government,1993,3,3071.0
CES9091000001,Federal government,1993,4,3069.0
CES9091000001,Federal government,1993,5,3065.0
CES9091000001,Federal government,1993,6,3067.0
CES9091000001,Federal government,1993,7,3071.0
CES9091000001,Federal government,1993,8,3064.0
CES9091000001,Federal government,1993,9,3057.0
CES9091000001,Federal government,1993,10,3039.0
CES9091000001,Federal government,1993,11,3036.0
CES9091000001,Federal government,1993,12,3037.0
CES9091000001,Federal government,1994,1,3053.0
CES9091000001,Federal government,1994,2,3046.0
CES9091000001,Federal government,1994,3,3043.0
CES9091000001,Federal government,1994,4,3034.0
CES9091000001,Federal government,1994,5,3027.0
CES9091000001,Federal government,1994,6,3017.0
CES9091000001,Federal government,1994,7,3009.0
CES9091000001,Federal government,1994,8,3002.0
CES9091000001,Federal government,1994,9,3002.0
CES9091000001,Federal government,1994,10,2997.0
CES9091000001,Federal government,1994,11,2984.0
CES9091000001,Federal government,1994,12,2983.0
CES9091000001,Federal government,1995,1,2973.0
CES9091000001,Federal government,1995,2,2970.0
CES9091000001,Federal government,1995,3,2965.0
CES9091000001,Federal government,1995,4,2964.0
CES9091000001,Federal government,1995,5,2959.0
CES9091000001,Federal government,1995,6,2959.0
CES9091000001,Federal government,1995,7,2949.0
CES9091000001,Federal government,1995,8,2943.0
CES9091000001,Federal government,1995,9,2929.0
CES9091000001,Federal government,1995,10,2934.0
CES9091000001,Federal government,1995,11,2913.0
CES9091000001,Federal government,1995,12,2903.0
CES9091000001,Federal government,1996,1,2900.0
CES9091000001,Federal government,1996,2,2905.0
CES9091000001,Federal government,1996,3,2900.0
CES9091000001,Federal government,1996,4,2894.0
CES9091000001,Federal government,1996,5,2887.0
CES9091000001,Federal government,1996,6,2884.0
CES9091000001,Federal government,1996,7,2877.0
CES9091000001,Federal government,1996,8,2873.0
CES9091000001,Federal government,1996,9,2866.0
CES9091000001,Federal government,1996,10,2845.0
CES9091000001,Federal government,1996,11,2845.0
CES9091000001,Federal government,1996,12,2839.0
CES9091000001,Federal government,1997,1,2845.0
CES9091000001,Federal government,1997,2,2838.0
CES9091000001,Federal government,1997,3,2836.0
CES9091000001,Federal government,1997,4,2816.0
CES9091000001,Federal government,1997,5,2813.0
CES9091000001,Federal government,1997,6,2815.0
CES9091000001,Federal government,1997,7,2778.0
CES9091000001,Federal government,1997,8,2777.0
CES9091000001,Federal government,1997,9,2772.0
CES9091000001,Federal government,1997,10,2791.0
CES9091000001,Federal government,1997,11,2796.0
CES9091000001,Federal government,1997,12,2789.0
CES9091000001,Federal government,1998,1,2772.0
CES9091000001,Federal government,1998,2,2768.0
CES9091000001,Federal government,1998,3,2762.0
CES9091000001,Federal government,1998,4,2752.0
CES9091000001,Federal government,1998,5,2762.0
CES9091000001,Federal government,1998,6,2762.0
CES9091000001,Federal government,1998,7,2771.0
CES9091000001,Federal government,1998,8,2776.0
CES9091000001,Federal government,1998,9,2772.0
CES9091000001,Federal government,1998,10,2778.0
CES9091000001,Federal government,1998,11,2790.0
CES9091000001,Federal government,1998,12,2785.0
CES9091000001,Federal government,1999,1,2765.0
CES9091000001,Federal government,1999,2,2773.0
CES9091000001,Federal government,1999,3,2767.0
CES9091000001,Federal government,1999,4,2793.0
CES9091000001,Federal government,1999,5,2764.0
CES9091000001,Federal government,1999,6,2766.0
CES9091000001,Federal government,1999,7,2765.0
CES9091000001,Federal government,1999,8,2773.0
CES9091000001,Federal government,1999,9,2766.0
CES9091000001,Federal government,1999,10,2766.0
CES9091000001,Federal government,1999,11,2767.0
CES9091000001,Federal government,1999,12,2771.0
CES9091000001,Federal government,2000,1,2768.0
CES9091000001,Federal government,2000,2,2796.0
CES9091000001,Federal government,2000,3,2884.0
CES9091000001,Federal government,2000,4,2911.0
CES9091000001,Federal government,2000,5,3244.0
CES9091000001,Federal government,2000,6,3004.0
CES9091000001,Federal government,2000,7,2942.0
CES9091000001,Federal government,2000,8,2868.0
CES9091000001,Federal government,2000,9,2745.0
CES9091000001,Federal government,2000,10,2736.0
CES9091000001,Federal government,2000,11,2737.0
CES9091000001,Federal government,2000,12,2745.0
CES9091000001,Federal government,2001,1,2753.0
CES9091000001,Federal government,2001,2,2752.0
CES9091000001,Federal government,2001,3,2755.0
CES9091000001,Federal government,2001,4,2755.0
CES9091000001,Federal government,2001,5,2758.0
CES9091000001,Federal government,2001,6,2780.0
CES9091000001,Federal government,2001,7,2783.0
CES9091000001,Federal government,2001,8,2780.0
CES9091000001,Federal government,2001,9,2770.0
CES9091000001,Federal government,2001,10,2763.0
CES9091000001,Federal government,2001,11,2759.0
CES9091000001,Federal government,2001,12,2751.0
CES9091000001,Federal government,2002,1,2756.0
CES9091000001,Federal government,2002,2,2757.0
CES9091000001,Federal government,2002,3,2755.0
CES9091000001,Federal government,2002,4,2755.0
CES9091000001,Federal government,2002,5,2768.0
CES9091000001,Federal government,2002,6,2768.0
CES9091000001,Federal government,2002,7,2757.0
CES9091000001,Federal government,2002,8,2762.0
CES9091000001,Federal government,2002,9,2768.0
CES9091000001,Federal government,2002,10,2780.0
CES9091000001,Federal government,2002,11,2781.0
CES9091000001,Federal government,2002,12,2780.0
CES9091000001,Federal government,2003,1,2789.0
CES9091000001,Federal government,2003,2,2789.0
CES9091000001,Federal government,2003,3,2791.0
CES9091000001,Federal government,2003,4,2769.0
CES9091000001,Federal government,2003,5,2753.0
CES9091000001,Federal government,2003,6,2763.0
CES9091000001,Federal government,2003,7,2760.0
CES9091000001,Federal government,2003,8,2751.0
CES9091000001,Federal government,2003,9,2749.0
CES9091000001,Federal government,2003,10,2742.0
CES9091000001,Federal government,2003,11,2728.0
CES9091000001,Federal government,2003,12,2740.0
CES9091000001,Federal government,2004,1,2732.0
CES9091000001,Federal government,2004,2,2731.0
CES9091000001,Federal government,2004,3,2731.0
CES9091000001,Federal government,2004,4,2753.0
CES9091000001,Federal government,2004,5,2730.0
CES9091000001,Federal government,2004,6,2730.0
CES9091000001,Federal government,2004,7,2729.0
CES9091000001,Federal government,2004,8,2729.0
CES9091000001,Federal government,2004,9,2729.0
CES9091000001,Federal government,2004,10,2724.0
CES9091000001,Federal government,2004,11,2727.0
CES9091000001,Federal government,2004,12,2728.0
CES9091000001,Federal government,2005,1,2727.0
CES9091000001,Federal government,2005,2,2728.0
CES9091000001,Federal government,2005,3,2733.0
CES9091000001,Federal government,2005,4,2725.0
CES9091000001,Federal government,2005,5,2734.0
CES9091000001,Federal government,2005,6,2733.0
CES9091000001,Federal government,2005,7,2728.0
CES9091000001,Federal government,2005,8,2731.0
CES9091000001,Federal government,2005,9,2732.0
CES9091000001,Federal government,2005,10,2735.0
CES9091000001,Federal government,2005,11,2739.0
CES9091000001,Federal government,2005,12,2733.0
CES9091000001,Federal government,2006,1,2727.0
CES9091000001,Federal government,2006,2,2733.0
CES9091000001,Federal government,2006,3,2733.0
CES9091000001,Federal government,2006,4,2733.0
CES9091000001,Federal government,2006,5,2734.0
CES9091000001,Federal government,2006,6,2736.0
CES9091000001,Federal government,2006,7,2740.0
CES9091000001,Federal government,2006,8,2733.0
CES9091000001,Federal government,2006,9,2732.0
CES9091000001,Federal government,2006,10,2731.0
CES9091000001,Federal government,2006,11,2729.0
CES9091000001,Federal government,2006,12,2730.0
CES9091000001,Federal government,2007,1,2731.0
CES9091000001,Federal government,2007,2,2732.0
CES9091000001,Federal government,2007,3,2731.0
CES9091000001,Federal government,2007,4,2732.0
CES9091000001,Federal government,2007,5,2733.0
CES9091000001,Federal government,2007,6,2729.0
CES9091000001,Federal government,2007,7,2727.0
CES9091000001,Federal government,2007,8,2738.0
CES9091000001,Federal government,2007,9,2737.0
CES9091000001,Federal government,2007,10,2734.0
CES9091000001,Federal government,2007,11,2744.0
CES9091000001,Federal government,2007,12,2756.0
CES9091000001,Federal government,2008,1,2738.0
CES9091000001,Federal government,2008,2,2747.0
CES9091000001,Federal government,2008,3,2752.0
CES9091000001,Federal government,2008,4,2755.0
CES9091000001,Federal government,2008,5,2757.0
CES9091000001,Federal government,2008,6,2759.0
CES9091000001,Federal government,2008,7,2767.0
CES9091000001,Federal government,2008,8,2766.0
CES9091000001,Federal government,2008,9,2768.0
CES9091000001,Federal government,2008,10,2772.0
CES9091000001,Federal government,2008,11,2778.0
CES9091000001,Federal government,2008,12,2775.0
CES9091000001,Federal government,2009,1,2786.0
CES9091000001,Federal government,2009,2,2795.0
CES9091000001,Federal government,2009,3,2797.0
CES9091000001,Federal government,2009,4,2922.0
CES9091000001,Federal government,2009,5,2860.0
CES9091000001,Federal government,2009,6,2814.0
CES9091000001,Federal government,2009,7,2826.0
CES9091000001,Federal government,2009,8,2825.0
CES9091000001,Federal government,2009,9,2826.0
CES9091000001,Federal government,2009,10,2843.0
CES9091000001,Federal government,2009,11,2842.0
CES9091000001,Federal government,2009,12,2831.0
CES9091000001,Federal government,2010,1,2860.0
CES9091000001,Federal government,2010,2,2872.0
CES9091000001,Federal government,2010,3,2923.0
CES9091000001,Federal government,2010,4,2984.0
CES9091000001,Federal government,2010,5,3416.0
CES9091000001,Federal government,2010,6,3193.0
CES9091000001,Federal government,2010,7,3051.0
CES9091000001,Federal government,2010,8,2945.0
CES9091000001,Federal government,2010,9,2869.0
CES9091000001,Federal government,2010,10,2866.0
CES9091000001,Federal government,2010,11,2866.0
CES9091000001,Federal government,2010,12,2870.0
CES9091000001,Federal government,2011,1,2874.0
CES9091000001,Federal government,2011,2,2876.0
CES9091000001,Federal government,2011,3,2877.0
CES9091000001,Federal government,2011,4,2870.0
CES9091000001,Federal government,2011,5,2871.0
CES9091000001,Federal government,2011,6,2860.0
CES9091000001,Federal government,2011,7,2862.0
CES9091000001,Federal government,2011,8,2850.0
CES9091000001,Federal government,2011,9,2846.0
CES9091000001,Federal government,2011,10,2850.0
CES9091000001,Federal government,2011,11,2842.0
CES9091000001,Federal government,2011,12,2836.0
CES9091000001,Federal government,2012,1,2833.0
CES9091000001,Federal government,2012,2,2828.0
CES9091000001,Federal government,2012,3,2828.0
CES9091000001,Federal government,2012,4,2826.0
CES9091000001,Federal government,2012,5,2823.0
CES9091000001,Federal government,2012,6,2824.0
CES9091000001,Federal government,2012,7,2815.0
CES9091000001,Federal government,2012,8,2820.0
CES9091000001,Federal government,2012,9,2822.0
CES9091000001,Federal government,2012,10,2824.0
CES9091000001,Federal government,2012,11,2809.0
CES9091000001,Federal government,2012,12,2806.0
CES9091000001,Federal government,2013,1,2806.0
CES9091000001,Federal government,2013,2,2806.0
CES9091000001,Federal government,2013,3,2794.0
CES9091000001,Federal government,2013,4,2794.0
CES9091000001,Federal government,2013,5,2775.0
CES9091000001,Federal government,2013,6,2771.0
CES9091000001,Federal government,2013,7,2761.0
CES9091000001,Federal government,2013,8,2754.0
CES9091000001,Federal government,2013,9,2753.0
CES9091000001,Federal government,2013,10,2739.0
CES9091000001,Federal government,2013,11,2746.0
CES9091000001,Federal government,2013,12,2741.0
CES9091000001,Federal government,2014,1,2736.0
CES9091000001,Federal government,2014,2,2731.0
CES9091000001,Federal government,2014,3,2728.0
CES9091000001,Federal government,2014,4,2728.0
CES9091000001,Federal government,2014,5,2728.0
CES9091000001,Federal government,2014,6,2729.0
CES9091000001,Federal government,2014,7,2731.0
CES9091000001,Federal government,2014,8,2735.0
CES9091000001,Federal government,2014,9,2735.0
CES9091000001,Federal government,2014,10,2735.0
CES9091000001,Federal government,2014,11,2740.0
CES9091000001,Federal government,2014,12,2743.0
CES9091000001,Federal government,2015,1,2745.0
CES9091000001,Federal government,2015,2,2747.0
CES9091000001,Federal government,2015,3,2748.0
CES9091000001,Federal government,2015,4,2763.0
CES9091000001,Federal government,2015,5,2753.0
CES9091000001,Federal government,2015,6,2754.0
CES9091000001,Federal government,2015,7,2756.0
CES9091000001,Federal government,2015,8,2760.0
CES9091000001,Federal government,2015,9,2759.0
CES9091000001,Federal government,2015,10,2759.0
CES9091000001,Federal government,2015,11,2766.0
CES9091000001,Federal government,2015,12,2776.0
CES9091000001,Federal government,2016,1,2771.0
CES9091000001,Federal government,2016,2,2778.0
CES9091000001,Federal government,2016,3,2783.0
CES9091000001,Federal government,2016,4,2785.0
CES9091000001,Federal government,2016,5,2792.0
CES9091000001,Federal government,2016,6,2797.0
CES9091000001,Federal government,2016,7,2800.0
CES9091000001,Federal government,2016,8,2803.0
CES9091000001,Federal government,2016,9,2806.0
CES9091000001,Federal government,2016,10,2804.0
CES9091000001,Federal government,2016,11,2798.0
CES9091000001,Federal government,2016,12,2815.0
CES9091000001,Federal government,2017,1,2813.0
CES9091000001,Federal government,2017,2,2812.0
CES9091000001,Federal government,2017,3,2810.0
CES9091000001,Federal government,2017,4,2798.0
CES9091000001,Federal government,2017,5,2808.0
CES9091000001,Federal government,2017,6,2805.0
CES9091000001,Federal government,2017,7,2806.0
CES9091000001,Federal government,2017,8,2802.0
CES9091000001,Federal government,2017,9,2799.0
CES9091000001,Federal government,2017,10,2802.0
CES9091000001,Federal government,2017,11,2791.0
CES9091000001,Federal government,2017,12,2794.0
CES9091000001,Federal government,2018,1,2794.0
CES9091000001,Federal government,2018,2,2790.0
CES9091000001,Federal government,2018,3,2792.0
CES9091000001,Federal government,2018,4,2800.0
CES9091000001,Federal government,2018,5,2793.0
CES9091000001,Federal government,2018,6,2798.0
CES9091000001,Federal government,2018,7,2799.0
CES9091000001,Federal government,2018,8,2801.0
CES9091000001,Federal government,2018,9,2805.0
CES9091000001,Federal government,2018,10,2805.0
CES9091000001,Federal government,2018,11,2809.0
CES9091000001,Federal government,2018,12,2808.0
CES9091000001,Federal government,2019,1,2808.0
CES9091000001,Federal government,2019,2,2810.0
CES9091000001,Federal government,2019,3,2811.0
CES9091000001,Federal government,2019,4,2827.0
CES9091000001,Federal government,2019,5,2829.0
CES9091000001,Federal government,2019,6,2833.0
CES9091000001,Federal government,2019,7,2829.0
CES9091000001,Federal government,2019,8,2854.0
CES9091000001,Federal government,2019,9,2852.0
CES9091000001,Federal government,2019,10,2837.0
CES9091000001,Federal government,2019,11,2842.0
CES9091000001,Federal government,2019,12,2837.0
CES9091000001,Federal government,2020,1,2855.0
CES9091000001,Federal government,2020,2,2857.0
CES9091000001,Federal government,2020,3,2876.0
CES9091000001,Federal government,2020,4,2875.0
CES9091000001,Federal government,2020,5,2876.0
CES9091000001,Federal government,2020,6,2883.0
CES9091000001,Federal government,2020,7,2908.0
CES9091000001,Federal government,2020,8,3156.0
CES9091000001,Federal government,2020,9,3123.0
CES9091000001,Federal government,2020,10,2981.0
CES9091000001,Federal government,2020,11,2892.0
CES9091000001,Federal government,2020,12,2897.0
CES9091000001,Federal government,2021,1,2884.0
CES9091000001,Federal government,2021,2,2883.0
CES9091000001,Federal government,2021,3,2885.0
CES9091000001,Federal government,2021,4,2894.0
CES9091000001,Federal government,2021,5,2886.0
CES9091000001,Federal government,2021,6,2887.0
CES9091000001,Federal government,2021,7,2892.0
CES9091000001,Federal government,2021,8,2888.0
CES9091000001,Federal government,2021,9,2887.0
CES9091000001,Federal government,2021,10,2878.0
CES9091000001,Federal government,2021,11,2889.0
CES9091000001,Federal government,2021,12,2882.0
CES9091000001,Federal government,2022,1,2879.0
CES9091000001,Federal government,2022,2,2874.0
CES9091000001,Federal government,2022,3,2867.0
CES9091000001,Federal government,2022,4,2866.0
CES9091000001,Federal government,2022,5,2862.0
CES9091000001,Federal government,2022,6,2853.0
CES9091000001,Federal government,2022,7,2862.0
CES9091000001,Federal government,2022,8,2861.0
CES9091000001,Federal government,2022,9,2865.0
CES9091000001,Federal government,2022,10,2870.0
CES9091000001,Federal government,2022,11,2877.0
CES9091000001,Federal government,2022,12,2874.0
CES9091000001,Federal government,2023,1,2880.0
CES9091000001,Federal government,2023,2,2887.0
CES9091000001,Federal government,2023,3,2893.0
CES9091000001,Federal government,2023,4,2904.0
CES9091000001,Federal government,2023,5,2915.0
CES9091000001,Federal government,2023,6,2925.0
CES9091000001,Federal government,2023,7,2930.0
CES9091000001,Federal government,2023,8,2946.0
CES9091000001,Federal government,2023,9,2951.0
CES9091000001,Federal government,2023,10,2956.0
CES9091000001,Federal government,2023,11,2960.0
CES9091000001,Federal government,2023,12,2964.0
CES9091000001,Federal government,2024,1,2971.0
CES9091000001,Federal government,2024,2,2980.0
CES9091000001,Federal government,2024,3,2989.0
CES9091000001,Federal government,2024,4,2992.0
CES9091000001,Federal government,2024,5,3001.0
CES9091000001,Federal government,2024,6,3005.0
CES9091000001,Federal government,2024,7,3007.0
CES9091000001,Federal government,2024,8,3011.0
CES9091000001,Federal government,2024,9,3012.0
CES9091000001,Federal government,2024,10,3013.0
CES9091000001,Federal government,2024,11,3009.0
CES9091000001,Federal government,2024,12,3009.0
CES9091000001,Federal government,2025,1,3010.0
CES9091000001,Federal government,2025,2,2997.0
CES9091000001,Federal government,2025,3,2988.0
CES9091000001,Federal government,2025,4,2976.0
CES9091000001,Federal government,2025,5,2952.0
CES9091000001,Federal government,2025,6,2944.0
CES9091000001,Federal government,2025,7,2935.0
CES9091000001,Federal government,2025,8,2916.0
CES9091000001,Federal government,2025,9,2914.0
CES9091000001,Federal government,2025,10,2748.0
CES9091000001,Federal government,2025,11,2733.0
CES9091000001,Federal government,2025,12,2722.0
CES9092000001,State government,1976,1,3211.0
CES9092000001,State government,1976,2,3211.0
CES9092000001,State government,1976,3,3221.0
CES9092000001,State government,1976,4,3231.0
CES9092000001,State government,1976,5,3235.0
CES9092000001,State government,1976,6,3259.0
CES9092000001,State government,1976,7,3287.0
CES9092000001,State government,1976,8,3295.0
CES9092000001,State government,1976,9,3290.0
CES9092000001,State government,1976,10,3331.0
CES9092000001,State government,1976,11,3341.0
CES9092000001,State government,1976,12,3354.0
CES9092000001,State government,1977,1,3343.0
CES9092000001,State government,1977,2,3346.0
CES9092000001,State government,1977,3,3335.0
CES9092000001,State government,1977,4,3353.0
CES9092000001,State government,1977,5,3369.0
CES9092000001,State government,1977,6,3402.0
CES9092000001,State government,1977,7,3379.0
CES9092000001,State government,1977,8,3379.0
CES9092000001,State government,1977,9,3397.0
CES9092000001,State government,1977,10,3399.0
CES9092000001,State government,1977,11,3407.0
CES9092000001,State government,1977,12,3408.0
CES9092000001,State government,1978,1,3429.0
CES9092000001,State government,1978,2,3442.0
CES9092000001,State government,1978,3,3456.0
CES9092000001,State government,1978,4,3472.0
CES9092000001,State government,1978,5,3483.0
CES9092000001,State government,1978,6,3482.0
CES9092000001,State government,1978,7,3473.0
CES9092000001,State government,1978,8,3475.0
CES9092000001,State government,1978,9,3484.0
CES9092000001,State government,1978,10,3488.0
CES9092000001,State government,1978,11,3494.0
CES9092000001,State government,1978,12,3500.0
CES9092000001,State government,1979,1,3493.0
CES9092000001,State government,1979,2,3507.0
CES9092000001,State government,1979,3,3513.0
CES9092000001,State government,1979,4,3513.0
CES9092000001,State government,1979,5,3515.0
CES9092000001,State government,1979,6,3526.0
CES9092000001,State government,1979,7,3544.0
CES9092000001,State government,1979,8,3560.0
CES9092000001,State government,1979,9,3578.0
CES9092000001,State government,1979,10,3570.0
CES9092000001,State government,1979,11,3590.0
CES9092000001,State government,1979,12,3578.0
CES9092000001,State government,1980,1,3577.0
CES9092000001,State government,1980,2,3577.0
CES9092000001,State government,1980,3,3592.0
CES9092000001,State government,1980,4,3602.0
CES9092000001,State government,1980,5,3608.0
CES9092000001,State government,1980,6,3598.0
CES9092000001,State government,1980,7,3620.0
CES9092000001,State government,1980,8,3627.0
CES9092000001,State government,1980,9,3625.0
CES9092000001,State government,1980,10,3626.0
CES9092000001,State government,1980,11,3632.0
CES9092000001,State government,1980,12,3634.0
CES9092000001,State government,1981,1,3635.0
CES9092000001,State government,1981,2,3639.0
CES9092000001,State government,1981,3,3634.0
CES9092000001,State government,1981,4,3632.0
CES9092000001,State government,1981,5,3634.0
CES9092000001,State government,1981,6,3629.0
CES9092000001,State government,1981,7,3638.0
CES9092000001,State government,1981,8,3638.0
CES9092000001,State government,1981,9,3644.0
CES9092000001,State government,1981,10,3652.0
CES9092000001,State government,1981,11,3651.0
CES9092000001,State government,1981,12,3656.0
CES9092000001,State government,1982,1,3646.0
CES9092000001,State government,1982,2,3644.0
CES9092000001,State government,1982,3,3647.0
CES9092000001,State government,1982,4,3644.0
CES9092000001,State government,1982,5,3645.0
CES9092000001,State government,1982,6,3653.0
CES9092000001,State government,1982,7,3625.0
CES9092000001,State government,1982,8,3625.0
CES9092000001,State government,1982,9,3627.0
CES9092000001,State government,1982,10,3636.0
CES9092000001,State government,1982,11,3640.0
CES9092000001,State government,1982,12,3645.0
CES9092000001,State government,1983,1,3654.0
CES9092000001,State government,1983,2,3649.0
CES9092000001,State government,1983,3,3648.0
CES9092000001,State government,1983,4,3654.0
CES9092000001,State government,1983,5,3652.0
CES9092000001,State government,1983,6,3662.0
CES9092000001,State government,1983,7,3669.0
CES9092000001,State government,1983,8,3675.0
CES9092000001,State government,1983,9,3670.0
CES9092000001,State government,1983,10,3668.0
CES9092000001,State government,1983,11,3670.0
CES9092000001,State government,1983,12,3677.0
CES9092000001,State government,1984,1,3679.0
CES9092000001,State government,1984,2,3689.0
CES9092000001,State government,1984,3,3693.0
CES9092000001,State government,1984,4,3704.0
CES9092000001,State government,1984,5,3720.0
CES9092000001,State government,1984,6,3736.0
CES9092000001,State government,1984,7,3744.0
CES9092000001,State government,1984,8,3763.0
CES9092000001,State government,1984,9,3767.0
CES9092000001,State government,1984,10,3765.0
CES9092000001,State government,1984,11,3776.0
CES9092000001,State government,1984,12,3778.0
CES9092000001,State government,1985,1,3787.0
CES9092000001,State government,1985,2,3796.0
CES9092000001,State government,1985,3,3812.0
CES9092000001,State government,1985,4,3813.0
CES9092000001,State government,1985,5,3820.0
CES9092000001,State government,1985,6,3825.0
CES9092000001,State government,1985,7,3837.0
CES9092000001,State government,1985,8,3841.0
CES9092000001,State government,1985,9,3855.0
CES9092000001,State government,1985,10,3864.0
CES9092000001,State government,1985,11,3867.0
CES9092000001,State government,1985,12,3862.0
CES9092000001,State government,1986,1,3869.0
CES9092000001,State government,1986,2,3875.0
CES9092000001,State government,1986,3,3873.0
CES9092000001,State government,1986,4,3878.0
CES9092000001,State government,1986,5,3884.0
CES9092000001,State government,1986,6,3887.0
CES9092000001,State government,1986,7,3886.0
CES9092000001,State government,1986,8,3887.0
CES9092000001,State government,1986,9,3895.0
CES9092000001,State government,1986,10,3915.0
CES9092000001,State government,1986,11,3927.0
CES9092000001,State government,1986,12,3938.0
CES9092000001,State government,1987,1,3943.0
CES9092000001,State government,1987,2,3943.0
CES9092000001,State government,1987,3,3945.0
CES9092000001,State government,1987,4,3954.0
CES9092000001,State government,1987,5,3955.0
CES9092000001,State government,1987,6,3950.0
CES9092000001,State government,1987,7,3967.0
CES9092000001,State government,1987,8,3975.0
CES9092000001,State government,1987,9,3965.0
CES9092000001,State government,1987,10,3991.0
CES9092000001,State government,1987,11,3997.0
CES9092000001,State government,1987,12,4014.0
CES9092000001,State government,1988,1,4022.0
CES9092000001,State government,1988,2,4028.0
CES9092000001,State government,1988,3,4042.0
CES9092000001,State government,1988,4,4055.0
CES9092000001,State government,1988,5,4067.0
CES9092000001,State government,1988,6,4074.0
CES9092000001,State government,1988,7,4084.0
CES9092000001,State government,1988,8,4097.0
CES9092000001,State government,1988,9,4102.0
CES9092000001,State government,1988,10,4107.0
CES9092000001,State government,1988,11,4116.0
CES9092000001,State government,1988,12,4121.0
CES9092000001,State government,1989,1,4126.0
CES9092000001,State government,1989,2,4136.0
CES9092000001,State government,1989,3,4145.0
CES9092000001,State government,1989,4,4157.0
CES9092000001,State government,1989,5,4168.0
CES9092000001,State government,1989,6,4182.0
CES9092000001,State government,1989,7,4185.0
CES9092000001,State government,1989,8,4199.0
CES9092000001,State government,1989,9,4220.0
CES9092000001,State government,1989,10,4215.0
CES9092000001,State government,1989,11,4225.0
CES9092000001,State government,1989,12,4223.0
CES9092000001,State government,1990,1,4248.0
CES9092000001,State government,1990,2,4258.0
CES9092000001,State government,1990,3,4268.0
CES9092000001,State government,1990,4,4272.0
CES9092000001,State government,1990,5,4286.0
CES9092000001,State government,1990,6,4329.0
CES9092000001,State government,1990,7,4320.0
CES9092000001,State government,1990,8,4321.0
CES9092000001,State government,1990,9,4327.0
CES9092000001,State government,1990,10,4337.0
CES9092000001,State government,1990,11,4343.0
CES9092000001,State government,1990,12,4348.0
CES9092000001,State government,1991,1,4358.0
CES9092000001,State government,1991,2,4357.0
CES9092000001,State government,1991,3,4359.0
CES9092000001,State government,1991,4,4353.0
CES9092000001,State government,1991,5,4355.0
CES9092000001,State government,1991,6,4379.0
CES9092000001,State government,1991,7,4350.0
CES9092000001,State government,1991,8,4346.0
CES9092000001,State government,1991,9,4339.0
CES9092000001,State government,1991,10,4345.0
CES9092000001,State government,1991,11,4358.0
CES9092000001,State government,1991,12,4360.0
CES9092000001,State government,1992,1,4367.0
CES9092000001,State government,1992,2,4373.0
CES9092000001,State government,1992,3,4376.0
CES9092000001,State government,1992,4,4384.0
CES9092000001,State government,1992,5,4397.0
CES9092000001,State government,1992,6,4406.0
CES9092000001,State government,1992,7,4416.0
CES9092000001,State government,1992,8,4426.0
CES9092000001,State government,1992,9,4434.0
CES9092000001,State government,1992,10,4435.0
CES9092000001,State government,1992,11,4436.0
CES9092000001,State government,1992,12,4443.0
CES9092000001,State government,1993,1,4452.0
CES9092000001,State government,1993,2,4455.0
CES9092000001,State government,1993,3,4461.0
CES9092000001,State government,1993,4,4473.0
CES9092000001,State government,1993,5,4481.0
CES9092000001,State government,1993,6,4480.0
CES9092000001,State government,1993,7,4487.0
CES9092000001,State government,1993,8,4494.0
CES9092000001,State government,1993,9,4507.0
CES9092000001,State government,1993,10,4510.0
CES9092000001,State government,1993,11,4513.0
CES9092000001,State government,1993,12,4522.0
CES9092000001,State government,1994,1,4518.0
CES9092000001,State government,1994,2,4520.0
CES9092000001,State government,1994,3,4533.0
CES9092000001,State government,1994,4,4547.0
CES9092000001,State government,1994,5,4556.0
CES9092000001,State government,1994,6,4563.0
CES9092000001,State government,1994,7,4590.0
CES9092000001,State government,1994,8,4605.0
CES9092000001,State government,1994,9,4605.0
CES9092000001,State government,1994,10,4616.0
CES9092000001,State government,1994,11,4628.0
CES9092000001,State government,1994,12,4635.0
CES9092000001,State government,1995,1,4644.0
CES9092000001,State government,1995,2,4651.0
CES9092000001,State government,1995,3,4654.0
CES9092000001,State government,1995,4,4649.0
CES9092000001,State government,1995,5,4641.0
CES9092000001,State government,1995,6,4639.0
CES9092000001,State government,1995,7,4629.0
CES9092000001,State government,1995,8,4621.0
CES9092000001,State government,1995,9,4621.0
CES9092000001,State government,1995,10,4627.0
CES9092000001,State government,1995,11,4624.0
CES9092000001,State government,1995,12,4623.0
CES9092000001,State government,1996,1,4612.0
CES9092000001,State government,1996,2,4626.0
CES9092000001,State government,1996,3,4626.0
CES9092000001,State government,1996,4,4621.0
CES9092000001,State government,1996,5,4620.0
CES9092000001,State government,1996,6,4614.0
CES9092000001,State government,1996,7,4610.0
CES9092000001,State government,1996,8,4597.0
CES9092000001,State government,1996,9,4594.0
CES9092000001,State government,1996,10,4584.0
CES9092000001,State government,1996,11,4582.0
CES9092000001,State government,1996,12,4578.0
CES9092000001,State government,1997,1,4577.0
CES9092000001,State government,1997,2,4577.0
CES9092000001,State government,1997,3,4569.0
CES9092000001,State government,1997,4,4575.0
CES9092000001,State government,1997,5,4577.0
CES9092000001,State government,1997,6,4579.0
CES9092000001,State government,1997,7,4610.0
CES9092000001,State government,1997,8,4581.0
CES9092000001,State government,1997,9,4576.0
CES9092000001,State government,1997,10,4585.0
CES9092000001,State government,1997,11,4586.0
CES9092000001,State government,1997,12,4578.0
CES9092000001,State government,1998,1,4582.0
CES9092000001,State government,1998,2,4574.0
CES9092000001,State government,1998,3,4578.0
CES9092000001,State government,1998,4,4586.0
CES9092000001,State government,1998,5,4601.0
CES9092000001,State government,1998,6,4603.0
CES9092000001,State government,1998,7,4625.0
CES9092000001,State government,1998,8,4631.0
CES9092000001,State government,1998,9,4639.0
CES9092000001,State government,1998,10,4634.0
CES9092000001,State government,1998,11,4637.0
CES9092000001,State government,1998,12,4651.0
CES9092000001,State government,1999,1,4657.0
CES9092000001,State government,1999,2,4672.0
CES9092000001,State government,1999,3,4678.0
CES9092000001,State government,1999,4,4687.0
CES9092000001,State government,1999,5,4691.0
CES9092000001,State government,1999,6,4687.0
CES9092000001,State government,1999,7,4705.0
CES9092000001,State government,1999,8,4713.0
CES9092000001,State government,1999,9,4734.0
CES9092000001,State government,1999,10,4750.0
CES9092000001,State government,1999,11,4759.0
CES9092000001,State government,1999,12,4763.0
CES9092000001,State government,2000,1,4765.0
CES9092000001,State government,2000,2,4765.0
CES9092000001,State government,2000,3,4774.0
CES9092000001,State government,2000,4,4783.0
CES9092000001,State government,2000,5,4779.0
CES9092000001,State government,2000,6,4776.0
CES9092000001,State government,2000,7,4782.0
CES9092000001,State government,2000,8,4794.0
CES9092000001,State government,2000,9,4804.0
CES9092000001,State government,2000,10,4804.0
CES9092000001,State government,2000,11,4809.0
CES9092000001,State government,2000,12,4814.0
CES9092000001,State government,2001,1,4805.0
CES9092000001,State government,2001,2,4839.0
CES9092000001,State government,2001,3,4852.0
CES9092000001,State government,2001,4,4856.0
CES9092000001,State government,2001,5,4875.0
CES9092000001,State government,2001,6,4902.0
CES9092000001,State government,2001,7,4921.0
CES9092000001,State government,2001,8,4934.0
CES9092000001,State government,2001,9,4955.0
CES9092000001,State government,2001,10,4962.0
CES9092000001,State government,2001,11,4977.0
CES9092000001,State government,2001,12,4993.0
CES9092000001,State government,2002,1,5005.0
CES9092000001,State government,2002,2,4997.0
CES9092000001,State government,2002,3,5011.0
CES9092000001,State government,2002,4,5016.0
CES9092000001,State government,2002,5,5038.0
CES9092000001,State government,2002,6,5063.0
CES9092000001,State government,2002,7,5067.0
CES9092000001,State government,2002,8,5069.0
CES9092000001,State government,2002,9,5022.0
CES9092000001,State government,2002,10,5013.0
CES9092000001,State government,2002,11,5023.0
CES9092000001,State government,2002,12,5026.0
CES9092000001,State government,2003,1,5034.0
CES9092000001,State government,2003,2,5032.0
CES9092000001,State government,2003,3,5022.0
CES9092000001,State government,2003,4,5017.0
CES9092000001,State government,2003,5,5009.0
CES9092000001,State government,2003,6,4997.0
CES9092000001,State government,2003,7,4981.0
CES9092000001,State government,2003,8,4975.0
CES9092000001,State government,2003,9,4980.0
CES9092000001,State government,2003,10,4987.0
CES9092000001,State government,2003,11,4988.0
CES9092000001,State government,2003,12,4981.0
CES9092000001,State government,2004,1,4965.0
CES9092000001,State government,2004,2,4967.0
CES9092000001,State government,2004,3,4973.0
CES9092000001,State government,2004,4,4973.0
CES9092000001,State government,2004,5,4971.0
CES9092000001,State government,2004,6,4978.0
CES9092000001,State government,2004,7,4982.0
CES9092000001,State government,2004,8,4985.0
CES9092000001,State government,2004,9,4985.0
CES9092000001,State government,2004,10,4993.0
CES9092000001,State government,2004,11,4998.0
CES9092000001,State government,2004,12,4995.0
CES9092000001,State government,2005,1,5019.0
CES9092000001,State government,2005,2,5015.0
CES9092000001,State government,2005,3,5013.0
CES9092000001,State government,2005,4,5019.0
CES9092000001,State government,2005,5,5022.0
CES9092000001,State government,2005,6,5029.0
CES9092000001,State government,2005,7,5040.0
CES9092000001,State government,2005,8,5038.0
CES9092000001,State government,2005,9,5040.0
CES9092000001,State government,2005,10,5037.0
CES9092000001,State government,2005,11,5045.0
CES9092000001,State government,2005,12,5061.0
CES9092000001,State government,2006,1,5033.0
CES9092000001,State government,2006,2,5049.0
CES9092000001,State government,2006,3,5059.0
CES9092000001,State government,2006,4,5064.0
CES9092000001,State government,2006,5,5072.0
CES9092000001,State government,2006,6,5069.0
CES9092000001,State government,2006,7,5075.0
CES9092000001,State government,2006,8,5084.0
CES9092000001,State government,2006,9,5099.0
CES9092000001,State government,2006,10,5097.0
CES9092000001,State government,2006,11,5100.0
CES9092000001,State government,2006,12,5098.0
CES9092000001,State government,2007,1,5087.0
CES9092000001,State government,2007,2,5114.0
CES9092000001,State government,2007,3,5118.0
CES9092000001,State government,2007,4,5121.0
CES9092000001,State government,2007,5,5121.0
CES9092000001,State government,2007,6,5131.0
CES9092000001,State government,2007,7,5119.0
CES9092000001,State government,2007,8,5110.0
CES9092000001,State government,2007,9,5137.0
CES9092000001,State government,2007,10,5132.0
CES9092000001,State government,2007,11,5137.0
CES9092000001,State government,2007,12,5139.0
CES9092000001,State government,2008,1,5148.0
CES9092000001,State government,2008,2,5145.0
CES9092000001,State government,2008,3,5153.0
CES9092000001,State government,2008,4,5157.0
CES9092000001,State government,2008,5,5162.0
CES9092000001,State government,2008,6,5179.0
CES9092000001,State government,2008,7,5191.0
CES9092000001,State government,2008,8,5214.0
CES9092000001,State government,2008,9,5184.0
CES9092000001,State government,2008,10,5182.0
CES9092000001,State government,2008,11,5194.0
CES9092000001,State government,2008,12,5191.0
CES9092000001,State government,2009,1,5206.0
CES9092000001,State government,2009,2,5190.0
CES9092000001,State government,2009,3,5180.0
CES9092000001,State government,2009,4,5182.0
CES9092000001,State government,2009,5,5187.0
CES9092000001,State government,2009,6,5176.0
CES9092000001,State government,2009,7,5122.0
CES9092000001,State government,2009,8,5170.0
CES9092000001,State government,2009,9,5144.0
CES9092000001,State government,2009,10,5158.0
CES9092000001,State government,2009,11,5152.0
CES9092000001,State government,2009,12,5150.0
CES9092000001,State government,2010,1,5145.0
CES9092000001,State government,2010,2,5147.0
CES9092000001,State government,2010,3,5140.0
CES9092000001,State government,2010,4,5136.0
CES9092000001,State government,2010,5,5135.0
CES9092000001,State government,2010,6,5139.0
CES9092000001,State government,2010,7,5136.0
CES9092000001,State government,2010,8,5130.0
CES9092000001,State government,2010,9,5122.0
CES9092000001,State government,2010,10,5139.0
CES9092000001,State government,2010,11,5139.0
CES9092000001,State government,2010,12,5133.0
CES9092000001,State government,2011,1,5138.0
CES9092000001,State government,2011,2,5106.0
CES9092000001,State government,2011,3,5096.0
CES9092000001,State government,2011,4,5091.0
CES9092000001,State government,2011,5,5083.0
CES9092000001,State government,2011,6,5079.0
CES9092000001,State government,2011,7,5058.0
CES9092000001,State government,2011,8,5079.0
CES9092000001,State government,2011,9,5072.0
CES9092000001,State government,2011,10,5056.0
CES9092000001,State government,2011,11,5050.0
CES9092000001,State government,2011,12,5047.0
CES9092000001,State government,2012,1,5045.0
CES9092000001,State government,2012,2,5048.0
CES9092000001,State government,2012,3,5051.0
CES9092000001,State government,2012,4,5055.0
CES9092000001,State government,2012,5,5052.0
CES9092000001,State government,2012,6,5059.0
CES9092000001,State government,2012,7,5055.0
CES9092000001,State government,2012,8,5063.0
CES9092000001,State government,2012,9,5076.0
CES9092000001,State government,2012,10,5055.0
CES9092000001,State government,2012,11,5052.0
CES9092000001,State government,2012,12,5048.0
CES9092000001,State government,2013,1,5029.0
CES9092000001,State government,2013,2,5045.0
CES9092000001,State government,2013,3,5052.0
CES9092000001,State government,2013,4,5047.0
CES9092000001,State government,2013,5,5049.0
CES9092000001,State government,2013,6,5038.0
CES9092000001,State government,2013,7,5025.0
CES9092000001,State government,2013,8,5045.0
CES9092000001,State government,2013,9,5050.0
CES9092000001,State government,2013,10,5057.0
CES9092000001,State government,2013,11,5056.0
CES9092000001,State government,2013,12,5053.0
CES9092000001,State government,2014,1,5052.0
CES9092000001,State government,2014,2,5057.0
CES9092000001,State government,2014,3,5055.0
CES9092000001,State government,2014,4,5055.0
CES9092000001,State government,2014,5,5051.0
CES9092000001,State government,2014,6,5058.0
CES9092000001,State government,2014,7,5035.0
CES9092000001,State government,2014,8,5016.0
CES9092000001,State government,2014,9,5041.0
CES9092000001,State government,2014,10,5046.0
CES9092000001,State government,2014,11,5053.0
CES9092000001,State government,2014,12,5059.0
CES9092000001,State government,2015,1,5065.0
CES9092000001,State government,2015,2,5071.0
CES9092000001,State government,2015,3,5067.0
CES9092000001,State government,2015,4,5070.0
CES9092000001,State government,2015,5,5074.0
CES9092000001,State government,2015,6,5073.0
CES9092000001,State government,2015,7,5073.0
CES9092000001,State government,2015,8,5077.0
CES9092000001,State government,2015,9,5083.0
CES9092000001,State government,2015,10,5084.0
CES9092000001,State government,2015,11,5090.0
CES9092000001,State government,2015,12,5088.0
CES9092000001,State government,2016,1,5090.0
CES9092000001,State government,2016,2,5085.0
CES9092000001,State government,2016,3,5092.0
CES9092000001,State government,2016,4,5097.0
CES9092000001,State government,2016,5,5092.0
CES9092000001,State government,2016,6,5107.0
CES9092000001,State government,2016,7,5115.0
CES9092000001,State government,2016,8,5115.0
CES9092000001,State government,2016,9,5150.0
CES9092000001,State government,2016,10,5132.0
CES9092000001,State government,2016,11,5135.0
CES9092000001,State government,2016,12,5139.0
CES9092000001,State government,2017,1,5156.0
CES9092000001,State government,2017,2,5160.0
CES9092000001,State government,2017,3,5163.0
CES9092000001,State government,2017,4,5169.0
CES9092000001,State government,2017,5,5181.0
CES9092000001,State government,2017,6,5174.0
CES9092000001,State government,2017,7,5178.0
CES9092000001,State government,2017,8,5169.0
CES9092000001,State government,2017,9,5144.0
CES9092000001,State government,2017,10,5152.0
CES9092000001,State government,2017,11,5161.0
CES9092000001,State government,2017,12,5159.0
CES9092000001,State government,2018,1,5152.0
CES9092000001,State government,2018,2,5156.0
CES9092000001,State government,2018,3,5164.0
CES9092000001,State government,2018,4,5177.0
CES9092000001,State government,2018,5,5174.0
CES9092000001,State government,2018,6,5179.0
CES9092000001,State government,2018,7,5175.0
CES9092000001,State government,2018,8,5174.0
CES9092000001,State government,2018,9,5183.0
CES9092000001,State government,2018,10,5183.0
CES9092000001,State government,2018,11,5165.0
CES9092000001,State government,2018,12,5176.0
CES9092000001,State government,2019,1,5173.0
CES9092000001,State government,2019,2,5182.0
CES9092000001,State government,2019,3,5191.0
CES9092000001,State government,2019,4,5192.0
CES9092000001,State government,2019,5,5150.0
CES9092000001,State government,2019,6,5170.0
CES9092000001,State government,2019,7,5191.0
CES9092000001,State government,2019,8,5213.0
CES9092000001,State government,2019,9,5219.0
CES9092000001,State government,2019,10,5239.0
CES9092000001,State government,2019,11,5248.0
CES9092000001,State government,2019,12,5251.0
CES9092000001,State government,2020,1,5262.0
CES9092000001,State government,2020,2,5308.0
CES9092000001,State government,2020,3,5263.0
CES9092000001,State government,2020,4,5113.0
CES9092000001,State government,2020,5,5059.0
CES9092000001,State government,2020,6,5069.0
CES9092000001,State government,2020,7,5080.0
CES9092000001,State government,2020,8,5120.0
CES9092000001,State government,2020,9,5091.0
CES9092000001,State government,2020,10,5074.0
CES9092000001,State government,2020,11,5074.0
CES9092000001,State government,2020,12,5083.0
CES9092000001,State government,2021,1,5142.0
CES9092000001,State government,2021,2,5153.0
CES9092000001,State government,2021,3,5186.0
CES9092000001,State government,2021,4,5180.0
CES9092000001,State government,2021,5,5178.0
CES9092000001,State government,2021,6,5197.0
CES9092000001,State government,2021,7,5180.0
CES9092000001,State government,2021,8,5153.0
CES9092000001,State government,2021,9,5137.0
CES9092000001,State government,2021,10,5132.0
CES9092000001,State government,2021,11,5124.0
CES9092000001,State government,2021,12,5121.0
CES9092000001,State government,2022,1,5089.0
CES9092000001,State government,2022,2,5069.0
CES9092000001,State government,2022,3,5052.0
CES9092000001,State government,2022,4,5068.0
CES9092000001,State government,2022,5,5100.0
CES9092000001,State government,2022,6,5107.0
CES9092000001,State government,2022,7,5137.0
CES9092000001,State government,2022,8,5144.0
CES9092000001,State government,2022,9,5149.0
CES9092000001,State government,2022,10,5140.0
CES9092000001,State government,2022,11,5163.0
CES9092000001,State government,2022,12,5133.0
CES9092000001,State government,2023,1,5199.0
CES9092000001,State government,2023,2,5218.0
CES9092000001,State government,2023,3,5232.0
CES9092000001,State government,2023,4,5252.0
CES9092000001,State government,2023,5,5278.0
CES9092000001,State government,2023,6,5295.0
CES9092000001,State government,2023,7,5298.0
CES9092000001,State government,2023,8,5320.0
CES9092000001,State government,2023,9,5337.0
CES9092000001,State government,2023,10,5361.0
CES9092000001,State government,2023,11,5363.0
CES9092000001,State government,2023,12,5372.0
CES9092000001,State government,2024,1,5388.0
CES9092000001,State government,2024,2,5405.0
CES9092000001,State government,2024,3,5413.0
CES9092000001,State government,2024,4,5421.0
CES9092000001,State government,2024,5,5420.0
CES9092000001,State government,2024,6,5423.0
CES9092000001,State government,2024,7,5443.0
CES9092000001,State government,2024,8,5468.0
CES9092000001,State government,2024,9,5479.0
CES9092000001,State government,2024,10,5492.0
CES9092000001,State government,2024,11,5502.0
CES9092000001,State government,2024,12,5515.0
CES9092000001,State government,2025,1,5525.0
CES9092000001,State government,2025,2,5525.0
CES9092000001,State government,2025,3,5523.0
CES9092000001,State government,2025,4,5522.0
CES9092000001,State government,2025,5,5515.0
CES9092000001,State government,2025,6,5516.0
CES9092000001,State government,2025,7,5504.0
CES9092000001,State government,2025,8,5487.0
CES9092000001,State government,2025,9,5497.0
CES9092000001,State government,2025,10,5493.0
CES9092000001,State government,2025,11,5481.0
CES9092000001,State government,2025,12,5476.0
CES9093000001,Local government,1976,1,8871.0
CES9093000001,Local government,1976,2,8888.0
CES9093000001,Local government,1976,3,8890.0
CES9093000001,Local government,1976,4,8882.0
CES9093000001,Local government,1976,5,8870.0
CES9093000001,Local government,1976,6,8854.0
CES9093000001,Local government,1976,7,8852.0
CES9093000001,Local government,1976,8,8857.0
CES9093000001,Local government,1976,9,8826.0
CES9093000001,Local government,1976,10,8844.0
CES9093000001,Local government,1976,11,8868.0
CES9093000001,Local government,1976,12,8871.0
CES9093000001,Local government,1977,1,8862.0
CES9093000001,Local government,1977,2,8859.0
CES9093000001,Local government,1977,3,8861.0
CES9093000001,Local government,1977,4,8864.0
CES9093000001,Local government,1977,5,8906.0
CES9093000001,Local government,1977,6,8952.0
CES9093000001,Local government,1977,7,9068.0
CES9093000001,Local government,1977,8,9089.0
CES9093000001,Local government,1977,9,9141.0
CES9093000001,Local government,1977,10,9197.0
CES9093000001,Local government,1977,11,9236.0
CES9093000001,Local government,1977,12,9260.0
CES9093000001,Local government,1978,1,9301.0
CES9093000001,Local government,1978,2,9348.0
CES9093000001,Local government,1978,3,9396.0
CES9093000001,Local government,1978,4,9444.0
CES9093000001,Local government,1978,5,9470.0
CES9093000001,Local government,1978,6,9484.0
CES9093000001,Local government,1978,7,9536.0
CES9093000001,Local government,1978,8,9514.0
CES9093000001,Local government,1978,9,9427.0
CES9093000001,Local government,1978,10,9455.0
CES9093000001,Local government,1978,11,9481.0
CES9093000001,Local government,1978,12,9512.0
CES9093000001,Local government,1979,1,9528.0
CES9093000001,Local government,1979,2,9528.0
CES9093000001,Local government,1979,3,9538.0
CES9093000001,Local government,1979,4,9581.0
CES9093000001,Local government,1979,5,9595.0
CES9093000001,Local government,1979,6,9637.0
CES9093000001,Local government,1979,7,9722.0
CES9093000001,Local government,1979,8,9744.0
CES9093000001,Local government,1979,9,9666.0
CES9093000001,Local government,1979,10,9679.0
CES9093000001,Local government,1979,11,9697.0
CES9093000001,Local government,1979,12,9716.0
CES9093000001,Local government,1980,1,9738.0
CES9093000001,Local government,1980,2,9742.0
CES9093000001,Local government,1980,3,9744.0
CES9093000001,Local government,1980,4,9723.0
CES9093000001,Local government,1980,5,9758.0
CES9093000001,Local government,1980,6,9767.0
CES9093000001,Local government,1980,7,9775.0
CES9093000001,Local government,1980,8,9803.0
CES9093000001,Local government,1980,9,9769.0
CES9093000001,Local government,1980,10,9802.0
CES9093000001,Local government,1980,11,9799.0
CES9093000001,Local government,1980,12,9778.0
CES9093000001,Local government,1981,1,9764.0
CES9093000001,Local government,1981,2,9761.0
CES9093000001,Local government,1981,3,9726.0
CES9093000001,Local government,1981,4,9713.0
CES9093000001,Local government,1981,5,9660.0
CES9093000001,Local government,1981,6,9622.0
CES9093000001,Local government,1981,7,9625.0
CES9093000001,Local government,1981,8,9551.0
CES9093000001,Local government,1981,9,9467.0
CES9093000001,Local government,1981,10,9497.0
CES9093000001,Local government,1981,11,9514.0
CES9093000001,Local government,1981,12,9510.0
CES9093000001,Local government,1982,1,9493.0
CES9093000001,Local government,1982,2,9473.0
CES9093000001,Local government,1982,3,9487.0
CES9093000001,Local government,1982,4,9494.0
CES9093000001,Local government,1982,5,9503.0
CES9093000001,Local government,1982,6,9490.0
CES9093000001,Local government,1982,7,9389.0
CES9093000001,Local government,1982,8,9420.0
CES9093000001,Local government,1982,9,9420.0
CES9093000001,Local government,1982,10,9430.0
CES9093000001,Local government,1982,11,9441.0
CES9093000001,Local government,1982,12,9440.0
CES9093000001,Local government,1983,1,9448.0
CES9093000001,Local government,1983,2,9445.0
CES9093000001,Local government,1983,3,9449.0
CES9093000001,Local government,1983,4,9434.0
CES9093000001,Local government,1983,5,9449.0
CES9093000001,Local government,1983,6,9453.0
CES9093000001,Local government,1983,7,9434.0
CES9093000001,Local government,1983,8,9428.0
CES9093000001,Local government,1983,9,9437.0
CES9093000001,Local government,1983,10,9390.0
CES9093000001,Local government,1983,11,9407.0
CES9093000001,Local government,1983,12,9408.0
CES9093000001,Local government,1984,1,9411.0
CES9093000001,Local government,1984,2,9414.0
CES9093000001,Local government,1984,3,9411.0
CES9093000001,Local government,1984,4,9440.0
CES9093000001,Local government,1984,5,9446.0
CES9093000001,Local government,1984,6,9450.0
CES9093000001,Local government,1984,7,9483.0
CES9093000001,Local government,1984,8,9511.0
CES9093000001,Local government,1984,9,9533.0
CES9093000001,Local government,1984,10,9552.0
CES9093000001,Local government,1984,11,9573.0
CES9093000001,Local government,1984,12,9540.0
CES9093000001,Local government,1985,1,9585.0
CES9093000001,Local government,1985,2,9592.0
CES9093000001,Local government,1985,3,9610.0
CES9093000001,Local government,1985,4,9621.0
CES9093000001,Local government,1985,5,9646.0
CES9093000001,Local government,1985,6,9654.0
CES9093000001,Local government,1985,7,9754.0
CES9093000001,Local government,1985,8,9741.0
CES9093000001,Local government,1985,9,9745.0
CES9093000001,Local government,1985,10,9751.0
CES9093000001,Local government,1985,11,9761.0
CES9093000001,Local government,1985,12,9781.0
CES9093000001,Local government,1986,1,9791.0
CES9093000001,Local government,1986,2,9828.0
CES9093000001,Local government,1986,3,9827.0
CES9093000001,Local government,1986,4,9835.0
CES9093000001,Local government,1986,5,9863.0
CES9093000001,Local government,1986,6,9865.0
CES9093000001,Local government,1986,7,9870.0
CES9093000001,Local government,1986,8,9878.0
CES9093000001,Local government,1986,9,9972.0
CES9093000001,Local government,1986,10,10009.0
CES9093000001,Local government,1986,11,10032.0
CES9093000001,Local government,1986,12,10032.0
CES9093000001,Local government,1987,1,10042.0
CES9093000001,Local government,1987,2,10029.0
CES9093000001,Local government,1987,3,10047.0
CES9093000001,Local government,1987,4,10082.0
CES9093000001,Local government,1987,5,10079.0
CES9093000001,Local government,1987,6,10089.0
CES9093000001,Local government,1987,7,10104.0
CES9093000001,Local government,1987,8,10103.0
CES9093000001,Local government,1987,9,10070.0
CES9093000001,Local government,1987,10,10167.0
CES9093000001,Local government,1987,11,10180.0
CES9093000001,Local government,1987,12,10207.0
CES9093000001,Local government,1988,1,10218.0
CES9093000001,Local government,1988,2,10242.0
CES9093000001,Local government,1988,3,10292.0
CES9093000001,Local government,1988,4,10290.0
CES9093000001,Local government,1988,5,10314.0
CES9093000001,Local government,1988,6,10342.0
CES9093000001,Local government,1988,7,10306.0
CES9093000001,Local government,1988,8,10328.0
CES9093000001,Local government,1988,9,10391.0
CES9093000001,Local government,1988,10,10410.0
CES9093000001,Local government,1988,11,10471.0
CES9093000001,Local government,1988,12,10459.0
CES9093000001,Local government,1989,1,10490.0
CES9093000001,Local government,1989,2,10517.0
CES9093000001,Local government,1989,3,10525.0
CES9093000001,Local government,1989,4,10541.0
CES9093000001,Local government,1989,5,10565.0
CES9093000001,Local government,1989,6,10593.0
CES9093000001,Local government,1989,7,10585.0
CES9093000001,Local government,1989,8,10657.0
CES9093000001,Local government,1989,9,10680.0
CES9093000001,Local government,1989,10,10694.0
CES9093000001,Local government,1989,11,10711.0
CES9093000001,Local government,1989,12,10754.0
CES9093000001,Local government,1990,1,10800.0
CES9093000001,Local government,1990,2,10810.0
CES9093000001,Local government,1990,3,10832.0
CES9093000001,Local government,1990,4,10846.0
CES9093000001,Local government,1990,5,10878.0
CES9093000001,Local government,1990,6,10895.0
CES9093000001,Local government,1990,7,10966.0
CES9093000001,Local government,1990,8,10962.0
CES9093000001,Local government,1990,9,10974.0
CES9093000001,Local government,1990,10,10992.0
CES9093000001,Local government,1990,11,10999.0
CES9093000001,Local government,1990,12,11010.0
CES9093000001,Local government,1991,1,11018.0
CES9093000001,Local government,1991,2,11029.0
CES9093000001,Local government,1991,3,11034.0
CES9093000001,Local government,1991,4,11046.0
CES9093000001,Local government,1991,5,11047.0
CES9093000001,Local government,1991,6,11079.0
CES9093000001,Local government,1991,7,11115.0
CES9093000001,Local government,1991,8,11100.0
CES9093000001,Local government,1991,9,11083.0
CES9093000001,Local government,1991,10,11117.0
CES9093000001,Local government,1991,11,11141.0
CES9093000001,Local government,1991,12,11160.0
CES9093000001,Local government,1992,1,11184.0
CES9093000001,Local government,1992,2,11195.0
CES9093000001,Local government,1992,3,11218.0
CES9093000001,Local government,1992,4,11238.0
CES9093000001,Local government,1992,5,11237.0
CES9093000001,Local government,1992,6,11239.0
CES9093000001,Local government,1992,7,11284.0
CES9093000001,Local government,1992,8,11348.0
CES9093000001,Local government,1992,9,11288.0
CES9093000001,Local government,1992,10,11303.0
CES9093000001,Local government,1992,11,11322.0
CES9093000001,Local government,1992,12,11334.0
CES9093000001,Local government,1993,1,11357.0
CES9093000001,Local government,1993,2,11368.0
CES9093000001,Local government,1993,3,11375.0
CES9093000001,Local government,1993,4,11396.0
CES9093000001,Local government,1993,5,11405.0
CES9093000001,Local government,1993,6,11422.0
CES9093000001,Local government,1993,7,11502.0
CES9093000001,Local government,1993,8,11470.0
CES9093000001,Local government,1993,9,11477.0
CES9093000001,Local government,1993,10,11493.0
CES9093000001,Local government,1993,11,11519.0
CES9093000001,Local government,1993,12,11550.0
CES9093000001,Local government,1994,1,11576.0
CES9093000001,Local government,1994,2,11584.0
CES9093000001,Local government,1994,3,11614.0
CES9093000001,Local government,1994,4,11642.0
CES9093000001,Local government,1994,5,11681.0
CES9093000001,Local government,1994,6,11694.0
CES9093000001,Local government,1994,7,11702.0
CES9093000001,Local government,1994,8,11699.0
CES9093000001,Local government,1994,9,11730.0
CES9093000001,Local government,1994,10,11731.0
CES9093000001,Local government,1994,11,11755.0
CES9093000001,Local government,1994,12,11770.0
CES9093000001,Local government,1995,1,11780.0
CES9093000001,Local government,1995,2,11786.0
CES9093000001,Local government,1995,3,11808.0
CES9093000001,Local government,1995,4,11821.0
CES9093000001,Local government,1995,5,11818.0
CES9093000001,Local government,1995,6,11847.0
CES9093000001,Local government,1995,7,11859.0
CES9093000001,Local government,1995,8,11865.0
CES9093000001,Local government,1995,9,11880.0
CES9093000001,Local government,1995,10,11903.0
CES9093000001,Local government,1995,11,11926.0
CES9093000001,Local government,1995,12,11940.0
CES9093000001,Local government,1996,1,11938.0
CES9093000001,Local government,1996,2,11954.0
CES9093000001,Local government,1996,3,12006.0
CES9093000001,Local government,1996,4,12000.0
CES9093000001,Local government,1996,5,12022.0
CES9093000001,Local government,1996,6,12030.0
CES9093000001,Local government,1996,7,12060.0
CES9093000001,Local government,1996,8,12034.0
CES9093000001,Local government,1996,9,12107.0
CES9093000001,Local government,1996,10,12125.0
CES9093000001,Local government,1996,11,12138.0
CES9093000001,Local government,1996,12,12154.0
CES9093000001,Local government,1997,1,12171.0
CES9093000001,Local government,1997,2,12183.0
CES9093000001,Local government,1997,3,12203.0
CES9093000001,Local government,1997,4,12212.0
CES9093000001,Local government,1997,5,12211.0
CES9093000001,Local government,1997,6,12266.0
CES9093000001,Local government,1997,7,12298.0
CES9093000001,Local government,1997,8,12259.0
CES9093000001,Local government,1997,9,12331.0
CES9093000001,Local government,1997,10,12362.0
CES9093000001,Local government,1997,11,12379.0
CES9093000001,Local government,1997,12,12399.0
CES9093000001,Local government,1998,1,12416.0
CES9093000001,Local government,1998,2,12444.0
CES9093000001,Local government,1998,3,12452.0
CES9093000001,Local government,1998,4,12478.0
CES9093000001,Local government,1998,5,12512.0
CES9093000001,Local government,1998,6,12514.0
CES9093000001,Local government,1998,7,12534.0
CES9093000001,Local government,1998,8,12552.0
CES9093000001,Local government,1998,9,12574.0
CES9093000001,Local government,1998,10,12589.0
CES9093000001,Local government,1998,11,12617.0
CES9093000001,Local government,1998,12,12643.0
CES9093000001,Local government,1999,1,12662.0
CES9093000001,Local government,1999,2,12699.0
CES9093000001,Local government,1999,3,12723.0
CES9093000001,Local government,1999,4,12757.0
CES9093000001,Local government,1999,5,12774.0
CES9093000001,Local government,1999,6,12819.0
CES9093000001,Local government,1999,7,12869.0
CES9093000001,Local government,1999,8,12889.0
CES9093000001,Local government,1999,9,12904.0
CES9093000001,Local government,1999,10,12941.0
CES9093000001,Local government,1999,11,12970.0
CES9093000001,Local government,1999,12,13006.0
CES9093000001,Local government,2000,1,13038.0
CES9093000001,Local government,2000,2,13038.0
CES9093000001,Local government,2000,3,13075.0
CES9093000001,Local government,2000,4,13108.0
CES9093000001,Local government,2000,5,13124.0
CES9093000001,Local government,2000,6,13107.0
CES9093000001,Local government,2000,7,13143.0
CES9093000001,Local government,2000,8,13175.0
CES9093000001,Local government,2000,9,13186.0
CES9093000001,Local government,2000,10,13203.0
CES9093000001,Local government,2000,11,13214.0
CES9093000001,Local government,2000,12,13245.0
CES9093000001,Local government,2001,1,13277.0
CES9093000001,Local government,2001,2,13315.0
CES9093000001,Local government,2001,3,13338.0
CES9093000001,Local government,2001,4,13381.0
CES9093000001,Local government,2001,5,13396.0
CES9093000001,Local government,2001,6,13455.0
CES9093000001,Local government,2001,7,13481.0
CES9093000001,Local government,2001,8,13504.0
CES9093000001,Local government,2001,9,13517.0
CES9093000001,Local government,2001,10,13550.0
CES9093000001,Local government,2001,11,13590.0
CES9093000001,Local government,2001,12,13611.0
CES9093000001,Local government,2002,1,13616.0
CES9093000001,Local government,2002,2,13636.0
CES9093000001,Local government,2002,3,13665.0
CES9093000001,Local government,2002,4,13672.0
CES9093000001,Local government,2002,5,13708.0
CES9093000001,Local government,2002,6,13718.0
CES9093000001,Local government,2002,7,13720.0
CES9093000001,Local government,2002,8,13758.0
CES9093000001,Local government,2002,9,13756.0
CES9093000001,Local government,2002,10,13766.0
CES9093000001,Local government,2002,11,13777.0
CES9093000001,Local government,2002,12,13782.0
CES9093000001,Local government,2003,1,13803.0
CES9093000001,Local government,2003,2,13803.0
CES9093000001,Local government,2003,3,13797.0
CES9093000001,Local government,2003,4,13809.0
CES9093000001,Local government,2003,5,13805.0
CES9093000001,Local government,2003,6,13846.0
CES9093000001,Local government,2003,7,13892.0
CES9093000001,Local government,2003,8,13830.0
CES9093000001,Local government,2003,9,13775.0
CES9093000001,Local government,2003,10,13829.0
CES9093000001,Local government,2003,11,13819.0
CES9093000001,Local government,2003,12,13825.0
CES9093000001,Local government,2004,1,13841.0
CES9093000001,Local government,2004,2,13852.0
CES9093000001,Local government,2004,3,13884.0
CES9093000001,Local government,2004,4,13888.0
CES9093000001,Local government,2004,5,13913.0
CES9093000001,Local government,2004,6,13893.0
CES9093000001,Local government,2004,7,13895.0
CES9093000001,Local government,2004,8,13912.0
CES9093000001,Local government,2004,9,13921.0
CES9093000001,Local government,2004,10,13939.0
CES9093000001,Local government,2004,11,13967.0
CES9093000001,Local government,2004,12,13970.0
CES9093000001,Local government,2005,1,13989.0
CES9093000001,Local government,2005,2,14001.0
CES9093000001,Local government,2005,3,13994.0
CES9093000001,Local government,2005,4,14010.0
CES9093000001,Local government,2005,5,14025.0
CES9093000001,Local government,2005,6,14001.0
CES9093000001,Local government,2005,7,14089.0
CES9093000001,Local government,2005,8,14094.0
CES9093000001,Local government,2005,9,14073.0
CES9093000001,Local government,2005,10,14057.0
CES9093000001,Local government,2005,11,14075.0
CES9093000001,Local government,2005,12,14085.0
CES9093000001,Local government,2006,1,14087.0
CES9093000001,Local government,2006,2,14096.0
CES9093000001,Local government,2006,3,14111.0
CES9093000001,Local government,2006,4,14122.0
CES9093000001,Local government,2006,5,14120.0
CES9093000001,Local government,2006,6,14117.0
CES9093000001,Local government,2006,7,14158.0
CES9093000001,Local government,2006,8,14194.0
CES9093000001,Local government,2006,9,14251.0
CES9093000001,Local government,2006,10,14240.0
CES9093000001,Local government,2006,11,14254.0
CES9093000001,Local government,2006,12,14260.0
CES9093000001,Local government,2007,1,14277.0
CES9093000001,Local government,2007,2,14285.0
CES9093000001,Local government,2007,3,14300.0
CES9093000001,Local government,2007,4,14322.0
CES9093000001,Local government,2007,5,14339.0
CES9093000001,Local government,2007,6,14347.0
CES9093000001,Local government,2007,7,14325.0
CES9093000001,Local government,2007,8,14378.0
CES9093000001,Local government,2007,9,14405.0
CES9093000001,Local government,2007,10,14431.0
CES9093000001,Local government,2007,11,14453.0
CES9093000001,Local government,2007,12,14481.0
CES9093000001,Local government,2008,1,14502.0
CES9093000001,Local government,2008,2,14525.0
CES9093000001,Local government,2008,3,14538.0
CES9093000001,Local government,2008,4,14538.0
CES9093000001,Local government,2008,5,14564.0
CES9093000001,Local government,2008,6,14579.0
CES9093000001,Local government,2008,7,14610.0
CES9093000001,Local government,2008,8,14587.0
CES9093000001,Local government,2008,9,14585.0
CES9093000001,Local government,2008,10,14595.0
CES9093000001,Local government,2008,11,14588.0
CES9093000001,Local government,2008,12,14590.0
CES9093000001,Local government,2009,1,14587.0
CES9093000001,Local government,2009,2,14591.0
CES9093000001,Local government,2009,3,14583.0
CES9093000001,Local government,2009,4,14573.0
CES9093000001,Local government,2009,5,14570.0
CES9093000001,Local government,2009,6,14586.0
CES9093000001,Local government,2009,7,14573.0
CES9093000001,Local government,2009,8,14542.0
CES9093000001,Local government,2009,9,14481.0
CES9093000001,Local government,2009,10,14523.0
CES9093000001,Local government,2009,11,14539.0
CES9093000001,Local government,2009,12,14501.0
CES9093000001,Local government,2010,1,14486.0
CES9093000001,Local government,2010,2,14457.0
CES9093000001,Local government,2010,3,14455.0
CES9093000001,Local government,2010,4,14449.0
CES9093000001,Local government,2010,5,14445.0
CES9093000001,Local government,2010,6,14408.0
CES9093000001,Local government,2010,7,14382.0
CES9093000001,Local government,2010,8,14345.0
CES9093000001,Local government,2010,9,14256.0
CES9093000001,Local government,2010,10,14292.0
CES9093000001,Local government,2010,11,14282.0
CES9093000001,Local government,2010,12,14263.0
CES9093000001,Local government,2011,1,14246.0
CES9093000001,Local government,2011,2,14233.0
CES9093000001,Local government,2011,3,14219.0
CES9093000001,Local government,2011,4,14223.0
CES9093000001,Local government,2011,5,14175.0
CES9093000001,Local government,2011,6,14225.0
CES9093000001,Local government,2011,7,14129.0
CES9093000001,Local government,2011,8,14088.0
CES9093000001,Local government,2011,9,14065.0
CES9093000001,Local government,2011,10,14092.0
CES9093000001,Local government,2011,11,14079.0
CES9093000001,Local government,2011,12,14071.0
CES9093000001,Local government,2012,1,14068.0
CES9093000001,Local government,2012,2,14071.0
CES9093000001,Local government,2012,3,14064.0
CES9093000001,Local government,2012,4,14050.0
CES9093000001,Local government,2012,5,14036.0
CES9093000001,Local government,2012,6,14047.0
CES9093000001,Local government,2012,7,14043.0
CES9093000001,Local government,2012,8,14033.0
CES9093000001,Local government,2012,9,14027.0
CES9093000001,Local government,2012,10,14024.0
CES9093000001,Local government,2012,11,14022.0
CES9093000001,Local government,2012,12,14033.0
CES9093000001,Local government,2013,1,14034.0
CES9093000001,Local government,2013,2,14030.0
CES9093000001,Local government,2013,3,14024.0
CES9093000001,Local government,2013,4,14028.0
CES9093000001,Local government,2013,5,14040.0
CES9093000001,Local government,2013,6,14031.0
CES9093000001,Local government,2013,7,14029.0
CES9093000001,Local government,2013,8,14032.0
CES9093000001,Local government,2013,9,14032.0
CES9093000001,Local government,2013,10,14034.0
CES9093000001,Local government,2013,11,14041.0
CES9093000001,Local government,2013,12,14026.0
CES9093000001,Local government,2014,1,14026.0
CES9093000001,Local government,2014,2,14037.0
CES9093000001,Local government,2014,3,14050.0
CES9093000001,Local government,2014,4,14070.0
CES9093000001,Local government,2014,5,14053.0
CES9093000001,Local government,2014,6,14108.0
CES9093000001,Local government,2014,7,14135.0
CES9093000001,Local government,2014,8,14104.0
CES9093000001,Local government,2014,9,14121.0
CES9093000001,Local government,2014,10,14136.0
CES9093000001,Local government,2014,11,14139.0
CES9093000001,Local government,2014,12,14145.0
CES9093000001,Local government,2015,1,14150.0
CES9093000001,Local government,2015,2,14160.0
CES9093000001,Local government,2015,3,14155.0
CES9093000001,Local government,2015,4,14172.0
CES9093000001,Local government,2015,5,14185.0
CES9093000001,Local government,2015,6,14188.0
CES9093000001,Local government,2015,7,14221.0
CES9093000001,Local government,2015,8,14223.0
CES9093000001,Local government,2015,9,14198.0
CES9093000001,Local government,2015,10,14213.0
CES9093000001,Local government,2015,11,14225.0
CES9093000001,Local government,2015,12,14233.0
CES9093000001,Local government,2016,1,14253.0
CES9093000001,Local government,2016,2,14275.0
CES9093000001,Local government,2016,3,14303.0
CES9093000001,Local government,2016,4,14302.0
CES9093000001,Local government,2016,5,14315.0
CES9093000001,Local government,2016,6,14276.0
CES9093000001,Local government,2016,7,14374.0
CES9093000001,Local government,2016,8,14366.0
CES9093000001,Local government,2016,9,14367.0
CES9093000001,Local government,2016,10,14359.0
CES9093000001,Local government,2016,11,14344.0
CES9093000001,Local government,2016,12,14350.0
CES9093000001,Local government,2017,1,14347.0
CES9093000001,Local government,2017,2,14354.0
CES9093000001,Local government,2017,3,14356.0
CES9093000001,Local government,2017,4,14368.0
CES9093000001,Local government,2017,5,14358.0
CES9093000001,Local government,2017,6,14381.0
CES9093000001,Local government,2017,7,14390.0
CES9093000001,Local government,2017,8,14339.0
CES9093000001,Local government,2017,9,14390.0
CES9093000001,Local government,2017,10,14407.0
CES9093000001,Local government,2017,11,14427.0
CES9093000001,Local government,2017,12,14431.0
CES9093000001,Local government,2018,1,14428.0
CES9093000001,Local government,2018,2,14473.0
CES9093000001,Local government,2018,3,14471.0
CES9093000001,Local government,2018,4,14467.0
CES9093000001,Local government,2018,5,14482.0
CES9093000001,Local government,2018,6,14505.0
CES9093000001,Local government,2018,7,14462.0
CES9093000001,Local government,2018,8,14493.0
CES9093000001,Local government,2018,9,14486.0
CES9093000001,Local government,2018,10,14491.0
CES9093000001,Local government,2018,11,14499.0
CES9093000001,Local government,2018,12,14527.0
CES9093000001,Local government,2019,1,14527.0
CES9093000001,Local government,2019,2,14533.0
CES9093000001,Local government,2019,3,14567.0
CES9093000001,Local government,2019,4,14600.0
CES9093000001,Local government,2019,5,14583.0
CES9093000001,Local government,2019,6,14601.0
CES9093000001,Local government,2019,7,14552.0
CES9093000001,Local government,2019,8,14558.0
CES9093000001,Local government,2019,9,14582.0
CES9093000001,Local government,2019,10,14594.0
CES9093000001,Local government,2019,11,14619.0
CES9093000001,Local government,2019,12,14638.0
CES9093000001,Local government,2020,1,14664.0
CES9093000001,Local government,2020,2,14692.0
CES9093000001,Local government,2020,3,14688.0
CES9093000001,Local government,2020,4,13921.0
CES9093000001,Local government,2020,5,13458.0
CES9093000001,Local government,2020,6,13460.0
CES9093000001,Local government,2020,7,13526.0
CES9093000001,Local government,2020,8,13724.0
CES9093000001,Local government,2020,9,13715.0
CES9093000001,Local government,2020,10,13750.0
CES9093000001,Local government,2020,11,13717.0
CES9093000001,Local government,2020,12,13698.0
CES9093000001,Local government,2021,1,13715.0
CES9093000001,Local government,2021,2,13718.0
CES9093000001,Local government,2021,3,13773.0
CES9093000001,Local government,2021,4,13819.0
CES9093000001,Local government,2021,5,13865.0
CES9093000001,Local government,2021,6,13947.0
CES9093000001,Local government,2021,7,13967.0
CES9093000001,Local government,2021,8,14095.0
CES9093000001,Local government,2021,9,14078.0
CES9093000001,Local government,2021,10,14017.0
CES9093000001,Local government,2021,11,14033.0
CES9093000001,Local government,2021,12,14059.0
CES9093000001,Local government,2022,1,14081.0
CES9093000001,Local government,2022,2,14089.0
CES9093000001,Local government,2022,3,14114.0
CES9093000001,Local government,2022,4,14135.0
CES9093000001,Local government,2022,5,14163.0
CES9093000001,Local government,2022,6,14182.0
CES9093000001,Local government,2022,7,14307.0
CES9093000001,Local government,2022,8,14301.0
CES9093000001,Local government,2022,9,14283.0
CES9093000001,Local government,2022,10,14283.0
CES9093000001,Local government,2022,11,14339.0
CES9093000001,Local government,2022,12,14358.0
CES9093000001,Local government,2023,1,14405.0
CES9093000001,Local government,2023,2,14433.0
CES9093000001,Local government,2023,3,14455.0
CES9093000001,Local government,2023,4,14486.0
CES9093000001,Local government,2023,5,14529.0
CES9093000001,Local government,2023,6,14572.0
CES9093000001,Local government,2023,7,14609.0
CES9093000001,Local government,2023,8,14641.0
CES9093000001,Local government,2023,9,14660.0
CES9093000001,Local government,2023,10,14676.0
CES9093000001,Local government,2023,11,14713.0
CES9093000001,Local government,2023,12,14755.0
CES9093000001,Local government,2024,1,14781.0
CES9093000001,Local government,2024,2,14826.0
CES9093000001,Local government,2024,3,14894.0
CES9093000001,Local government,2024,4,14884.0
CES9093000001,Local government,2024,5,14909.0
CES9093000001,Local government,2024,6,14911.0
CES9093000001,Local government,2024,7,14950.0
CES9093000001,Local government,2024,8,14957.0
CES9093000001,Local government,2024,9,14958.0
CES9093000001,Local government,2024,10,14981.0
CES9093000001,Local government,2024,11,14993.0
CES9093000001,Local government,2024,12,15005.0
CES9093000001,Local government,2025,1,15022.0
CES9093000001,Local government,2025,2,15037.0
CES9093000001,Local government,2025,3,15048.0
CES9093000001,Local government,2025,4,15070.0
CES9093000001,Local government,2025,5,15094.0
CES9093000001,Local government,2025,6,15126.0
CES9093000001,Local government,2025,7,15146.0
CES9093000001,Local government,2025,8,15132.0
CES9093000001,Local government,2025,9,15132.0
CES9093000001,Local government,2025,10,15149.0
CES9093000001,Local government,2025,11,15145.0
CES9093000001,Local government,2025,12,15151.0
