YEAR,MONTH,mean_abstract,mean_routine,mean_manual,mean_rti,total_employed,n_obs,share_NRC,share_RC,share_NRM,share_RM,share_routine,date,recession
1976,1,3.17446059118734,2.6688480547617646,2.917449230093238,-1.2061978292728457,84656426.91999999,51264.0,0.29308781592503347,0.24298422799533861,0.14020938919636608,0.323718566883262,0.5667027948786006,1976-01-01,0.0
1976,2,3.17707572491801,2.671448907914285,2.9140445064031164,-1.20513247628962,84924174.69,51137.0,0.29409018104877627,0.2434192031357379,0.14036912320330966,0.32212149261217626,0.5655406957479142,1976-02-01,
1976,3,3.1771898311790947,2.6691208345975075,2.9178650940503243,-1.2074072826005888,85760556.15,51398.0,0.296615548358941,0.24198349732833443,0.13923752930326583,0.3221634250094587,0.5641469223377932,1976-03-01,
1976,4,3.1732837924692294,2.673473690665516,2.9281970188075483,-1.2081248179992055,86788389.68,52593.0,0.28961448049303173,0.24245283865255374,0.1417922900214364,0.326140390832978,0.5685932294855317,1976-04-01,0.0
1976,5,3.1701844985216243,2.673819714215231,2.9380664224913473,-1.210682341146857,87387797.61,52951.0,0.28984513699543735,0.23923546561159298,0.1415477028635463,0.3293716945294234,0.5686071601410165,1976-05-01,
1976,6,3.1626354930686427,2.6818513095951384,2.957934874874903,-1.2115243208899575,88564047.97999999,53916.0,0.28065171530566263,0.23787288804546808,0.1422719838059507,0.3392034128429187,0.5770763008883868,1976-06-01,
1976,7,3.1591303494558103,2.6830601719380045,2.9626014176061126,-1.2113769419587073,89743823.10000001,54201.0,0.2750177947344434,0.2365931952368541,0.14852294753643047,0.3398660624922719,0.5764592577291261,1976-07-01,0.0
1976,8,3.1621446378028963,2.678885422175784,2.956788331969368,-1.211650816874727,89362032.84,53837.0,0.27996876777406127,0.23485723973599792,0.14732701899891112,0.3378469734910296,0.5727042132270276,1976-08-01,
1976,9,3.1762556789073186,2.668498838159212,2.931883829051841,-1.2115732709186031,88073443.72,53148.0,0.293478562416317,0.23578980510880385,0.13979402575811983,0.33093760671675937,0.5667274118255632,1976-09-01,
1976,10,3.1715419486875467,2.672997723507947,2.931901471688296,-1.2089313950929526,88831089.97999999,53943.0,0.2906121672695027,0.24022975474920547,0.13808746073882183,0.3310706172424701,0.5713003719916756,1976-10-01,0.0
1976,11,3.175391460042257,2.6701690131510154,2.9232840586767757,-1.2084180085864702,88760033.01,53886.0,0.29409627807437877,0.24152713212245794,0.13716190031867587,0.3272146894844874,0.5687418216069453,1976-11-01,
1976,12,3.1720765514459215,2.6707702792032664,2.919334470416722,-1.2063036080591263,88614559.50999999,53918.0,0.29014989807739777,0.24839168599056322,0.13610966591374754,0.3253487500182915,0.5737404360088547,1976-12-01,
1977,1,3.176880801436302,2.6735408122741693,2.9140353387419617,-1.2045302181794948,87090494.68,62071.0,0.2956798907404333,0.2461891984380384,0.1332364524033341,0.32489445841819414,0.5710836568562325,1977-01-01,0.0
1977,2,3.1760075617165278,2.6685128824991473,2.91426452156803,-1.2062070277462196,87241726.75999999,52621.0,0.2933834459789182,0.24435913457612085,0.13736112597778666,0.32489629346717436,0.5692554280432953,1977-02-01,
1977,3,3.173318229539911,2.6695558141231133,2.9207782611476327,-1.2069880912397681,88225818.83,52815.0,0.2912909520579291,0.24213649868624115,0.14044520543891476,0.3261273438169151,0.5682638425031562,1977-03-01,
1977,4,3.170792535065094,2.6716643090036176,2.931093783674938,-1.2088968024963282,89392735.47,53815.0,0.2879358536012422,0.24314427106906292,0.14046752494392872,0.32845235038576615,0.571596621454829,1977-04-01,0.0
1977,5,3.1706874863113788,2.6721959668191246,2.9429835460746236,-1.212422138481958,90481508.52000001,64277.0,0.28842162411816513,0.23617095403837765,0.1419049087489727,0.3335025130944843,0.569673467132862,1977-05-01,
1977,6,3.160463291618342,2.678347795510513,2.9601433621566686,-1.2124878830699513,92095823.31,65190.0,0.27920772892648565,0.2349226235501906,0.14637851072379973,0.339491136799524,0.5744137603497146,1977-06-01,
1977,7,3.162416940654452,2.6803015472867737,2.958424934364203,-1.2113597004049836,92517305.38,55381.0,0.2757095628242778,0.23739890455940563,0.14750131971472255,0.33939021290159416,0.5767891174609997,1977-07-01,0.0
1977,8,3.1643077625428058,2.6810609063225104,2.9560355495818498,-1.2113321288198213,92736148.26,65390.0,0.27755058057659293,0.23686390433658497,0.14576146113058328,0.33982405395623877,0.5766879582928237,1977-08-01,
1977,9,3.1740630734815047,2.6694648908288316,2.932445193894271,-1.2107568702954776,91528909.75,54775.0,0.29092141720829356,0.2363589932305514,0.13957191815015582,0.33314767141099916,0.5695066646415505,1977-09-01,
1977,10,3.1760575064782066,2.6685383779120455,2.927019636616631,-1.2102578446581735,92227999.35,66059.0,0.2924917373261876,0.23798184992288898,0.13868318341657707,0.3308432293343464,0.5688250792572354,1977-10-01,0.0
1977,11,3.1789869141748253,2.6662915905037616,2.923830713388875,-1.210694252116634,92778238.25,55827.0,0.29276466111383614,0.24167468441878934,0.13740239198818802,0.3281582624791865,0.5698329468979758,1977-11-01,
1977,12,3.1751675626019207,2.66725598762307,2.920716487747157,-1.2083360463709083,92945325.53999999,65613.0,0.2899819246789418,0.24498597726897586,0.13879978326019213,0.32623231479189035,0.5712182920608662,1977-12-01,
1978,1,3.1762826545082614,2.669973399627544,2.9156832098768,-1.205878049841741,91048155.5,63592.0,0.29402323323287977,0.2452736764118192,0.13712067720031954,0.3235824131549815,0.5688560895668008,1978-01-01,0.0
1978,2,3.17809600555351,2.6674821993329076,2.9093193958784376,-1.2047138559830235,91103332.65,63175.0,0.2944311151936767,0.24455549629116669,0.1374640276674884,0.3235493608476681,0.5681048571388349,1978-02-01,
1978,3,3.1766760832864356,2.666583784167689,2.9129354981104,-1.2057780224579717,91992964.35000001,62788.0,0.2934953871828351,0.24488852934762503,0.13766385385536278,0.32395222961417697,0.568840758961802,1978-03-01,
1978,4,3.1726760053695235,2.667988246679549,2.924568886153692,-1.208157864341307,93260142.82,63960.0,0.28968966294791276,0.24153110663228985,0.13990883946192953,0.32887039095786796,0.5704014975901578,1978-04-01,0.0
1978,5,3.172593265095615,2.671316799241558,2.9311138967656944,-1.209460108576834,93903852.32999998,63935.0,0.29040191955243083,0.2388407283993266,0.14104763267277134,0.3297097193754714,0.568550447774798,1978-05-01,
1978,6,3.166487156066258,2.6764011957437046,2.9495848478294797,-1.211509156143277,95999199.17,65273.0,0.2816308366502387,0.237737236219905,0.1432583745375425,0.3373735525923138,0.5751107888122188,1978-06-01,
1978,7,3.166037422095036,2.680208413253119,2.9535004797630022,-1.211264482835784,96458692.72,65790.0,0.27802195036839394,0.23821302198962666,0.14495649532165875,0.33880853232032065,0.5770215543099473,1978-07-01,0.0
1978,8,3.164641445087259,2.6845125134909544,2.9536722145244054,-1.2094764053618217,96333524.41999999,65864.0,0.27764545348597486,0.2375158106071529,0.14422437502131236,0.34061436088555985,0.5781301714927128,1978-08-01,
1978,9,3.1714950721530233,2.680523261881413,2.935782942980735,-1.2071210308575562,95370904.28999999,65546.0,0.2859968188731956,0.24077670491804037,0.1364299069707395,0.3367965692380246,0.5775732741560651,1978-09-01,
1978,10,3.168441581065059,2.6775429830665094,2.9304771806978462,-1.2054389346040335,96494725.82,66674.0,0.2851897029204907,0.24278120830873826,0.13818842570602166,0.33384066306474947,0.5766218713734876,1978-10-01,0.0
1978,11,3.1752252225956554,2.6775060249093032,2.927248100029123,-1.2066831408535552,96376018.23,66428.0,0.28856010427439716,0.24365373493600495,0.13675381191352629,0.3310323488760716,0.5746860838120765,1978-11-01,
1978,12,3.1788753588647713,2.671585216805792,2.9167804169674465,-1.2062818177296366,96195470.35,66192.0,0.2922886624255692,0.2465780272573926,0.13545511168655563,0.32567819863048264,0.5722562258878753,1978-12-01,
1979,1,3.183719778010899,2.6720099281752816,2.9129222398174437,-1.2059165535818863,94628779.59,64427.0,0.2970813915365217,0.24427527428920526,0.13265693824214309,0.32598639593212997,0.5702616702213353,1979-01-01,0.0
1979,2,3.1834413154946137,2.6696554180344716,2.9048027679636514,-1.2041905560722184,94862502.19999999,64303.0,0.2987029314307925,0.24721254559106498,0.1312839088277813,0.3228006141503613,0.5700131597414264,1979-02-01,
1979,3,3.1819389940544904,2.666244151553002,2.906067402584643,-1.2054553576308118,95360520.87,63813.0,0.2969001912080265,0.24634773788646988,0.13497505804888332,0.3217770128566203,0.5681247507430901,1979-03-01,
1979,4,3.1809702868689502,2.6667142243254385,2.9131263692838094,-1.2074125298313545,95721909.16,64440.0,0.2942352990778982,0.24611191478245692,0.13733949965441747,0.3223132864852275,0.5684252012676844,1979-04-01,0.0
1979,5,3.1784350708247318,2.667327574845484,2.926014770904249,-1.2106687795455437,96327447.66,64793.0,0.2931192473785929,0.2421822062839446,0.13760937232331938,0.3270891740141431,0.5692713802980878,1979-05-01,
1979,6,3.171588870375844,2.6774507565107033,2.9459353648593796,-1.2114089259967018,98206006.84,66366.0,0.2841059596838812,0.2397135497867678,0.14108131707842483,0.3350991734509261,0.574812723237694,1979-06-01,
1979,7,3.1714869667208307,2.6822478243362524,2.9520230585312794,-1.2118434571733532,99436463.10000001,67363.0,0.28145174302765397,0.2407183754708588,0.14213005973258513,0.33569982176890195,0.5764181972397607,1979-07-01,0.0
1979,8,3.173867996141947,2.684506834742042,2.944611940424418,-1.2091340246635636,98688559.35,66579.0,0.2854171372600952,0.24100482382814317,0.13890684462605846,0.3346711942857032,0.5756760181138463,1979-08-01,
1979,9,3.1811712501380023,2.677849619709696,2.9284020116296414,-1.2084579904251356,97869928.2,66330.0,0.29357446846476787,0.24191767170418746,0.1343653227488523,0.3301425370821923,0.5720602087863798,1979-09-01,
1979,10,3.180171740235881,2.6754058562837013,2.922186856608875,-1.2071941615580315,98439949.46,66526.0,0.29348462375774975,0.24320353912542533,0.1358213063227227,0.3274905307941023,0.5706940699195276,1979-10-01,0.0
1979,11,3.1820841294567317,2.673259644401293,2.9161627613823518,-1.20614968001523,98099314.26,65879.0,0.29340180517180303,0.24721087698661348,0.13343937904913136,0.32594793879245204,0.5731588157790656,1979-11-01,
1979,12,3.184120849681471,2.667931462949603,2.909804897579133,-1.2064013546486356,98152244.26,66351.0,0.2952261934351821,0.24931835053284393,0.1332829270347241,0.3221725289972498,0.5714908795300938,1979-12-01,
1980,1,3.1903506558374737,2.663690313734929,2.8951744247818176,-1.205058455507228,98181185.59,75553.0,0.3013704771661843,0.24952273791339535,0.1338236605215555,0.3152831243988648,0.5648058623122602,1980-01-01,1.0
1980,2,3.1920614752741403,2.663652970999121,2.894954985071325,-1.2055392075638454,98220801.1,75971.0,0.3044773007863403,0.24771916577251377,0.13457451040887508,0.31322902303227096,0.5609481888047847,1980-02-01,
1980,3,3.1905568050907624,2.662390842558605,2.8927694321112427,-1.205007991927521,98458685.03999999,75533.0,0.30349418721020127,0.24885488314256696,0.13590948573570347,0.3117414439115284,0.5605963270540953,1980-03-01,
1980,4,3.1883293741236858,2.665569818802638,2.8983883461927356,-1.2051685347551073,98513091.93,76491.0,0.30013956633306943,0.2512387940030013,0.13653203118989748,0.3120896084740318,0.5633284024770331,1980-04-01,1.0
1980,5,3.188351419754865,2.662047862134352,2.90151544194454,-1.2075676807609137,98783780.0,76682.0,0.30227007723332716,0.24734900031158957,0.13832280329827426,0.3120581191568089,0.5594071194683986,1980-05-01,
1980,6,3.183714211075026,2.6672315101717805,2.91455477471484,-1.2083281502364038,99981114.0,77110.0,0.29601922549092624,0.2473378422248826,0.14004762049360642,0.31659531179058475,0.5639331540154674,1980-06-01,
1980,7,3.184083601828117,2.669083324135216,2.915484136399964,-1.208228701108819,100790200.99,77891.0,0.29339855550971655,0.24817331957182756,0.14370145686520672,0.3147266680532492,0.5628999876250768,1980-07-01,1.0
1980,8,3.1852644442541314,2.667313548463416,2.9070555666684905,-1.2059542120785591,100402158.28999999,76533.0,0.2966535041405234,0.2475140810043238,0.14111743095278836,0.3147149839023645,0.5622290649066882,1980-08-01,
1980,9,3.1891886120271877,2.6615116815883924,2.9023511738697647,-1.2073903563000545,99386835.59,76225.0,0.30175831821148735,0.2487445212762911,0.13391536696977957,0.3155817935424419,0.5643263148187331,1980-09-01,
1980,10,3.188817004671203,2.661263765752873,2.8999308116636913,-1.2069957427410565,100160477.22,76969.0,0.30348899559686027,0.24819092130919068,0.13467234905812284,0.3136477340358263,0.5618386553450169,1980-10-01,0.0
1980,11,3.1922103642329627,2.6590493810704836,2.8933138736842876,-1.2063414761783053,99853456.58,76924.0,0.3064637543667094,0.2485864060210383,0.13292214245348863,0.3120276971587637,0.560614103179802,1980-11-01,
1980,12,3.1940377931268116,2.6569210785119606,2.8878141334897105,-1.2062034756489752,99655903.86,76164.0,0.30593427242234233,0.25333857004064103,0.13520440604230147,0.3055227514947151,0.5588613215353562,1980-12-01,
1981,1,3.201901172933589,2.653868901124696,2.8748878053673557,-1.2051562797632105,98216665.9,75216.0,0.3137917097631798,0.25030062306360573,0.13455845989982845,0.30134920727338593,0.5516498303369917,1981-01-01,0.0
1981,2,3.2000259681789176,2.6527135582516244,2.8740934825861144,-1.2046831553815942,98592277.69,75369.0,0.31306432048410465,0.24910990490780702,0.13674982438677852,0.30107595022130984,0.5501858551291169,1981-02-01,
1981,3,3.199714265155848,2.6523521313662886,2.8718395145271707,-1.2040527477130998,99474388.22,75066.0,0.31100810614264063,0.2499982838296062,0.13888036023349368,0.30011324979425946,0.5501115336238657,1981-03-01,
1981,4,3.1932269091510763,2.659541732750346,2.8885600020422246,-1.2052505804143363,100577310.91,76429.0,0.30340106365844377,0.25006583525091386,0.13955019072402441,0.306982910366618,0.5570487456175318,1981-04-01,0.0
1981,5,3.1895126960776152,2.6630887467099047,2.894694756240603,-1.2051039528899083,101007747.5,69949.0,0.3013677667646237,0.2487504138234545,0.1381503607928689,0.311731458619053,0.5604818724425075,1981-05-01,
1981,6,3.1845756819885604,2.6653951789248462,2.9068239482498304,-1.2064354580097898,101624341.19999999,70031.0,0.2968434194385705,0.24820583771715515,0.1388357933089361,0.31611494953533836,0.5643207872524935,1981-06-01,
1981,7,3.1808840271387164,2.6672984348286644,2.9127298331815075,-1.2062423336993067,102831512.4,71107.0,0.29399176637997204,0.2454642353388162,0.14363850725587501,0.31690549102533666,0.5623697263641529,1981-07-01,1.0
1981,8,3.186433755840737,2.666040135056544,2.9098431300648775,-1.2074246293694137,102245330.7,70517.0,0.2986722485117846,0.24504270081059062,0.13992856849354393,0.31635648218408075,0.5613991829946714,1981-08-01,
1981,9,3.19420365499146,2.6583549676070932,2.8950131744956304,-1.2073195336017701,100549347.28,69374.0,0.31037648233652465,0.2426317630094913,0.1355162933286423,0.31147546132534176,0.5541072243348331,1981-09-01,
1981,10,3.1916914951301654,2.653309923297236,2.8866586637695266,-1.2056881835820572,101255416.01,70028.0,0.3114254544851778,0.24497086148508135,0.13633741476739006,0.3072662692623507,0.5522371307474321,1981-10-01,1.0
1981,11,3.1924984325647583,2.654702541438732,2.880385157176613,-1.2039554387543645,100655422.82,69780.0,0.30960061293198393,0.24896783161712221,0.13866984638235116,0.3027617090685428,0.551729540685665,1981-11-01,
1981,12,3.1961348926441686,2.650996539178531,2.8724355524069813,-1.2038258615073212,99678428.69,68529.0,0.31062050683295134,0.25134286554532564,0.1387236371171573,0.2993129905045657,0.5506558560498914,1981-12-01,
1982,1,3.204764024283743,2.6497457336803194,2.8634295169246315,-1.2033752259372732,97927571.86,66989.0,0.31538494658229543,0.25121517793957077,0.1375568860142674,0.2958429894638664,0.5470581674034372,1982-01-01,1.0
1982,2,3.2040297795278767,2.6453101494594256,2.8624400995225767,-1.2045026318369296,98073875.81,66630.0,0.3158083660321897,0.2506679344214651,0.13868523159368346,0.2948384679526616,0.5455064023741268,1982-02-01,
1982,3,3.2032118508197605,2.644863614849066,2.8647901172718955,-1.2052825260705875,98578157.01,65841.0,0.3170045826361914,0.2494837526482176,0.13814231542813865,0.2953693492874523,0.5448531019356698,1982-03-01,
1982,4,3.2060499277942607,2.6421319051611274,2.8620564052409394,-1.2059056131971397,99106007.42000002,67013.0,0.3168340252768907,0.25010213210342636,0.14119187145436515,0.29187197116531766,0.5419741032687441,1982-04-01,1.0
1982,5,3.2000874238805537,2.6442309769095855,2.872693019826957,-1.2069504817941719,100307286.75,68176.0,0.3119313024385041,0.25065021918759056,0.1435541309764318,0.2938643473974736,0.5445145665850641,1982-05-01,
1982,6,3.1947561516472494,2.649359532713524,2.8853300088299902,-1.2075735007548898,101067286.46000001,68858.0,0.3085729315820002,0.24804609728907523,0.14541660268890927,0.29796436844001517,0.5460104657290905,1982-06-01,
1982,7,3.191130851666625,2.6522929384548997,2.891297905391169,-1.2074223196021954,101905663.72,69502.0,0.30436659306025077,0.25010366214805313,0.14759609378853472,0.2979336510031614,0.5480373131512145,1982-07-01,1.0
1982,8,3.19243247505291,2.6491925260355673,2.8904292748305456,-1.208949122859221,101527405.02,68963.0,0.305545855760709,0.24881996151702684,0.14819257191726853,0.29744161080499565,0.5462615723220225,1982-08-01,
1982,9,3.201344799474281,2.6388383811209044,2.869741804737929,-1.208329413374445,99971018.65,68079.0,0.3162163332622999,0.24938088384678073,0.14381309387608204,0.2905896890148373,0.539970572861618,1982-09-01,
1982,10,3.202051997549878,2.633385014507508,2.8660868090407523,-1.2094564410135953,100058558.42,68095.0,0.3191731462484926,0.2500514972939983,0.1415826530353884,0.28919270342212067,0.539244200716119,1982-10-01,1.0
1982,11,3.2049906150022225,2.63217704103208,2.8583132998581484,-1.20816037401377,99502447.9,67888.0,0.32012794018909757,0.25209689760808385,0.14244735219222682,0.2853278100105917,0.5374247076186756,1982-11-01,
1982,12,3.206690721266671,2.62966145471276,2.8477950811603447,-1.20590357060241,98948694.29,67086.0,0.3229476541281604,0.25553664099795365,0.13953937592681698,0.2819763289470689,0.5375129699450225,1982-12-01,
1983,1,3.1861256416318264,2.6465494917741137,2.8707853719501335,-1.2039373764012764,97339716.97,65499.0,0.2919069010520876,0.2837105431332959,0.14297176531023972,0.28141079050437684,0.5651213336376727,1983-01-01,0.0
1983,2,3.1873615316172557,2.646757927407857,2.8733379921589193,-1.2055276789340241,97229862.05,65225.0,0.2927385302198935,0.27903810072308954,0.14442791817166833,0.28379545088534863,0.5628335516084382,1983-02-01,
1983,3,3.1826805615140734,2.6461111600087652,2.875377780314079,-1.2046683613772189,98064605.44,65256.0,0.29066635665444024,0.28171681633801104,0.14341003868724686,0.2842067883203019,0.5659236046583129,1983-03-01,
1983,4,3.184869788166678,2.645112648504768,2.8782294472417576,-1.2064216629586346,98920230.69999999,66463.0,0.2909522537132539,0.2802942645179254,0.14431352979042336,0.28443995197839755,0.5647342164963229,1983-04-01,0.0
1983,5,3.1813158345841983,2.647863793067746,2.888647447656301,-1.2079550960779302,99885812.49000001,66921.0,0.28759611213930864,0.2791710525735745,0.14684883332623927,0.28638400196087743,0.565555054534452,1983-05-01,
1983,6,3.173214672135474,2.656257088332792,2.9086361206830498,-1.20844770409045,102297474.61,68250.0,0.2766868623874429,0.27815594039325814,0.15082707201543888,0.2943301252038601,0.5724860655971183,1983-06-01,
1983,7,3.1687558264963003,2.6595916695299104,2.911190269922902,-1.2073938283751968,103722020.15,69006.0,0.2733594678255984,0.27972248668162875,0.15101485410087243,0.2959031913919004,0.575625678073529,1983-07-01,0.0
1983,8,3.167681971361004,2.659319809999691,2.9094580402729204,-1.2065640989237945,103579231.36,68735.0,0.2714450315071347,0.2809205402274961,0.15410194862832394,0.29353247963704526,0.5744530198645413,1983-08-01,
1983,9,3.176966918377381,2.6487593787627244,2.892678207245581,-1.2075930868567137,102619111.47999999,68019.0,0.2827600003694751,0.2797960284970497,0.14693495063966425,0.2905090204938111,0.5703050489908609,1983-09-01,
1983,10,3.176095080948857,2.649121595147202,2.8938975610425284,-1.2079017701815153,102983163.0,68443.0,0.2836548031642803,0.2788048778420216,0.14404080801052888,0.2934995109831692,0.5723043888251907,1983-10-01,0.0
1983,11,3.1761373089110347,2.6505155097466724,2.893900996563415,-1.207440460715514,103252002.73,68590.0,0.28351531898658794,0.2783535893744886,0.14466323233515455,0.2934678593037689,0.5718214486782575,1983-11-01,
1983,12,3.180743659391192,2.648089662833048,2.8852162971839084,-1.2069186473007034,103004666.25999999,68107.0,0.2876409558496443,0.2808765631740614,0.14271153165910952,0.28877094931718483,0.5696475124912462,1983-12-01,
1984,1,3.184616680951339,2.6479006992539498,2.8757683365558364,-1.204800679584454,101504903.2,66585.0,0.2926785485570514,0.2797922550011357,0.14068926012236224,0.2868399363194506,0.5666321913205864,1984-01-01,0.0
1984,2,3.185246682704027,2.646437792512778,2.8695023699410482,-1.203411406414711,102155542.44,66787.0,0.29294151962020554,0.28145437773860643,0.14126778856346506,0.284336314077723,0.5657906918163295,1984-02-01,
1984,3,3.1877856480503035,2.6453214967084486,2.8707542642980486,-1.2049495086117972,102964869.46,66848.0,0.2942617530513208,0.279943999163693,0.14121587563075225,0.284578372154234,0.5645223713179269,1984-03-01,
1984,4,3.1842425165457353,2.645993380805189,2.877903517312965,-1.2060821829113042,103871253.4,67561.0,0.28842205595258563,0.2810066105354227,0.14346610146903263,0.287105232042959,0.5681118425783818,1984-04-01,0.0
1984,5,3.1795367475478447,2.647518162809291,2.887527846046949,-1.2072143564004567,105406175.72999999,68284.0,0.28699239347690547,0.27863385343977515,0.14544897245177763,0.2889247806315419,0.567558634071317,1984-05-01,
1984,6,3.17216553400013,2.654133742854441,2.9039744313011138,-1.2077149207882945,107112131.07,69602.0,0.27913906820190393,0.27938453096823446,0.14855399384782308,0.2929224069820386,0.5723069379502731,1984-06-01,
1984,7,3.171210796421621,2.6581514314068913,2.9078805527388703,-1.2071382496564702,107729618.41,69790.0,0.2739951000073351,0.2821754749404946,0.14867063112620563,0.29515879392596467,0.5773342688664592,1984-07-01,0.0
1984,8,3.173007545909403,2.6568476293277428,2.907361395152118,-1.207866590960986,106939672.19,69328.0,0.2762547592021004,0.2816075587598077,0.145645286927076,0.2964923951110159,0.5780999538708236,1984-08-01,
1984,9,3.179078619143858,2.65175357826554,2.8995060038980425,-1.2092031181604066,105860752.03,68441.0,0.2832530723143022,0.2792390459461579,0.14239908682802507,0.29510879491151487,0.5743478408576728,1984-09-01,
1984,10,3.180549290224127,2.649032879846306,2.894829703169621,-1.2092936283725155,106385325.19,68835.0,0.2864204624611535,0.2768115192335579,0.14254363017565355,0.2942243881296351,0.571035907363193,1984-10-01,0.0
1984,11,3.181568582898664,2.6493111954733344,2.8897252228062262,-1.2077876428384549,106515919.23999998,68687.0,0.28713602819393935,0.28011395041123066,0.14182027670402148,0.2909297446908088,0.5710436951020393,1984-11-01,
1984,12,3.185632021579291,2.648068452807268,2.8853222962275904,-1.2081275104729978,106280728.79,69016.0,0.2903314233097667,0.27860676029524994,0.14175099598505492,0.2893108204099284,0.5679175807051784,1984-12-01,
1985,1,3.189801089372837,2.646160162546583,2.872680467239622,-1.2055150946919961,104469074.14,67853.0,0.29396903784984574,0.2807330490045061,0.14209712407431124,0.28320078907133694,0.563933838075843,1985-01-01,0.0
1985,2,3.190953270149882,2.642493712881418,2.868495538591864,-1.2059523708560613,104764282.98,68165.0,0.2949766223847447,0.2822074708003695,0.14096970140882265,0.2818462054060631,0.5640536762064325,1985-02-01,
1985,3,3.1929089230924026,2.638779268282056,2.865993219864158,-1.2068499144392426,105876087.85,68277.0,0.29488172045261307,0.2831500417022634,0.1410161009268912,0.2809521369182324,0.5641021786204957,1985-03-01,
1985,4,3.1877514979276906,2.6396410793594614,2.8762897824658853,-1.2085523593244634,106279708.21,68704.0,0.2927071691665873,0.27850354454788545,0.1429541652483617,0.2858351210371657,0.5643386655850512,1985-04-01,0.0
1985,5,3.183316301840526,2.6426497450104556,2.884821871324534,-1.2083075487089094,107026179.79,68540.0,0.28951874831745783,0.2794337159252164,0.14239784658205634,0.2886496891752694,0.5680834051004858,1985-05-01,
1985,6,3.1794394959856223,2.649867999645735,2.89619472466719,-1.2083766090861985,108064449.74000001,69177.0,0.28266068622467216,0.27833092633484957,0.14589741980765486,0.2931109676328233,0.5714418939676729,1985-06-01,
1985,7,3.1797786379197492,2.653417911185617,2.9025829571635113,-1.209357680415081,108971389.27,69560.0,0.2798981851504847,0.2780977393516899,0.1483327837543683,0.2936712917434571,0.571769031095147,1985-07-01,0.0
1985,8,3.180678394444634,2.6533724777572005,2.901385258714075,-1.209247960135435,108653775.2,69548.0,0.28109558599119894,0.2789857267656172,0.14615584282063676,0.2937628444225471,0.5727485711881642,1985-08-01,
1985,9,3.189160314896941,2.6435976963817684,2.8827391449279527,-1.2092336878103538,107933213.23,69337.0,0.2920745310604518,0.27914857723911013,0.14130249154632712,0.2874744001541109,0.5666229773932211,1985-09-01,
1985,10,3.1872998979473257,2.6409147520023883,2.878576125444747,-1.208019190666476,108580840.75,69945.0,0.2911532695053294,0.2791327889031841,0.14281370767521892,0.28690023391626757,0.5660330228194518,1985-10-01,0.0
1985,11,3.189304091735351,2.6375694795380844,2.874067195982613,-1.2082105455446968,108496217.08000001,70011.0,0.29279171435605594,0.28177764619625206,0.14166578544085767,0.28376485400683427,0.5655425002030863,1985-11-01,
1985,12,3.1880195154885618,2.6415564143806027,2.870506863854986,-1.20529135624013,108136785.96000001,69558.0,0.29152684047462873,0.283357988846962,0.14372558840198027,0.28138958227642885,0.5647475711233909,1985-12-01,
1986,1,3.1923990013302643,2.642008998736838,2.8675392797902584,-1.205839322593902,107042780.78,67588.0,0.2953366489513577,0.2822614658348378,0.14202475121835115,0.2803771339954534,0.5626385998302911,1986-01-01,0.0
1986,2,3.1924532824402383,2.641086375010164,2.8627334460756604,-1.2044432286930935,106642441.07000001,67779.0,0.2939140802246454,0.28531941302832364,0.14212605739258327,0.27864044935444765,0.5639598623827713,1986-02-01,
1986,3,3.192117680238082,2.638859140720594,2.860733930893659,-1.2048352110844767,107686236.09,67216.0,0.2941317315012119,0.2871059075196989,0.14166799262303012,0.27709436835605905,0.5642002758757579,1986-03-01,
1986,4,3.1872495770243447,2.637491003986745,2.8684075201272483,-1.2063222503349273,108263653.69,68173.0,0.29292656500220504,0.2837948742056721,0.14271661959832016,0.2805619411938027,0.5643568153994748,1986-04-01,0.0
1986,5,3.185945079316203,2.6435897126356926,2.8833912253951777,-1.2084100355833185,109161486.0,68836.0,0.2893109938060022,0.2804352535105651,0.1429006953056685,0.2873530573777642,0.5677883108883293,1986-05-01,
1986,6,3.180662599750058,2.6472352662281264,2.889694789959339,-1.2073571962756968,111050559.64999999,69769.0,0.28493554431177515,0.28229870276029717,0.1419150811996831,0.29085067172824464,0.5731493744885419,1986-06-01,
1986,7,3.183345875306817,2.650708712666142,2.895894543024274,-1.2087866234045261,111898181.43,68658.0,0.2815724058903501,0.2813957525279148,0.145315957794829,0.29171588378690594,0.5731116363148208,1986-07-01,0.0
1986,8,3.1825644509372233,2.650978816013021,2.894885062214866,-1.208029405277555,111635083.7,68758.0,0.28253159297805946,0.28326364653408687,0.14389268021841414,0.29031208026943955,0.5735757268035263,1986-08-01,
1986,9,3.1910005393692042,2.63908298231167,2.8763587023330515,-1.208964682874694,110380059.87,68523.0,0.29507175207514225,0.28129332070093216,0.1394790574324047,0.2841558697915209,0.565449190492453,1986-09-01,
1986,10,3.1894527701184874,2.6386112967752493,2.87628877045816,-1.2087978597066833,111051202.08,68926.0,0.2925405131283204,0.2838589197556933,0.14205009729328272,0.2815504698227036,0.5654093895783968,1986-10-01,0.0
1986,11,3.1909045973088377,2.634756928947046,2.8690967329962733,-1.2083131151260678,110898016.97,68797.0,0.2934207835186325,0.28518486916276914,0.14141519486540916,0.2799791524531893,0.5651640216159585,1986-11-01,
1986,12,3.1901595065065957,2.635735001289533,2.8627626343954558,-1.2057222349730539,110643095.57,68044.0,0.2945031082340315,0.2873167927580969,0.1400780194205118,0.2781020795873599,0.5654188723454567,1986-12-01,
1987,1,3.1937821334371383,2.6346229380471566,2.8587688701671303,-1.205443527555571,109008008.25,66931.0,0.29472641557048174,0.28642701707193147,0.14138347830972317,0.2774630890478636,0.5638901061197951,1987-01-01,0.0
1987,2,3.1944181418063913,2.634859649172636,2.8609627865510463,-1.2064258381323723,109428421.63000001,67199.0,0.295194862987443,0.2873372925574564,0.14109247661639693,0.2763753678387036,0.56371266039616,1987-02-01,
1987,3,3.196588259134761,2.632846239251907,2.8581040789043617,-1.2067452332807118,110248821.2,67360.0,0.29748299231701897,0.2848432206184895,0.141948738133084,0.27572504893140753,0.560568269549897,1987-03-01,
1987,4,3.1917529157189013,2.6389594492500303,2.869511649380952,-1.2069485685326429,111128579.22,68475.0,0.29246655143189904,0.2819731571296876,0.1452922062292879,0.2802680852091254,0.562241242338813,1987-04-01,0.0
1987,5,3.1892040336671794,2.6363200385507737,2.8746168135704564,-1.2088349057770091,112448681.19999999,69168.0,0.29164968357138904,0.2803619681757548,0.14562823454438167,0.2823601137084746,0.5627220818842293,1987-05-01,
1987,6,3.185113776820089,2.645018050365416,2.8858840990342944,-1.208391299408713,113555718.77,69873.0,0.28876416331277655,0.28180279229102184,0.1448982556600835,0.2845347887361182,0.56633758102714,1987-06-01,
1987,7,3.1853025575364597,2.6466142254737766,2.8884712930732217,-1.208514181259936,114831988.88,70120.0,0.28853467211670575,0.27895354545739365,0.14590321428211425,0.2866085681437864,0.56556211360118,1987-07-01,0.0
1987,8,3.1858607567702313,2.645322445176274,2.887471804044977,-1.208553537871252,114641623.4,70056.0,0.2883371873989007,0.27924310595552854,0.1443499174140271,0.2880697892315436,0.5673128951870722,1987-08-01,
1987,9,3.1940123348909824,2.6411682271670007,2.876450021868765,-1.209091677319526,113008415.76,69645.0,0.2975401584374887,0.2807264453416845,0.13907347965462707,0.2826599165661996,0.5633863619078842,1987-09-01,
1987,10,3.1947942056582534,2.6349825564473903,2.868989761037339,-1.2090695090660488,113957209.5,70026.0,0.29753170930356976,0.2814958704302074,0.14032245296424184,0.280649967301981,0.5621458377321884,1987-10-01,0.0
1987,11,3.192888217002946,2.638564019115516,2.87137531527322,-1.2080613332028176,113866579.05,69835.0,0.2939941147726964,0.2826125467058194,0.14162400815535875,0.28176933036612556,0.564381877071945,1987-11-01,
1987,12,3.195998627723534,2.633331251865798,2.8586873188902824,-1.2067882157096996,113759159.19,69321.0,0.2973231458533251,0.286823290558113,0.14120569529852905,0.27464786829003285,0.5614711588481459,1987-12-01,
1988,1,3.2009943949192787,2.63062833633674,2.8533442016470314,-1.2074007480517368,112118491.91,68170.0,0.3033327856148828,0.28187929155673214,0.14135590222460387,0.27343202060378125,0.5553113121605133,1988-01-01,0.0
1988,2,3.202208857420052,2.629123583468644,2.854361694738814,-1.2084073268759328,112335545.74,68424.0,0.3028835740803693,0.2816991694084238,0.14047157438948676,0.2749456821217202,0.556644851530144,1988-02-01,
1988,3,3.204677800678115,2.628739035159308,2.850261534449958,-1.2080284224878075,112800068.17,68309.0,0.30498904874908284,0.2830291770026685,0.13745374299448884,0.27452803125375985,0.5575572082564283,1988-03-01,
1988,4,3.203720942042325,2.625999393026693,2.854340551463016,-1.210042852879354,113908088.04,64535.0,0.3049092379445753,0.27981959848897836,0.14035172080481179,0.27491944276163444,0.5547390412506128,1988-04-01,0.0
1988,5,3.2008363730385545,2.631116049493564,2.8683352127381614,-1.2118740873386111,114228902.71000001,64817.0,0.30068619863397444,0.2738620491647371,0.14335436191287562,0.28209739028841274,0.5559594394531499,1988-05-01,
1988,6,3.1947154020467163,2.633737375093291,2.876582303291884,-1.2115134717832532,116270265.80000001,65725.0,0.29526052326268953,0.275681586684736,0.1435022581671951,0.2855556318853792,0.5612372185701152,1988-06-01,
1988,7,3.192778617210843,2.637650280555583,2.8794295977692754,-1.210494371381214,117089418.11000001,66232.0,0.29488740901899757,0.2761363397469872,0.1450623585304962,0.28391389270351886,0.5600502324505061,1988-07-01,0.0
1988,8,3.193062871635531,2.6399310063470285,2.8814192779854078,-1.210521232855291,116775934.94999999,65717.0,0.2936019786497972,0.27877661783601937,0.14583711616003636,0.28178428735414723,0.5605609051901665,1988-08-01,
1988,9,3.2024287635051683,2.633101025229251,2.8683608472808517,-1.2114171046394246,115619365.47,65695.0,0.3054300328188785,0.27551488455682144,0.14177627479069055,0.27727880783360953,0.5527936923904311,1988-09-01,
1988,10,3.1983591231483643,2.6328745082435265,2.863622098533415,-1.2091879713578788,116383427.64,66323.0,0.30357245036025304,0.27679212679356,0.14207932130293116,0.2775561015432558,0.5543482283368159,1988-10-01,0.0
1988,11,3.1997279117704776,2.628974095814909,2.86039837564101,-1.2096596858531614,116445619.14000002,66548.0,0.3040999473533307,0.27656745258299975,0.1419098913470726,0.27742270871659686,0.5539901612995966,1988-11-01,
1988,12,3.199660320487865,2.6286690393590053,2.855223126562829,-1.2085756370929939,116055711.55,66612.0,0.3038287110480432,0.2797847530839597,0.14080569040292099,0.2755808454650761,0.5553655985490359,1988-12-01,
1989,1,3.2039401888860812,2.629652605626015,2.8502365132733396,-1.2076949019011356,114972872.78999999,65189.0,0.3074646420688085,0.27734865387110247,0.1397374084001959,0.2754492956598932,0.5527979495309957,1989-01-01,0.0
1989,2,3.2090931686304622,2.6278762058378193,2.8493014167952353,-1.2094330490737377,115032778.89,65157.0,0.31076730150268217,0.27557263134808724,0.13997347334708035,0.2736865938021503,0.5492592251502375,1989-02-01,
1989,3,3.2080147362801936,2.628891904390423,2.854247967521495,-1.2103993588692996,115885842.03,64377.0,0.3112598142977829,0.2748025187732245,0.13828725036015513,0.27565041656883754,0.550452935342062,1989-03-01,
1989,4,3.206579756237917,2.6286922029188227,2.8554035003834297,-1.2102136583686884,116449539.31,66322.0,0.3106194831197053,0.2769465917262803,0.13930524316472712,0.27312868198928725,0.5500752737155676,1989-04-01,0.0
1989,5,3.2033255588144787,2.6285501797644675,2.8628280126748504,-1.2117117243474373,117156660.71,67369.0,0.3096505013897473,0.2741639564950349,0.1411980683791205,0.2749874737360974,0.5491514302311322,1989-05-01,
1989,6,3.1994924804190537,2.635929893094655,2.8709280038897917,-1.2105933350560887,118902102.82999998,68557.0,0.3007787932996644,0.27693199780561023,0.14386169809340119,0.27842751080132433,0.5553595086069346,1989-06-01,
1989,7,3.1963503111489566,2.636950731084933,2.8753769096117776,-1.2108121210494556,119574838.55999999,69357.0,0.298115712630572,0.2753431455688683,0.14883049171812324,0.27771065008243656,0.5530537956513049,1989-07-01,0.0
1989,8,3.1961750252893237,2.6333180203607305,2.8722494867588444,-1.210819193869095,119104661.94,69223.0,0.29724386076369225,0.2783079924839422,0.1470509997234454,0.2773971470289201,0.5557051395128623,1989-08-01,
1989,9,3.2017583126445652,2.6271153193101004,2.864586322961168,-1.2121738232274017,117528575.92,68754.0,0.30650749988258685,0.2739319347484867,0.14296631290280676,0.27659425246611974,0.5505261872146063,1989-09-01,
1989,10,3.2074392515053827,2.6230260446472204,2.8568999417381424,-1.2127971849109178,118242301.1,69880.0,0.31255780863689575,0.2747734582103799,0.13801243301412713,0.2746563001385973,0.5494297583489772,1989-10-01,0.0
1989,11,3.2037061611518443,2.629195555669072,2.854884423644315,-1.209148240715113,118224418.42999999,70327.0,0.307141168484579,0.2804855399617296,0.1369457657310127,0.2754275258226787,0.5559130657844082,1989-11-01,
1989,12,3.203451928482074,2.6286786288774855,2.8511317009028456,-1.2080072262818216,117718935.27000001,70186.0,0.30729045201633515,0.2838358504803354,0.13624625395407725,0.2726274435492522,0.5564632940295875,1989-12-01,
1990,1,3.207613628064532,2.6245532224486374,2.8421151780725653,-1.207799183434173,116963226.44,69371.0,0.31097438850713016,0.2836411941578789,0.13900425035162872,0.26638016698336214,0.550021361141241,1990-01-01,0.0
1990,2,3.2050004052133008,2.6286851984632045,2.8490947837017826,-1.2080230339240028,117075562.88,69356.0,0.31088424436879375,0.2822544856254122,0.1386139803285309,0.2682472896772632,0.5505017753026754,1990-02-01,
1990,3,3.2049150219880587,2.627476040870032,2.847573800180867,-1.2077021168426139,117927945.22999999,69627.0,0.31062698488094403,0.28183503151164,0.14044181731224423,0.2670961662951719,0.5489311978068119,1990-03-01,
1990,4,3.20210383866833,2.628956926202291,2.8544590719213856,-1.2089801597835186,118297127.18,70560.0,0.30841663673273323,0.280117647316818,0.14235268794293301,0.2691130280075158,0.5492306753243337,1990-04-01,0.0
1990,5,3.2001572800608127,2.6289554497830236,2.862873041198246,-1.2110184813346965,119194544.55000001,71256.0,0.30675615891683866,0.27903966331318136,0.14270718650940137,0.27149699126057864,0.5505366545737599,1990-05-01,
1990,6,3.1963324213035653,2.6330190612262796,2.8732745896508516,-1.21174596618252,120582516.56,71425.0,0.30169532456140336,0.2733483416196501,0.14882501180069913,0.2761313220182473,0.5494796636378975,1990-06-01,
1990,7,3.1946814415013396,2.6346561304559626,2.875416561683996,-1.2112675117770273,120836127.81,71890.0,0.29816291297128417,0.2732189326019417,0.15159240131231744,0.2770257531144567,0.5502446857163984,1990-07-01,1.0
1990,8,3.1963376437336852,2.6359891829144253,2.877914438360899,-1.2120650481522504,120003673.0,71110.0,0.29924733370452755,0.2718464783990403,0.15034174028989927,0.2785644476065328,0.5504109260055732,1990-08-01,
1990,9,3.2008226144942666,2.6299139007929044,2.8653625301162484,-1.21139200334187,118808690.99000001,70696.0,0.30403883317795655,0.2746975514842342,0.14558378495606722,0.275679830381742,0.5503773818659762,1990-09-01,
1990,10,3.205232310448846,2.6268360872052154,2.8631753293327145,-1.213183375415179,119266346.38,70672.0,0.3077355985489861,0.275131133181947,0.14363112177026177,0.27350214649880517,0.5486332796807522,1990-10-01,1.0
1990,11,3.2071379928113664,2.6288144234319955,2.858023194500273,-1.2112731277398723,118435139.16000001,70102.0,0.308385305569307,0.2764301608644304,0.14339483239899625,0.27178970116726625,0.5482198620316967,1990-11-01,
1990,12,3.205534296297735,2.624132687720552,2.85334169127184,-1.2107687934293945,117979832.44999999,70034.0,0.3088583954841852,0.2782679472266025,0.14359806382315302,0.26927559346605945,0.547543540692662,1990-12-01,
1991,1,3.209241891934287,2.622088175516052,2.8431496603795234,-1.2096299760882006,115833569.27000001,67915.0,0.3143544357605376,0.27970563683900196,0.14342776843278052,0.2625121589676798,0.5422177958066818,1991-01-01,1.0
1991,2,3.2120576786722865,2.6213391209847403,2.8391691753822723,-1.209467612129151,115865538.18,67957.0,0.3169695344006902,0.27761150619289343,0.1442753423716933,0.261143617034723,0.5387551232276164,1991-02-01,
1991,3,3.2105249032677428,2.6181058128490835,2.835780481927063,-1.2090122967947685,116421618.93,67851.0,0.31576203799487906,0.279572366791859,0.14449958465287252,0.2601660105603893,0.5397383773522483,1991-03-01,
1991,4,3.209564733919476,2.6190059348601915,2.841824942662931,-1.210143173960143,117647986.53,68689.0,0.31390401526831807,0.280174410138288,0.14648119987676594,0.25944037471662795,0.5396147848549159,1991-04-01,0.0
1991,5,3.206371173163384,2.621108207558359,2.853207814396889,-1.2120532414195468,117475841.24000001,68444.0,0.311916403604551,0.2764847989778907,0.14692232213718429,0.26467647528037397,0.5411612742582647,1991-05-01,
1991,6,3.201170371883063,2.6259581799198313,2.862565139906589,-1.2117823750504413,119259437.14,69093.0,0.30466519699692085,0.2746823599506383,0.15210105418077607,0.2685513888716648,0.5432337488223031,1991-06-01,
1991,7,3.198267663731778,2.627053992238286,2.8664119678320983,-1.2117100273788206,119702695.48000002,69443.0,0.30164467404188816,0.27148558768611614,0.15676329455033253,0.2701064437216631,0.5415920314077792,1991-07-01,0.0
1991,8,3.1994564153791605,2.6319616597170254,2.8661040441817147,-1.2101487995286289,118689052.86,69026.0,0.3030067226370147,0.2735614585980276,0.1531251666608,0.2703066521041577,0.5438681107021852,1991-08-01,
1991,9,3.2042101247698316,2.624867910943719,2.8573615749943944,-1.2109708351483357,118133415.07,68884.0,0.31146112307172125,0.27029050155774864,0.14760838141915572,0.27063999395137445,0.5409304955091231,1991-09-01,
1991,10,3.2063033630766755,2.6211893947573377,2.8507066979911198,-1.210952306903589,118296827.96000001,68827.0,0.3132592336502071,0.2743874731871551,0.14586003139352477,0.2664932617691129,0.540880734956268,1991-10-01,0.0
1991,11,3.205626293288897,2.622049982748713,2.848721594614754,-1.2099409723840684,118022953.04,68393.0,0.31390247486388434,0.27480972806202886,0.1458055620262931,0.2654822350477937,0.5402919631098225,1991-11-01,
1991,12,3.2120040477623903,2.614709409632599,2.8355217531747043,-1.210235872491149,117383303.48,68099.0,0.31894133245601514,0.2756604809261754,0.14606336286081154,0.2593348237569979,0.5349953046831734,1991-12-01,
1992,1,3.2075638238263076,2.622697186044791,2.827987853723946,-1.2039147292228474,115816888.36000001,66599.0,0.32186601598316333,0.279128930484763,0.1444856545272151,0.25451939900485854,0.5336483294896215,1992-01-01,0.0
1992,2,3.2056175519895684,2.6228853033032453,2.825137033801585,-1.2023802108246584,115915150.16999999,66828.0,0.320747842844295,0.2806088329463103,0.14653032744287392,0.252112996766521,0.5327218297128313,1992-02-01,
1992,3,3.2048990536611357,2.622394303131472,2.826929395082816,-1.2028993634855831,116975139.25,66448.0,0.31839935928949964,0.28065489359953893,0.14706615773487955,0.2538795893760819,0.5345344829756208,1992-03-01,
1992,4,3.2041591502250695,2.6233405417249585,2.836847735261898,-1.2057888002913062,117950217.56,66683.0,0.31831518013861304,0.27873821286743883,0.14587720918146987,0.25706939781247823,0.5358076106799171,1992-04-01,0.0
1992,5,3.203097088554564,2.625378734720226,2.8428851570896825,-1.2062662109510618,118522388.82,67569.0,0.3155707515041967,0.2777939400968614,0.1471494046284107,0.2594859037705312,0.5372798438673927,1992-05-01,
1992,6,3.194360653250937,2.629700291383831,2.858953957920657,-1.2076989913806313,120048785.86000001,67971.0,0.3094985422287385,0.274774200952506,0.15083145206579932,0.2648958047529561,0.5396700057054621,1992-06-01,
1992,7,3.1905233314827997,2.634430036418612,2.8670827454612846,-1.20722321337813,120871698.85999998,68546.0,0.30694709886532334,0.271307617740883,0.154456561346291,0.2672887220475028,0.5385963397883858,1992-07-01,0.0
1992,8,3.1957273706142693,2.6363707849661107,2.8665939770373545,-1.207865547812333,119974877.36,68177.0,0.30867053223883373,0.2715786950315579,0.15144523945192054,0.2683055332776879,0.5398842283092458,1992-08-01,
1992,9,3.2015813475027186,2.6280492496941323,2.8587574051116986,-1.2102194787009533,118947485.82,67438.0,0.31415191689337046,0.27072574151529893,0.14894399430022354,0.2661783472911072,0.536904088806406,1992-09-01,
1992,10,3.2032264005999918,2.626706292247884,2.849440913201688,-1.2081111545768042,119122392.49000001,67432.0,0.316109834455861,0.27217944126434324,0.1456643007019578,0.2660464235778379,0.5382258648421812,1992-10-01,0.0
1992,11,3.2049368052604774,2.6253108232006097,2.8440244182681766,-1.2073003092509305,119126189.06,67362.0,0.31794198428461,0.2758404069608033,0.14392291162243614,0.2622946971321505,0.5381351040929538,1992-11-01,
1992,12,3.205472953385137,2.621020973594901,2.8362126647880386,-1.2068601365767428,119005255.88,67208.0,0.3166672771831193,0.27767216141546436,0.1465605350875197,0.2591000263138966,0.5367721877293611,1992-12-01,
1993,1,3.211440939553398,2.6194025204427103,2.8268726075635415,-1.2061378937561908,117014283.35000001,65354.0,0.3254089642723945,0.27578402726678747,0.14634228198262086,0.25246472647819707,0.5282487537449845,1993-01-01,0.0
1993,2,3.2100585163561006,2.616575666320842,2.8209446483313876,-1.2044832608385887,117587411.83000001,65857.0,0.32488085727432914,0.27739062262171743,0.14681780839737357,0.25091071170657975,0.5283013343282972,1993-02-01,
1993,3,3.206992203253914,2.6173778935063945,2.827667608713706,-1.2053402758268732,118390681.7,65857.0,0.3241067621963021,0.2766319782074538,0.14712751780700323,0.2521337417892408,0.5287657199966946,1993-03-01,
1993,4,3.203199023999033,2.621260216335606,2.8375405352266023,-1.206093512003508,118836404.21000001,65959.0,0.31911353673228077,0.2763167436636124,0.14846085067352946,0.2561088689305773,0.5324256125941897,1993-04-01,0.0
1993,5,3.202804626134211,2.620144737091033,2.8415986379238394,-1.2077087248232343,120346845.07000001,66697.0,0.31737527633386425,0.27410140831538127,0.15006357964345093,0.2584597357073035,0.5325611440226847,1993-05-01,
1993,6,3.196181896334951,2.620804053688627,2.8514581307099895,-1.2085078904053586,121689329.67,67498.0,0.3122060767614384,0.27231176069309343,0.15393617197825754,0.26154599056721056,0.5338577512603041,1993-06-01,
1993,7,3.194170846945991,2.6233638176100174,2.853469474032836,-1.2075368616037316,122480449.66,67619.0,0.30985092131315095,0.27386556902031545,0.15556484706654855,0.2607186625999851,0.5345842316203006,1993-07-01,0.0
1993,8,3.197175369150697,2.623370945154398,2.8566891174223246,-1.2093681459345207,122029693.82,67219.0,0.3096560852290435,0.27262604197854245,0.15205330472573006,0.26566456806668404,0.5382906100452265,1993-08-01,
1993,9,3.2083093318114386,2.6188492107722063,2.847417073387327,-1.211562335585942,120685148.2,66605.0,0.3183665766919943,0.26914258120785073,0.14878690997041838,0.2637039321297366,0.5328465133375873,1993-09-01,
1993,10,3.2102210575457995,2.61862478880464,2.840092626982882,-1.2097715120266652,121550902.65,66856.0,0.31924793122875256,0.2717703344015438,0.146968960908823,0.2620127734608806,0.5337831078624243,1993-10-01,0.0
1993,11,3.2088918198250522,2.617436815167269,2.834845023708896,-1.2077507563306884,121821499.63,66613.0,0.3194167102538073,0.2730980443603656,0.14749792445975657,0.25998732092607063,0.5330853652864362,1993-11-01,
1993,12,3.206310988708471,2.6166935008408037,2.83120272510693,-1.2064580698114113,121695709.85,66068.0,0.3183302238653239,0.27704339102468367,0.14781919594513956,0.2568071891648529,0.5338505801895366,1993-12-01,
1994,1,3.211455094505488,2.615972908194976,2.8212013171890216,-1.2048765501593575,119839857.6593,64302.0,0.32686198404425576,0.2766479927984725,0.14484463936821895,0.2516453837890527,0.5282933765875254,1994-01-01,0.0
1994,2,3.2114457826374205,2.6134468039041816,2.8195596944717107,-1.205368563834378,120486297.34099999,64443.0,0.32587595715781936,0.2760230293157416,0.14752092998837338,0.2505800835380657,0.5266031128538072,1994-02-01,
1994,3,3.2101494423124888,2.6155984982988554,2.8234398008936332,-1.2054162918489355,120873963.00639999,64453.0,0.32697162562137044,0.2741849056669485,0.14852963245483572,0.25031383625684545,0.5244987419237939,1994-03-01,
1994,4,3.2116822773358025,2.6166430167612917,2.8283272691419308,-1.2068285400314518,121606887.81959999,65233.0,0.3274616546068845,0.2724696466408508,0.14860761293808303,0.2514610858141817,0.5239307324550325,1994-04-01,0.0
1994,5,3.213209375034105,2.6135922573763954,2.8362004289653706,-1.2109989734520672,122946033.47219999,65676.0,0.3279624595072224,0.2683436990910322,0.14718689658818312,0.2565069448135624,0.5248506439045946,1994-05-01,
1994,6,3.2053593984726176,2.619592888715328,2.8410765375987403,-1.2080163094417882,123853792.2743,65842.0,0.31977866673137234,0.26968960774833717,0.15181340916762226,0.25871831635266823,0.5284079241010053,1994-06-01,
1994,7,3.2064685453438195,2.622080878532782,2.8430907577747573,-1.207865200384338,124794760.53909999,65871.0,0.31691198318144737,0.27197263042598546,0.15297126725139093,0.2581441191411763,0.5301167495671618,1994-07-01,0.0
1994,8,3.2072063065995113,2.622789282265563,2.8482977390104813,-1.2096838763966364,124671768.9301,65451.0,0.3169805488430741,0.2711156028126222,0.14929693406240074,0.2626069142819031,0.5337225170945252,1994-08-01,
1994,9,3.2140355538304126,2.6171172585728604,2.8394202419645715,-1.2109909813030302,123946459.882,64756.0,0.32716653637793003,0.2691762311111006,0.1443447702446095,0.25931246226635973,0.5284886933774604,1994-09-01,
1994,10,3.2107912193505026,2.6174246868549695,2.840513918318464,-1.210677575974854,125018663.7437,66017.0,0.32713179354999244,0.2677467409835982,0.1446922918603948,0.2604291736060145,0.5281759145896128,1994-10-01,0.0
1994,11,3.2123603678655073,2.617711902490848,2.8373429265532137,-1.2103926313670745,125087865.0106,66095.0,0.3272713654456483,0.2698733941245167,0.14374245442254796,0.259112786007287,0.5289861801318038,1994-11-01,
1994,12,3.2127478635540254,2.6163868644834314,2.8311406415374667,-1.2092022062224101,124850050.8712,65523.0,0.32879663887321126,0.27446254626080036,0.14162329285024547,0.255117522015743,0.5295800682765434,1994-12-01,
1995,1,3.21412807686185,2.6155541726530633,2.8279127202341567,-1.2086180599379526,122644320.8527,65186.0,0.3312378191656451,0.2716208114113147,0.1430384236117183,0.25410294581132187,0.5257237572226366,1995-01-01,0.0
1995,2,3.217252688713397,2.6114529380583487,2.8213444604150357,-1.2089783063941941,123472381.4188,64732.0,0.3351215007698856,0.2696241294559746,0.14401107902412738,0.2512432907500124,0.520867420205987,1995-02-01,
1995,3,3.21643836635802,2.611740396692804,2.827402412365528,-1.2107319734488615,123955116.59709999,64813.0,0.33396246531358187,0.2677443113798536,0.14486534213158983,0.2534278811749748,0.5211721925548284,1995-03-01,
1995,4,3.214333327410905,2.614045116583212,2.833011482479427,-1.2111370782042117,124371395.03920001,65070.0,0.3312131260843093,0.26760203173575403,0.1461829501339084,0.25500189204602813,0.5226039237817822,1995-04-01,0.0
1995,5,3.2174420218099677,2.6100337261456015,2.8342323317434426,-1.2140534523509594,124771403.0907,65637.0,0.3348596232578088,0.26443604094614254,0.14520485972278374,0.2554994760732649,0.5199355170194074,1995-05-01,
1995,6,3.215025526510534,2.6169537686732154,2.8424594046697695,-1.2130937452199504,125893706.1921,66524.0,0.3289696416293038,0.2657611474432827,0.14783785057769566,0.25743136034971786,0.5231925077930005,1995-06-01,
1995,7,3.2151255666377216,2.618117131974406,2.8413667780863086,-1.2122362196744614,126823853.1772,66890.0,0.32733077881490463,0.26902096728940644,0.14852210478956102,0.2551261491061279,0.5241471163955342,1995-07-01,0.0
1995,8,3.2157069052716754,2.6194811873264863,2.8450822065923287,-1.21301025945891,125962121.05810001,66610.0,0.32916241680604647,0.2650634522381519,0.14861879028589275,0.2571553406699088,0.5222187929080606,1995-08-01,
1995,9,3.217077627806465,2.614998555802387,2.8380590079847825,-1.2127756253972617,125126985.4186,63612.0,0.33409435597803383,0.2653716378518625,0.14382295958777963,0.256711046582324,0.5220826844341865,1995-09-01,
1995,10,3.219536420361802,2.613879254664509,2.8382251128605596,-1.2144106379163595,126079313.0798,63835.0,0.3351557721182583,0.2635315887759492,0.1437970299348395,0.257515609170953,0.5210471979469021,1995-10-01,0.0
1995,11,3.2163211035183528,2.612744309489186,2.8333282017463426,-1.211931612414696,125652308.38620001,63302.0,0.3353614991718527,0.26519927456708586,0.14233736314441045,0.2571018631166509,0.5223011376837368,1995-11-01,
1995,12,3.2177285965627935,2.613535538461639,2.8293362052831097,-1.2106816913561038,125096903.0239,61728.0,0.33493189037697535,0.2685483005936741,0.14175246104223793,0.25476734798711254,0.5233156485807866,1995-12-01,
1996,1,3.2215954831691422,2.6119815499623793,2.8271879405028737,-1.2120324657707788,123146435.97089998,55739.0,0.3383223805993475,0.26558459351132596,0.14210429897650662,0.2539887269128201,0.519573320424146,1996-01-01,0.0
1996,2,3.2196046952708586,2.6096252644815636,2.8233101722584615,-1.2108024611076442,124165754.012,56042.0,0.3383010272328422,0.26696465329076513,0.1423349973132848,0.25239932216310795,0.519363975453873,1996-02-01,
1996,3,3.219182817271788,2.607441922639731,2.8240603696543305,-1.2115869229466363,125064270.4953,56142.0,0.3387874073418299,0.26830325215754586,0.1431043935291862,0.24980494697143807,0.5181081991289839,1996-03-01,
1996,4,3.21777095711487,2.607238390823194,2.8296573549084183,-1.2132579312406233,125586292.67140001,57176.0,0.337353775657304,0.26632079962192223,0.14476207243069764,0.2515633522900761,0.5178841519119983,1996-04-01,0.0
1996,5,3.216424205046896,2.6062186198225348,2.832288819782959,-1.2136890791253676,126563760.94520001,57376.0,0.33549624367424724,0.2650700677259886,0.14752168279816044,0.25191200580160367,0.5169820735275922,1996-05-01,
1996,6,3.2153901424978164,2.6125147295057567,2.8423229304717466,-1.214291103656125,127963558.7954,58418.0,0.33255509337029904,0.2634229186966919,0.14847974769659977,0.25554224023640937,0.5189651589331012,1996-06-01,
1996,7,3.2142642867128375,2.6166949075171777,2.844320083131585,-1.2133413911467235,128848927.1487,58767.0,0.3282871785046661,0.2661698236720322,0.15048423361898075,0.25505876420432094,0.5212285878763531,1996-07-01,0.0
1996,8,3.2182027475093413,2.6152094667720367,2.840311984619508,-1.2137909409509613,128178293.083,58695.0,0.3323093743237657,0.26381996883827236,0.14828345269890958,0.25558720413905234,0.5194071729773247,1996-08-01,
1996,9,3.2205587055444878,2.611905417831528,2.834970092428328,-1.2136427126372507,127643764.81220001,58799.0,0.33753712617055337,0.2638000227777803,0.14493153788685362,0.25373131316481257,0.5175313359425929,1996-09-01,
1996,10,3.22108260292607,2.61135385458185,2.8316953605402304,-1.213206028039114,128553628.19289999,59222.0,0.3398176631487147,0.26357510103064824,0.14353106312108796,0.2530761726995493,0.5166512737301975,1996-10-01,0.0
1996,11,3.2218472139419703,2.6079895635161576,2.826567761892167,-1.2129190238803784,128208691.78830001,59223.0,0.34081752002704363,0.2642223884480147,0.14332085033705066,0.25163924118789094,0.5158616296359056,1996-11-01,
1996,12,3.22166028485241,2.6075291236412825,2.8245145747032927,-1.2123378099166915,127896317.08629999,58918.0,0.34057014795202273,0.2670147543088096,0.1411582728282789,0.25125682491088885,0.5182715792196986,1996-12-01,
1997,1,3.2279923210545616,2.6045897509631533,2.8193045292215353,-1.213803214233625,126408646.05849999,57419.0,0.3453878896155158,0.2642052733382177,0.1389968251298941,0.2514100119163725,0.5156152852545902,1997-01-01,0.0
1997,2,3.2279654626861904,2.6052404347596534,2.8200629014711884,-1.2135935256795742,126933580.7718,56977.0,0.34436290064709996,0.26486244174850476,0.14123349222558754,0.24954116537880783,0.5144036071273126,1997-02-01,
1997,3,3.22631641787334,2.6064349194905723,2.823117124293178,-1.2138445780983966,128269618.97299999,57367.0,0.34500531530085193,0.26298446337710396,0.14174932064643642,0.2502609006756077,0.5132453640527117,1997-03-01,
1997,4,3.225563436693521,2.60815826124653,2.830210727221942,-1.2155176391596916,128769603.9967,58047.0,0.3417942619729414,0.26152803199552466,0.1423076637509083,0.25437004228062565,0.5158980742761503,1997-04-01,0.0
1997,5,3.2201982761183334,2.6120159260427576,2.8372457728944473,-1.214677757164822,129715879.8861,58806.0,0.33854723706581286,0.2616813487084658,0.14413538858015704,0.2556360256455643,0.5173173743540301,1997-05-01,
1997,6,3.2164737325959494,2.6161501352629566,2.8435002128025006,-1.2141960902399171,130553642.07050002,59234.0,0.33564283349779833,0.2591561290509957,0.1468209490743209,0.258380088376885,0.5175362174278806,1997-06-01,
1997,7,3.216413796523861,2.616487081299268,2.844765264885934,-1.2141437433769997,131458635.1031,59195.0,0.33164646616030397,0.26105578196202284,0.1503170576075304,0.2569806942701428,0.5180364762321656,1997-07-01,0.0
1997,8,3.2185576263635762,2.6127473138965702,2.840445925508804,-1.2147700308523708,131097385.6796,59428.0,0.3356587742302129,0.2600721436293712,0.14951752236696322,0.2547515597734527,0.5148237034028239,1997-08-01,
1997,9,3.22551719563883,2.604241360648259,2.827997075206096,-1.2156729388960648,130130939.9218,59361.0,0.3444605465444022,0.2608436869732746,0.14532910617079026,0.24936666031153293,0.5102103472848075,1997-09-01,
1997,10,3.222853363879535,2.6053896901204987,2.8278042546306814,-1.214483409954466,130856614.265,59450.0,0.34319133933309853,0.2609297016660818,0.14443444087224258,0.251444518128577,0.5123742197946588,1997-10-01,0.0
1997,11,3.223270765815685,2.605133652907675,2.829301697110011,-1.2152176476443246,131148721.2103,59634.0,0.34221523469246895,0.261019376406329,0.14523775101136138,0.2515276378898406,0.5125470142961697,1997-11-01,
1997,12,3.2250646439641444,2.6043597882018634,2.822935814094726,-1.214082906719639,130909524.9097,58683.0,0.34344841722337155,0.262985543981216,0.1439979070086994,0.24956813178671303,0.512553675767929,1997-12-01,
1998,1,3.227065289727118,2.6081326880790776,2.8214684161693464,-1.2130081432553013,129258840.43810001,58343.0,0.3436722699456159,0.26152769531294506,0.1448235213951542,0.2499765133462848,0.5115042086592299,1998-01-01,0.0
1998,2,3.2265652572615435,2.606756913847873,2.8204358267842333,-1.213129386428088,129894218.4314,58062.0,0.3443297384711624,0.26207589542700394,0.14466567294235705,0.24892869315947658,0.5110045885864806,1998-02-01,
1998,3,3.2278824504376398,2.6049136807846045,2.8194002277026144,-1.2139994375679817,130681908.12319998,57898.0,0.34557372413115767,0.2630252321522219,0.1434911813785416,0.24790986233807905,0.5109350944903008,1998-03-01,
1998,4,3.227366647192336,2.60527157167934,2.8257813246460923,-1.2152288869540109,131183746.245,58721.0,0.3451635082774275,0.2602391544341279,0.1426472633023562,0.25195007398608843,0.5121892284202163,1998-04-01,0.0
1998,5,3.226627226441941,2.604559217197476,2.8322119859037653,-1.217665222814303,132043261.8103,59634.0,0.3448609502113037,0.25709146614819506,0.14504804091492085,0.2529995427255805,0.5100910088737755,1998-05-01,
1998,6,3.2235504583154455,2.6061265037406334,2.8368503633932063,-1.217477522195965,132806529.019,59861.0,0.3408957053807421,0.25776872950502605,0.14952452099293276,0.2518110441212991,0.5095797736263251,1998-06-01,
1998,7,3.2247803630819725,2.6061293143159254,2.8346679063620392,-1.2169387737009036,133327502.81400001,60160.0,0.3398995314306705,0.25935182529698647,0.14974659741698504,0.25100204585535796,0.5103538711523444,1998-07-01,0.0
1998,8,3.2257288867142933,2.606589757326869,2.8321121095010855,-1.216257408316494,132836962.5381,59983.0,0.3402439102312107,0.26130099218163344,0.14913971578518873,0.24931538180196708,0.5106163739836006,1998-08-01,
1998,9,3.2310384408077653,2.599284977342974,2.8220205140702053,-1.2169722369455878,132506324.1176,59759.0,0.34852042067074473,0.2585653425582369,0.1461462858347289,0.2467679509362896,0.5053332934945264,1998-09-01,
1998,10,3.2330475178838314,2.597022614456731,2.8229294602570074,-1.21871595471687,133153817.109,59999.0,0.3495043168804092,0.258509503786305,0.14340698316044997,0.24857919617283575,0.5070886999591407,1998-10-01,0.0
1998,11,3.2313428653694896,2.597900144988981,2.8229658761273893,-1.218068789361755,133132806.02159998,60231.0,0.3466409317107953,0.25853511240058774,0.14679057134669968,0.24803338454191737,0.5065684969425052,1998-11-01,
1998,12,3.2321206017460287,2.598807897790704,2.821681628579583,-1.2176589630396402,133118849.1628,59793.0,0.34771647434009706,0.25918503100642554,0.14316952653333112,0.24992896812014626,0.5091139991265717,1998-12-01,
1999,1,3.234612190612173,2.598725239674738,2.8156785454638653,-1.2165574558390706,131505790.5149,59155.0,0.34928035884926084,0.2604168177364007,0.14235926087816525,0.24794356253617317,0.5083603802725739,1999-01-01,0.0
1999,2,3.235904104258024,2.594108904743644,2.8114426211557153,-1.2175048954554375,132031961.73969999,58742.0,0.3490894471602868,0.2630383640013536,0.1443636314680975,0.24350855737026222,0.5065469213716158,1999-02-01,
1999,3,3.235901964298432,2.592598326770731,2.8107178995824778,-1.2176384137150902,132517974.42700002,58378.0,0.35137332709571595,0.2606671450817315,0.14428511547263959,0.2436744123499128,0.5043415574316442,1999-03-01,
1999,4,3.2377128532364265,2.5895541646293894,2.811488367109737,-1.2193708928785132,132562227.2611,58815.0,0.3564655687477764,0.25658212241113304,0.14368472928403592,0.24326757955705464,0.4998497019681877,1999-04-01,0.0
1999,5,3.235628730741201,2.593803285434422,2.817354710248288,-1.2191046072138423,133409990.48730001,59265.0,0.3541266638767762,0.2559514198065293,0.14582910089220064,0.24409281542449385,0.500044235231023,1999-05-01,
1999,6,3.235099096094548,2.5968703117532295,2.824085969792469,-1.2196354203957518,134333849.8549,59982.0,0.3521038746398638,0.2539042971763372,0.148307735279823,0.2456840929039759,0.49958839008031314,1999-06-01,
1999,7,3.233076530186368,2.59776656098428,2.827455585481883,-1.2197367960387864,135077187.40870002,60453.0,0.3491591413877952,0.25467364158993683,0.1493698780309404,0.2467973389913274,0.5014709805812643,1999-07-01,0.0
1999,8,3.2320368403057578,2.5979257749767375,2.8250330206795526,-1.2186487939710662,134569480.1241,60587.0,0.3485899899222319,0.25756947658291934,0.14872189288197898,0.24511864061286984,0.5026881171957891,1999-08-01,
1999,9,3.236255866540166,2.594598232117394,2.822732220583875,-1.2203333786263664,134125737.8294,60582.0,0.35398307873533946,0.25454299325402435,0.14419744262134152,0.24727648538929467,0.501819478643319,1999-09-01,
1999,10,3.2337164657232065,2.5984309343584764,2.825415727960242,-1.2192182794473403,134988652.36479998,60890.0,0.3539616299618638,0.2561435072353997,0.1400399577337318,0.24985490506900493,0.5059984123044047,1999-10-01,0.0
1999,11,3.2302574654005074,2.5982842996065587,2.82702707616452,-1.2186066913794396,134982090.0313,61401.0,0.35000983498140154,0.2587039501811134,0.1398727447079978,0.2514134701294872,0.5101174203106006,1999-11-01,
1999,12,3.2368455597495975,2.594793699121603,2.8194273620827204,-1.219581385487883,135049159.82619998,60517.0,0.3537354885967394,0.25903731898532867,0.13895483308189666,0.2482723593360354,0.5073096783213641,1999-12-01,
2000,1,3.235872574025809,2.593670541792214,2.8117806679532262,-1.217212783464924,135024747.7187,60259.0,0.3540523428171473,0.2584743418081316,0.14180277687160817,0.24567053850311296,0.5041448803112446,2000-01-01,0.0
2000,2,3.2374684170562555,2.589450580071973,2.8081496667643955,-1.2180720308623825,135741255.1616,59816.0,0.3533779334366264,0.258812378991751,0.14371688151531645,0.2440928060563062,0.5029051850480573,2000-02-01,
2000,3,3.235170690872648,2.59280301476923,2.810290882212913,-1.2170697776307065,136216783.8901,59405.0,0.3517505952677417,0.25746318011659414,0.1464574113274886,0.24432881328817554,0.5017919934047697,2000-03-01,
2000,4,3.2321452942017617,2.5924175075860028,2.817328697113924,-1.218635070286059,136867373.0805,60248.0,0.35027549696670823,0.2561763351334127,0.14773835260874818,0.24580981529113083,0.5019861504245435,2000-04-01,0.0
2000,5,3.2354427893158793,2.592414804627553,2.8193228625149844,-1.2203317782254401,136645809.7468,60157.0,0.3512672527378693,0.25674584108073306,0.14525441090713587,0.24673249527426175,0.5034783363549948,2000-05-01,
2000,6,3.2322205934360717,2.597956155195967,2.8320170000907527,-1.2212900222649927,137843743.2862,60501.0,0.34848034850130943,0.2524113772052742,0.147063916832339,0.25204435746107756,0.5044557346663517,2000-06-01,
2000,7,3.2330285976980058,2.5992756506644428,2.834486280529538,-1.2217551229554915,137887546.5878,60455.0,0.34456665927946617,0.2557604752597743,0.1465907911395706,0.25308207432118895,0.5088425495809633,2000-07-01,0.0
2000,8,3.234167801898329,2.5984692193463523,2.837655859582049,-1.2232025652968794,137735221.3232,60250.0,0.3450124459762691,0.2558219627158281,0.14450704090564698,0.25465855040225593,0.5104805131180841,2000-08-01,
2000,9,3.2377489514929603,2.5930584694706305,2.827691421439009,-1.2226728683669532,137269607.9297,59675.0,0.35192090702000145,0.2537034937364676,0.14369788968583608,0.250677709557695,0.5043812032941625,2000-09-01,
2000,10,3.235421822242507,2.593794298329752,2.8263209688001694,-1.2214570334931485,138049030.5341,60088.0,0.3501929474626656,0.2557281031124639,0.14404808432963215,0.25003086509523836,0.5057589682077023,2000-10-01,0.0
2000,11,3.2368958542011343,2.593561158984376,2.8181793114834717,-1.2193350544728958,137857499.2224,59573.0,0.35157724153844705,0.2571184712869109,0.14528889769056197,0.24601538948408005,0.5031338607709909,2000-11-01,
2000,12,3.238068218703962,2.591910504845661,2.815825042501145,-1.2196553967851418,138076425.2274,59365.0,0.3517544036384998,0.25981723146596214,0.1437267885652205,0.24470157633031747,0.5045188077962797,2000-12-01,
2001,1,3.241800090372878,2.591859666237708,2.8078725029070815,-1.218304297788332,136505136.283,58406.0,0.3565630881228722,0.2596282834070448,0.14150756892585611,0.24230105954422698,0.5019293429512718,2001-01-01,1.0
2001,2,3.242728603834923,2.5872460669742776,2.8048383560834083,-1.2192590986298888,137120996.126,57917.0,0.3584556463004002,0.25768977813675664,0.14407337590843314,0.2397811996544101,0.4974709777911667,2001-02-01,
2001,3,3.2430498781802157,2.5869621976062995,2.8087313361297825,-1.2206092677085305,137408381.8228,56882.0,0.36027394417787806,0.25434722922630965,0.14449370839549136,0.24088511820032085,0.4952323474266306,2001-03-01,
2001,4,3.245713555053559,2.588134804021222,2.811777915257166,-1.2219676010356726,135380065.2846,68808.0,0.36100296211305977,0.2527220401672529,0.1441670579665482,0.2421079397531393,0.4948299799203922,2001-04-01,1.0
2001,5,3.242551391712576,2.59126618849646,2.8202815035046576,-1.22261890695531,137289414.8273,57651.0,0.35942136736085634,0.2498198304533812,0.14528613659174608,0.24547266559401634,0.49529249604739745,2001-05-01,
2001,6,3.2436803871739506,2.58910965648007,2.82109667699376,-1.2239646426412896,136105763.5524,69521.0,0.35666868702669274,0.2500968695722788,0.1509530434909912,0.24228139991003728,0.49237826948231606,2001-06-01,
2001,7,3.2389398228838733,2.5930769968423175,2.8293366285300494,-1.2236191732331074,138348191.7752,70501.0,0.35252655514896764,0.2512494150381153,0.1522055253798749,0.24401850443304213,0.49526791947115745,2001-07-01,1.0
2001,8,3.2429711295655244,2.593887642074774,2.8298489228242527,-1.224647079386263,137019871.257,70231.0,0.35614236327715865,0.2500673755760045,0.14683381387334477,0.24695644727349209,0.49702382284949653,2001-08-01,
2001,9,3.2424287757965233,2.587611895738305,2.8237286008789364,-1.224306482915523,137049815.6642,70350.0,0.36081854371597893,0.24933816962459665,0.1456914419448997,0.2441518447145247,0.4934900143391213,2001-09-01,
2001,10,3.24564543797024,2.588747845242415,2.8205870771067443,-1.2237364616448827,137135404.8153,70371.0,0.36245324969977755,0.24887462035691765,0.1434561776588355,0.2452159522844694,0.49409057264138695,2001-10-01,1.0
2001,11,3.2459545228869606,2.585971273908581,2.8118889904230073,-1.222181215895523,136630491.9367,69589.0,0.3618778043001329,0.2508853878011436,0.1466468000516513,0.24059000784707232,0.49147539564821596,2001-11-01,
2001,12,3.24584077855286,2.583283518811414,2.8061453717785834,-1.2213906521612963,136417949.6837,68977.0,0.3611331862854297,0.254497938289629,0.14669892754070027,0.23766994788424106,0.4921678861738701,2001-12-01,
2002,1,3.2505648678070522,2.5809169926372997,2.8015873680984162,-1.2225068224171616,134015994.2578,67718.0,0.36372155037952103,0.2539632514267534,0.1466496386781545,0.2356655595155711,0.4896288109423245,2002-01-01,0.0
2002,2,3.249764242958972,2.5789713222371105,2.80387521600881,-1.223527606805547,135448042.2321,67848.0,0.36429679391191727,0.2512236762240608,0.14774987647002866,0.23672965339399327,0.48795332961805404,2002-02-01,
2002,3,3.2477642702065928,2.5804162642467796,2.8064627922689036,-1.2234407276830395,135884473.2617,67339.0,0.36481792653401357,0.24899563299655175,0.1491901918960007,0.23699624857343402,0.4859918815699857,2002-03-01,
2002,4,3.2453258785130608,2.5788560731301207,2.8077503936548727,-1.2234007342402509,136167838.567,68348.0,0.3647425107226201,0.24826692046423368,0.14996510294207493,0.23702546587107123,0.4852923863353049,2002-04-01,0.0
2002,5,3.2408851333400865,2.5796802533106824,2.814369117985868,-1.2240762800834288,136991438.4122,68845.0,0.36174412287860697,0.24764040942633675,0.15144700371911962,0.23916846397593663,0.48680887340227336,2002-05-01,
2002,6,3.2377473306592885,2.5835648993968396,2.8187219718215535,-1.2231342185804421,137514999.8655,69273.0,0.35585350792104353,0.2498280161778851,0.15517720955511277,0.23914126634595861,0.4889692825238437,2002-06-01,
2002,7,3.2392132952093724,2.5845497897766823,2.823406621198582,-1.224806995141923,137785365.976,69747.0,0.3553627146247788,0.24908980733467842,0.15577166638900186,0.23977581165154085,0.48886561898621933,2002-07-01,0.0
2002,8,3.2423750150674047,2.584234695035141,2.8205241965599344,-1.2249372081442806,137455871.6569,69458.0,0.357549601386802,0.24985725181697607,0.15295051716071703,0.23964262963550506,0.4894998814524811,2002-08-01,
2002,9,3.2465671870807213,2.581879241839311,2.8174455221066834,-1.2257914751816654,137539670.1801,69665.0,0.36335663214881553,0.24610478301479513,0.14950062104973016,0.24103796378665926,0.4871427468014544,2002-09-01,
2002,10,3.245317104273057,2.5814607763723543,2.8160211518935987,-1.2253075925221173,137979258.6512,69955.0,0.3633708865703052,0.24438491454097067,0.152269664466104,0.23997453442262012,0.48435944896359084,2002-10-01,0.0
2002,11,3.2457816132342976,2.5821753650410826,2.8125242686318366,-1.224188522272654,137162599.507,69631.0,0.36101230046367644,0.24976651756845447,0.1518473672900685,0.2373738146778006,0.487140332246255,2002-11-01,
2002,12,3.2444678406254357,2.5812297133456723,2.8097990829932424,-1.2233475606516435,137158757.2604,69266.0,0.3609226261318171,0.2513618550417847,0.15285828011619926,0.23485723871019898,0.4862190937519837,2002-12-01,
2003,1,3.2511820635273447,2.585974451498308,2.789542324233803,-1.2176305789161848,135906819.3173,68009.0,0.3506249061612333,0.2602887838939882,0.15828818411219794,0.23079812583258058,0.4910869097265688,2003-01-01,0.0
2003,2,3.2510914463843954,2.586839925214106,2.7872913143143565,-1.2162640991013387,136409552.7232,67830.0,0.35386262397069196,0.2607305921621943,0.15464820706000426,0.23075857680710954,0.4914891689693039,2003-02-01,
2003,3,3.248406134897829,2.587178536611646,2.790538127336613,-1.216422984419315,136867960.7915,67656.0,0.3531627858344031,0.25856369400732526,0.15837115089644965,0.22990236926182195,0.4884660632691472,2003-03-01,
2003,4,3.244572659813948,2.589338488008434,2.794104975218089,-1.2157358328843924,137371890.7453,68252.0,0.34929912340994484,0.25966953840824564,0.16003317963396493,0.23099815854784464,0.49066769695609025,2003-04-01,0.0
2003,5,3.2442374777224097,2.587087943477149,2.8018427491710383,-1.218835489192072,137835473.1944,68496.0,0.3486861992356307,0.25512373302918867,0.16469865414531265,0.23149141358986788,0.4866151466190565,2003-05-01,
2003,6,3.242563449375289,2.588804763993109,2.8058714668887776,-1.219025298176844,138658091.1571,68099.0,0.34461400699697464,0.2559873286405219,0.16643791476872852,0.23296074959377502,0.48894807823429687,2003-06-01,
2003,7,3.2421039737269006,2.5925825159057094,2.813955656988384,-1.2201646496272642,138766408.4096,67822.0,0.34051450347641243,0.2563729214068124,0.16756775036984634,0.23554482474692898,0.49191774615374123,2003-07-01,0.0
2003,8,3.243584560098738,2.5922269212935287,2.817093204882959,-1.2216657711856729,138217308.0118,67448.0,0.34109522933679964,0.2560924457440461,0.16355336563905637,0.23925895928009788,0.49535140502414393,2003-08-01,
2003,9,3.247828264253752,2.5905777277978608,2.8142601449774287,-1.2223514922522307,137906729.3753,67610.0,0.34656140114261946,0.2552648485832704,0.15710954375719252,0.24106420651691773,0.4963290551001881,2003-09-01,
2003,10,3.2500801018682024,2.5896605102347428,2.810650887471039,-1.22236692537999,138823410.5119,67598.0,0.34730514767296444,0.25566554973202865,0.15685447229906108,0.24017483029594577,0.4958403800279744,2003-10-01,0.0
2003,11,3.2482369945374048,2.5905257366394268,2.805358729538915,-1.2198084563832905,138924442.9084,67519.0,0.34589443465239544,0.26018721790472216,0.15584861420517435,0.23806973323770814,0.49825695114243024,2003-11-01,
2003,12,3.2510890842385205,2.589765391534879,2.8027856823947643,-1.220286935412884,138678670.0991,67033.0,0.34855211645063,0.25809634548141147,0.1553078754592108,0.2380436626087478,0.49614000809015935,2003-12-01,
2004,1,3.250622804979707,2.5878195128165253,2.7983024971242934,-1.2191938468220422,137076841.40280002,66460.0,0.35154156173178114,0.2574421883073763,0.1550287972682008,0.23598745269264157,0.4934296410000179,2004-01-01,0.0
2004,2,3.2503151891272264,2.5854050675879234,2.7960902856262746,-1.2193443614959483,137403852.28640002,66898.0,0.3528341028812519,0.2572512338978913,0.15666590102532849,0.23324876219552818,0.4904999960934195,2004-02-01,
2004,3,3.2512913929807903,2.5822240866376167,2.795391887897197,-1.2207071731767385,137704278.48839998,66140.0,0.35368682347006936,0.2543940123962886,0.1601204884273614,0.23179867570628077,0.4861926881025694,2004-03-01,
2004,4,3.2485434312392782,2.5838900002077043,2.801420882504311,-1.2212049623054557,138429421.3412,66548.0,0.3509377142266603,0.2538811234872951,0.16202237135209838,0.2331587909339462,0.4870399144212414,2004-04-01,0.0
2004,5,3.244669872921538,2.583029003523713,2.8031669773592527,-1.2207150209923645,139231894.7166,66918.0,0.3495319789273669,0.25328001196047467,0.164040831199555,0.23314717791260336,0.48642718987307804,2004-05-01,
2004,6,3.2435629362488894,2.5873937674900254,2.8138840301073724,-1.2222818594783866,139975613.3655,66741.0,0.34361876160318966,0.2539793041954427,0.1668277535067802,0.2355741806945874,0.48955348489003003,2004-06-01,
2004,7,3.2398934790549285,2.5925668337805416,2.819789482946355,-1.2210932640572634,140953318.6774,66627.0,0.3392373150471041,0.2558572962374839,0.16849354803384245,0.23641184068156962,0.49226913691905344,2004-07-01,0.0
2004,8,3.243427531370713,2.592773149445618,2.8195838716592374,-1.2217813476911947,140599129.6278,67042.0,0.34087234626965823,0.25667177792304435,0.165525560297625,0.23693031550967256,0.4936020934327169,2004-08-01,
2004,9,3.248073092824737,2.588783000410895,2.813025366885384,-1.2226356107827525,140111448.9615,66751.0,0.3472558865975996,0.2546877269872891,0.16346178553183957,0.23459460088327183,0.4892823278705609,2004-09-01,
2004,10,3.2496862062802547,2.5848339383377623,2.809362781329024,-1.2235689421687619,141085864.5264,67915.0,0.34771557506613504,0.25354905713042786,0.16597934349771906,0.23275602430571804,0.48630508143614587,2004-10-01,0.0
2004,11,3.250560983616897,2.5861905007066044,2.807051303719377,-1.2224667057210687,141091248.60259998,68181.0,0.3486971152149361,0.25398021297856493,0.16315345207226273,0.23416921973423635,0.48814943271280137,2004-11-01,
2004,12,3.2481288807747095,2.58641372273507,2.804241793899707,-1.2210784193164523,140569886.0907,67116.0,0.35005785237351444,0.2533852505003664,0.16315826335095374,0.23339863377516534,0.48678388427553176,2004-12-01,
2005,1,3.2524629813433665,2.5828734198252086,2.799244467208073,-1.2218155680100633,138873970.8145,66726.0,0.35173456864387326,0.254598601893713,0.16045777104238573,0.23320905842002804,0.48780766031374106,2005-01-01,0.0
2005,2,3.2481006364715337,2.5844754964284857,2.802064238460517,-1.2207669810773516,139423652.6829,66217.0,0.34790174966524257,0.2568038369424483,0.15921295800638954,0.23608145538591957,0.49288529232836775,2005-02-01,
2005,3,3.248426542295697,2.5823331872722286,2.8044672149973193,-1.2226909364371492,139944850.37010002,65534.0,0.34789943431746445,0.2540797120284533,0.16145498238660091,0.2365658712674812,0.49064558329593455,2005-03-01,
2005,4,3.2499121472707793,2.584234329079314,2.810605119602821,-1.2245347756191092,141326355.0384,66754.0,0.3474991382580838,0.2551869255334635,0.1603982865229964,0.2369156496854563,0.4921025752189198,2005-04-01,0.0
2005,5,3.246434575677104,2.5852081398796303,2.811865272886354,-1.2234381054123888,142107612.2162,67304.0,0.3466974594861534,0.25355528718532927,0.16295595873195676,0.23679129459656054,0.4903465817818898,2005-05-01,
2005,6,3.2433226912144293,2.588703810386043,2.8195290500690686,-1.2238445112564276,143041214.1939,67811.0,0.3413809313839174,0.25274843198472907,0.16913063126831104,0.23674000536304257,0.48948843734777164,2005-06-01,
2005,7,3.2401905157220807,2.5910767018726615,2.8247664321876402,-1.2233832766852948,143957887.32660002,68281.0,0.3392043372727182,0.25452654067485464,0.1691459658285824,0.23712315622384467,0.4916496968986993,2005-07-01,0.0
2005,8,3.245846579334058,2.5888792604887207,2.822442203074881,-1.2250229728712374,143738104.9823,67861.0,0.3414892565081776,0.25248413843614376,0.16885012598147614,0.23717647907420247,0.48966061751034623,2005-08-01,
2005,9,3.24871736921662,2.5887605497648463,2.821097009316683,-1.2253970875661797,143073262.36,66852.0,0.34553710765262796,0.2528076480145483,0.16270330202177685,0.2389519423110469,0.49175959032559513,2005-09-01,
2005,10,3.250536719161782,2.5843806335177413,2.816152007940876,-1.2260092337662947,143945875.9799,67897.0,0.3478102095532837,0.2529593641458994,0.1624959634270187,0.23673446287379823,0.4896938270196976,2005-10-01,0.0
2005,11,3.253247893372641,2.5837976104681633,2.8121351388357945,-1.225752053693771,143288036.10360003,67482.0,0.3489324639661513,0.2533376019729534,0.16153661175567233,0.23619332230522277,0.4895309242781762,2005-11-01,
2005,12,3.2570370044528754,2.5833536885986095,2.8042540103963742,-1.2245427426417,142804728.2678,66521.0,0.35329195707643807,0.25396758406757713,0.15987895548027245,0.2328615033757124,0.4868290874432894,2005-12-01,
2006,1,3.2583749549071337,2.5830181651468482,2.804049716868799,-1.2248751008385146,141388371.6235,66019.0,0.3535193059596161,0.2530407940022809,0.1586942365666986,0.23474566347140444,0.4877864574736853,2006-01-01,0.0
2006,2,3.256425829778063,2.5797560521192264,2.8036343756517748,-1.2252281504670328,141872519.1616,66003.0,0.35303734554363675,0.251772868944503,0.16061256552331327,0.23457721998854705,0.48635008893305,2006-02-01,
2006,3,3.251930935191579,2.58201212538717,2.805902065397612,-1.2240289114001128,142971032.00820002,65521.0,0.3493481117289224,0.2521404905032262,0.16215409570359912,0.23635730206425218,0.4884977925674784,2006-03-01,
2006,4,3.251814541037189,2.579721618979899,2.8087403810837412,-1.225575843893825,143758667.78759998,66658.0,0.3487414611101759,0.2516358968312608,0.1637731228623057,0.23584951919625777,0.48748541602751855,2006-04-01,0.0
2006,5,3.2496162792164416,2.5801154159815995,2.8112991165941152,-1.225797926177307,144595463.82840002,66881.0,0.347678940314903,0.24995308259318527,0.16662531163974065,0.23574266545217104,0.48569574804535637,2006-05-01,
2006,6,3.2410389639465715,2.5889485722141923,2.8216982479844996,-1.2234530732064894,145804253.4249,67340.0,0.33992511677122217,0.2506409824671071,0.17070047185913959,0.23873342890253116,0.4893744113696382,2006-06-01,
2006,7,3.2440079375010824,2.5893454140673073,2.8204127205328042,-1.2237005606716793,146207755.54320002,68146.0,0.34082096741083295,0.2486073103485961,0.17190039362155382,0.23867132861901705,0.48727863896761314,2006-07-01,0.0
2006,8,3.2432943753640218,2.5933133373511046,2.828145315709453,-1.2242233807216893,145798607.6074,68406.0,0.3408414447394062,0.24785323061662684,0.17040139765874573,0.24090392698522117,0.48875715760184807,2006-08-01,
2006,9,3.2507530466989167,2.588742137304077,2.819817801347975,-1.225352311571794,145355587.8621,67536.0,0.3485583820648588,0.2470217120105785,0.16436146872430832,0.24005843720025444,0.4870801492108328,2006-09-01,
2006,10,3.2537258848688846,2.585883067043379,2.8150998620139642,-1.2256616065434922,146590527.9944,67981.0,0.3514063704802802,0.2470162273641807,0.16350603329306268,0.23807136886247657,0.4850875962266573,2006-10-01,0.0
2006,11,3.255997943650825,2.58192508742378,2.807529020442539,-1.2255052308150138,146346099.44370002,67707.0,0.3534955663030964,0.2513594470288669,0.1607978573959391,0.23434712927209747,0.4857065763009644,2006-11-01,
2006,12,3.2585198616844693,2.5805443206023244,2.8035760659425923,-1.2256880460101385,146091405.89749998,66995.0,0.35475229201135977,0.25355183422896943,0.15967670244864962,0.23201917131102137,0.4855710055399907,2006-12-01,
2007,1,3.261150498323599,2.577481083621612,2.7958775310117647,-1.2248164299158084,144220324.8195,65513.0,0.35856097071907345,0.2527952926699447,0.1591316451590527,0.22951209145192908,0.4823073841218738,2007-01-01,0.0
2007,2,3.261144490569363,2.5764790007912466,2.798014253186432,-1.2260687919976032,144336679.70630002,65287.0,0.3588557433681856,0.2505027218173,0.15991384258157176,0.23072769223294257,0.4812304140502426,2007-02-01,
2007,3,3.2589797976841375,2.5781926250634144,2.799802459379116,-1.2256758515624795,145521156.652,65442.0,0.3562314295396135,0.2508687752805754,0.1622290988330702,0.2306706963467408,0.48153947162731614,2007-03-01,
2007,4,3.261074992743248,2.576944198556903,2.801930133788944,-1.2272126503626248,145559461.8691,66368.0,0.35719882652257484,0.2496944106827284,0.16361473273525268,0.22949203005944407,0.4791864407421725,2007-04-01,0.0
2007,5,3.2557122698626504,2.578574059861805,2.809645441805695,-1.2276741171451973,146196817.9307,67013.0,0.35414213063475874,0.246837094929151,0.16646824849796832,0.2325525259381219,0.47938962086727294,2007-05-01,
2007,6,3.251434586541758,2.5837872660661296,2.8174091607227556,-1.2271503994302428,147456887.1088,67258.0,0.34853732474075044,0.2484650044447704,0.16963446780782626,0.23336320300665295,0.4818282074514233,2007-06-01,
2007,7,3.250337101506811,2.5876156962304524,2.8230897913972215,-1.2267449621971847,147734006.5521,67147.0,0.34539295847029655,0.24718746671722827,0.17205568088980175,0.23536389392267337,0.48255136063990167,2007-07-01,0.0
2007,8,3.2530294848697863,2.584802441865247,2.816925672757335,-1.226374266731186,146937024.2144,66619.0,0.3503349531442,0.2449550150306681,0.16978241609887684,0.2349276157262551,0.4798826307569232,2007-08-01,
2007,9,3.2573512009195484,2.5810391358843505,2.810491602803097,-1.2270118444343727,147029045.8248,66580.0,0.3537111173133109,0.24454446517760978,0.1678372414353085,0.2339071760737707,0.47845164125138046,2007-09-01,
2007,10,3.256120308153845,2.5833621813853,2.8097304962280454,-1.2252793412360268,147309135.3096,66323.0,0.35470183420454077,0.24524054527354006,0.16411725495427895,0.23594036556764023,0.48118091084118025,2007-10-01,1.0
2007,11,3.2556993256722437,2.583082930371854,2.8094455066255284,-1.2253522504044125,147914392.72770002,66588.0,0.355018314194559,0.24751103340563518,0.16121307002218718,0.23625758237761846,0.4837686157832536,2007-11-01,
2007,12,3.25558848273651,2.5826724763604822,2.8024679022154175,-1.223205174211923,146769755.26990002,65855.0,0.357208187556009,0.2495705789829852,0.16038993554571754,0.232831297915288,0.4824018768982732,2007-12-01,
2008,1,3.2580692018861446,2.5792508498546294,2.7951304856342865,-1.2225961355995085,144625798.22430003,65342.0,0.36057890048442215,0.25030422727594387,0.1608511314262279,0.22826574081340584,0.4785699680893497,2008-01-01,1.0
2008,2,3.2588947471849594,2.576841211079828,2.7928836459477693,-1.2231091364354025,144619269.484,65376.0,0.3628050991241169,0.24821920497926114,0.16192126397575765,0.22705443192086427,0.4752736369001254,2008-02-01,
2008,3,3.259271502854464,2.5770358423631468,2.793033050311295,-1.2233317111230857,145280784.0743,65113.0,0.36257181556413487,0.24849004675757527,0.16265024550056864,0.2262878921777213,0.4747779389352965,2008-03-01,
2008,4,3.2593651198611435,2.575273560373121,2.7946404170691914,-1.2247469342414263,146127347.00160003,66021.0,0.3614639189940378,0.2483013100785489,0.16428606361913312,0.2259487073082801,0.47425001738682904,2008-04-01,1.0
2008,5,3.2567305697757574,2.576767624575361,2.8040431657567186,-1.226420838464419,146211739.466,66285.0,0.35956104424997337,0.2439631730993444,0.16846100343897266,0.22801477921170962,0.47197795231105405,2008-05-01,
2008,6,3.2573083665925715,2.5767469672458856,2.8070812268447103,-1.227563235217085,147251180.2502,66821.0,0.35893327558933585,0.24265816896670658,0.17116696190668235,0.22724159353727527,0.46989976250398174,2008-06-01,
2008,7,3.2556513827216076,2.579253856540721,2.8119758651136064,-1.2273250133829208,147376106.17799997,66608.0,0.3579053005274333,0.23917634792933543,0.17411411827781426,0.22880423326541718,0.46798058119475255,2008-07-01,1.0
2008,8,3.259700861676993,2.5770464298026177,2.801918703317703,-1.226249134506421,146296969.9596,66141.0,0.3605665852434735,0.24112224373848165,0.17192242830624357,0.22638874271180123,0.46751098645028294,2008-08-01,
2008,9,3.2645481506872107,2.571889499812477,2.7918802606383495,-1.2262054589318139,145574613.3835,65150.0,0.3651160778416631,0.2432485506639415,0.16856752320924495,0.22306784828515036,0.4663163989490919,2008-09-01,
2008,10,3.2644606505195553,2.568839573966272,2.786727364034603,-1.225555575897896,145713701.6458,64988.0,0.3670125679004151,0.24337954702780823,0.16950349655750382,0.22010438851427283,0.46348393554208106,2008-10-01,1.0
2008,11,3.263886047730509,2.567309814705518,2.782536391609588,-1.224533925405465,145000694.55519998,64274.0,0.3678648942912054,0.24377549831765527,0.1698849758848731,0.21847463150626636,0.4622501298239216,2008-11-01,
2008,12,3.2613495113743363,2.5701084769230644,2.7873636784322215,-1.224262219642273,143471818.7931,62783.0,0.365894354336607,0.24431587854510267,0.16966717699246664,0.2201225901258237,0.46443846867092636,2008-12-01,
2009,1,3.2695149481520325,2.5646324646332217,2.7761913717090687,-1.224947230119236,140480101.4831,63228.0,0.37216593854105096,0.24368452064236487,0.16926480170830868,0.21488473910827544,0.4585692597506404,2009-01-01,1.0
2009,2,3.2695233472724787,2.5652600839570407,2.7730066556818613,-1.2238388870740007,139919494.7486,63404.0,0.3720875644279792,0.24389186002075272,0.17149041537859103,0.212530160172677,0.45642202019342976,2009-02-01,
2009,3,3.270518761571155,2.5609354588654543,2.770206622443353,-1.2247358457776834,139666078.2766,157162.0,0.37378861930532675,0.24317606257861338,0.17136999630718536,0.21166532180887454,0.45484138438748795,2009-03-01,
2009,4,3.2690710804231777,2.5598939765887643,2.771155771722539,-1.225183166211622,140635479.4508,64157.0,0.37359551530793406,0.24248378244573907,0.1739679859907558,0.209952716255571,0.45243649870131014,2009-04-01,1.0
2009,5,3.2674496038583727,2.5628407243700924,2.776858963675857,-1.225638118367222,140166220.63300002,64134.0,0.3720693870875599,0.24114677723101965,0.17635522755316607,0.21042860812825437,0.45157538535927394,2009-05-01,
2009,6,3.262006099150692,2.564252868345418,2.782454172308514,-1.225444240508278,140906809.1692,64389.0,0.3675574692391854,0.24235339794256358,0.1789926930295784,0.21109643978867254,0.45344983773123615,2009-06-01,
2009,7,3.260180919598531,2.566774015776137,2.7837342034644372,-1.2244890596107367,141276397.0483,64331.0,0.3670098737291087,0.2416099746557823,0.1823218282562363,0.20905832335887276,0.4506682980146551,2009-07-01,0.0
2009,8,3.263056752638996,2.564895225799195,2.781704173933931,-1.2252936123762335,140196549.6525,63934.0,0.3688411543456119,0.2436763243073922,0.17882171743770117,0.2086608039092947,0.45233712821668687,2009-08-01,
2009,9,3.2663375499474117,2.562801782308512,2.7773389549280707,-1.2255159382211496,139252371.1038,63028.0,0.37441802051065554,0.23932748341683754,0.17602713940740286,0.21022735666510411,0.44955484008194163,2009-09-01,
2009,10,3.2733858815387515,2.557107390893435,2.766876625897733,-1.2261740151965312,139027948.6265,62703.0,0.37995096688948266,0.23784961350136027,0.174909450579816,0.207289969029341,0.44513958253070124,2009-10-01,0.0
2009,11,3.267745741103515,2.5609920760658254,2.7717520138062146,-1.2246827757503256,139182695.43760002,63000.0,0.3745993447869027,0.2395331310633143,0.17533669323526652,0.21053083091451638,0.45006396197783066,2009-11-01,
2009,12,3.27164131114657,2.5586076815313357,2.7610931844028306,-1.2232276519074083,137976280.3916,61930.0,0.3770783317482985,0.24155986227201628,0.17538557907793287,0.2059762269017523,0.4475360891737686,2009-12-01,
2010,1,3.2753315485223093,2.557683457763467,2.755265077908175,-1.2226501035462596,137005660.0169,61975.0,0.38077514986727484,0.2421450750743272,0.1733478845295181,0.20373189052887983,0.44587696560320705,2010-01-01,0.0
2010,2,3.2738584949223632,2.5573908712300297,2.7546216249170956,-1.222100640438376,137478491.8674,62656.0,0.3808795611229474,0.24140813218194684,0.1754977434606353,0.20221456323447054,0.44362269541641736,2010-02-01,
2010,3,3.2701320954341337,2.5597040876662875,2.760787472791153,-1.2226146596412206,138026356.47930002,155636.0,0.37768929443716903,0.24307640093239494,0.17510702390253063,0.20412728072790526,0.44720368166030017,2010-03-01,
2010,4,3.263831029161063,2.5645563330488637,2.7714578289218856,-1.2225376027439638,139548545.5499,63575.0,0.3754362661857033,0.24136467252434318,0.17532999523704126,0.20786906605291228,0.4492337385772555,2010-04-01,0.0
2010,5,3.263564965919007,2.5683101335993848,2.7811883328204843,-1.224831522904428,139514432.8671,63263.0,0.37122506221944657,0.2397474195158176,0.17783845961754172,0.21118905864719406,0.4509364781630117,2010-05-01,
2010,6,3.2598749239634293,2.5711511381423935,2.784887812487585,-1.2238676792363077,140308115.46969998,63309.0,0.36682870228140807,0.24173161164668674,0.17856512365323962,0.21287456241866567,0.4546061740653524,2010-06-01,
2010,7,3.258822039078635,2.5738381158095778,2.792999157007663,-1.2251385123966336,140634465.5013,63386.0,0.363154844788939,0.2400634164879584,0.18023613418764473,0.21654560453545785,0.4566090210234163,2010-07-01,0.0
2010,8,3.2591651178168304,2.5774214189074645,2.7963814137778957,-1.2250513806326977,140357753.3819,63188.0,0.3629724835768837,0.23910359453379346,0.180103349961142,0.2178205719281807,0.45692416646197415,2010-08-01,
2010,9,3.262384938516501,2.5717462583737585,2.785817122161412,-1.2244862123696865,140208787.1286,62806.0,0.3695937395105646,0.23888027279331642,0.17650623434964385,0.21501975334647508,0.45390002613979147,2010-09-01,
2010,10,3.2609229113716682,2.569451820356948,2.784745418719117,-1.2247536169414142,140208182.9785,62756.0,0.37014015367532443,0.2393152203937004,0.17547029406887477,0.21507433186210034,0.45438955225580074,2010-10-01,0.0
2010,11,3.2595662781263663,2.568003322471585,2.7790796625579555,-1.2227907583686224,139708687.1097,62346.0,0.3686127381210246,0.24077886571066665,0.17699112116760554,0.21361727500070332,0.45439614071136997,2010-11-01,
2010,12,3.2610465568520386,2.5634599930873168,2.7706512725394776,-1.2219760097262,139560028.6359,62327.0,0.3708584702854252,0.2404832323677716,0.17768762347846795,0.21097067386833537,0.451453906236107,2010-12-01,
2011,1,3.2649005439407133,2.56581525418232,2.7639117591877365,-1.2197168434943546,137985844.6365,61683.0,0.37663779297730016,0.24371598709266712,0.17348414898181394,0.20616207094821876,0.4498780580408858,2011-01-01,0.0
2011,2,3.269498575622539,2.5628845061017063,2.7628467572601494,-1.2217390935934942,138614335.374,61536.0,0.38036011046581375,0.24081941535868953,0.1723155363891764,0.20650493778632023,0.44732435314500973,2011-02-01,
2011,3,3.271190059313697,2.5613352564045777,2.7630990352974427,-1.2229202201828162,139381388.85500002,152828.0,0.382991101852441,0.23787088041783883,0.17464387470785903,0.204494143021861,0.4423650234396998,2011-03-01,
2011,4,3.2702661896753127,2.5635917890264888,2.769617165110236,-1.2238639644033764,140124571.9149,62128.0,0.38087759212219163,0.23632914303218433,0.17475880197637264,0.2080344628692513,0.4443636059014356,2011-04-01,0.0
2011,5,3.262184306093037,2.5639085231754595,2.7799857080937866,-1.2249664449684363,140318815.615,62559.0,0.3767403028838628,0.23441902454586935,0.1784463645118118,0.21039430805845602,0.4448133326043253,2011-05-01,
2011,6,3.259754675547055,2.5674551096262355,2.7855647517774065,-1.2245046152786707,140288755.4435,62076.0,0.3718550037241567,0.23501580067675765,0.18156407293212012,0.21156512266696548,0.44658092334372307,2011-06-01,
2011,7,3.2572762264574684,2.5720630764899415,2.7881113737729875,-1.2228103150082896,140422269.5504,62173.0,0.36782514433767655,0.23613171458960763,0.18236130521525998,0.2136818358574559,0.4498135504470635,2011-07-01,0.0
2011,8,3.261341756453095,2.570780087540226,2.786552187972307,-1.2241983613942051,140571809.4781,62047.0,0.3701125809987205,0.2354417141408155,0.1813031509996358,0.21314255386082812,0.44858426800164364,2011-08-01,
2011,9,3.2664717722334555,2.5666511898799858,2.779426321223167,-1.2251069272709432,140825405.7224,62327.0,0.37441977761270523,0.23322271752543447,0.18060358133343887,0.21175392352842135,0.4449766410538558,2011-09-01,
2011,10,3.2655892891072393,2.567873303236198,2.7784865516156216,-1.2243519095405517,141413224.3606,62725.0,0.3743554395889272,0.23377706018002953,0.1785131848435062,0.2133543153875371,0.44713137556756666,2011-10-01,0.0
2011,11,3.26500775852037,2.5667545859630874,2.7769557908689197,-1.2238816675813118,141319881.7409,62063.0,0.3740202026393472,0.23623351914706595,0.1759619504776528,0.21378432773593398,0.4500178468829999,2011-11-01,
2011,12,3.2690823808147167,2.563490663988953,2.769460018708483,-1.22366232922397,140904108.86180001,61771.0,0.37517507841555703,0.23708350495630284,0.17562568998091793,0.2121157266472221,0.449199231603525,2011-12-01,
2012,1,3.2723545925765882,2.5608515061627206,2.760924223180438,-1.2224892189323588,139945580.58200002,61152.0,0.37983523888168447,0.23794628211705765,0.17396797951925763,0.2082504994820001,0.4461967815990578,2012-01-01,0.0
2012,2,3.2702175842857657,2.5634045330371302,2.7589302875933814,-1.2201364390823215,141014394.65609998,61406.0,0.3780001266451858,0.23998708315368486,0.17606844713513073,0.20594434306599882,0.4459314262196836,2012-02-01,
2012,3,3.2721431386611988,2.5656058796120864,2.760589700720271,-1.2203707616242352,141552705.2029,151665.0,0.37979071408589804,0.23538397675226758,0.17860562194739352,0.20621968721444095,0.44160366396670847,2012-03-01,
2012,4,3.2691236674339224,2.565439827925891,2.763311702317509,-1.220182725428954,142194111.024,61969.0,0.3803562124887961,0.23472969911789449,0.17832575327694256,0.20658833511636696,0.4413180342342615,2012-04-01,0.0
2012,5,3.2650000864207778,2.5637465645054864,2.7735367399664064,-1.2231768372702911,142961555.7049,62049.0,0.37897765410399076,0.22930661805659408,0.18157300676191712,0.21014272107749804,0.4394493391340921,2012-05-01,
2012,6,3.261036427824248,2.565911370873323,2.7772638857509317,-1.222013850464575,143623827.7769,62544.0,0.37552194417961726,0.22830066486345066,0.1852469097615793,0.21093048119535285,0.4392311460588035,2012-06-01,
2012,7,3.2576544287900817,2.5713498936006784,2.7851527270878913,-1.2218182968554214,143728182.3861,62509.0,0.3706952242231421,0.22972767987075873,0.18607200361970486,0.21350509228639436,0.443232772157153,2012-07-01,0.0
2012,8,3.2657295642829647,2.5698957599175816,2.7809991177127413,-1.2237936186282132,142996957.6451,62024.0,0.37606965160172934,0.2300575696823385,0.18234539496297802,0.21152738375295416,0.4415849534352927,2012-08-01,
2012,9,3.2695350278465063,2.5635774187427542,2.7725012998849796,-1.2243554279659095,143796048.75910002,62260.0,0.38074202377577665,0.23234683713300322,0.17832457270824167,0.20858656638297832,0.4409334035159814,2012-09-01,
2012,10,3.2727326265196544,2.5660769629411067,2.7753091650046247,-1.2258742935161906,144456084.9263,62476.0,0.3825630816853087,0.23060609030000825,0.1763560665007462,0.21047476151393685,0.44108085181394513,2012-10-01,0.0
2012,11,3.2762816537343666,2.567288008436637,2.772633997873901,-1.2257019037138857,143871351.4786,62649.0,0.3824307831645275,0.23264401602343038,0.17529100488606467,0.20963419592597746,0.4422782119494078,2012-11-01,
2012,12,3.2743269509479416,2.56819947349588,2.7708733875600378,-1.224023241325475,143057898.76529998,62053.0,0.3816323287550107,0.23428723284260747,0.1752806743907121,0.2087997640116699,0.4430869968542773,2012-12-01,
2013,1,3.275056090260618,2.5675869404664122,2.76519353451685,-1.222422342720733,141589777.6507,61639.0,0.3825025203232406,0.23441849573196152,0.1769403269775962,0.20613865696720163,0.4405571526991632,2013-01-01,0.0
2013,2,3.2765941007003883,2.56622580926916,2.762289519102314,-1.2220317625734929,142437903.4371,61242.0,0.3834215123386537,0.2352288236332817,0.17691977346134036,0.2044298905667243,0.43965871420000596,2013-02-01,
2013,3,3.274850548692132,2.5627049220854796,2.760921675497816,-1.2218052482965673,142791617.0981,152056.0,0.38338904806638285,0.23166037487672764,0.1796602036958187,0.20529037336107073,0.43695074823779834,2013-03-01,
2013,4,3.269421353754294,2.5621143353537073,2.76539476093047,-1.2220136520811535,143779824.016,61959.0,0.380823887247955,0.2342390449834754,0.17998105538243184,0.20495601238613775,0.4391950573696131,2013-04-01,0.0
2013,5,3.268192040861068,2.5639671324220683,2.7742116748786607,-1.2241472696319535,144761518.00959998,62622.0,0.3789202618769332,0.23066102864979393,0.18164946802959173,0.20876924144368134,0.43943027009347524,2013-05-01,
2013,6,3.2651923900063733,2.564697444546224,2.7776190286987634,-1.2239383695336947,145505975.7204,62237.0,0.37478340144523986,0.22998311199330587,0.18506445489595577,0.21016903166549844,0.44015214365880434,2013-06-01,
2013,7,3.2653775319639307,2.5676098691241847,2.7856179666020995,-1.2256881255339733,145774653.4008,61923.0,0.3720672696595302,0.2290413812303859,0.1848744419045355,0.21401690720554847,0.44305828843593437,2013-07-01,0.0
2013,8,3.2695926178426027,2.5661194370380724,2.778481937145446,-1.2254376334473063,145071859.7893,61725.0,0.37715832723360176,0.22907770670663954,0.1823154266679552,0.21144853939180352,0.4405262460984431,2013-08-01,
2013,9,3.2724468828128312,2.562341810247189,2.774427453499913,-1.2261488767061275,145084629.9177,61662.0,0.3803782575218694,0.2289953485124256,0.18066794695667607,0.20995844700902902,0.4389537955214546,2013-09-01,
2013,10,3.2737743007868563,2.561827165032294,2.77100887583147,-1.2258703505279476,144433907.144,61603.0,0.3825216512693026,0.22904390507014175,0.18037214707019184,0.20806229659036385,0.4371062016605056,2013-10-01,0.0
2013,11,3.2750554737587003,2.562893671640426,2.7679727329603843,-1.224803099355526,144833324.5742,61561.0,0.38370291394525885,0.23064034910202233,0.1777002147390095,0.20795652221370936,0.4385968713157316,2013-11-01,
2013,12,3.271146505886228,2.5665012935731606,2.773651556677132,-1.2243770514202172,144492289.0033,61478.0,0.3796012225015503,0.23290041586047144,0.1784591202794987,0.20903924135847948,0.44193965721895095,2013-12-01,
2014,1,3.2762513335854866,2.5623697632075815,2.7669927110366492,-1.2251288270987553,143679210.4023,61259.0,0.38348209227156216,0.23178552222101365,0.17651723188057003,0.2082151536268542,0.44000067584786784,2014-01-01,0.0
2014,2,3.276706411608649,2.560010831439997,2.7607813419413643,-1.2238571616264908,144493107.1678,61158.0,0.38461622456814765,0.2340005628430061,0.1738927742353882,0.20749043835345796,0.44149100119646406,2014-02-01,
2014,3,3.278285651779812,2.558819054421693,2.7607024335644477,-1.2243959810385452,145768927.20279998,151364.0,0.3857733452209961,0.23319681185968866,0.17470424982047086,0.20632559309884455,0.43952240495853323,2014-03-01,
2014,4,3.2712414649105277,2.5579554293577833,2.766945688781057,-1.2246769921320375,146553731.27609998,61350.0,0.38294745247849216,0.23289403791431254,0.17713604703378547,0.20702246257341003,0.4399165004877226,2014-04-01,0.0
2014,5,3.2713735908030346,2.560270143522371,2.769980391962172,-1.2246185500750986,147035318.9064,62259.0,0.38341487031144966,0.2292318340422419,0.17900064641376717,0.20835264923254126,0.4375844832747832,2014-05-01,
2014,6,3.2660924518198406,2.5664898919057046,2.7809750126176636,-1.2244478156066327,147630380.2563,62474.0,0.3782656183933857,0.22756509593807908,0.18085975343114097,0.21330953223739427,0.44087462817547335,2014-06-01,
2014,7,3.2653967423032753,2.5699805726948277,2.7870759046823936,-1.2249360778044058,147788366.9621,62689.0,0.37529663332854707,0.2285304101787748,0.1795831808771945,0.21658977561548368,0.4451201857942585,2014-07-01,0.0
2014,8,3.269657093959441,2.5710260388258543,2.7844368706593134,-1.2250589571103725,146803835.43,62477.0,0.3786911724980672,0.22558834934998132,0.17893715855009523,0.21678331960185623,0.4423716689518375,2014-08-01,
2014,9,3.275098923333512,2.565296894793231,2.780312587986296,-1.2275424301311444,147106804.8373,62468.0,0.3831928513486883,0.22483071887109476,0.17452747694231835,0.21744895283789858,0.44227967170899335,2014-09-01,
2014,10,3.273454926662627,2.5653004700972235,2.7813460090919624,-1.2276712225241573,148042144.66110003,63789.0,0.38367409750059445,0.22507324108062143,0.17693069166190345,0.21432196975688045,0.4393952108375019,2014-10-01,0.0
2014,11,3.2755530015754135,2.560665040380459,2.774335451106382,-1.2276798845628385,147828403.1997,63436.0,0.38690100220751134,0.22486935862382001,0.17712711235017342,0.21110252681849526,0.43597188544231524,2014-11-01,
2014,12,3.2752369969638124,2.5597295410700047,2.7703638839236455,-1.2266793509277054,147588883.3253,62117.0,0.3867065617632214,0.2277339666004393,0.1750203204964014,0.2105391511399379,0.4382731177403772,2014-12-01,
2015,1,3.277460202755199,2.5577621461570246,2.7645752236086216,-1.226007901504494,146657633.9112,62065.0,0.39152163733915907,0.2263467502230371,0.17298808902140986,0.20914352341639406,0.4354902736394311,2015-01-01,0.0
2015,2,3.2797777617879573,2.5554850875936888,2.75971560241744,-1.2260989284215593,147389948.14749998,61345.0,0.3916384529359718,0.23180094289000883,0.16863605503901924,0.20792454913500025,0.439725492025009,2015-02-01,
2015,3,3.279591464347006,2.557469028864477,2.763382262211588,-1.2264863542795557,148154529.6512,151365.0,0.3915920494843277,0.22987546531301176,0.16938744821763022,0.20914503698503037,0.4390205022980421,2015-03-01,
2015,4,3.2754234221971474,2.5567559314292665,2.7663779387467913,-1.2263684696146546,149236789.8303,62183.0,0.38986384357275367,0.23003164992048122,0.17096062778562857,0.2091438787211365,0.4391755286416177,2015-04-01,0.0
2015,5,3.2742777236672014,2.5559749748041662,2.769477438244662,-1.2275408368793643,150148052.24510002,62043.0,0.3890387028687299,0.22694445907280839,0.17634780126869146,0.2076690367897701,0.43461349586257847,2015-05-01,
2015,6,3.2714969798028406,2.559457141743272,2.775404695283262,-1.227109931504105,150213583.962,60899.0,0.38511101719758056,0.22557061004863369,0.17940254885015788,0.20991582390362776,0.4354864339522615,2015-06-01,
2015,7,3.2720661877242767,2.563763227916165,2.7828454883339933,-1.2279514206900193,150175792.1555,60626.0,0.3828260434642526,0.22326950971286763,0.17971677943109526,0.21418766739178455,0.43745717710465215,2015-07-01,0.0
2015,8,3.274774005241518,2.565298501071653,2.7854122822730316,-1.2290727250520228,149432635.2817,60700.0,0.383340079514847,0.22254219673640813,0.18068725862259205,0.21343046512615294,0.435972661862561,2015-08-01,
2015,9,3.2816260189223567,2.5640795995116332,2.7805112097738163,-1.2300472639900637,149118416.3568,60381.0,0.3894047596304965,0.2226812917798652,0.1738284171351312,0.21408553145450718,0.4367668232343724,2015-09-01,
2015,10,3.2774114030261723,2.565415164172742,2.7828472227198433,-1.228756243049296,150079700.0713,61163.0,0.39005115298331056,0.22272033387939902,0.17331437281886014,0.21391414031843028,0.43663447419782925,2015-10-01,0.0
2015,11,3.279647003427513,2.5592170907092098,2.774767657219494,-1.2291487637737157,150151865.3876,61062.0,0.39117723705183216,0.22577039084989983,0.17368307183251064,0.2093693002657573,0.43513969111565715,2015-11-01,
2015,12,3.2787930775196075,2.5589042449323562,2.7663529003796556,-1.2262389841353052,150393025.7658,60498.0,0.3937467713231297,0.22618217766874288,0.17228414211074486,0.2077869088973826,0.4339690865661255,2015-12-01,
2016,1,3.28051027038394,2.5560321465062175,2.7615746520566615,-1.2261559932181016,149634383.8275,60588.0,0.3956092508600336,0.22565237658895992,0.17300064859385936,0.20573772395714718,0.43139010054610705,2016-01-01,0.0
2016,2,3.2816758472315115,2.5528540531751114,2.759639046716867,-1.2273886291577714,150493413.6223,60412.0,0.39674014161343135,0.22511769043014035,0.17119368038696933,0.206948487569459,0.43206617799959923,2016-02-01,
2016,3,3.281550741675549,2.554579850144242,2.7634271506566206,-1.2279218140418664,151185837.31080002,144281.0,0.3987737113600206,0.22190736193848098,0.1700946184399177,0.2092243082615806,0.4311316702000616,2016-03-01,
2016,4,3.280207464860762,2.553500255778429,2.7672324434760243,-1.229142493647935,151915271.2774,60630.0,0.3948484878256185,0.22093702939720963,0.17483077792621615,0.20938370485095578,0.4303207342481654,2016-04-01,0.0
2016,5,3.2775812206954593,2.553870620842298,2.7705267657665598,-1.2291754569119686,152103513.7534,61124.0,0.3929204520692019,0.2193155418189958,0.17808799647861193,0.20967600963319039,0.4289915514521862,2016-05-01,
2016,6,3.276779611466542,2.554318971927405,2.773279131267246,-1.2292652906094153,152755001.2891,61101.0,0.3886356009460237,0.21993055722226781,0.18230689911746378,0.20912694271424476,0.42905749993651265,2016-06-01,
2016,7,3.2734855112448145,2.5566000115004126,2.7808934207640443,-1.2301151369292518,153253901.3435,61612.0,0.3828842898679574,0.221608900526306,0.18603399992015424,0.20947280968558243,0.4310817102118884,2016-07-01,0.0
2016,8,3.274092509249918,2.5597943405815093,2.7860443430088924,-1.2308987992036124,152274989.4637,62221.0,0.3850775081930202,0.2184506801186137,0.1843896169757631,0.21208219471260303,0.43053287483121677,2016-08-01,
2016,9,3.279463163584062,2.555581140926614,2.7789780575881435,-1.2318871479536022,152325134.0811,62420.0,0.3915791063597091,0.22031699296606097,0.178695030540448,0.209408870133782,0.429725863099843,2016-09-01,
2016,10,3.280266719663114,2.557261650216534,2.7782105360684257,-1.231267302654021,152530282.0468,62426.0,0.3922955177486695,0.22049589201887657,0.17753382137516416,0.20967476885728972,0.43017066087616634,2016-10-01,0.0
2016,11,3.28004906536559,2.551983224814746,2.7691009283388888,-1.2301581489887738,152524517.81730002,62009.0,0.3915037740943901,0.22251284330138377,0.17731888023075842,0.2086645023734676,0.4311773456748514,2016-11-01,
2016,12,3.2825569235191603,2.550952586199974,2.7625073395046993,-1.2294139774050705,152161681.71490002,60707.0,0.39531767278837693,0.2242066687993191,0.17458626000318883,0.20588939840911502,0.4300960672084342,2016-12-01,
2017,1,3.2845136453128574,2.5509079362806015,2.76018367581863,-1.2289418268920147,150995693.7708,60620.0,0.3977079825703816,0.22461835997841453,0.17141576754823548,0.20625788990296842,0.43087624988138296,2017-01-01,0.0
2017,2,3.2870466414035318,2.547364349313701,2.7583724440520334,-1.2305912252954294,152118059.6673,60819.0,0.4021584369002479,0.22128077479636615,0.17105005350389266,0.2055107347994934,0.42679150959585954,2017-02-01,
2017,3,3.2845568533560647,2.549156634081758,2.7631487553229297,-1.2304978298467966,152942192.3648,146082.0,0.40095001412189407,0.21884887669953054,0.17263329880235648,0.20756781037621888,0.4264166870757494,2017-03-01,
2017,4,3.288214459331737,2.5523053476930846,2.7676573166413494,-1.2319743028568888,153967304.5118,60959.0,0.40044172079972207,0.21903022383765539,0.17203752880839682,0.20849052655422573,0.42752075039188114,2017-04-01,0.0
2017,5,3.2883330924391188,2.5520077922481565,2.77074156752301,-1.2331893706916333,154000095.89090002,60261.0,0.39915708925108745,0.21540803648655527,0.1757936525453795,0.20964122171697772,0.425049258203533,2017-05-01,
2017,6,3.2836838818610983,2.5574511318990982,2.776715787906974,-1.2316980380737597,154504878.6006,60182.0,0.39388495385260713,0.21775012212830763,0.17782831769555077,0.21053660632353444,0.42828672845184207,2017-06-01,
2017,7,3.2799493373265296,2.5604194767797677,2.7796760994096044,-1.2302785235483844,155320291.7431,60269.0,0.3877241994285354,0.22040204257613222,0.1812566418917422,0.21061711610359027,0.43101915867972246,2017-07-01,0.0
2017,8,3.27791579467381,2.562596684844421,2.7868021094716857,-1.2313625318548114,154083449.2401,60608.0,0.387514466409418,0.21993231423249265,0.1800003807533015,0.21255283860478788,0.4324851528372805,2017-08-01,
2017,9,3.2831269395245712,2.557864354098482,2.7788438144354437,-1.2320583509818834,155124343.80650002,61046.0,0.3945836419778957,0.21842678815689676,0.17777448263697002,0.20921508722823745,0.4276418753851342,2017-09-01,
2017,10,3.287736740106734,2.557135613217394,2.7754982661275323,-1.2326324629489493,154541269.39090002,61023.0,0.39584846075816055,0.21817678819962769,0.17567975189220675,0.21029499915000494,0.42847178734963265,2017-10-01,0.0
2017,11,3.292465573785986,2.5550842543528596,2.774246366862652,-1.23460620381728,154522973.5109,60841.0,0.4006239162821521,0.21668294105690478,0.17133294676750752,0.21136019589343572,0.42804313695034046,2017-11-01,
2017,12,3.2929882242415673,2.552193094963426,2.766623977833974,-1.2328653670128547,153994309.5804,59647.0,0.4039175168536019,0.2191726839469904,0.16829286638003502,0.2086169328193728,0.4277896167663632,2017-12-01,
2018,1,3.2978464659059497,2.5482907276709454,2.760569054123792,-1.2336991585231256,153179723.35399997,58850.0,0.4060856180706483,0.21899577404494652,0.1683275345171636,0.20659107336724172,0.4255868474121883,2018-01-01,0.0
2018,2,3.2963522152485365,2.54908289244764,2.766153181938348,-1.2347310665194602,155074631.4193,58874.0,0.4069224988488117,0.21403039513121302,0.17009638610830283,0.20895071991167252,0.42298111504288555,2018-02-01,
2018,3,3.295912270918786,2.55011788012169,2.7676188927382883,-1.234817054653417,155250523.2056,141664.0,0.4067668239428008,0.2124586800910068,0.1716599089608653,0.20911458700532712,0.42157326709633397,2018-03-01,
2018,4,3.294572544310886,2.5511518913734563,2.7709788114513403,-1.235342080527632,156026215.24659997,59404.0,0.4024932587843983,0.21392364068144856,0.17470109930769465,0.20888200122645867,0.42280564190790726,2018-04-01,0.0
2018,5,3.2897278512165844,2.5537569961594677,2.779705640843896,-1.235956876598601,156898502.71719998,59374.0,0.3995416638448768,0.21298539930704294,0.17777585690460676,0.20969707994347367,0.42268247925051655,2018-05-01,
2018,6,3.2835589811312476,2.5581827424613697,2.7868982471001473,-1.2350580358961902,157053708.6127,58919.0,0.39203764560909665,0.21635711352474402,0.17742083425813965,0.21418440660801985,0.4305415201327638,2018-06-01,
2018,7,3.2839695854406057,2.5611601354949256,2.7855543875938618,-1.2333851379766658,157826294.67759997,58655.0,0.39103711380331385,0.21678368994653943,0.17813885372479898,0.21404034252534795,0.4308240324718874,2018-07-01,0.0
2018,8,3.286969850806336,2.560170907821804,2.7875912045341744,-1.235387731971537,156148791.961,58350.0,0.39518280284814583,0.21426364759169114,0.1746494339726389,0.21590411558752412,0.4301677631792153,2018-08-01,
2018,9,3.287928719545751,2.5597028229956713,2.785505376379569,-1.2348638443948026,156824220.9724,59145.0,0.39734460479332917,0.2149139891843086,0.17111843618800993,0.2166229698343523,0.43153695901866085,2018-09-01,
2018,10,3.290364742903764,2.555074977026687,2.7752848253175912,-1.2340240416250052,157508310.04149997,59157.0,0.4005763319019555,0.21520783450834363,0.17044048898008443,0.21377534460961667,0.42898317911796024,2018-10-01,0.0
2018,11,3.2918512434263763,2.5539187197280544,2.7744341798577308,-1.2345559226035,157871985.5742,58884.0,0.40151052009989396,0.2153409624693781,0.17042787953569033,0.21272063789503762,0.4280616003644157,2018-11-01,
2018,12,3.296560997080014,2.5481454255738827,2.7641202111469196,-1.2347783392568656,157432475.3645,57931.0,0.40637323821769916,0.21577816412686687,0.1681167300693294,0.2097318675861047,0.4255100317129715,2018-12-01,
2019,1,3.3030384098268017,2.54527421134656,2.7579366411433694,-1.235165415950785,155580222.7026,57473.0,0.411649399045562,0.21420923247105658,0.16633218672894684,0.2078091817544345,0.4220184142254911,2019-01-01,0.0
2019,2,3.2950938139746784,2.5493832173690545,2.7602758195675587,-1.2319853336756175,156879171.4033,57346.0,0.41122416708686776,0.2128854943174278,0.1671666526117842,0.2087236859839203,0.4216091803013481,2019-02-01,
2019,3,3.2958471849462536,2.549959691345063,2.759637180741705,-1.2320328182607394,156796153.93359998,140879.0,0.4104264139537015,0.21151053678742848,0.1686120467463497,0.2094510025125205,0.420961539299949,2019-03-01,
2019,4,3.290730449304875,2.5535885456675578,2.766593523812972,-1.2312492320956572,157075909.1407,57390.0,0.40515501531615955,0.2126979601128611,0.17200080381835947,0.21014622075261982,0.4228441808654809,2019-04-01,0.0
2019,5,3.288872824386285,2.5550795599250318,2.771291758627629,-1.2318061474591573,157619461.4109,56551.0,0.4043943039745224,0.2103278241636437,0.17455967361906807,0.2107181982427658,0.42104602240640954,2019-05-01,
2019,6,3.2885367340729568,2.5583005212724723,2.775302378502224,-1.231921711153369,158125259.158,56694.0,0.4016020243922376,0.20937825517691794,0.17794862070508366,0.21107109972576085,0.4204493549026788,2019-06-01,
2019,7,3.2862761719768825,2.5581294105870676,2.7803762531314287,-1.2329071582172662,159169896.89670002,56472.0,0.39987844103654496,0.2130586020948983,0.17722643478626793,0.20983652208228865,0.42289512417718694,2019-07-01,0.0
2019,8,3.293085171744808,2.557239645613825,2.776636449692342,-1.2339575564665772,158715099.68739998,57272.0,0.4025761966854151,0.21261023726766995,0.17448910009473134,0.2103244659521837,0.42293470321985366,2019-08-01,
2019,9,3.292658551269798,2.551485801480971,2.770815257931935,-1.2340804453029104,159633190.2238,57186.0,0.405177777506803,0.21312725091631707,0.17274883637130103,0.20894613520557886,0.422073386121896,2019-09-01,
2019,10,3.2965365715791606,2.548694201399615,2.765818041469171,-1.2347797231708824,160083643.1785,57425.0,0.4084660764041259,0.21466990936220398,0.17080889516307807,0.20605511907059212,0.4207250284327962,2019-10-01,1.0
2019,11,3.3003590820684012,2.5496674182354204,2.7634618569819587,-1.2345597563408865,159692899.09030002,57206.0,0.4124853905435868,0.21042683013913133,0.16954250975987548,0.20754526955740632,0.4179720996965376,2019-11-01,
2019,12,3.3008557855276117,2.5499818780194485,2.7605107833853544,-1.2333486116464365,159309383.07230002,56936.0,0.41459930361995356,0.2112501974709588,0.16702053527270525,0.2071299636363823,0.4183801611073411,2019-12-01,
2020,1,3.3049861828695772,2.545306017728387,2.758596159954963,-1.2360004082062344,157394431.2155,56064.0,0.41834049244313876,0.20948632666397005,0.16517914941033648,0.20699403148255474,0.4164803581465248,2020-01-01,1.0
2020,2,3.3053587614310995,2.546599733028773,2.7575153275263578,-1.2352663962252108,158181275.7345,56826.0,0.4185129182155238,0.20766245085122706,0.16632096964913987,0.2075036612841094,0.41516611213533644,2020-02-01,
2020,3,3.3126913931023267,2.544517826613734,2.753270530408989,-1.2369084775092587,155280869.63140002,121831.0,0.42524300343400034,0.20799809404769623,0.16330893610523736,0.20344996641306592,0.41144806046076215,2020-03-01,
2020,4,3.3591201636399783,2.5416323822960454,2.726871719072276,-1.241651502149895,133590256.3651,41665.0,0.4590695395665213,0.2090805426330248,0.13557093514292728,0.19627898265752663,0.40535952529055147,2020-04-01,1.0
2020,5,3.350664797102606,2.5440047887771504,2.7369418480414436,-1.2417587241737573,137618903.9161,41302.0,0.4544731492900881,0.206498261769511,0.13865259620969625,0.2003759927307047,0.40687425450021575,2020-05-01,
2020,6,3.33853209757502,2.5433462202276105,2.739844529753,-1.2399182870635286,143148932.3419,40746.0,0.44389973054937415,0.2102307705322042,0.14820055070358634,0.19766894821483535,0.40789971874703956,2020-06-01,
2020,7,3.326463274873413,2.5453534553663633,2.750184179408497,-1.2389404921357838,145481832.0187,42317.0,0.43252448470962196,0.21537281154441695,0.15213388615463058,0.19996881759133042,0.4153416291357474,2020-07-01,0.0
2020,8,3.325554432865373,2.546889506213802,2.75265865524441,-1.2394133334137758,147901613.37339997,44958.0,0.42878175799470764,0.21675785710371276,0.15423914877998732,0.20022123612159248,0.41697909322530524,2020-08-01,
2020,9,3.319239206998336,2.547718250854278,2.762489836054833,-1.2404447280503788,148649971.49449998,50303.0,0.4244346098992316,0.21198766224294857,0.15873570376145715,0.20484202409636276,0.4168296863393114,2020-09-01,
2020,10,3.3111296110388833,2.548641058666678,2.7665415005271163,-1.2390750926928484,151436450.8006,52297.0,0.42062711510766354,0.21413391315673597,0.16064388149741035,0.20459509023819017,0.41872900339492614,2020-10-01,0.0
2020,11,3.309770092296732,2.550688539934132,2.7657097701682467,-1.2376514312743518,150908879.6242,51361.0,0.42191869379626334,0.21519747418555632,0.15868222220344344,0.20420160981473698,0.4193990840002933,2020-11-01,
2020,12,3.316700461466216,2.5535021675063603,2.7570332641413025,-1.2357512753336284,150469754.33830002,49488.0,0.42803579489732857,0.21748521323843426,0.15060353585313113,0.2038754560111059,0.4213606692495402,2020-12-01,
2021,1,3.3182300077585536,2.5512739804161413,2.755271113000285,-1.2365117477740337,148877950.8151,50156.0,0.43022718705706126,0.2157876348963127,0.15107772211839665,0.2029074559282293,0.41869509082454204,2021-01-01,0.0
2021,2,3.3197106437493633,2.546620833577365,2.749056233322155,-1.2365630113487691,149537546.7193,49810.0,0.43102774343415895,0.2155799156342539,0.15108263931338195,0.20230970161820516,0.4178896172524591,2021-02-01,
2021,3,3.319205735207466,2.545770855786383,2.751639760049907,-1.2376553565381878,150484824.41840002,48938.0,0.42860106515041874,0.21488098357010268,0.15433989704253623,0.20217805423694218,0.41705903780704484,2021-03-01,
2021,4,3.3156155278016644,2.5421867985758766,2.760314165327794,-1.2407221826278894,151011289.241,50881.0,0.4250715273681146,0.2093697899680989,0.16020268303710164,0.20535599962668485,0.4147257895947838,2021-04-01,0.0
2021,5,3.3127361254902357,2.542138679865367,2.7604507686934334,-1.2395297397383331,151672425.6746,50598.0,0.42361676485180566,0.21079175762898153,0.15847600741395207,0.20711547010526074,0.41790722773424227,2021-05-01,
2021,6,3.3085909118815517,2.546830194431279,2.7701068714379975,-1.2398824768823893,152209107.1749,48673.0,0.4220914185028115,0.2062857882749461,0.1621106934524413,0.20951209976980115,0.4157978880447472,2021-06-01,
2021,7,3.3065388566254548,2.548899910776446,2.775808702197829,-1.2403819775643945,153925212.5891,49217.0,0.41723994896693045,0.2028546439500654,0.16756056170440792,0.21234484537859627,0.41519948932866163,2021-07-01,0.0
2021,8,3.3055603698405815,2.549927542990953,2.7791903005677363,-1.2406415204205452,153823498.1392,49356.0,0.41804044303171917,0.20456890213954185,0.16294077395586626,0.21444988087287276,0.4190187830124146,2021-08-01,
2021,9,3.3104607281584215,2.543273514887593,2.768798836603426,-1.241221100275749,154627862.1598,48473.0,0.4226578825183476,0.2023009994393656,0.1669657355051503,0.2080753825371365,0.4103763819765021,2021-09-01,
2021,10,3.3114465436582616,2.5455142544335745,2.7707423691026154,-1.241660158120896,155431405.00370002,49599.0,0.4217242227852191,0.20325569753839612,0.16428053782369245,0.21073954185269225,0.41399523939108834,2021-10-01,0.0
2021,11,3.3097500101241533,2.5464104403016723,2.7605858232715734,-1.2373070339071193,156135772.931,48279.0,0.4243743665327857,0.20910550435183284,0.1621642344313326,0.20435589468404886,0.41346139903588164,2021-11-01,
2021,12,3.3103808616296053,2.546095853703322,2.759434213790317,-1.2373103259511826,155978086.7026,47939.0,0.4260424274898629,0.2094765471504874,0.1594047504679742,0.20507627489167554,0.4145528220421629,2021-12-01,
2022,1,3.3142857105479737,2.5452661718623033,2.757227578832675,-1.2376100775047238,155755458.4129,47672.0,0.42848653352602195,0.21094524632581868,0.15590252941844163,0.20466569072971771,0.4156109370555364,2022-01-01,0.0
2022,2,3.3159876828424544,2.5416211475723913,2.752090397594653,-1.2375497186956503,157034055.2398,48306.0,0.43091872794513064,0.21152964301390034,0.15467184758496932,0.20287978145599964,0.41440942446990003,2022-02-01,
2022,3,3.3150099888169255,2.5441620920920047,2.759715069437391,-1.2391991281832775,158058533.1937,118289.0,0.4284714122052815,0.20705876087052333,0.16080989807966348,0.20365992884453174,0.4107186897150551,2022-03-01,
2022,4,3.3120328828100973,2.546627692802797,2.768894191875101,-1.2404894072859243,158026976.7725,48760.0,0.4256119814069893,0.20459737275582954,0.1614503276584855,0.20834031817869567,0.4129376909345252,2022-04-01,0.0
2022,5,3.309934895083285,2.5444547525550694,2.76905852841069,-1.240924438830217,158895469.03930002,50131.0,0.4261554320718363,0.20277518149136733,0.16442243808939697,0.20664694834739922,0.4094221298387666,2022-05-01,
2022,6,3.3081881528736345,2.548924754612665,2.775805951776434,-1.2413757085105936,159029837.13090003,48470.0,0.42329420843580934,0.20172064049398958,0.16538363226613428,0.20960151880406666,0.4113221592980562,2022-06-01,
2022,7,3.3110104555635496,2.549871344891896,2.7725230344191023,-1.2406280369359386,160065376.93840003,48122.0,0.42624711487204886,0.20239214374928408,0.16268963178040483,0.20867110959826202,0.4110632533475462,2022-07-01,0.0
2022,8,3.3174114478019687,2.5474215785437218,2.7662995304951212,-1.2408583310406864,159869852.66899997,48775.0,0.42993035440901395,0.20032584460941402,0.16227340662915665,0.2074703943524156,0.4077962389618296,2022-08-01,
2022,9,3.3191226122756046,2.5416372255589055,2.767844766524166,-1.2438169046039707,160090688.40440002,48167.0,0.43330090541976496,0.19698663130699146,0.16211878397723645,0.20759367929600694,0.4045803106029984,2022-09-01,
2022,10,3.317516225173443,2.5429836949442706,2.770480512104907,-1.2436033004018234,160150131.3454,47971.0,0.4325744761931463,0.19831284843159286,0.16195487914375034,0.2071577962315104,0.4054706446631033,2022-10-01,0.0
2022,11,3.319263791819808,2.542728757735495,2.761975608651806,-1.2414613947924886,159650810.5951,47214.0,0.43500806099841716,0.19973381328374348,0.1606016624245499,0.20465646329328951,0.404390276577033,2022-11-01,
2022,12,3.3214770620819025,2.5408289873166545,2.7577220159280946,-1.241570372018147,159596529.3388,46577.0,0.4353373937932427,0.2012131900570906,0.1599154634661299,0.20353395268353672,0.4047471427406273,2022-12-01,
2023,1,3.3207814431033973,2.5423967483119867,2.754861416078504,-1.2402107798198392,159945985.67360002,46792.0,0.43558777530044335,0.20208529370509265,0.15976719600483136,0.20255973498963264,0.4046450286947253,2023-01-01,0.0
2023,2,3.322086059384211,2.541890016484666,2.75551110975948,-1.2411185348916005,160830292.445,45953.0,0.4376608902267049,0.2000546644575866,0.1587692362496469,0.2035152090660616,0.4035698735236482,2023-02-01,
2023,3,3.322951620768741,2.538554292861531,2.7516404960862095,-1.2415787252403185,161441073.848,114133.0,0.43932356892817237,0.19896449235182,0.15962528747524962,0.20208665124475803,0.401051143596578,2023-03-01,
2023,4,3.3210308730233873,2.5351989251735345,2.7508810856906822,-1.2416940914284362,161731375.79320002,47569.0,0.4368384560905374,0.19920897042820193,0.16317161174924946,0.2007809617320111,0.39998993216021306,2023-04-01,0.0
2023,5,3.319916908253755,2.536188681177913,2.755168511199724,-1.2421980088047655,161384667.95200002,48093.0,0.4364763001795862,0.19795391571274779,0.16474146368109507,0.20082832042657087,0.39878223613931857,2023-05-01,
2023,6,3.3169933117227703,2.540495499672095,2.7623038185433946,-1.242195533144827,162166820.23360002,47973.0,0.43227963597250946,0.19685120188529046,0.16798534574679716,0.2028838163954028,0.3997350182806933,2023-06-01,
2023,7,3.3116259852294143,2.5436458230972305,2.7632497284503006,-1.239201814602156,162672592.74510002,48016.0,0.4289884392243575,0.2001468415519597,0.16854037033983307,0.20232434888384962,0.4024711904358093,2023-07-01,0.0
2023,8,3.31483494863739,2.5477729849130593,2.767783873230161,-1.2401374800281149,162090631.6175,48468.0,0.4283987951293974,0.19879640986185818,0.16584017589081806,0.20696461911792635,0.40576102897978455,2023-08-01,
2023,9,3.3217905971294375,2.5380487463692876,2.758294027189275,-1.2432636125967784,162387342.31199998,47561.0,0.4351932106316496,0.19730771740595393,0.1654375538672435,0.20206151809515308,0.399369235501107,2023-09-01,
2023,10,3.322060524716607,2.5370509870402946,2.752545044623672,-1.2413567846514375,162403673.5862,48724.0,0.4410452442732578,0.1949011464743716,0.16337166192252028,0.20068194732985037,0.395583093804222,2023-10-01,0.0
2023,11,3.3201287503041734,2.541060065515919,2.7570039567376674,-1.240849487802235,162456723.0864,47654.0,0.4395018479421564,0.19667222495807402,0.15893958632643118,0.20488634077333828,0.40155856573141235,2023-11-01,
2023,12,3.3218345525451296,2.540824870351582,2.7565551940666007,-1.241332545003584,161123840.362,47101.0,0.43854442460933735,0.19771380853589143,0.16010825670143422,0.20363351015333717,0.40134731868922857,2023-12-01,
2024,1,3.326473746595972,2.537565795469943,2.748301085122049,-1.2411895263192525,159901449.36540002,46865.0,0.44194960639044367,0.19861599334803848,0.15905488684021457,0.20037951342130314,0.3989955067693416,2024-01-01,0.0
2024,2,3.3214372914215877,2.5377035399173065,2.7538711285617556,-1.24144169596616,160696684.6576,47183.0,0.4372524821219259,0.1972931258031438,0.1617849523267712,0.20366943974815918,0.400962565551303,2024-02-01,
2024,3,3.3245101343160157,2.539431036825289,2.755410907267871,-1.2424330735527183,162180760.7184,113947.0,0.43791361747597474,0.19527752128990286,0.1625093137549319,0.20429954747919052,0.3995770687690934,2024-03-01,
2024,4,3.3237890783574144,2.5397100942366406,2.755861296779098,-1.2419045563983526,162416181.676,47365.0,0.4362840288220544,0.1966037098064502,0.1640825046845562,0.20302975668693923,0.3996334664933895,2024-04-01,0.0
2024,5,3.3258118259962792,2.535743704371806,2.749183061751101,-1.2415731118734452,162045018.87,47556.0,0.43919296710931355,0.1940101591269604,0.1666286968540621,0.200168176909664,0.3941783360366244,2024-05-01,
2024,6,3.3257138069641012,2.5388966406760356,2.753718200381383,-1.241756829939497,162496791.6588,47136.0,0.4387525478970831,0.1942174935993014,0.16627788037830316,0.20075207812531223,0.39496957172461356,2024-06-01,
2024,7,3.320319653642258,2.538440818583,2.7592904358321855,-1.2419008550542021,162794199.8819,47468.0,0.43286090933780724,0.19486769676630908,0.16895542960961532,0.20331596428626827,0.39818366105257735,2024-07-01,0.0
2024,8,3.3214173257429613,2.5378368580427573,2.7599027691724682,-1.2423543391096998,162084874.82119998,47884.0,0.4332445852271172,0.19636573040889962,0.1651062894765536,0.20528339488742967,0.4016491252963293,2024-08-01,
2024,9,3.3240878477300537,2.5318972121991123,2.75588905618939,-1.2443503385627113,162756028.2065,47559.0,0.43763345573307244,0.1931569615314837,0.16673007298120007,0.20247950975424384,0.3956364712857276,2024-09-01,
2024,10,3.328404333922016,2.5303888330666324,2.7484913285849633,-1.243714638707157,162640670.0485,47430.0,0.44169512247384235,0.19450893051022425,0.16409810874082872,0.1996978382751046,0.39420676878532884,2024-10-01,0.0
2024,11,3.327562695821546,2.532861076298677,2.7507594871684975,-1.2434626435951235,161882624.827,47220.0,0.44051630993202223,0.19547201990032384,0.16365302160569717,0.20035864856195681,0.39583066846228065,2024-11-01,
2024,12,3.327595939734275,2.533627939424735,2.7414346742098936,-1.2402473977476831,161967384.9479,47161.0,0.4397079984992582,0.2011910991690213,0.1619501696834681,0.19715073264825234,0.3983418318172736,2024-12-01,
2025,1,3.327846731501799,2.5317413969469533,2.740724838719423,-1.2407969018814609,163379760.16550002,46362.0,0.43982825410447673,0.1990125763715372,0.1641139112748063,0.19704525824917976,0.396057834620717,2025-01-01,0.0
2025,2,3.327419483732179,2.5314363380968596,2.740952297577097,-1.240821792276688,163342276.4885,45894.0,0.4391751644672989,0.19981387811255258,0.16240316534444552,0.198607792075703,0.3984216701882556,2025-02-01,
2025,3,3.3293787772865415,2.532392357419442,2.7464941913576957,-1.2428775844697264,163953811.5332,111828.0,0.4405007609461728,0.1976514451512948,0.16328293469578173,0.19856485920675074,0.39621630435804545,2025-03-01,
2025,4,3.3232033354756156,2.5317686050793844,2.7487347291037043,-1.2421118715436699,164754057.05,45425.0,0.4397129620954605,0.19412914677356652,0.16660707595182098,0.1995508151791519,0.39367996195271837,2025-04-01,0.0
2025,5,3.319396031110686,2.532626084754085,2.7542447596765918,-1.2423874122599812,163993643.84350002,44786.0,0.4337691391593498,0.19563527968691832,0.16957306558745766,0.20102251556627415,0.3966577952531925,2025-05-01,
2025,6,3.319520360478686,2.5347457259899104,2.7560049203121957,-1.2420011302134992,164736362.1957,44663.0,0.42855234498703026,0.197278526035391,0.173709668472617,0.20045946050496177,0.3977379865403527,2025-06-01,
2025,7,3.318033990878795,2.5352308716870384,2.759593286249161,-1.2425509671994766,165014946.6527,44481.0,0.4262642052234307,0.19970220021012144,0.17258375246418337,0.2014498421022644,0.4011520423123858,2025-07-01,0.0
2025,8,3.324946675727447,2.5320610819333793,2.7563554519746756,-1.2447473629198729,164599324.937,46417.0,0.4334491399233095,0.197144178830746,0.16965424494169837,0.1997524363042461,0.39689661513499214,2025-08-01,
2025,9,3.323472673687144,2.5285665844917093,2.7567349703728343,-1.245581406056737,165053351.96969998,46320.0,0.4364626054466609,0.196227797950118,0.16703024223077287,0.20027935437244843,0.39650715232256645,2025-09-01,
2025,11,3.3193298393076325,2.5327603858221925,2.750051000649275,-1.2408379762279496,165004557.62849998,42948.0,0.4389161203659438,0.19976484778870557,0.16353635671054467,0.19778267513480607,0.3975475229235117,2025-11-01,
2025,12,3.320213807745885,2.530653672685939,2.751478619097823,-1.2423809490023539,164469406.2697,42842.0,0.4388628422184409,0.1985755641322385,0.16212141851826142,0.20044017513105924,0.39901573926329775,2025-12-01,
2026,1,3.3201759681428027,2.532109737476134,2.7479009884871988,-1.2405025701609933,163672812.2075,42373.0,0.4410720961993219,0.1970533758496886,0.1617517759072686,0.20012275204372076,0.3971761278934094,2026-01-01,
2026,2,3.3180364514764773,2.527007102381071,2.7391011887216457,-1.2391137340863003,162542131.38140002,43402.0,0.44286700263078577,0.19953463473846966,0.16349893480196528,0.1940994278287792,0.39363406256724887,2026-02-01,
