YEAR,STATEFIP,mean_abstract,mean_routine,mean_manual,mean_rti,total_employed,n_obs,share_routine,share_NRC,share_NRM,real_gdp,population,gdp_pc
1976,6,3.1914143744170063,2.632582218744929,2.8691425099065486,-1.2080753018013326,11612111.285000002,83936,0.5477858019694579,0.3093271149787072,0.14288708305183484,,21934505.0,
1976,9,3.1961687349600756,2.686796631876972,2.8715711765227323,-1.1933664954652974,1338351.4216666666,9863,0.5618967304550756,0.3120579766513061,0.1260452928936182,,3085984.0,
1976,11,3.2372871639363745,2.5643545898862956,2.6219325974488044,-1.1548535028750273,294676.7408333333,1956,0.4383026710873667,0.35127882038709907,0.21041850852553434,,696305.0,
1976,12,3.164190304319878,2.619114242577856,2.919280133384438,-1.2193082611164805,3023251.0516666663,21492,0.5415213341933867,0.2801425414857855,0.17833612432082782,,8695356.0,
1976,13,3.144865959230877,2.6829749403012304,2.981978340660865,-1.2130206393360679,2179739.3975,15819,0.5969669208065489,0.2744024039957516,0.1286306751976995,,5126155.0,
1976,15,3.130876819432194,2.628096819799039,2.883601998490761,-1.1940359539355208,316359.2625,2156,0.5770391242132576,0.2583690006425229,0.16459187514421947,,892335.0,
1976,17,3.1803513853645353,2.6979665508057162,2.917150887193308,-1.198178867265187,4670771.2075000005,33724,0.5847401374986885,0.2874459557813545,0.127813906719957,,11360274.0,
1976,18,3.1026381743144156,2.766886212482286,3.061166829694836,-1.200258177876081,2399291.194166667,17883,0.6397833543236033,0.22451806584975717,0.1356985798266394,,5371552.0,
1976,19,3.1970854630174235,2.6446917517331463,2.9678380162994524,-1.2409072034819626,1028973.7333333334,7686,0.5247833106513803,0.3377247705519317,0.1374919187966881,,2903770.0,
1976,21,3.1730738702371255,2.689976976302441,2.988778846755753,-1.2227003113194441,1482772.0183333333,10840,0.5789488405865842,0.28823556586141713,0.1328155935519986,,3530443.0,
1976,22,3.176013045258978,2.652481985493007,3.0008996759563975,-1.2379459984476895,1576325.7058333333,11519,0.5698594097863892,0.27686654272539934,0.15327404748821147,,3951636.0,
1976,25,3.189299233262138,2.6891929422050738,2.869483153317613,-1.189522279469546,2325547.899166667,17090,0.5564051261692038,0.29998841717959507,0.14360645665120106,,5748868.0,
1976,26,3.145696765706005,2.7065878811514796,2.9527477338485397,-1.1993923010213086,3677160.884166667,26878,0.5805662807442746,0.26929728733042907,0.15013643192529633,,9117481.0,
1976,29,3.1828565530481865,2.6457814014303533,2.9611470366011132,-1.2322393563016891,6166625.855833333,44753,0.5441857538432053,0.3124174985806924,0.14339674757610224,,4823554.0,
1976,30,3.1955577843752714,2.611537068289713,2.9024833464894875,-1.2268615720591443,3954500.2991666663,27915,0.5477177300242827,0.30511715518773924,0.14716511478797797,,758521.0,
1976,34,3.200152813290119,2.659831202038267,2.850787806482898,-1.1934413981042156,2989631.2066666665,21672,0.5627005844240246,0.31084309582632935,0.12645631974964613,,7344079.0,
1976,36,3.194428359162059,2.6471493940384656,2.831903130984388,-1.1902495200010632,6576366.947499999,47669,0.535294075707073,0.31477832659318766,0.14992759769973943,,17974654.0,
1976,37,3.1630466761000524,2.701513703405641,2.9770860856213432,-1.2112103134400916,5935469.639166667,43256,0.597480827940064,0.2737031698673836,0.12881600219255243,,5593463.0,
1976,39,3.1433439324168706,2.7420333093513576,2.9707001819784886,-1.1910349392091006,4445807.543333334,33076,0.6005043512797109,0.2632195604186801,0.13627608830160898,,10752731.0,
1976,40,3.1667647822628915,2.671323565145711,2.9884456680679823,-1.2259981409161957,1819866.955,13352,0.5729298224398658,0.2890551147438091,0.13801506281632508,,2823396.0,
1976,42,3.1304684838584866,2.7343755226811406,2.991223028023606,-1.1953609587258707,4749978.550833333,34693,0.605532738973065,0.25330723708613717,0.14116002394079788,,11887478.0,
1976,47,3.1290777413776696,2.720206376887631,3.050796114485174,-1.2184457530705632,4176413.2375000003,29871,0.6104284671414916,0.25669302801328536,0.13287850484522315,,4329160.0,
1976,48,3.1889324057968906,2.6375610114546597,2.9249898621149164,-1.2224771300588069,5290362.400833333,38008,0.5635522177569715,0.29814206319285763,0.13830571905017092,,12903268.0,
1976,50,3.1501751219147867,2.7050453348874988,3.009896139135924,-1.2190330304171364,1503163.3483333334,11069,0.5795567899807449,0.28192273574564336,0.13852047427361175,,485144.0,
1976,51,3.201100519282546,2.657161032972457,2.903961519636679,-1.2112940941709747,2125420.3333333335,15395,0.5598462203415242,0.30593558873990384,0.13421819091857196,,5132693.0,
1976,55,3.1384913138660466,2.7017983643689116,2.965495703530726,-1.2033887778211128,1963259.8133333335,14621,0.580985167478354,0.26407757350511035,0.15493725901653554,,4584688.0,
1977,1,3.143343294170039,2.7056983570824547,3.048470200180182,-1.225143636615192,1541124.9633333336,6228,0.6037310597565994,0.26205638347666965,0.1342125567667309,,3782736.0,
1977,2,3.250085341181418,2.5814325621624494,2.859039180135179,-1.2382025046483305,139616.85,5678,0.5065282769692608,0.3338222797382114,0.1596494432925277,,397363.0,
1977,4,3.2324824575250832,2.584030324596878,2.8637617843305354,-1.233043546233148,883307.9116666666,3942,0.516491715916675,0.33771847522328335,0.14578980886004178,,2427310.0,
1977,5,3.097442543585814,2.7085199514421134,3.0914533920526845,-1.2280544069115897,806427.5383333334,4164,0.6251588889211965,0.24902904809907764,0.12581206297972586,,2207228.0,
1977,6,3.1995607823294443,2.628486252783444,2.8621788481483197,-1.2099245344369935,10802691.721666666,77921,0.546510852400587,0.31352954346043915,0.1399596041389738,,22350247.0,
1977,8,3.2025060061430466,2.597335018014104,2.8628967267445904,-1.2214636244158772,1302634.42,6762,0.5308297404873191,0.31781744037987036,0.15135281913281048,,2696007.0,
1977,9,3.2052337541248046,2.674635944531474,2.8596473726036855,-1.1963176727893952,1366804.185,10246,0.5544396086682957,0.3184144014535848,0.1271459898781195,,3088729.0,
1977,10,3.19369797576743,2.642790036001438,2.8795690293120884,-1.2059481854166612,238766.85166666665,2624,0.5566553213454252,0.29853001710407684,0.14481466155049796,,594821.0,
1977,11,3.2233820187161246,2.5767694813647077,2.6647237937708756,-1.1593260183342422,282277.60000000003,2927,0.44725433478400456,0.34002007385669164,0.21272559135930372,,681768.0,
1977,12,3.1682529443356215,2.618305075343495,2.914783983272956,-1.2187551254068356,3081011.3158333334,21997,0.5549221978831788,0.2770866976969542,0.16799110441986698,,8888958.0,
1977,13,3.1481655691837713,2.6898737522607425,2.9900300082051783,-1.2142419452735653,2242265.3291666666,16476,0.6076198386501939,0.2598752455306768,0.13250491581912924,,5211771.0,
1977,15,3.1378993299175093,2.5992145981438926,2.860919973322597,-1.199734202532122,357565.68250000005,4312,0.5501352194520825,0.2636809557486175,0.18618382479929999,,915749.0,
1977,16,3.1738010071955274,2.6366012455583427,3.010296388904077,-1.2490333407921275,366594.24,4611,0.56519323175135,0.29328454875176435,0.1415222194968857,,883446.0,
1977,17,3.19116828074115,2.6933049182720397,2.914075397843145,-1.2014528503498323,4929885.509166666,34639,0.5819509967227185,0.29184847400418207,0.12620052927309935,,11406312.0,
1977,18,3.118257694849366,2.754797589072018,3.047097225897113,-1.2053519773915602,2352570.7383333333,18135,0.6313376081012136,0.23785000053789362,0.13081239136089276,,5405075.0,
1977,19,3.178217282218617,2.671021830706916,2.990303145934314,-1.234291363341988,1185127.655,10220,0.5415144389570242,0.3139352624613986,0.14455029858157717,,2914308.0,
1977,20,3.2020443505050515,2.650085576652824,2.9414167377859233,-1.2301347164584826,991432.5716666667,5294,0.5301892169528554,0.3300342263373137,0.13977655670983088,,2317836.0,
1977,21,3.160065220708292,2.697489659127221,2.997978816963842,-1.2202904381241078,1505320.37,11151,0.5851213587439769,0.28045452000243815,0.13442412125358497,,3575001.0,
1977,22,3.1729222552144214,2.6434559256838663,2.953448171507933,-1.22520660938541,1557341.8741666665,11979,0.5660485662480896,0.2830154763125622,0.15093595743934815,,4015582.0,
1977,23,3.1580844894064444,2.686963541593362,3.055290961768938,-1.239485114812706,421451.165,3694,0.5835420608609808,0.27782152065286286,0.1386364184861564,,1105369.0,
1977,24,3.252400228709107,2.615138865887292,2.8190756673193316,-1.2111852061595727,1937266.1083333334,6785,0.5334295609244865,0.33370353561427785,0.13286690346123575,,4194639.0,
1977,25,3.1898070226840285,2.6939891146424784,2.8674693564588414,-1.186759163357479,2391367.223333333,17103,0.5574239130213514,0.3012259449891331,0.14135014198951554,,5744097.0,
1977,26,3.1344451058277616,2.7287645083971594,2.987934312054451,-1.1995182160122124,3813735.1758333333,28320,0.5993315913091908,0.25483178550425384,0.1458366231865553,,9157247.0,
1977,27,3.1892425239745568,2.6209395981604877,2.8968387098062887,-1.2212935857149054,1859816.205,7740,0.5262083856936248,0.31747139299532195,0.15632022131105316,,3979844.0,
1977,28,3.0942251149704276,2.7370055652227143,3.0881671012961127,-1.2134373080617722,901954.9633333334,4636,0.6244789531081864,0.24204621931254497,0.13347482757926868,,2459810.0,
1977,29,3.17279921246906,2.652251315768795,2.9539569571698663,-1.2237204448083334,4218971.8025,30398,0.557888475098072,0.297543369294737,0.14456815560719102,,4845042.0,
1977,30,3.1848965983659396,2.6102554487260186,2.951657749965523,-1.2411020974025975,2199604.8783333334,19227,0.5383737639364296,0.30862783545672184,0.15299840060684863,,771354.0,
1977,31,3.185349407305575,2.635876039783746,2.9675548106265985,-1.2399544073511508,728614.34,4407,0.5340164648571252,0.3185725907747088,0.14741094436816596,,1554466.0,
1977,32,3.1491890438479846,2.5528918506729323,2.8787094125600157,-1.2262207783510595,313372.48666666663,3732,0.4822174495246829,0.27992485877135453,0.23785769170396256,,678134.0,
1977,33,3.183206489782656,2.692684501001198,2.945157658630805,-1.2105976037048198,395323.74666666664,3499,0.564634071462137,0.29747839530916126,0.13788753322870176,,871860.0,
1977,34,3.192459961936518,2.676818362662736,2.871736306703164,-1.1923662417228182,3082341.0700000003,22130,0.5634995031472392,0.3041158516126054,0.13238464524015545,,7342027.0,
1977,35,3.223709913445834,2.586965585695403,2.891242894034409,-1.2408387657249487,447247.5316666667,4338,0.5276159478904497,0.3388548036123454,0.13352924849720502,,1225245.0,
1977,36,3.1917667905674176,2.6481023879548946,2.8307617959127875,-1.1878811048431746,6774742.4575,48092,0.5408905359798014,0.3095623424691674,0.1495471215510312,,17851507.0,
1977,37,3.1360827478296387,2.735168788106335,3.014013249055939,-1.2038999030500424,4283230.0075,30361,0.6208082704549596,0.2587819991060937,0.12040973043894676,,5668494.0,
1977,38,3.2342122429755698,2.584764681634607,3.0204688048527224,-1.2897432502984612,283434.91833333333,4859,0.4675955635342918,0.38528845584879384,0.14711598061691433,,649168.0,
1977,39,3.14214179845788,2.726541363625204,2.962079580153983,-1.1934496211488226,4583936.995833334,33617,0.5971778383059837,0.2610264720588695,0.14179568963514685,,10771232.0,
1977,40,3.1793897337788533,2.6606977905374802,2.9518148036619594,-1.2215555980927986,1578231.4625000001,11008,0.5581384752231874,0.30114084010720393,0.14072068466960866,,2865935.0,
1977,41,3.1374944163507625,2.6487445370429565,2.979579455036232,-1.2220890778792328,1087830.7916666667,4554,0.5672208970002898,0.2724806801102846,0.16029842288942564,,2439355.0,
1977,42,3.129915569127719,2.7299070669075185,2.9964499930815087,-1.1976634502433499,4833171.314166666,35109,0.6097257436720529,0.24824466129067932,0.14202959503726778,,11881857.0,
1977,44,3.143018360549073,2.768383573570698,2.993093311229204,-1.190082612291964,419304.8633333333,2752,0.599653724981006,0.25517535044502365,0.14517092457397038,,955128.0,
1977,45,3.093617156630181,2.7288725148182675,3.04131497295586,-1.203073094005668,1176253.4783333333,3782,0.6460310016768741,0.22342927572516505,0.1305397225979608,,2988979.0,
1977,46,3.203134100793225,2.6069485321325563,3.050970284171972,-1.283837317733699,315212.05,5529,0.5022212179508035,0.3518719531122067,0.1459068289369899,,688992.0,
1977,47,3.1372284799217867,2.7182660579873414,3.0400345113499796,-1.218112749159362,3042657.7458333336,21346,0.6073746606586766,0.26669920384192675,0.12592613549939666,,4401939.0,
1977,48,3.1868800250801796,2.6338446493634162,2.919028504430932,-1.221192169615504,5374207.791666667,39006,0.5645224036634046,0.2959388381096604,0.1395387582269351,,13191790.0,
1977,49,3.1879874500740777,2.6264455023045645,2.9208968544750182,-1.2234788249809294,505414.5433333333,5136,0.587491369030497,0.2976959200565554,0.11481271091294752,,1316421.0,
1977,50,3.1617265993862613,2.6701460585652845,2.973603456920033,-1.2235739521757627,907972.6749999999,9416,0.5467349019637001,0.2946778386513627,0.1585872593849372,,492174.0,
1977,51,3.20934691552073,2.654422585075968,2.912797199404377,-1.2183948937100955,2291006.540833333,16069,0.5665744941296601,0.30644529948732185,0.12698020638301796,,5205706.0,
1977,53,3.1745341296036282,2.6291641567725343,2.9486768090748257,-1.2313091545694157,1512942.805,5368,0.5499617366267228,0.30623001722210735,0.14380824615116986,,3772360.0,
1977,54,3.1400927813105906,2.767606006050808,3.107572849151632,-1.2255148673780836,626206.8383333334,3352,0.6609660640032714,0.2205644142557448,0.11846952174098378,,1905628.0,
1977,55,3.1401745251408806,2.6980407082410807,2.988356956793432,-1.2119382402568832,2032485.4441666666,14675,0.5782958648028886,0.2722590237673116,0.14944511142979974,,4613299.0,
1977,56,3.1987898680477618,2.598867429501341,3.0106043199200214,-1.2683183254722639,201071.03666666665,4488,0.5468776463235882,0.30812638196524383,0.144995971711168,,411530.0,
1978,1,3.12947412027274,2.726693469981921,3.060247425950521,-1.2183236718353154,1484301.6058333332,12338,0.6222158893670467,0.24251839128022812,0.1352657193527252,,3834120.0,
1978,2,3.24668010775209,2.5814249514799203,2.856406854002408,-1.2373674870386517,165371.74333333332,11702,0.5221677722216257,0.32876449092775395,0.14906773685062033,,402191.0,
1978,4,3.2073619238408413,2.6008485053039507,2.875476241708292,-1.224117639352273,932449.6666666666,8122,0.5465549451343094,0.3017736872807438,0.15167136758494684,,2517852.0,
1978,5,3.115268052196596,2.720752465603285,3.0911564525938897,-1.2266240309534409,864957.3374999999,8188,0.6101633119372375,0.2550114844758576,0.1348252035869049,,2241019.0,
1978,6,3.198853864841015,2.627499762331193,2.850807217597874,-1.2054488700657209,9872620.280833334,69433,0.5517565058197847,0.3125602925203299,0.13568320165988534,,22838960.0,
1978,8,3.200549172916688,2.6194237324712906,2.881636635226197,-1.2200453273145717,1226088.3575,13491,0.546619009325276,0.30505449466646983,0.1483264960082542,,2766725.0,
1978,9,3.2099323166784735,2.672715721988085,2.8360464739324285,-1.1906275978173477,1440899.4166666667,10229,0.5594010446165829,0.316164492713272,0.12443446267014513,,3094839.0,
1978,10,3.235346484383505,2.637462631689909,2.8768488247770794,-1.2192081574749225,254436.39166666663,5053,0.5474593955447202,0.3184787995373916,0.1340618049178882,,598188.0,
1978,11,3.233173792693691,2.5781496423676984,2.6496357370142314,-1.1568035061115634,306578.9016666667,3987,0.47518642021574803,0.3548254909517379,0.16998808883251412,,670046.0,
1978,12,3.1610985971191643,2.62014587281724,2.916533215690525,-1.2162518621709093,3478723.9891666663,22935,0.569800882742871,0.2731582351542011,0.15704088210292783,,9131554.0,
1978,13,3.152652893942886,2.679091568618442,2.9520173555819675,-1.2066141321611843,2200101.5625,16342,0.5972570522549869,0.2707266826195897,0.1320162651254234,,5286148.0,
1978,15,3.1313569302019952,2.6112998443749595,2.878798013150835,-1.1987147356846488,377437.23416666663,6435,0.5543987268280902,0.260940283342816,0.18466098982909374,,928816.0,
1978,16,3.1728084758141315,2.641492287836846,3.004207144530296,-1.2444424277860386,382552.93333333335,9135,0.5742748967587251,0.2917509918041913,0.13397411143708352,,910962.0,
1978,17,3.1812138676325374,2.700356224288628,2.9087335978163664,-1.1950480632342708,5008313.1241666665,33642,0.578868647664727,0.2885035497586478,0.13262780257662518,,11434421.0,
1978,18,3.1128312164156267,2.7689567981456786,3.0534945720784297,-1.200801566741778,2409316.9233333333,18266,0.6283831706366899,0.23455640461187588,0.1370604247514342,,5446403.0,
1978,19,3.1577338146735854,2.682081340868095,3.0258597636500766,-1.236590262377089,1359678.8408333333,12298,0.5545102468355576,0.29330514212462927,0.15218461103981315,,2919008.0,
1978,20,3.1893704189634904,2.662795143735195,2.9320178563575467,-1.2186768911031376,1120363.4225,10761,0.5406642335377113,0.31823437456712883,0.14110139189515988,,2332815.0,
1978,21,3.155363708905151,2.7037585784505267,3.0121397921509114,-1.2198592875045264,1472118.1208333333,11016,0.5928219245106962,0.27688892262504233,0.1302891528642615,,3611382.0,
1978,22,3.1808736982606494,2.645285669385735,2.9719401301777935,-1.2314187571120068,1507133.6508333331,11624,0.5745241787956092,0.2820512594960442,0.14342456170834653,,4073288.0,
1978,23,3.153743911663575,2.6764948790079184,3.017665182952712,-1.2299357436038794,450157.48583333334,7522,0.5719930952422266,0.2743581523294655,0.15364875242830786,,1115457.0,
1978,24,3.2586329885972436,2.6143020367537586,2.8079897793915567,-1.2106229278230602,1929142.2466666668,13852,0.520273316782855,0.3430402120114113,0.13668647120573363,,4211641.0,
1978,25,3.183382159602066,2.680880846857018,2.8531634849322116,-1.1837003271248527,2672895.1408333336,20499,0.5552722010089689,0.30215380063704894,0.14257399835398216,,5742923.0,
1978,26,3.132634033458394,2.735770726090729,2.9811077266946566,-1.1938699503619656,3899074.0308333333,28277,0.6016023565684889,0.25248166299385527,0.14591598043765577,,9201953.0,
1978,27,3.188148830769213,2.6220504282993913,2.8865913213206036,-1.21684098571633,1910865.1433333333,15522,0.5289106785862417,0.3169820996598383,0.15410722175391997,,4004676.0,
1978,28,3.1011293259687815,2.7300691343119783,3.0818320126232153,-1.2147822551478167,900803.7991666667,8989,0.604735995791607,0.2579296997845593,0.13733430442383374,,2488033.0,
1978,29,3.1712570775861884,2.6531020098739426,2.9386135096205805,-1.2184571835421905,2122909.0725000002,15646,0.5552018538004996,0.30314905396566705,0.1416490922338333,,4871171.0,
1978,30,3.1874344254837914,2.6143850042687036,3.0010619551692685,-1.2566879665858848,342259.2325,9579,0.532906277067715,0.32137839037399324,0.1457153325582918,,784043.0,
1978,31,3.192372431117018,2.6350494952384347,2.960743561781062,-1.240582736779167,753660.1533333333,8464,0.5364784985694698,0.3250012302078259,0.1385202712227043,,1560826.0,
1978,32,3.117727891607606,2.54560823262732,2.9135297707713996,-1.2322653517818607,314546.8383333333,7760,0.4612410564944633,0.2589044831505443,0.27985446035499245,,719345.0,
1978,33,3.1901180490732184,2.699149440606046,2.9356088279548023,-1.2076010948635554,407896.02416666667,7083,0.5895144292918297,0.291159288031375,0.11932628267679533,,893974.0,
1978,34,3.2003047879002136,2.6664380927019393,2.8532819114553676,-1.1928771601861397,3202838.8366666664,22624,0.5574429970200493,0.3104965450923927,0.13206045788755802,,7356414.0,
1978,35,3.216645430655125,2.6015632114170835,2.8859634830207344,-1.231435012588026,495838.595,8425,0.521568051372484,0.3324775561321161,0.1459543924953999,,1251848.0,
1978,36,3.193474573510509,2.650723033295382,2.8295396472522047,-1.1875480225849258,7291766.859999999,47613,0.5419034768209713,0.307547030921105,0.15054949225792372,,17720421.0,
1978,37,3.1171061856074567,2.759896605607438,3.0551200056706844,-1.2037385461208994,2566404.23,17276,0.6338629482312959,0.24868159000707765,0.11745546176162645,,5740286.0,
1978,38,3.2486152861438633,2.586543714195438,2.984934749404065,-1.2816600284651136,284007.1066666667,9390,0.4637800296602515,0.3958356460373262,0.14038432430242231,,650648.0,
1978,39,3.139819361207536,2.7341142224936754,2.9722260228825466,-1.1935250118148621,4669804.690833333,33323,0.6017766724825612,0.25593072282816337,0.14229260468927554,,10795431.0,
1978,40,3.210243261033306,2.659909299794626,2.9151684812164222,-1.2172777624236233,1195220.8725,7600,0.5633409923720699,0.3116387552255746,0.12502025240235534,,2913056.0,
1978,41,3.157560259807384,2.657358358929558,2.966309137737007,-1.220859581582361,1111793.7125000001,9248,0.5735679513387764,0.2789170473997992,0.1475150012614244,,2509609.0,
1978,42,3.143264843157555,2.721233561793548,2.9734673221448435,-1.1961890165880902,4901355.975000001,34982,0.6033983426434418,0.25991270046888953,0.13668895688766866,,11864774.0,
1978,44,3.15215365081805,2.756955023259907,2.959378411753606,-1.1860588074146619,404486.23500000004,5389,0.5889652209421724,0.26365328411373984,0.14738149494408778,,957237.0,
1978,45,3.1028339222894736,2.7387063874132873,3.0499159358204424,-1.2035208287458994,1226284.9766666668,7694,0.6376254994828197,0.22735929786551642,0.13501520265166392,,3041068.0,
1978,46,3.1951469781637445,2.609570721387264,3.0271731631512555,-1.272973563470176,318721.77416666667,10887,0.5063910673325952,0.35155453157554023,0.1420544010918646,,689293.0,
1978,47,3.124001838939489,2.744900660806796,3.0464728902012066,-1.20792844749922,1818384.2750000001,12187,0.6155420611292627,0.24890353465145457,0.1355544042192827,,4461639.0,
1978,48,3.1907711263975056,2.6476623895918636,2.9250833307194477,-1.219151746458309,5732110.8125,38813,0.5732915512644053,0.2972891597826696,0.129419288952925,,13497726.0,
1978,49,3.1940652588255833,2.63059718853963,2.9576165392280735,-1.2374256860182618,516567.74,10562,0.5651783791621685,0.3086652529741419,0.12615636786368967,,1364235.0,
1978,50,3.194447733403347,2.619974791287959,2.901392929260109,-1.2271013186624897,221986.35583333333,6947,0.5290768590701843,0.33086373369218997,0.14005940723762567,,498284.0,
1978,51,3.221347414308475,2.648659096938443,2.8936801471680975,-1.2183072897133214,2331052.1441666665,16199,0.5558725561455032,0.31495647502394314,0.1291709688305537,,5284122.0,
1978,53,3.1811154941070456,2.635970143141557,2.945053818343558,-1.2272738809884094,1608078.0016666667,11317,0.561390108326945,0.300343066675426,0.13826682499762902,,3886191.0,
1978,54,3.1389485508470494,2.756066709087861,3.112576762198167,-1.2270333428322988,684719.9341666667,6954,0.6498949540077371,0.22830723715275833,0.12179780883950453,,1920342.0,
1978,55,3.142648782536723,2.6957417229801877,3.008443190863698,-1.22053418704567,2197239.736666667,14433,0.5906530779896463,0.26516031490362635,0.14418660710672748,,4631944.0,
1978,56,3.1950560559175614,2.6260078615044256,3.009721213927891,-1.256926333396135,198433.01833333334,9164,0.5717518801601588,0.28947240768256105,0.1387757121572801,,430897.0,
1979,1,3.1152625042032245,2.739402351236301,3.0748295232530816,-1.2137195122809363,1521566.1775,12156,0.6214469916244165,0.23531769650262255,0.14323531187296093,,3869444.0,
1979,2,3.2595931274405454,2.5642877768713985,2.844409732576173,-1.2426217223478766,168092.54750000002,11282,0.5198163213185094,0.3400338038735729,0.14014987480791766,,403544.0,
1979,4,3.2252589836394474,2.59633604752869,2.8628075724801074,-1.2273586814935977,987737.1658333334,8234,0.537582186604877,0.3247561900410509,0.13766162335407214,,2638582.0,
1979,5,3.1116715923681877,2.712956543509477,3.050600906695371,-1.2168357949998956,908005.4325,8310,0.6106181218327357,0.260194530181526,0.1291873479857383,,2269115.0,
1979,6,3.21372951170784,2.6200677483895016,2.8360862423142805,-1.2075402891493399,10289041.906666666,70898,0.5464619933114758,0.3264696966821586,0.12706831000636562,,23255069.0,
1979,8,3.2413172917323423,2.5978849436349134,2.833556049699838,-1.2231516084517111,1293734.9066666665,14027,0.5191353734164572,0.3451560540829544,0.13570857250058838,,2849181.0,
1979,9,3.223152608883792,2.6805420792475645,2.8381094101240474,-1.193262833365802,1493895.2616666667,10811,0.5580802576743505,0.3192728324699064,0.12264690985574306,,3099907.0,
1979,10,3.21541267082076,2.619134099473767,2.8418219925139767,-1.2082823913574965,255531.75166666668,5028,0.5486694040242828,0.3237373609149022,0.12759323506081502,,598830.0,
1979,11,3.2621288595902143,2.5822315569548473,2.6689608274521537,-1.1706166819432153,302110.9191666667,4037,0.46139527115236034,0.3796392263082702,0.15896550253936945,,655616.0,
1979,12,3.171330727531093,2.618497501392687,2.9314375527546876,-1.2258404104082232,3598259.1058333335,23813,0.5725278489744394,0.2723145607834847,0.15515759024207582,,9470585.0,
1979,13,3.1621967785658147,2.6758035368194,2.942181826495468,-1.2073852242975611,2233114.1591666667,16191,0.5970209266790708,0.2806208593994417,0.12235821392148742,,5391265.0,
1979,15,3.1437668299763737,2.599602177139156,2.879826835722625,-1.20399459640036,373572.17250000004,6493,0.5439492128513269,0.275267116240933,0.1807836709077402,,950050.0,
1979,16,3.1693783736363255,2.6492777170371653,3.0032243339905738,-1.2393011872611752,396946.5983333333,9166,0.5699101539923296,0.2978642159516429,0.13222563005602747,,932636.0,
1979,17,3.186424317955882,2.691371917977262,2.901849754550209,-1.1972749077904552,5051732.644166667,33439,0.5755190065895937,0.2886289026170658,0.13585209079334054,,11422782.0,
1979,18,3.107158336830532,2.768272033975506,3.0657823578520436,-1.2024530537626,2443624.7866666666,18075,0.6352108641786086,0.22728225951437706,0.1375068763070143,,5474909.0,
1979,19,3.1708910740386513,2.675233808118861,3.0212471406117807,-1.242381860569912,1383357.2358333333,12534,0.5534265402185299,0.30891170468769724,0.1376617550937729,,2916803.0,
1979,20,3.2174044738697174,2.6588824217878178,2.924224341918565,-1.2265855531094816,1159778.8441666665,10858,0.5388170716393558,0.3240189904195733,0.13716393794107098,,2347370.0,
1979,21,3.157146393335319,2.7131310257329733,3.0331127196983716,-1.2240245424084517,1489700.5591666668,11132,0.6103383393755092,0.2621289758087866,0.1275326848157042,,3643655.0,
1979,22,3.180863162518691,2.653711133435544,2.969709973232467,-1.228424235269742,1578813.7083333333,12068,0.5786574255811531,0.28096597305759985,0.14037660136124705,,4139316.0,
1979,23,3.1392405048386673,2.6956652378364723,3.0229275778056546,-1.2205904846009108,455125.575,7703,0.5937099932247037,0.25686253754613386,0.14942746922916234,,1124927.0,
1979,24,3.2467733728510546,2.63282238586625,2.8204134816518924,-1.205046382605911,1983013.8283333334,14116,0.5293819222138253,0.33548699330171533,0.13513108448445935,,4223398.0,
1979,25,3.1945121952161917,2.6792837926814834,2.846838695424397,-1.185210654106387,2730279.5900000003,20704,0.5489787151317301,0.3065528248469142,0.14446846002135563,,5746188.0,
1979,26,3.130170408016461,2.7425239337423304,2.9770929188209796,-1.1885999518991175,3991745.14,28485,0.6052248737989245,0.253407843722378,0.14136728247869743,,9248814.0,
1979,27,3.183784644693277,2.637397363794806,2.9152578652902084,-1.2198615509937625,1975257.3666666665,15684,0.5401074094522357,0.3063430713924868,0.15354951915527756,,4038150.0,
1979,28,3.1265791984961226,2.703338791048278,3.0532725625227495,-1.2230563178901555,923312.8183333334,9244,0.5868947208609264,0.28292395406323306,0.1301813250758405,,2507967.0,
1979,29,3.1862799419683547,2.650752843286806,2.9225466595484817,-1.2175647048493838,2184181.5,15618,0.5502503088373386,0.31293897605630056,0.13681071510636086,,4889327.0,
1979,30,3.198834176622132,2.5967158754684045,2.988613879536446,-1.2627822681865064,355371.9041666666,9032,0.523777218220005,0.3261924207095699,0.15003036107042514,,789167.0,
1979,31,3.1907739806067945,2.6448534946379407,2.976965142089767,-1.2408997431649815,748853.0741666667,8290,0.5560759484570229,0.3122898270579762,0.13163422448500092,,1564356.0,
1979,32,3.1058596142592982,2.548233255694913,2.9050541021911886,-1.2241868356393126,329805.2033333333,7718,0.4703499877014346,0.24442633149048554,0.2852236808080798,,765121.0,
1979,33,3.194526215485348,2.7008523142861676,2.9189608078929137,-1.203242239591966,430763.19249999995,6937,0.5809880758700889,0.30117333132462293,0.11783859280528823,,911893.0,
1979,34,3.2068965781997156,2.6754566217550724,2.854904673449935,-1.1915393400782721,3304399.395,22635,0.569102143928875,0.30743276820884874,0.12346508786227618,,7373048.0,
1979,35,3.239267098952738,2.590393026972176,2.8813929252558395,-1.2406195625016962,502664.0233333334,8418,0.516674389146531,0.3426763514936107,0.14064925935985834,,1280539.0,
1979,36,3.200141268311711,2.649443278313155,2.825685555436028,-1.1884269967339902,7457747.188333333,49781,0.5392382383719726,0.31136203421304093,0.1493997274149866,,17633646.0,
1979,37,3.119769480290963,2.7494125344863143,3.031050401300673,-1.2015619457718156,2576040.313333333,17366,0.6257422960692695,0.255924953033314,0.11833275089741659,,5801563.0,
1979,38,3.2450757341848964,2.5622306902649394,2.952863603339844,-1.2781315695063211,292641.04833333334,9592,0.46479993402365016,0.39168831528695885,0.14351175068939098,,652152.0,
1979,39,3.154153770658065,2.7281045869428886,2.9613571940142123,-1.1958820942338235,4778625.6075,33347,0.5986155790309599,0.2684626106082712,0.13292181036076903,,10798562.0,
1979,40,3.2247827214077014,2.6433438988022697,2.886335577792913,-1.2174368551868244,1255742.4375,7624,0.5490306718455277,0.3173384320489677,0.1336308961055046,,2970080.0,
1979,41,3.1526302736808858,2.6713985886065807,2.9760948970567767,-1.2177963532701763,1116512.4391666667,9595,0.5775865971710631,0.283860309962015,0.13855309286692194,,2578312.0,
1979,42,3.1455008733149015,2.731413881530067,2.9669402120666866,-1.1913302464493558,4951576.455,34260,0.6100276556329672,0.2604331567510125,0.1295391876160203,,11873563.0,
1979,44,3.1761995846377538,2.7282149195597785,2.9055146106753664,-1.1847588172916026,425726.81666666665,5370,0.5853729131439632,0.2795274995367489,0.13509958731928784,,956643.0,
1979,45,3.1303130216775172,2.7160445837663203,2.9996532348726945,-1.2012523497723977,1254864.9241666666,7869,0.6106427535638382,0.25037089219096403,0.13898635424519779,,3086885.0,
1979,46,3.184659567138889,2.608598445189538,3.0106845505769173,-1.264633575570016,327659.05916666664,10358,0.5034683894378292,0.3395508814591615,0.15698072910300928,,689018.0,
1979,47,3.1313757648532987,2.728581598342226,3.0455845024122206,-1.2155786568721796,1873907.6866666668,12527,0.6106249381713745,0.25591761405692065,0.13345744777170473,,4533297.0,
1979,48,3.1954840261324353,2.6531578051254168,2.9362707319672467,-1.2227430047448105,5923804.595833332,39734,0.574816494324556,0.2987755105595748,0.12640799511586928,,13887312.0,
1979,49,3.215711569876298,2.627011921382875,2.906957773809585,-1.2269653538566059,551314.6341666667,10728,0.5707933015196138,0.3111429149955647,0.11806378348482154,,1416094.0,
1979,50,3.199670772103659,2.628854813744235,2.9292175412155017,-1.2348384265776087,227282.67500000002,6816,0.5149017434306791,0.32462743585583476,0.16047082071348615,,505711.0,
1979,51,3.2201954951657292,2.64901207203251,2.8746355214903545,-1.211306811801779,2374981.7725,16192,0.5501283105714503,0.317675199636284,0.13219648979226578,,5324533.0,
1979,53,3.1762978053683835,2.6432631923885235,2.933604619590414,-1.2185215404336758,1732861.0208333333,11757,0.5662868338000694,0.2975160447979403,0.1361971214019904,,4012831.0,
1979,54,3.134982889942443,2.7435477152497985,3.0757676933008278,-1.2187397040369579,705693.7225,7238,0.6355328146117172,0.2234545500033421,0.14101263538494072,,1939062.0,
1979,55,3.1516756674657693,2.7167998418647437,2.988868937601714,-1.2096675603029203,2266153.53,14742,0.5820867291343236,0.272957867517799,0.1449554033478775,,4665911.0,
1979,56,3.213170828233377,2.629188140560129,2.9915736333638967,-1.2547382473302846,212944.32499999998,9138,0.5767079613579691,0.2961670627292937,0.12712497591273722,,451850.0,
1980,1,3.1042024933199746,2.737625238607272,3.0745438364013915,-1.210617272271702,1520539.0075,13716,0.6350567897169821,0.22799099622634877,0.1369522140566691,,3900368.0,
1980,2,3.2600809831224615,2.5868265679507854,2.840704569950805,-1.233969081502205,175841.5791666667,10860,0.5184333555764589,0.3427738531034483,0.13879279132009278,,405315.0,
1980,4,3.241915145200705,2.6014425938375854,2.8377219441079564,-1.223703337302853,1075493.99,13389,0.5194034997559586,0.3391479896088901,0.1414485106351513,,2737774.0,
1980,5,3.12585298495619,2.710603642093792,3.045200342074454,-1.2194781444238598,913589.9758333334,12980,0.5977846890878481,0.27374483811211214,0.12847047280003976,,2288738.0,
1980,6,3.22040243438466,2.6169157975654582,2.824279774502116,-1.20689077133126,10745431.7325,72636,0.5394636380948464,0.3319126825326311,0.12862367937252242,,23800800.0,
1980,8,3.2567916374697,2.5846628531662854,2.802021079966389,-1.2211504385458627,1397470.0133333334,14691,0.513994614948818,0.3558151019835538,0.13019028306762812,,2908803.0,
1980,9,3.2457986057438473,2.6694346047574595,2.807851818030853,-1.19284435329437,1551175.7558333334,12140,0.5409033626454187,0.3394390025697673,0.11965763478481396,,3113174.0,
1980,10,3.203293930814873,2.6393855016372556,2.870545652894043,-1.2083751338738244,262067.36833333332,10209,0.5413804987814604,0.31254499671139974,0.14607450450713985,,594919.0,
1980,11,3.2781323823166453,2.5352839061225607,2.5958313161554436,-1.1657532247078681,301944.63,10044,0.4195162350417128,0.4028530474551674,0.1776307175031198,,638284.0,
1980,12,3.1694937858723597,2.6237907663596176,2.926420176395166,-1.2221391114390538,3764948.215,24675,0.5614043144708775,0.27379087699174737,0.16480480853737514,,9839835.0,
1980,13,3.170917172836287,2.6676917047884277,2.929352187360933,-1.2083614987798943,2289002.7325,16585,0.5817686335412855,0.28907602693952256,0.12915533951919195,,5486174.0,
1980,15,3.1759092359899417,2.5765461918954293,2.8405830154073115,-1.2110422452023022,445616.11083333334,10287,0.5044645748350455,0.3046035270635231,0.19093189810143138,,967710.0,
1980,16,3.1758685062038077,2.632883339927163,2.988386065493831,-1.2425158807704737,398458.1558333333,12618,0.5694301716099687,0.30376222185958374,0.1268076065304475,,947983.0,
1980,17,3.1935962263192343,2.688282984567634,2.881818884230734,-1.1944262416424662,5118822.865833334,33936,0.5708023023216418,0.2964586473116522,0.132739050366706,,11434702.0,
1980,18,3.1255111982985326,2.7427587381586895,3.02824219185757,-1.2040607632938034,2412606.81,17207,0.6060042430592734,0.24663264189674963,0.147363115043977,,5490721.0,
1980,19,3.1799449200461063,2.659800885879308,2.979525646743087,-1.2342846429197618,1395465.4208333332,16070,0.5524276130321298,0.31566528547637185,0.1319071014914983,,2914018.0,
1980,20,3.216585361852419,2.657650838183097,2.9190553695722183,-1.2253380983890285,1173018.365,13990,0.534671408904724,0.33000104929911384,0.13532754179616213,,2369039.0,
1980,21,3.1621929283989227,2.7088953281164776,3.0036003275265166,-1.2184599932467057,1516066.8791666667,14309,0.586474894341598,0.27198727487499214,0.14153783078340984,,3664221.0,
1980,22,3.179288098086424,2.6549745619756555,2.952910505125736,-1.222780848678206,1639359.4766666666,12362,0.5855883079083141,0.2794066311291588,0.1350050609625271,,4223101.0,
1980,23,3.133109946720607,2.7172604773606994,3.0167504323202476,-1.2099395623528157,470480.4283333334,12246,0.5977987031875671,0.2625580844378808,0.13964321237455202,,1126860.0,
1980,24,3.258083422803768,2.61473012431715,2.7854606908613335,-1.2022215005044,2050993.5766666664,14870,0.5256985340442,0.3470475439789979,0.12725392197680216,,4227643.0,
1980,25,3.2057683557964114,2.6709599882773163,2.8414693543035168,-1.190178440409156,2788683.0124999997,20801,0.5392106297675084,0.32157607538582067,0.13921329484667094,,5746075.0,
1980,26,3.1575126193364302,2.700873090319261,2.9208279885863138,-1.19257776981672,3856915.1133333333,26903,0.5821654840246655,0.2709950877536825,0.14683942822165205,,9255553.0,
1980,27,3.1984283384884535,2.6258259392313086,2.875327201383516,-1.2156604470991812,2051668.6116666666,15847,0.5162705814743461,0.32020237539253277,0.16352704313312125,,4085017.0,
1980,28,3.1478538733035726,2.695607402725123,3.038108262931399,-1.226727049440022,971422.6808333333,13326,0.5880281914689488,0.2884456355696086,0.1235261729614426,,2525342.0,
1980,29,3.193461209637944,2.6505507949141927,2.8966605195476682,-1.2104373566916216,2185172.0866666664,15463,0.5465061729601867,0.3189833413891728,0.1345104856506406,,4921966.0,
1980,30,3.2079968517357074,2.5967173510721517,2.9804141254314955,-1.263072425727134,359252.8433333333,13083,0.5115985000411296,0.3370124603790734,0.15138903957979702,,788752.0,
1980,31,3.2062552349107496,2.628633619079635,2.9556687446725185,-1.2439447738395824,758994.3391666667,13886,0.5211037306134828,0.33524151264543445,0.14365475674108272,,1572296.0,
1980,32,3.127786375465869,2.536237498659689,2.8639021031404948,-1.220533027158118,360947.58666666667,16625,0.46437153965092715,0.2633650510224328,0.2722634093266401,,810215.0,
1980,33,3.209640229189701,2.661311058546175,2.867763026063376,-1.2048695337962212,446237.1883333333,12159,0.5420222785514968,0.3270691378533094,0.1309085835951939,,924250.0,
1980,34,3.2213411179723668,2.6641662065171574,2.8344970833139342,-1.1930287115024683,3376788.073333333,23145,0.5618628282853768,0.31463946748944116,0.12349770422518207,,7376330.0,
1980,35,3.2418538446756884,2.5921933546953326,2.8644093201731393,-1.2352353166654975,516814.93333333335,12407,0.5144110313867899,0.35611536525776516,0.12947360335544486,,1309400.0,
1980,36,3.197897106921674,2.6477218198698274,2.812814913285806,-1.1841615046635103,7533255.795000001,49942,0.5414907943782784,0.3091042385047198,0.14940496711700177,,17566754.0,
1980,37,3.1466749832255747,2.712260573085084,2.9901014691608054,-1.2090524568298278,2603165.5908333333,17063,0.6045613365876604,0.2749621019616172,0.12047656145072237,,5898980.0,
1980,38,3.2463354651821206,2.5812385705932326,2.9800620568070486,-1.2807654088581857,302379.73083333333,14454,0.4735084633208801,0.3855956864689625,0.1408958502101574,,654380.0,
1980,39,3.17253560673946,2.7110198969421675,2.928671220993529,-1.1956459408551428,4735520.412500001,32260,0.5802705517133616,0.28330306328524246,0.13642638500139592,,10800650.0,
1980,40,3.203105556637374,2.6555620515060014,2.917540868239421,-1.2170013888919715,1289588.2883333333,13835,0.559999841277757,0.3172188318597336,0.12278132686250944,,3040758.0,
1980,41,3.1944197450904865,2.6430101366418888,2.9074733589580384,-1.2167866484370153,1187373.6433333333,15277,0.5620392841458743,0.30962288074021,0.1283378351139157,,2641218.0,
1980,42,3.161681389182149,2.709320820692106,2.9333133575186516,-1.1930013110463464,5058003.309166667,34071,0.5873223258065168,0.27552785369951355,0.13714982049396965,,11868305.0,
1980,44,3.148169906670685,2.758498501279776,2.928136851751642,-1.1733826485288852,436199.3833333333,11444,0.6079492400425025,0.25883171461630944,0.13321904534118809,,948773.0,
1980,45,3.1380427485491946,2.7011933028142483,2.9979288952913623,-1.2098481924171225,1238416.0783333334,10813,0.5979772895055581,0.2544250521442188,0.1475976583502231,,3134502.0,
1980,46,3.2140230711411752,2.5913806333580562,2.9722855021464976,-1.265253058427632,329531.4483333333,15040,0.4862820666202476,0.36013828994982794,0.1535796434299246,,690851.0,
1980,47,3.1486704840128965,2.7169967051931447,3.018308720152517,-1.2148306742991186,1895644.0691666666,12064,0.6167757316004683,0.26115300686131965,0.12207126153821211,,4600252.0,
1980,48,3.201327060056332,2.650966840039084,2.915346386771782,-1.2178829931449693,6195034.511666667,40880,0.5724049856971167,0.3056575533104725,0.12193746099241075,,14338208.0,
1980,49,3.217756818284508,2.6307337732183975,2.8721264676008236,-1.2161871983592343,582631.8833333333,16429,0.5612944589843187,0.3163078767303235,0.12239766428535785,,1472595.0,
1980,50,3.2017446075247675,2.6318595971110734,2.927670672210454,-1.233763765925857,233375.64416666667,11518,0.5246649785190792,0.33007038852355763,0.1452646329573632,,512524.0,
1980,51,3.211059210335598,2.6513647695394105,2.861702434479001,-1.202403094340167,2440913.9625,16132,0.5488921503462968,0.32327721610049537,0.12783063355320787,,5368334.0,
1980,53,3.199970997492862,2.622700046132577,2.879393519114523,-1.2173966218175905,1811462.9124999999,14166,0.5356918933761076,0.321356403754054,0.1429517028698385,,4154678.0,
1980,54,3.149017601134993,2.7355705382498754,3.0635677446651974,-1.2221035530232571,707481.0475,11637,0.6408238340662877,0.23073211717169118,0.128444048762021,,1951349.0,
1980,55,3.1399717164533576,2.709776794014839,2.9582358197912844,-1.1981015632767575,2266031.8316666665,14835,0.5817964598710123,0.27142272276527846,0.14678081736370927,,4712045.0,
1980,56,3.2230385249387683,2.6146253843398006,2.97374969434864,-1.2571280526820623,228341.74833333332,12721,0.5553267010670603,0.3091181892028367,0.13555510973010296,,474185.0,
1981,1,3.1111549803386236,2.7264765024513147,3.027371962658505,-1.2004457556392178,1497757.1941666668,12378,0.6261301418446191,0.24679443101602747,0.12707542713935346,,3918533.0,
1981,2,3.2518019610802607,2.602529322975085,2.855402138957458,-1.2297157711928401,184733.67916666667,11216,0.5293965356001545,0.33411125724682994,0.1364922071530155,,418493.0,
1981,4,3.223565083949483,2.606437158949612,2.8562003115229277,-1.2213618613070196,1111666.6516666666,11346,0.5356666397410482,0.32535740373895355,0.1389759565199982,,2810108.0,
1981,5,3.1260880362218053,2.694924437225978,3.0309447424920695,-1.220181028594261,942460.4125,10857,0.5916857729633535,0.26666945612523063,0.14164477091141592,,2293204.0,
1981,6,3.2257635990937676,2.6135947852382904,2.8081520336971053,-1.2039604080782333,10888562.85,72686,0.5306899430033062,0.33930984608143744,0.13000021091525635,,24285933.0,
1981,8,3.2436613288687095,2.58313567271278,2.7977973925364856,-1.2162643668323414,1444272.0966666667,15346,0.5231715381989174,0.34309339264020916,0.1337350691608734,,2977899.0,
1981,9,3.233600833841779,2.674791128786465,2.824982260840379,-1.1915638669180622,1535913.3983333334,11066,0.5465532883631659,0.3294306468036144,0.1240160648332197,,3128837.0,
1981,10,3.2272051245290903,2.6207730657804693,2.8454909544219924,-1.2142593594004032,267182.5208333333,8593,0.5206984574669608,0.3395387960505834,0.1397627464824558,,595974.0,
1981,11,3.282030204949899,2.5310733869645343,2.609845129314843,-1.173119596999977,276616.2508333333,7657,0.39683411500219773,0.41721374488272756,0.18595214011507477,,636893.0,
1981,12,3.1767102031412837,2.6122639226303876,2.9055185657507896,-1.2207573157742866,3907732.9858333333,24892,0.5491129672911915,0.28542237968872736,0.1654646530200811,,10192775.0,
1981,13,3.1736852096777706,2.6602184681381353,2.912314431383964,-1.2052632800081227,2339507.4966666666,16340,0.5829673538747152,0.291591959125912,0.12544068699937286,,5568346.0,
1981,15,3.1842033708385507,2.5786424032060222,2.8234439931726194,-1.2068726743121834,454509.8441666667,9725,0.509838892729364,0.3040520761750049,0.18610903109563107,,978195.0,
1981,16,3.1800046267499553,2.62584229038418,2.972106283335025,-1.2429648286447954,401633.41583333333,10375,0.5575334764336265,0.30643796496140935,0.13602855860496413,,962204.0,
1981,17,3.206538630275755,2.6796667787310984,2.8642322264578124,-1.1940782950724584,5129517.078333333,32790,0.5590036671376416,0.3077712177146037,0.13322511514775465,,11443461.0,
1981,18,3.133349455378688,2.7368109647125523,3.012161797239034,-1.2030940410567912,2412488.8608333333,16639,0.6008081242773015,0.2552323500306389,0.14395952569205964,,5480440.0,
1981,19,3.1803177756877794,2.6456699858849775,2.9541485011431465,-1.231336878297893,1380172.22,14358,0.5293611535127208,0.32718679345264423,0.14345205303463496,,2907985.0,
1981,20,3.211046830511601,2.676481964827912,2.9366167681952304,-1.2226623831166563,1185971.3316666668,12035,0.5443861768168098,0.32310178975404297,0.13251203342914716,,2384853.0,
1981,21,3.1708791663559137,2.703748578067749,2.9911775435122387,-1.2183232749751889,1527437.4175000002,12301,0.5749299064015522,0.28475143157762206,0.14031866202082577,,3670395.0,
1981,22,3.1952701553563294,2.6531120077240797,2.937360319389146,-1.2236418531783175,1656726.8650000002,11552,0.5753867821414966,0.28767790053577097,0.13693531732273234,,4283297.0,
1981,23,3.128245094800178,2.7140268912581225,3.0302797268615684,-1.2134072812194712,478364.0966666667,10933,0.6152015402321668,0.25238418047840505,0.13241427928942817,,1133033.0,
1981,24,3.253977088519165,2.6107489768949157,2.792491470767722,-1.2053099152630955,2036330.17,14596,0.5145551522079871,0.354033749701681,0.13141109809033197,,4261905.0,
1981,25,3.2156887558069176,2.665150292575817,2.8256130704938065,-1.1897957957641685,2846474.954166667,20880,0.5307896896439027,0.3334317025698828,0.13577860778621445,,5768685.0,
1981,26,3.168611877675828,2.683120491461601,2.9071203392921454,-1.1983442232007344,3904762.7733333334,26098,0.5630114577265207,0.2837481013656922,0.15324044090778718,,9209287.0,
1981,27,3.2026281029248582,2.6129870061815894,2.8404620032146735,-1.2105668030888097,2093938.0191666668,16099,0.5107734348029597,0.33107476560178134,0.15815179959525894,,4111733.0,
1981,28,3.1655850398599714,2.6937745769051777,3.0119074884310586,-1.2231891655139002,961215.0499999999,11677,0.5814077252823443,0.2943362183805593,0.12425605633709651,,2539032.0,
1981,29,3.173834901023227,2.6597537785008476,2.918293419492697,-1.207957844593873,2189515.249166667,15314,0.5550210922075677,0.29619530403667765,0.14878360375575472,,4932069.0,
1981,30,3.2056207823054232,2.6159530647333233,2.96313253710405,-1.249747107167017,375557.04083333333,12430,0.5323879932109382,0.3239999375051401,0.14361206928392165,,795325.0,
1981,31,3.2135926388540086,2.6255442526444552,2.9377946168235822,-1.2415017711433594,772615.785,12709,0.5128760147935166,0.33912262299206736,0.148001362214416,,1578517.0,
1981,32,3.1556706441635263,2.5357450401502253,2.8433131470854875,-1.2217744897351892,383261.4666666666,12000,0.44989364962442363,0.2796284627442787,0.2704778876312977,,847656.0,
1981,33,3.201418192833895,2.6773913571413295,2.885125508616628,-1.201911849053029,459663.2941666667,10070,0.5557174251252692,0.32042882344153534,0.12385375143319545,,936621.0,
1981,34,3.2300493533688144,2.660887604399844,2.8363578381689876,-1.1963385826882906,3365310.8000000003,22986,0.5582534788927846,0.32677960334635475,0.11496691776086064,,7407471.0,
1981,35,3.2379104584984226,2.5998847764558306,2.858088988225202,-1.2281710474741319,538354.1325,10462,0.5273839068442876,0.34354909680130086,0.12906699635441157,,1332747.0,
1981,36,3.2099074800047696,2.637344041713288,2.8025871425590125,-1.1882643278392846,7543570.265833333,48968,0.5321713186454385,0.3184338812509964,0.149394800103565,,17567731.0,
1981,37,3.1605455191914733,2.7122004925272045,2.9712134831034085,-1.205697069471695,2671395.0,16404,0.596762525033451,0.2859283286397874,0.11730914632676166,,5956653.0,
1981,38,3.256685288456755,2.5756731467401033,2.9618658765481505,-1.2808508031786057,308190.025,12716,0.4595753324776062,0.3935320324993326,0.14689263502306113,,659504.0,
1981,39,3.1711525431343244,2.710635716397071,2.912046343151932,-1.1901767244056478,4729029.9,31757,0.5742561387581261,0.2821958289830282,0.14354803225884571,,10788336.0,
1981,40,3.201915143353977,2.6585755643395523,2.9240300385095157,-1.2172086991795052,1378333.5508333333,13092,0.5686384843933254,0.3118926578600089,0.11946885774666571,,3096159.0,
1981,41,3.206633322817235,2.6129369979429162,2.874844778287351,-1.2198880962748706,1223460.5433333332,12872,0.5379316547639789,0.3329531449747027,0.12911520026131848,,2667985.0,
1981,42,3.156602959828016,2.6985683008260932,2.9209298925514116,-1.1915791147908108,5067564.429166666,33072,0.5780927183098049,0.27648837341214666,0.1454189082780485,,11858569.0,
1981,44,3.1485105559115087,2.748911476782266,2.922564937328225,-1.175962886704768,438143.95,9455,0.6053885263768809,0.25956606043564406,0.13504541318747507,,953012.0,
1981,45,3.1224804347139674,2.7171618446551578,3.0218445637430853,-1.2077523288159657,1254778.3275,9837,0.6105168155391403,0.24168065565006439,0.14780252881079534,,3179255.0,
1981,46,3.208316547783562,2.585919626314122,2.9675488247034543,-1.2661260436411041,333912.7183333333,14342,0.46698394196201615,0.3587040473232345,0.17431201071474933,,689584.0,
1981,47,3.1399741677728428,2.710753552017397,3.0015766140973557,-1.2078939192594955,1902933.91,11640,0.6027367767581568,0.27162717381699025,0.12563604942485293,,4627662.0,
1981,48,3.191886230845849,2.6552179970895256,2.9086489941763873,-1.2108191742614378,6459443.91,42199,0.5799467710538735,0.29881036657654175,0.12124286236958476,,14746318.0,
1981,49,3.2263079585121157,2.6246093956386995,2.862453560282226,-1.2176473998601092,591547.8125,13747,0.5480988205138398,0.32482900862551123,0.1270721708606489,,1515472.0,
1981,50,3.2018482139865374,2.6330010543575066,2.918158354082538,-1.2285160183339663,243650.26083333333,9634,0.5136537655420598,0.3379703705252923,0.148375863932648,,515594.0,
1981,51,3.2225634332436033,2.6405942577285386,2.851084191722119,-1.2061444304425255,2454326.196666667,16161,0.5328036409559874,0.3321696657073424,0.1350266933366701,,5444094.0,
1981,53,3.2105866588699032,2.621015842942718,2.8753054413926384,-1.219034283429173,1781585.2041666666,12336,0.5276969484974311,0.3273939433621014,0.14490910814046745,,4235728.0,
1981,54,3.161435369520485,2.716024187918478,3.0170294828895847,-1.2183015986568004,699718.0741666667,9946,0.614635910375518,0.24991933033745306,0.13544475928702898,,1954125.0,
1981,55,3.153507173753216,2.7007573684295987,2.9488947594521377,-1.2029127317399857,2284872.4408333334,14518,0.5687246296598735,0.27719531098110045,0.15408005935902605,,4726345.0,
1981,56,3.2179224530609627,2.604529995006653,2.9519066364232316,-1.2534321856251416,242333.85583333333,10293,0.5558258268693105,0.3065416316810331,0.1376325414496564,,491712.0,
1982,1,3.119670611966704,2.715544064030013,2.9938167489907346,-1.1968739939065092,1475728.4891666668,11709,0.6079168159169599,0.2577408843678299,0.13434229971521014,,3925263.0,
1982,2,3.240152898550036,2.5797456687533047,2.8531968224598088,-1.2335743630444493,179143.66083333336,11893,0.5277436107501391,0.3280955423936715,0.1441608468561893,,449606.0,
1982,4,3.2366820180259612,2.588609745091853,2.8085087894985867,-1.2166422797905325,1198137.2058333333,9978,0.524885775773375,0.3324425439258117,0.1426716803008133,,2889860.0,
1982,5,3.119462540309413,2.699890828437797,3.0255407465695203,-1.2151954154137263,928658.8466666667,9663,0.5800810717508246,0.26763389347875605,0.15228503477041946,,2294254.0,
1982,6,3.229224003943725,2.6093700813113,2.7978146588148207,-1.2025638774682748,10957183.0625,70904,0.5275589403898958,0.34435951791616143,0.12808154169394276,,24820007.0,
1982,8,3.2390324301061053,2.5718583741862875,2.796561891818719,-1.2175869237178671,1449025.7325,15367,0.5181951350523198,0.3437501430193846,0.13805472192829557,,3061562.0,
1982,9,3.2689556568178735,2.643706333322785,2.7766360730137407,-1.1966922602105805,1489533.0966666667,10052,0.5236919220567124,0.3530231042661853,0.12328497367710232,,3139014.0,
1982,10,3.2277326839834344,2.623610963670877,2.8252531776302257,-1.2058239008639482,272614.2325,7923,0.5338300844230949,0.32898400014135104,0.1371859154355541,,599148.0,
1982,11,3.2767571799142687,2.5329242961558647,2.604382678427211,-1.1687010779826923,284377.30083333334,7088,0.4265215088124809,0.39296226600684614,0.18051622518067298,,634174.0,
1982,12,3.1888644668887314,2.61037154754526,2.8774470228823255,-1.2164263455741156,4386055.541666667,25269,0.5379685216246908,0.2938181789953645,0.1682132993799447,,10471405.0,
1982,13,3.171276065139033,2.654845044490229,2.917942071395515,-1.2074905369758322,2468644.6808333336,16006,0.5752302437800625,0.29246340279304667,0.13230635342689082,,5649788.0,
1982,15,3.2013154868112914,2.58087704126777,2.78537110001179,-1.1989439601910756,426810.7341666667,9145,0.49759966883212514,0.31846907087850834,0.18393126028936643,,993780.0,
1982,16,3.1796764200383145,2.623938959391458,2.9547038376149293,-1.2378388383449865,401442.86083333334,9690,0.5373863916230764,0.3036783073470579,0.1589353010298656,,973719.0,
1982,17,3.212292285903057,2.654605667496968,2.843920976619706,-1.1978392813656482,4983947.935,30915,0.5480244055809466,0.313076704960395,0.13889888945865841,,11423413.0,
1982,18,3.1322587098236565,2.7119985055330784,2.9770752641838385,-1.1992825096525783,2281171.013333333,15660,0.5839378593638944,0.26169869432574117,0.15436344631036447,,5467918.0,
1982,19,3.183768094638548,2.6431063011472564,2.9360609810527882,-1.2272854197661642,1292331.4216666666,13378,0.5148318269244281,0.3294522210424864,0.15571595203308553,,2888190.0,
1982,20,3.230499081541058,2.6428216002312586,2.8905905753255703,-1.2246767188092882,1111208.1275000002,10688,0.5262402683669627,0.338323723903535,0.1354360077295023,,2401207.0,
1982,21,3.1938862941973394,2.6462836305411157,2.9569980643904787,-1.2342912295158823,1497802.4216666666,10942,0.549054761392829,0.3009707375926581,0.1499745010145129,,3683449.0,
1982,22,3.2101845928320962,2.6348683740232928,2.9200111164188964,-1.2280367806458283,1673488.295,10685,0.5501029106293674,0.3015161822374231,0.14838090713320953,,4352609.0,
1982,23,3.1377443387789277,2.694107884478642,2.990331070242045,-1.2098731378870642,473190.58,10075,0.5883216978838905,0.268434943348797,0.14324335876731253,,1136683.0,
1982,24,3.2659425127085364,2.5969607604725047,2.7615309655878963,-1.2031277238628066,2004781.1358333332,14685,0.5006262979190128,0.3574118169342227,0.14196188514676436,,4282923.0,
1982,25,3.2228418598147943,2.6570377857751484,2.8180419100070835,-1.1915895536174992,2783285.7808333333,20503,0.5316858023091512,0.3310998579832884,0.13721433970756033,,5771222.0,
1982,26,3.170512768536085,2.6661950341522727,2.883665368938633,-1.196554538529168,3643333.561666667,24880,0.5419009392831086,0.29733547945169964,0.16076358126519172,,9115196.0,
1982,27,3.219458461193802,2.605318438373121,2.8302642234674718,-1.2142214664123785,1994475.8016666668,15717,0.5027018612210215,0.3426569685868838,0.1546411701920948,,4131450.0,
1982,28,3.171866475654769,2.6705508239351285,2.982936065094121,-1.2231602645660884,932166.8391666667,10207,0.564253657727897,0.30948158365844697,0.12626475861365602,,2556776.0,
1982,29,3.197742414381322,2.635238390864675,2.9097178263915047,-1.2210347237448564,2105752.2266666666,15042,0.528396605659813,0.3199627281075895,0.1516406662325976,,4929456.0,
1982,30,3.216810876502191,2.6012069076213926,2.9147019400349348,-1.242093237516619,356026.4075,11527,0.5287797897942603,0.33253008971801107,0.13869012048772866,,803984.0,
1982,31,3.214567460645402,2.6063800915623303,2.905741676584805,-1.2374847740502708,736769.4941666666,11761,0.49965885256327675,0.3447013445588261,0.1556398028778971,,1581776.0,
1982,32,3.1388808050661208,2.5369589511888173,2.8273306874827644,-1.2111259633987959,436628.4725,9102,0.45152632525844805,0.27624272584454723,0.27223094889700467,,881538.0,
1982,33,3.2186279825027277,2.6519256023759037,2.866289089801515,-1.2074731338605311,451821.38999999996,8837,0.5386751966072886,0.33724795195974183,0.12407685143296954,,947720.0,
1982,34,3.230077330139275,2.6444865309562835,2.814740475878319,-1.19468517536323,3313571.145,22527,0.5438366596294252,0.3345495804682372,0.12161375990233769,,7430970.0,
1982,35,3.2476296117804218,2.5734734301664743,2.8216808901887744,-1.229818898924009,534919.6933333334,9276,0.4886126850257677,0.3633775304107447,0.14800978456348757,,1363822.0,
1982,36,3.221033512537011,2.625860171486752,2.797170631582684,-1.1936724338324987,7333616.483333333,47183,0.5217076050434896,0.32596360451167233,0.15232879044483816,,17589737.0,
1982,37,3.170451850133723,2.697120209948304,2.953175734532687,-1.2074725960662336,2671480.8675,15516,0.5812608204066976,0.3005580728583443,0.11818110673495817,,6019108.0,
1982,38,3.252400333465564,2.5661929176381695,2.9230443924013554,-1.2707537511824913,294499.955,11590,0.449489103581813,0.4084932161559743,0.1420176802622127,,668972.0,
1982,39,3.184979611026103,2.6874140579774495,2.8747919662004495,-1.189987210887621,4490772.527500001,30238,0.558190853304397,0.29640727260290817,0.14540187409269476,,10757085.0,
1982,40,3.209384971668309,2.645144515862397,2.9009992338837782,-1.216239467255222,1378280.205,11993,0.5458872577740818,0.32414898798918096,0.12996375423673726,,3206129.0,
1982,41,3.212923983403123,2.613494472751346,2.8448372810352143,-1.2145170034915156,1176444.3441666667,10668,0.5216317311181348,0.3464887941883703,0.1318794746934949,,2664919.0,
1982,42,3.168659805568472,2.6827160158342527,2.899501554552907,-1.1935128123901206,4898943.009166666,31368,0.5678537139027003,0.2902932656489023,0.14185302044839743,,11845146.0,
1982,44,3.1643864828774397,2.718922006061591,2.9010005886605064,-1.1830477740388414,433713.8458333334,8158,0.5659475145839422,0.27722781627161064,0.15682466914444718,,954170.0,
1982,45,3.1031529526049595,2.7038551102059745,3.029214628668844,-1.209289786798105,1316110.8633333333,9061,0.5958737860026334,0.2311749836737992,0.17295123032356727,,3207611.0,
1982,46,3.2094585388323367,2.5771712252623735,2.967964551737465,-1.2703487194462415,306463.58416666667,13432,0.4601732021328615,0.3725544979946456,0.16727229987249295,,690597.0,
1982,47,3.147122340557512,2.6932647951234334,2.979927459336725,-1.2108173106888642,1880443.5208333333,11518,0.5869706850613269,0.2721023381704077,0.14092697676826532,,4646043.0,
1982,48,3.2067732989021565,2.63729814312432,2.889881444446615,-1.2153993392277573,6850042.995833334,41719,0.562889780190693,0.3097686908591237,0.12734152895018325,,15331408.0,
1982,49,3.2151597566939194,2.611071767559938,2.854197996985546,-1.2169660991713276,619715.3,12248,0.5439666764662876,0.31362561547356643,0.14240770806014594,,1558314.0,
1982,50,3.1730518236215826,2.644694149442475,2.9276089642906222,-1.2188881685454784,249659.61833333332,8930,0.5402208108807351,0.31233772524578185,0.14744146387348298,,519108.0,
1982,51,3.2347110058177133,2.6223686469451852,2.8350146109656085,-1.211255210884058,2438623.7525,15839,0.5294609675576881,0.33585435347684917,0.13468467896546268,,5492785.0,
1982,53,3.2111497572615746,2.6096689466082346,2.8901338522210245,-1.2280305060637715,1791450.6508333331,11403,0.5310909741336731,0.3265532537648504,0.14235577210147646,,4276551.0,
1982,54,3.1594892243411157,2.6935737033138984,2.9727834709302745,-1.2116409842447793,662542.5441666667,8301,0.588173265675912,0.2638509300951433,0.14797580422894469,,1949605.0,
1982,55,3.1699800339354467,2.671212986031959,2.9116363817873268,-1.2059229777232965,2189439.815,13952,0.5535139099192239,0.28979741990274405,0.156688670178032,,4728862.0,
1982,56,3.2409077617432085,2.579070705551875,2.895187564116965,-1.2488428388693285,241560.03916666668,8909,0.5308922386553255,0.33974688065150577,0.12936088069316867,,506400.0,
1983,1,3.1079475993799863,2.717023594390015,3.0292107484748545,-1.2074775420411983,1526215.4275,11781,0.6252442949124178,0.2299255541937557,0.1448301508938264,,3934100.0,
1983,2,3.2314560181825587,2.579428195103685,2.87190272334602,-1.2388094149195028,195299.98083333333,12515,0.5606929173018828,0.2959418312874484,0.1433652514106689,,488418.0,
1983,4,3.1832330335045467,2.6115777338636694,2.8883074553363794,-1.2211530023228367,1247915.1733333333,10201,0.5606412209849477,0.2796867518059734,0.15967202720907894,,2968924.0,
1983,5,3.099893637194415,2.7058250328363145,3.054385223924282,-1.2190013973948637,913329.585,9769,0.6144852526140167,0.23032606821519627,0.15518867917078702,,2305766.0,
1983,6,3.2042608011821834,2.6139624143346856,2.817047397334099,-1.202565692427931,11145644.281666666,70064,0.5523973316476752,0.31085870982541935,0.13674395852690538,,25360023.0,
1983,8,3.220758808465099,2.573085792145189,2.8162433080839655,-1.2205776876611585,1550476.6791666665,15632,0.5462336330159213,0.3244429442793179,0.1293234227047607,,3133634.0,
1983,9,3.24550586012583,2.6520593383254503,2.8006372553039913,-1.1977599211086785,1531630.4291666665,10229,0.5428132557895801,0.33396971956945753,0.1232170246409624,,3162355.0,
1983,10,3.190364967295101,2.6284857693681847,2.8664795858945102,-1.2087103106340924,274478.0666666667,8038,0.5557998728393868,0.28635740626701334,0.15784272089359977,,605459.0,
1983,11,3.265084960821065,2.5301815257612095,2.60669992508508,-1.1701210214820181,292155.8483333333,7466,0.41794771431601035,0.3762849014897465,0.20576738419424312,,632433.0,
1983,12,3.1539824995446133,2.6161981749543304,2.894073244404536,-1.211896250280697,4521590.404166667,25644,0.5707460924819382,0.25684101170605284,0.17241289581200892,,10749849.0,
1983,13,3.1365288209474578,2.6812203315315712,2.957754414857606,-1.2040080541439717,2479236.7241666666,15626,0.6123050114881777,0.25192168285586486,0.13577330565595747,,5728248.0,
1983,15,3.1726259665161156,2.5954558464650437,2.8414089663956292,-1.2081632041460557,435703.6483333334,9327,0.5391090886003836,0.27550188565812966,0.18538902574148677,,1012717.0,
1983,16,3.1653275586768537,2.6296547667705847,2.9492282102269773,-1.2304964147323443,408398.94333333336,10015,0.5641684116760826,0.2818322648203181,0.15399932350359938,,981866.0,
1983,17,3.206496431317611,2.654633755356772,2.8450030080945,-1.1991605807368944,4947972.836666667,29609,0.5685182691580415,0.294594698663256,0.13688703217870252,,11408817.0,
1983,18,3.111634009205956,2.7259761859261893,2.988414485087878,-1.1957128623267372,2293432.9316666666,15152,0.6077587780530551,0.23413471968868613,0.15810650225825887,,5450396.0,
1983,19,3.170807912254917,2.657004196999444,2.9536793671340575,-1.2261089138242793,1304952.9891666665,13315,0.5494227315918975,0.2896093325189166,0.1609679358891861,,2870547.0,
1983,20,3.206990751580904,2.638774586677157,2.899769934082103,-1.2245018412595627,1114473.0325,10610,0.5459686750654207,0.31916885106909115,0.1348624738654882,,2415529.0,
1983,21,3.1646437433857613,2.6606405235626394,2.9782086872995923,-1.2291615603430515,1488096.3558333332,10704,0.576252507434165,0.2765480015451596,0.1471994910206753,,3694469.0,
1983,22,3.1690932895855366,2.641730965974967,2.9501635137011477,-1.2241886472784844,1686299.1266666667,10476,0.5904619615947304,0.2594065020671068,0.15013153633816276,,4395311.0,
1983,23,3.122467430738787,2.704115659128854,3.0078394915378888,-1.209923593511864,485792.5016666667,10313,0.6172566770443647,0.243792007501046,0.13895131545458922,,1144772.0,
1983,24,3.253431469270952,2.595459866153888,2.7664484571996844,-1.2040713936490026,2050162.8891666664,15009,0.5216084630666956,0.3382275423954217,0.14016399453788272,,4313329.0,
1983,25,3.2125786854866187,2.6714262260288013,2.8512397029575527,-1.1966066079200715,2806421.0675000004,20766,0.5506962351276733,0.30780893051159836,0.14149483436072838,,5799405.0,
1983,26,3.1480731574112633,2.684856995068062,2.9141058894692833,-1.196479130332198,3689349.9916666667,25207,0.5764188022712676,0.26138200246335197,0.1621991952653804,,9047764.0,
1983,27,3.1919115229881396,2.6140914875371357,2.857491563350018,-1.2147146510965376,2012279.6783333335,16146,0.5305853671988615,0.30369278094148394,0.16572185185965463,,4141458.0,
1983,28,3.1263585824875886,2.7135129753672476,3.0350201874146037,-1.2154869086754285,920514.2200000001,9711,0.6119946592384231,0.2573944286863124,0.1306109120752645,,2567719.0,
1983,29,3.1706721792800265,2.6600285746858545,2.943625069891237,-1.218074245340122,2120644.5108333332,14816,0.5636378013912725,0.2825241005942683,0.15383809801445916,,4943735.0,
1983,30,3.17833670789286,2.598304403165442,2.9526809710853734,-1.2469525318313972,353784.4075,11096,0.5353899122245934,0.3095915428179512,0.15501854495745532,,814029.0,
1983,31,3.179821308855978,2.617185213987456,2.942728108363733,-1.2378270691516031,741048.1549999999,11447,0.5229779065175214,0.3120606043195326,0.16496148916294598,,1584293.0,
1983,32,3.1265676592085607,2.5573521407674074,2.8513180770349122,-1.2116437491662384,448782.8925,8944,0.4832142753507281,0.24361470140863128,0.27317102324064063,,901978.0,
1983,33,3.184098229330157,2.65950887584267,2.8717847249570956,-1.200400726670469,478315.48833333334,8993,0.5719605247013175,0.2887577180212498,0.1392817572774327,,958134.0,
1983,34,3.2157287400216568,2.662804308912197,2.83281980420175,-1.19329148840093,3379290.1649999996,22070,0.5669467511264434,0.30515509325058815,0.12789815562296836,,7467784.0,
1983,35,3.213804602423616,2.583260146601973,2.8799713378237324,-1.2375292281773846,543702.3691666666,9442,0.5269375919631153,0.32547975858295114,0.14758264945393362,,1394362.0,
1983,36,3.1992987395057635,2.6319025189387504,2.8119545503073105,-1.1917078203237212,7406158.615833334,46303,0.5450258535519599,0.30092245937486367,0.15405168707317649,,17686907.0,
1983,37,3.114409143610594,2.7240437839809295,2.998639573882617,-1.1997032579900595,2690468.660833333,15785,0.629817006408896,0.24740760184860364,0.12277539174250025,,6077059.0,
1983,38,3.2322681534673463,2.5707326469234886,2.9421171769391155,-1.272580631830897,298504.80583333335,11370,0.47905787433982555,0.3790333238198956,0.14190880184027885,,676687.0,
1983,39,3.169202189135134,2.693768036420586,2.904308640553966,-1.1953668062374825,4503601.244166667,29891,0.5741137434784122,0.27429501839402004,0.15159123812756783,,10737631.0,
1983,40,3.178184865392254,2.6438785786643826,2.908300879984184,-1.2137129102852962,1389898.6983333335,12064,0.565149992304777,0.2976010692446312,0.13724893845059175,,3290404.0,
1983,41,3.1628532208470994,2.6390022110422775,2.893015815783739,-1.2081129372247699,1178083.87,10661,0.5626653870837065,0.2892181357511067,0.1481164771651868,,2653071.0,
1983,42,3.161671777663724,2.6937749440302343,2.9035157941051275,-1.1909723735273403,4861040.1925,30092,0.5920191399732038,0.26717980876158814,0.14080105126520803,,11837726.0,
1983,44,3.1531644938050327,2.726069263897745,2.9239386361723536,-1.1871550645644557,442218.48500000004,8423,0.5885976929590034,0.25182313216244784,0.1595791748785488,,956382.0,
1983,45,3.0839884725682647,2.715890378442553,3.054164087619131,-1.2100286031432566,1313856.9841666666,8928,0.6229962255004219,0.19792868394898547,0.17907509055059267,,3234068.0,
1983,46,3.1886021488643155,2.594829876021984,2.9510302962153396,-1.2524433539197788,310599.05583333335,13254,0.5021541978776966,0.3356181930512086,0.1622276090710948,,693009.0,
1983,47,3.1242483898352327,2.712507057946937,3.004203212424052,-1.2081183253977723,1933971.5441666667,11227,0.6325121484567436,0.23760816225361572,0.1298796892896407,,4659757.0,
1983,48,3.183322397182888,2.6291595961571077,2.899413379362852,-1.21759489958123,7032021.380833332,41158,0.5811785827693767,0.2823748037939756,0.13644661343664766,,15751674.0,
1983,49,3.17954383692538,2.615521134207935,2.879157894726946,-1.2153653171834649,620181.8516666667,12157,0.582183412087942,0.2722331836702845,0.14558340424177352,,1594943.0,
1983,50,3.1624802142618065,2.6518227995964585,2.9337315945227984,-1.2182565273825658,245007.40916666668,8972,0.5737915946615794,0.27874367017306706,0.1474647351653536,,523302.0,
1983,51,3.221789267004752,2.629979451671753,2.867840984187735,-1.217705719664216,2557353.0166666666,16249,0.5613567936804236,0.30561643539934774,0.13302677092022874,,5564662.0,
1983,53,3.1991295681076015,2.5962697975942985,2.876752288559493,-1.226578265269071,1827798.1541666668,11716,0.5352506822401938,0.319104784643407,0.14564453311639916,,4300269.0,
1983,54,3.1315872766913952,2.7105076743434195,3.0291609864797464,-1.2166709242075888,630796.6124999999,7730,0.6095987996727984,0.23674419311402306,0.15365700721317854,,1945058.0,
1983,55,3.156576337954194,2.6604672094788957,2.912864844535894,-1.2072511246067992,2205274.8691666666,13837,0.5675754387404768,0.2674727456162012,0.16495181564332198,,4721438.0,
1983,56,3.1975656449053003,2.5990254241198807,2.945294395692338,-1.2491621097162722,240598.51833333334,8564,0.5381603016068189,0.30450178384177146,0.15733791455140964,,510344.0,
1984,1,3.1050627425552175,2.7272038693284952,3.0471024295813964,-1.2092555285948028,1608834.9075,10985,0.6316849533395937,0.22220189987598005,0.14611314678442625,,3951824.0,
1984,2,3.233373851091443,2.5698496454457103,2.866779354906805,-1.2407664530681668,219768.77333333332,12641,0.561900339947579,0.3007823119767803,0.13731734807564067,,513704.0,
1984,4,3.2083938635184404,2.5968002748936603,2.8704046537369066,-1.2286773160745714,1347494.9666666666,9638,0.5455597975546752,0.3002339951631235,0.1542062072822013,,3067134.0,
1984,5,3.1164484735228055,2.71202113672384,3.058665221971944,-1.222060041415365,934073.2016666667,9141,0.6288786428603231,0.23487993226083678,0.1362414248788401,,2319767.0,
1984,6,3.2105916906461354,2.6105122582037628,2.8101020780351664,-1.2030649831861548,11623049.488333331,70225,0.5522741817837767,0.3129298039329474,0.1347960142832758,,25844397.0,
1984,8,3.2451267641648123,2.5789673155302215,2.8057237946246,-1.2204556069553347,1621825.2541666667,14111,0.5358855638649064,0.3347973620598082,0.1293170740752854,,3169995.0,
1984,9,3.2440648416722886,2.664672814839786,2.813166418685995,-1.1960524683249254,1595762.7766666666,10711,0.5524674712627212,0.3265650178132407,0.12096751092403803,,3180014.0,
1984,10,3.194884154490724,2.6305518152567156,2.852838672512925,-1.205852896898334,290461.2266666666,8777,0.5648134819616913,0.27902755672434937,0.15615896131395932,,611565.0,
1984,11,3.2769956756588434,2.518581202152154,2.6279962819263347,-1.1840049223806084,298163.645,7872,0.40347699869688386,0.3843992434341317,0.2121237578689844,,633382.0,
1984,12,3.167586944716789,2.6101767414734383,2.8974268193248647,-1.2197272127587695,4783275.2225,26946,0.5692481939899379,0.2642192910416224,0.1665325149684397,,11039925.0,
1984,13,3.1359705488691922,2.687994182229358,2.9653963071341516,-1.2039535483020465,2601084.1750000003,14709,0.6073286822903454,0.25477993466061993,0.13789138304903467,,5834943.0,
1984,15,3.1487673623058616,2.589300294876877,2.837097616023478,-1.2012924840414938,444205.93583333335,8791,0.5265718048324312,0.2673516646130466,0.2060765305545222,,1027922.0,
1984,16,3.162107897473763,2.618103948153975,2.9597057920472913,-1.2364992133059503,425448.0816666667,10202,0.5580643614321679,0.2825391617333067,0.1593964768345255,,990841.0,
1984,17,3.199053363306657,2.6500796680719776,2.842272787487909,-1.1970079477731805,5078725.428333334,30403,0.5665629666005731,0.294637508122746,0.13879952527668085,,11412128.0,
1984,18,3.126687032597952,2.7284707188109345,2.975988626575362,-1.1952321989864891,2396307.2891666666,15077,0.6090174873373208,0.24492453676313333,0.14605797589954592,,5458322.0,
1984,19,3.17719898145083,2.655817175655705,2.9543551942804043,-1.2289969448844325,1310068.9366666668,12365,0.5518957816265203,0.2946675520018675,0.15343666637161218,,2858615.0,
1984,20,3.209902959338787,2.6481823879689275,2.8922044325497023,-1.2186181457419876,1131774.0625,10844,0.5535452573325713,0.30960370035987295,0.13685104230755568,,2424088.0,
1984,21,3.1338365467163434,2.668398067463709,2.9812018978193477,-1.2180089938387608,1561070.0583333333,10383,0.5873279042377147,0.2655678757457196,0.1471042200165656,,3695459.0,
1984,22,3.1540695727753647,2.6478371832903607,2.9655619768566837,-1.2232373783494583,1769219.5291666668,10161,0.6004185189665235,0.25377323473327756,0.14580824630019887,,4400474.0,
1984,23,3.134946269699487,2.695643653874676,2.9879349968020814,-1.2113157120133191,516948.67,10087,0.6152249685169734,0.2462553955901208,0.13851963589290572,,1155634.0,
1984,24,3.2674493779308666,2.5753364342213874,2.756088256856002,-1.21195875655127,2130181.7658333336,14750,0.5045055640660666,0.35368703066658164,0.1418074052673518,,4365246.0,
1984,25,3.217834624002613,2.656824821109272,2.8359447193034395,-1.1981647680514265,2918866.2550000004,25841,0.5490820518756697,0.3134449629810012,0.13747298514332904,,5840774.0,
1984,26,3.1446431427347155,2.692516671016344,2.9204953225402583,-1.1945673986282217,3874966.8716666666,27483,0.58782532974213,0.25641103560126915,0.1557636346566009,,9049454.0,
1984,27,3.1917591721272403,2.6220794687010636,2.868891464069849,-1.214512106188938,2079123.3033333335,16570,0.5277491347038539,0.3083781663211021,0.163872698975044,,4157704.0,
1984,28,3.1056733220815382,2.723724930520719,3.041650701118097,-1.209054647750875,967354.8566666666,9547,0.6298828011288385,0.23983714945801424,0.13028004941314722,,2578053.0,
1984,29,3.159574452260607,2.6651957816154517,2.9534818434819314,-1.215590692093522,2187999.0625,14071,0.588349550274638,0.26311669367123414,0.1485337560541279,,4975276.0,
1984,30,3.181665636383381,2.603750263906653,2.950852895095389,-1.2433444560186557,372930.24,11350,0.541305674702832,0.3082644784788207,0.15042984681834734,,820904.0,
1984,31,3.1827531980298382,2.635069717373264,2.9575122229939073,-1.2381785063640638,755209.3083333332,11126,0.5347420034976078,0.311568790984644,0.15368920551774823,,1588638.0,
1984,32,3.121821410705673,2.571287318204495,2.8721646366026725,-1.211822824543291,460890.98500000004,8804,0.4767000662710887,0.2464180240509617,0.2768819096779496,,924921.0,
1984,33,3.1933801342257837,2.6587435869639244,2.875762088223261,-1.206367006300013,494438.4025,8420,0.5768386861399165,0.29542537585011486,0.1277359380099687,,976863.0,
1984,34,3.2200291119600615,2.648843017461906,2.8101670467324005,-1.1919005578733375,3565987.5683333334,26290,0.5596031826766308,0.313315049340444,0.12708176798292523,,7515474.0,
1984,35,3.219437473896401,2.578722721970251,2.864300858997223,-1.235097739065129,582478.6058333333,9710,0.5300918520058845,0.3291078480535166,0.14080029994059892,,1416719.0,
1984,36,3.211115068569612,2.6263934395114563,2.802300974440319,-1.1946293112175035,7553597.350000001,48304,0.5384815217260354,0.3095579597568456,0.15196051851711903,,17745676.0,
1984,37,3.1061386457518023,2.7295851861281357,3.010482346227199,-1.1992018855163613,2827604.6791666667,18152,0.6306934244888145,0.24009479914126244,0.12921177636992306,,6164004.0,
1984,38,3.2234628567495967,2.5769713315009266,2.956841515752076,-1.2723247860385425,310154.94333333336,11346,0.48467317909086577,0.3662664405897171,0.14906038031941712,,680499.0,
1984,39,3.161742136991107,2.7083889706024853,2.920807961082529,-1.193239492122365,4628868.088333333,31383,0.5910229971674217,0.27025772223798594,0.13871928059459246,,10737743.0,
1984,40,3.1781338592075805,2.6484840671771472,2.9059178989815835,-1.2119619770251884,1465736.3533333333,12184,0.5614360983425718,0.2874277881806401,0.15113611347678815,,3285535.0,
1984,41,3.152350316904672,2.6384759965945555,2.921147027998027,-1.2132257266179503,1198219.6824999999,10443,0.5740732767921228,0.2795116044237284,0.14641511878414878,,2666589.0,
1984,42,3.1614372696629722,2.6896928047853748,2.9054065864357894,-1.1930517301818733,4992988.426666667,30925,0.5922169509416573,0.26998385631984617,0.13779919273849653,,11815175.0,
1984,44,3.1633235255211667,2.730432533065546,2.909058691371271,-1.184422182959737,466016.68416666664,8526,0.5858894880638841,0.26234021587150946,0.15177029606460649,,961895.0,
1984,45,3.082828443808959,2.7296601187305054,3.0460530101990995,-1.2019325857398984,1389249.7025,8863,0.635328549274443,0.2055745383528033,0.15909691237275367,,3271864.0,
1984,46,3.1763255033711086,2.5997510166824442,2.9417203813517294,-1.2442317404839487,324979.4941666667,13316,0.5134554171087334,0.3204037309005827,0.16614085199068385,,697250.0,
1984,47,3.1169288266094832,2.7099788751930554,2.9880302228149644,-1.2004645403213356,2041195.9766666666,10733,0.6226511005894139,0.24460920945797118,0.1327396899526149,,4686743.0,
1984,48,3.191794114206797,2.6226401535520933,2.8919984340856537,-1.2204312247366476,7481839.338333334,41526,0.5770447177007159,0.2874994146016426,0.1354558676976416,,16007088.0,
1984,49,3.1940644791322312,2.617478127258314,2.865157140622815,-1.2148870014580975,667593.6266666666,11638,0.5800215566889909,0.2940737846723324,0.12590465863867675,,1622342.0,
1984,50,3.165055259913283,2.640482458390927,2.9391178300280747,-1.2241187468692498,258014.83,8694,0.5511499304980837,0.28716322714298953,0.16168684235892672,,526658.0,
1984,51,3.2148382889818845,2.631980307926472,2.8586776975250854,-1.2109261918856358,2680665.5725,15233,0.5626643009163153,0.3105802564225189,0.1267554426611659,,5643868.0,
1984,53,3.205989517811787,2.5972652878298397,2.8714954408614033,-1.226157513303582,1857574.9416666667,10846,0.543899517566616,0.309581950484403,0.14651853194898104,,4343657.0,
1984,54,3.130467457525597,2.7038603983448843,3.0298499887629196,-1.219435972030279,661745.3408333333,7939,0.5958280106545175,0.2464660823013554,0.15770590704412712,,1927696.0,
1984,55,3.1460499610847426,2.6780881653717805,2.9411310306220773,-1.206173988362859,2229751.6075,13374,0.5791004758635974,0.26035967103033936,0.16053985310606333,,4735571.0,
1984,56,3.203642584356229,2.6032536431419264,2.9579528575260405,-1.252065918113583,243455.43666666668,8308,0.5517962891509479,0.29752643708884713,0.15067727376020504,,504895.0,
1985,1,3.1303960570969696,2.7044862424216576,2.9758472425987357,-1.1993010875409413,1648339.2391666668,8477,0.6217745938671657,0.24883563796547392,0.12938976816736036,,3972520.0,
1985,2,3.2501649689372236,2.5666376341872517,2.859093690424494,-1.2443446566567786,228550.22583333333,13202,0.5386510822542917,0.3220281048366058,0.1393208129091024,,532496.0,
1985,4,3.212917449846781,2.5910122128917803,2.8683527490316814,-1.2289965881165024,1360056.6208333333,7896,0.556559877945266,0.30482995898333903,0.13861016307139504,,3183539.0,
1985,5,3.1233330702400246,2.711229518685529,3.0421144992193767,-1.2194280853889785,972106.7875,9539,0.6194587189542379,0.23797439427139386,0.14256688677436832,,2327046.0,
1985,6,3.220866355563422,2.602289812008745,2.8138855914425065,-1.2091867570734738,11839374.615833333,65352,0.5407485870314664,0.3230143293000318,0.13623708366850176,,26441107.0,
1985,8,3.245066497156356,2.5690958691416124,2.773621555700967,-1.2134531273992846,1607067.6216666668,10300,0.5249256084252784,0.3473932597957907,0.12768113177893087,,3208726.0,
1985,9,3.242531534729538,2.6669717214215827,2.802760338920501,-1.1912327492760426,1633026.0908333333,10855,0.566309403442962,0.32333415154440187,0.1103564450126362,,3201131.0,
1985,10,3.1944286433134383,2.6521793787531793,2.869374432512826,-1.2019025571935045,298571.49,8919,0.5856652783465573,0.27757291390741573,0.13676180774602686,,618279.0,
1985,11,3.2830909532195705,2.5370512044216467,2.6380739271913627,-1.1826103303436803,294498.2233333333,8272,0.40673747217522466,0.3863392896823024,0.2069232381424729,,634549.0,
1985,12,3.17946983755683,2.6019353064407116,2.895685235032937,-1.2247217697117632,4947614.56,32852,0.5695248053494664,0.2729101584275375,0.15756503622299614,,11351120.0,
1985,13,3.155965495063114,2.6661251046323513,2.941700708995518,-1.2100216849246739,2668472.004166667,11253,0.5974739127472918,0.2605276307535316,0.1419984564991766,,5962639.0,
1985,15,3.166815142949009,2.5741823072290635,2.7980583250049578,-1.1977756101319355,454347.8041666667,8209,0.5067912191797673,0.2916122001640216,0.20159658065621114,,1039698.0,
1985,16,3.1602919480401837,2.621546630948485,2.9533048370834525,-1.2332451968441145,437327.1775,10447,0.5641674886748004,0.2840513925998294,0.1517811187253702,,994052.0,
1985,17,3.192738046988154,2.6657862569695667,2.850885359040572,-1.1926716996208444,5162917.171666666,33427,0.5681401226204632,0.29055773560478143,0.1413021417747554,,11399803.0,
1985,18,3.1385994312717167,2.705337572072137,2.9682964832551093,-1.2027277209015976,2540985.6683333335,13764,0.6035937909403071,0.25275101412557816,0.14365519493411466,,5459214.0,
1985,19,3.172136270664931,2.6526994029667854,2.977534562187465,-1.2361248804856464,1321262.0583333333,10965,0.5331964553906006,0.30542162218350083,0.16138192242589858,,2829684.0,
1985,20,3.19218471174206,2.639389832144024,2.8978613581053754,-1.2171126079775758,1184360.8366666667,10795,0.5640943003637245,0.29971929833760097,0.13618640129867457,,2427401.0,
1985,21,3.132066518616353,2.6692621531027676,2.9952980956486073,-1.2199240527456825,1534762.6516666666,9278,0.5904997778234212,0.2510871337396852,0.15841308843689353,,3694816.0,
1985,22,3.1588572792910745,2.6471432657890293,2.9263499551821006,-1.2120680258186607,1754330.755,9125,0.6076355674705668,0.24358796369832067,0.14877646883111253,,4408113.0,
1985,23,3.148460186904305,2.6703563277646456,2.9726927289834317,-1.218134998508677,524357.2174999999,8702,0.6006460783972539,0.260301587706248,0.13905233389649815,,1162935.0,
1985,24,3.282025302955566,2.5768311834402966,2.7617622555973305,-1.2168280716374757,2155114.795,13667,0.5114515396055925,0.3554976912698942,0.13305076912451322,,4413072.0,
1985,25,3.2328421105077165,2.636412706550694,2.7962889221780323,-1.1966349101151599,2950412.7025,33528,0.5330368885631135,0.3275641400792143,0.13939897135767215,,5880734.0,
1985,26,3.145898766085365,2.6946740141161736,2.9188042999116814,-1.1936798192399611,3945945.3091666666,31518,0.5906224077008501,0.2546277230675342,0.15474986923161574,,9076287.0,
1985,27,3.1880597180905164,2.617982504447728,2.868639763823781,-1.21425571483422,2095850.1491666667,12782,0.5311774952988938,0.31110989510248793,0.15771260959861827,,4184301.0,
1985,28,3.093938922802947,2.730522714589037,3.0371943510477393,-1.2009253536871094,1009520.1691666666,9785,0.6468106208866048,0.22176435793247787,0.1314250211809174,,2588103.0,
1985,29,3.1656781816765545,2.6725964977460297,2.9340483884875854,-1.20934491957447,2329061.5775,13288,0.5758001714714164,0.2677290517367716,0.15647077679181207,,5000260.0,
1985,30,3.2012071063380625,2.5644968093728076,2.901370607092812,-1.2484601273901683,377078.7375,10893,0.5074696090104518,0.3299348833218252,0.16259550766772302,,822320.0,
1985,31,3.1735564309958684,2.632173645185057,2.9310636314704532,-1.226261479775922,776555.0658333334,10977,0.5372316989395557,0.3105080360273699,0.15226026503307435,,1584661.0,
1985,32,3.0917766146274452,2.562899947202545,2.8416850920636016,-1.1955302106659327,462336.45999999996,8012,0.4866460382286922,0.22592331776736096,0.28743064400394686,,951032.0,
1985,33,3.1866644762836223,2.6783018081099534,2.9140681351712536,-1.2095379692299486,515961.27249999996,7839,0.6097676012887904,0.2735847841796683,0.11664761453154145,,996753.0,
1985,34,3.2285664421608615,2.6448931879019386,2.8071685926316214,-1.1948925203897005,3644354.6799999997,33300,0.5672643035489001,0.30551723437727296,0.12721846207382687,,7565530.0,
1985,35,3.2281620587391324,2.5766434462754417,2.86442442195701,-1.2380208163648876,590004.2858333333,9200,0.5228031485129725,0.33147055612747156,0.14572629535955592,,1438360.0,
1985,36,3.2217272218079507,2.6167577987426314,2.7921004503693183,-1.1972916070614887,7807180.825833333,54489,0.5335946114808946,0.3158334769417129,0.15057191157739255,,17791678.0,
1985,37,3.1281327773681276,2.709080602329287,2.9735475386890506,-1.2001833342955752,2944939.6466666665,30927,0.6211943955101826,0.2472962279863982,0.13150937650341912,,6253957.0,
1985,38,3.2031171376462955,2.5802637775760062,2.945175683447306,-1.2600560755668244,318767.2141666667,11900,0.4931753220644907,0.33747807219287845,0.16934660574263086,,676979.0,
1985,39,3.166569810486857,2.6934518350417385,2.9064290181384416,-1.1952606243452617,4689530.623333333,33184,0.5772286915957682,0.27787548031986264,0.1448958280843692,,10734926.0,
1985,40,3.1857074733198907,2.6345225760015913,2.8858782614786134,-1.2112086867969676,1451642.7158333333,11091,0.5684081731208769,0.2817777112754759,0.14981411560364724,,3271333.0,
1985,41,3.1607884026519684,2.6360217165576674,2.9000457365800547,-1.2096732271777673,1213775.1716666666,8220,0.5590342254504103,0.2919935953844331,0.14897217916515668,,2672648.0,
1985,42,3.1730564248472777,2.676967588312825,2.9052388073491677,-1.2004565005428378,5108888.255,33441,0.5803559526057185,0.28059391386769866,0.13905013352658283,,11770865.0,
1985,44,3.1773417900629024,2.7111156103160323,2.8951698236732955,-1.1893305944895365,477620.0091666667,8113,0.5856942580816078,0.27270844130368244,0.14159730061470976,,968956.0,
1985,45,3.1292033404599136,2.7185704311690357,2.97539394149797,-1.1966458097977408,1439894.9625000001,10155,0.6333903066930878,0.2397230467515038,0.12688664655540846,,3303211.0,
1985,46,3.1733876549127866,2.5972254861792217,2.966424725987688,-1.2540274481035645,332766.7625,12777,0.5055984405684921,0.3232265400306901,0.17117501940081778,,698404.0,
1985,47,3.1158580280839328,2.717204269910223,3.005774696303694,-1.2021806949509979,2072741.4816666667,10052,0.6235130752189727,0.24615852778883882,0.13032839699218854,,4715292.0,
1985,48,3.1829822538942536,2.6287583322827834,2.891339892132931,-1.2142999407896362,7417714.646666667,39994,0.5891734842853715,0.277088096425289,0.13373841928933952,,16272722.0,
1985,49,3.2027851596410977,2.599088471162165,2.850232972244973,-1.2181721928508165,712860.495,9624,0.5494673219386099,0.3078988205832516,0.1426338574781385,,1642910.0,
1985,50,3.1751483963001963,2.633449308367164,2.904636505054991,-1.2174606300547814,264548.295,8168,0.5623167611632901,0.29229667164919054,0.14538656718751938,,530035.0,
1985,51,3.2180449790722254,2.6187963079898577,2.8602955971595656,-1.217387611914677,2711779.93,13124,0.5517950725509676,0.3134934964186707,0.13471143103036176,,5715149.0,
1985,53,3.2165744083361347,2.5902346737925463,2.8496866749945173,-1.2260787129497681,1934061.1500000001,9097,0.5277022586799885,0.3219923229449054,0.15030541837510603,,4400096.0,
1985,54,3.142803585353498,2.6738203103710068,3.000700482366272,-1.2217248395558404,666826.365,7924,0.5879146028615522,0.2511319923517559,0.16095340478669187,,1906831.0,
1985,55,3.148651310412363,2.6792821557666344,2.9517428530214094,-1.2102246173869966,2210145.3175,11878,0.5711568103121033,0.2662378582934734,0.16260533139442326,,4747765.0,
1985,56,3.181192031897494,2.626450602119117,3.000634586496807,-1.2516538756320443,230792.45833333334,8099,0.5668569386354526,0.272996901113769,0.16014616025077835,,499696.0,
1986,1,3.1356838368405167,2.701641582216263,2.97913115731228,-1.2047897200469646,1702814.3066666666,7679,0.6223166047121221,0.24974623009975136,0.12793716518812662,,3991569.0,
1986,2,3.2637477860068915,2.542683190808063,2.790031512651355,-1.2335469537242996,232730.6425,13216,0.5040860828496576,0.34717818792507776,0.14873572922526462,,544269.0,
1986,4,3.1968810808111314,2.599668310718414,2.876837352957711,-1.2242021539429429,1475163.9141666666,8093,0.5442023663122352,0.2929296122814283,0.16286802140633652,,3308261.0,
1986,5,3.1215614555478584,2.700885658585953,3.0253193838037853,-1.2177748906781836,977033.4375,9526,0.6237740121662009,0.23504079759598295,0.14118519023781623,,2331988.0,
1986,6,3.2164540597663067,2.610612333754834,2.8214553884075184,-1.2076487532225353,12420722.620833335,63090,0.5471979678566791,0.3198120452449143,0.13298998689840658,,27102238.0,
1986,8,3.249421145618445,2.547644411865133,2.7547473351604608,-1.2181154570328057,1569467.61,9065,0.5119197342240577,0.3429268464710529,0.14515341930488945,,3237448.0,
1986,9,3.247693022419453,2.6372984509566595,2.78417454807957,-1.1970089480237014,1675415.5175,10478,0.5519561389679538,0.3353123783439993,0.11273148268804695,,3223741.0,
1986,10,3.2024310288454116,2.650045374991969,2.837823531723188,-1.1954573248328295,308006.00833333336,8643,0.5729246798074752,0.29276034269214907,0.1343149775003758,,627559.0,
1986,11,3.304025296499283,2.5184077466084296,2.599833080522503,-1.1829923948243266,299556.38,8242,0.40614195381738005,0.39218878429077403,0.20166926189184597,,638269.0,
1986,12,3.183173774436469,2.5944955880698735,2.8632973736106924,-1.2185276157843603,5260281.48,34797,0.5696264156897786,0.2761413327683127,0.15423225154190864,,11667503.0,
1986,13,3.147516533522868,2.6617363297116605,2.9236262181921635,-1.2019861310467828,2815128.57,9955,0.6066234300011223,0.2529824814483494,0.14039408855052835,,6084645.0,
1986,15,3.1894891095822575,2.568935638714172,2.7963317359108366,-1.2053108472797749,470480.3333333333,8195,0.5173937646518518,0.2928793073741256,0.1897269279740225,,1051762.0,
1986,16,3.144601376162305,2.623360901838839,2.959748496412026,-1.2285003482885857,436334.4283333333,10017,0.56253617953204,0.2728785727125845,0.16458524775537542,,990222.0,
1986,17,3.2034919951106127,2.6607146371205865,2.8448262000015454,-1.1953121627999714,5234347.464166666,33365,0.5694221739502399,0.2936839350216254,0.13689389102813476,,11387256.0,
1986,18,3.138602091609662,2.706948017908685,2.979121316375967,-1.2050477639240922,2576836.9433333334,12786,0.6072397256315267,0.24547680950755182,0.14728346486092145,,5454103.0,
1986,19,3.1634623959961066,2.6403000398385794,2.970945065216309,-1.2351302953878172,1345315.6591666667,10797,0.537930527622397,0.29728053937552396,0.1647889330020791,,2791969.0,
1986,20,3.214738482875836,2.639943510536498,2.8888357638917426,-1.2221992759202394,1167913.8150000002,10490,0.5465118591627144,0.31692405846092037,0.13656408237636533,,2432614.0,
1986,21,3.125509955143451,2.680199112416543,2.9962049977614496,-1.2143992951215015,1532919.625,8817,0.6007067378342884,0.24130986381311362,0.157983398352598,,3687805.0,
1986,22,3.1663142264667634,2.6382756895945616,2.902129783507697,-1.2099812931890084,1728134.7158333333,8007,0.5941869957380869,0.2535742871865137,0.15223871707539935,,4406922.0,
1986,23,3.1490481609320358,2.6650896077146684,2.9823139748445335,-1.222650827454288,531147.3241666666,8429,0.6015379616910709,0.2605279278680997,0.13793411044082948,,1170126.0,
1986,24,3.2657954121772668,2.589447000870291,2.7911861738615165,-1.2184610026946345,2233891.005,12726,0.5313463900405809,0.33249980612311797,0.1361538038363011,,4486956.0,
1986,25,3.243240916174022,2.6252020916692183,2.7830608876801293,-1.1989659087503426,2953491.855833333,35297,0.5337423169747629,0.33478889555680486,0.13146878746843216,,5902677.0,
1986,26,3.1560462667036084,2.6949401215280955,2.914411851355012,-1.1942914205992456,4015148.4391666665,32400,0.5845286351607717,0.26449980399540257,0.1509715608438257,,9127774.0,
1986,27,3.1932748083868217,2.625897769408958,2.866286392656898,-1.213401939897908,2119088.1824999996,10800,0.5275766037192815,0.3236335655450531,0.14878983073566537,,4205213.0,
1986,28,3.1171241293599956,2.714216267430476,3.0278585423313333,-1.210078274873752,1022874.4708333333,9708,0.6235842877511084,0.24059692376354733,0.13581878848534426,,2593596.0,
1986,29,3.166279082416731,2.6689398864358846,2.922457486273327,-1.2073174978502863,2381012.4816666665,12358,0.5761384566558029,0.2755610542778562,0.14830048906634097,,5023055.0,
1986,30,3.2050364814963057,2.5565203389613402,2.8749869034054725,-1.2437087235399507,377152.89166666666,11102,0.4952209130414158,0.3366553806745763,0.16812370628400788,,813738.0,
1986,31,3.158871446856466,2.631877460457794,2.9225533244129243,-1.2191389811501157,775067.1691666666,10824,0.5445432234668206,0.29604847184102817,0.1594083046921512,,1574328.0,
1986,32,3.1200103573520113,2.561432969892896,2.812904895424051,-1.1941391526126852,496298.57916666666,8061,0.49997880138553064,0.24442270523635826,0.2555984933781111,,980614.0,
1986,33,3.199696441568829,2.6601309308736267,2.9132877823205425,-1.2194547840691656,542959.3141666666,7933,0.6012538962208592,0.28175996709140494,0.11698613668773587,,1025054.0,
1986,34,3.2333994031043702,2.635075048025038,2.8111908731819,-1.1999002211214862,3707621.7583333333,35529,0.5651026608900228,0.3082332898350864,0.12666404927489083,,7622161.0,
1986,35,3.218856921927395,2.5727604706129,2.839949685713331,-1.2283035461012934,613904.3033333333,8948,0.5253392311737822,0.32804724392164497,0.14661352490457277,,1462728.0,
1986,36,3.224681879311292,2.6105208119658254,2.7856247341434006,-1.1977675481561658,7885745.239166667,54831,0.5356982049054083,0.3171849289418278,0.14711686615276393,,17833421.0,
1986,37,3.1312011808303386,2.704941164793164,2.9806819810403673,-1.2042363401526899,3014011.526666667,34226,0.6296221203280107,0.24698402834469613,0.12339385132729323,,6321576.0,
1986,38,3.2039247241236075,2.579535460561928,2.9341498478998242,-1.2577442397015222,314183.05583333335,11521,0.4947490887338448,0.34107146019320217,0.16417945107295304,,669513.0,
1986,39,3.1725665939422356,2.6912925718269967,2.9012379869725806,-1.196263633047188,4806329.4383333335,34497,0.5790967766854027,0.27784416002632417,0.1430590632882731,,10730272.0,
1986,40,3.180411600721801,2.6222151639956377,2.8742936413001847,-1.2097593116179233,1466669.4733333334,10191,0.5521296860438425,0.3002465469942179,0.14762376696193966,,3252735.0,
1986,41,3.163889092978551,2.625906392337173,2.8724114741567885,-1.2049808525430326,1250181.0625,7844,0.5578058431501228,0.29255903636189995,0.14963512048797734,,2683526.0,
1986,42,3.1714338233186177,2.669433713230992,2.906711826599805,-1.2027503264028323,5224592.513333334,34099,0.5786340233780216,0.27717943425210695,0.1441865423698714,,11782754.0,
1986,44,3.182821062903319,2.696848482846996,2.8965435543338853,-1.1954310879072514,489195.2491666667,8281,0.5784738830637676,0.2803011695892624,0.14122494734697005,,977340.0,
1986,45,3.119683011620181,2.7231737848554496,2.992119496984662,-1.1965502883119425,1516554.0241666667,10826,0.6308433368957324,0.2384746893101526,0.13068197379411506,,3342759.0,
1986,46,3.179972484517387,2.5994817183354226,2.947332488276761,-1.2473312345086869,333771.0633333333,12628,0.5045536678345454,0.3294967792377584,0.16594955292769625,,696036.0,
1986,47,3.114353110916994,2.7148446133549595,3.0017674532320515,-1.2013960850035388,2105775.1716666664,9595,0.627023627863877,0.23519737470317703,0.137778997432946,,4738708.0,
1986,48,3.190273262332075,2.624524598490908,2.8674366046578075,-1.209667600780521,7389331.835833333,37579,0.5769089126264614,0.28672829284435697,0.13636279452918165,,16561103.0,
1986,49,3.1872611902617227,2.598801335564598,2.843435805317009,-1.2107872299197484,708236.7566666667,9100,0.5465844988350442,0.30263590857657297,0.15077959258838283,,1662833.0,
1986,50,3.2005953836541288,2.6273008684013024,2.8863892547361782,-1.2210907068916834,277622.7108333333,8356,0.5419923140750048,0.3158385543189563,0.14216913160603892,,534066.0,
1986,51,3.205509610211644,2.6503620510209727,2.882895824793931,-1.2095682552021947,2764377.1716666664,12592,0.5686680772402399,0.3055653627505779,0.1257665600091822,,5811692.0,
1986,53,3.21043860953193,2.590578957247444,2.8457362594285063,-1.2217948758160786,2023393.4616666667,8843,0.5350750576095274,0.3191282500335862,0.14579669235688622,,4452724.0,
1986,54,3.133486475385215,2.691039242248475,3.0116124751933384,-1.2160487957512622,657368.6383333333,7737,0.6047033436308742,0.2312614372892028,0.16403521907992305,,1882352.0,
1986,55,3.158623170428486,2.6689265780067863,2.937279538165299,-1.2116018170271279,2239723.845833333,11604,0.5689074608701898,0.2791317173094492,0.15196082182036097,,4755625.0,
1986,56,3.1643722401102177,2.623209977588527,3.0035343230169276,-1.2470245456549147,230742.92333333334,7344,0.5813255637775504,0.25229106453567884,0.16638337168677073,,495633.0,
1987,1,3.127906329631697,2.705513019057259,2.992262868418224,-1.2046758087232492,1753161.22,9805,0.6164408549390291,0.24356752921094468,0.13999161585002615,,4015262.0,
1987,2,3.243792034033389,2.543668489549749,2.7930557946684105,-1.2275036026386483,228430.67,12076,0.5176358661876145,0.3358722617384466,0.14649187207393896,,539310.0,
1987,4,3.2063625281714008,2.596131204902543,2.8405552413071526,-1.2158599272818225,1537190.1849999998,8174,0.5404759170537514,0.2947020398881658,0.1648220430580828,,3437103.0,
1987,5,3.118293755680797,2.707823369114712,3.016360679650511,-1.211108144718094,1002711.1333333333,9935,0.6298592039985712,0.23227441816358305,0.13786637783784575,,2342357.0,
1987,6,3.216545898363187,2.6033204318107788,2.8175265856987637,-1.2094858831249795,12987200.885833332,63748,0.5434154816071685,0.3205915706899907,0.1359929477028409,,27777160.0,
1987,8,3.2477387515411675,2.5452373550695357,2.749252477391813,-1.2154986417376057,1564277.2075000003,8985,0.5086138124412835,0.35054257364419406,0.1408436139145226,,3260477.0,
1987,9,3.236877341958691,2.641844486576469,2.802417683462716,-1.1978475290323074,1694357.2591666665,9493,0.5670826515839859,0.32843712542657444,0.10448022298943978,,3247290.0,
1987,10,3.200389487802673,2.637937959072759,2.8294204421449964,-1.1949346596082528,321539.62666666665,8772,0.5679792881516795,0.2922011273722434,0.13981958447607698,,636946.0,
1987,11,3.3124148173639454,2.517766544147659,2.591003920981377,-1.182620257269838,319434.1091666667,8415,0.40912922429484966,0.4096847534863526,0.18118602221879784,,636930.0,
1987,12,3.186530515071016,2.597319084349757,2.860569630504044,-1.2161773146920016,5579651.836666667,37223,0.5661368675081647,0.27694021535548724,0.15692291713634812,,11997282.0,
1987,13,3.162320209001502,2.665241106088865,2.9367710647555185,-1.209077457175607,2905408.731666667,9898,0.6082661919577835,0.2598749109770891,0.13185889706512738,,6208479.0,
1987,15,3.1658717488865897,2.565546201735181,2.803214153343123,-1.2010129827878844,485224.02,8482,0.5057635690938306,0.29017002495389077,0.20406640595227868,,1067917.0,
1987,16,3.138637958125587,2.6497306169861417,2.9909261243393637,-1.229286080731384,427001.9925,9956,0.5929141717774236,0.25754293544350965,0.14954289277906682,,984997.0,
1987,17,3.2095414929996573,2.647340931397777,2.8410548964595512,-1.2001957186931596,5296085.300833333,33501,0.5646168935273116,0.2945111268784917,0.1408719795941967,,11391176.0,
1987,18,3.1193223769415606,2.717222083925755,2.987489805215915,-1.1986713105107547,2548230.385,12088,0.6213415854512432,0.23241607983904777,0.1462423347097091,,5473023.0,
1987,19,3.1765182301459904,2.6463604171419557,2.953734991501849,-1.2306042686605216,1351419.3099999998,10865,0.5277307096420186,0.31504111806016644,0.15722817229781486,,2767006.0,
1987,20,3.212284265877134,2.628663762551302,2.8817550261258895,-1.2219734523261814,1188758.3691666666,10698,0.5384708174408367,0.31583865265530825,0.14569052990385514,,2445367.0,
1987,21,3.1375617906087,2.6861747485421135,3.0274163681952326,-1.2264791052205537,1537262.3833333335,8875,0.5988483775465737,0.24963151845019427,0.15152010400323207,,3683330.0,
1987,22,3.1958597593091125,2.608930988413912,2.8867871736002706,-1.223447811229567,1726100.5716666665,7519,0.5662354414241604,0.2890973357684696,0.14466722280737013,,4344151.0,
1987,23,3.1656795883379747,2.666479249650369,2.9716691286665253,-1.2250048419747657,559976.4025,9193,0.5945234330564707,0.26008240735991656,0.14539415958361274,,1184577.0,
1987,24,3.2598914904971283,2.5908023487146736,2.786848591064538,-1.2139545148087503,2306468.0166666666,12443,0.5295924658166397,0.33617159510552863,0.13423593907783182,,4565558.0,
1987,25,3.256090355681188,2.6163640681591627,2.7793886561409877,-1.2040964456873093,2979492.160833333,35095,0.5251931701972203,0.34658420955319214,0.12822262024958747,,5935205.0,
1987,26,3.1585156203250198,2.6789791149014355,2.9024191490762354,-1.1962579564517917,4151222.0391666666,33493,0.575053682591926,0.27333474681598585,0.15161157059208819,,9187484.0,
1987,27,3.1958147230838247,2.6182902701686745,2.8617996824191287,-1.215871615188118,2114116.1591666667,10095,0.5284699156725411,0.3172159952919027,0.15431408903555627,,4235136.0,
1987,28,3.123444541205245,2.715945276986426,3.039219762210511,-1.2146271357457863,1047113.4766666667,9694,0.6277287130143413,0.23930707056286202,0.13296421642279663,,2588545.0,
1987,29,3.1791662376370886,2.6579771173293096,2.9064009796952335,-1.209344224548738,2402320.7716666665,11858,0.5641143645186639,0.2875788339370522,0.1483068015442839,,5056702.0,
1987,30,3.2098435179069296,2.569821250869579,2.8861720760149403,-1.243315761014254,372617.11083333334,11177,0.49837352015480585,0.3435750183196023,0.15805146152559188,,805064.0,
1987,31,3.1759794020766337,2.637567840789023,2.925808194744065,-1.2247241428166962,757005.0325000001,11010,0.5421732922354501,0.3026147703299468,0.15521193743460313,,1566544.0,
1987,32,3.1330150362192177,2.5790030078796518,2.831148072395735,-1.197438970069953,528067.2366666667,8283,0.5003584598301029,0.2546538495622826,0.24498769060761452,,1023374.0,
1987,33,3.2189111318087718,2.6662428982509914,2.8998646799893923,-1.2188613465890186,572987.4641666667,8415,0.5891659444422547,0.30072787932996575,0.11010617622777956,,1054289.0,
1987,34,3.241078312297533,2.623706734182269,2.799457000753051,-1.2020199997543084,3794377.6016666666,35041,0.5595190929917321,0.31537421518100367,0.12510669182726425,,7670741.0,
1987,35,3.2150068570045156,2.562461755343548,2.8598241424494666,-1.238141295347382,618830.2758333334,9088,0.513960715430087,0.32344224545756656,0.1625970391123464,,1478519.0,
1987,36,3.2302917598655676,2.606220663867209,2.7840029188097124,-1.2002609857834745,8081623.1375,54676,0.5273514868468904,0.3208927392276737,0.15175577392543596,,17868844.0,
1987,37,3.126406583593081,2.7202376837921274,2.98934456588685,-1.2003324623348406,3150306.9341666666,35669,0.6342282397306245,0.244221250041916,0.12155051022745945,,6403693.0,
1987,38,3.214678572457721,2.5587859889294013,2.9049235305188135,-1.2585841378233344,310823.36166666663,11812,0.4745731070772761,0.35891775395785114,0.16650913896487274,,661141.0,
1987,39,3.1699431245943157,2.6909508578904298,2.9127752621355363,-1.1986501864199597,4867849.760000001,35084,0.582348521120289,0.2735862424244578,0.14406523645525318,,10760081.0,
1987,40,3.185416620763928,2.631479298897487,2.874459125884311,-1.207805979799597,1448258.4708333332,9399,0.5497141250653274,0.30136440866314795,0.14892146627152472,,3210124.0,
1987,41,3.166343282901092,2.6346632401211587,2.8858728712355863,-1.2075069525144568,1283842.1158333332,8267,0.5610848166326268,0.2904190040809373,0.14849617928643602,,2700996.0,
1987,42,3.171558406723829,2.6716742608906987,2.9092102973985163,-1.201935458812415,5323448.589166666,33594,0.5851132618048466,0.27026443225878505,0.1446223059363684,,11810869.0,
1987,44,3.1983716524846915,2.7020142345222187,2.907189937740721,-1.2023524991475543,500839.6458333333,8058,0.5777108989983529,0.2869105460444155,0.1353785549572316,,989605.0,
1987,45,3.1197330764046516,2.708021833861506,2.9715740297485964,-1.196500479815293,1548161.9391666667,11423,0.6294536040654916,0.23764617564814605,0.13290022028636236,,3380507.0,
1987,46,3.1695380771789785,2.6047335323891043,2.9501829170454488,-1.2422034248780733,334144.12666666665,13006,0.5136985743609245,0.3159642774124022,0.17033714822667337,,696034.0,
1987,47,3.135867791769277,2.710220620935386,3.0002578999861864,-1.2091257135200673,2189847.5749999997,9917,0.6154813721816822,0.24668726036250707,0.1378313674558108,,4782939.0,
1987,48,3.192041701134149,2.626914331646395,2.847618790638984,-1.2030459374917652,7690889.553333334,37092,0.5730154525806436,0.2933241824602935,0.13366036495906294,,16621767.0,
1987,49,3.208882686798041,2.585741965328577,2.817963922516799,-1.2146054118065646,712384.3624999999,9177,0.5334876609618125,0.31391345704789847,0.15259888199028904,,1678120.0,
1987,50,3.2036916058195,2.6206684529933266,2.900763268416816,-1.2293139982272028,284647.63083333336,8502,0.5327847578836565,0.3209492035781421,0.1462660385382014,,540267.0,
1987,51,3.222153868468953,2.6249851965162865,2.85126553982454,-1.2128314373383737,2836167.3000000003,12961,0.5431957523339133,0.3228657188499111,0.13393852881617566,,5932273.0,
1987,53,3.2100190552749406,2.59464395630739,2.8307722505599213,-1.214566086529636,2052575.8925,9193,0.5329055024064733,0.31761609846805255,0.1494783991254742,,4531903.0,
1987,54,3.130888016031846,2.69668863863271,3.0149444576881597,-1.2144491645048372,668730.1025,7903,0.6023743870840771,0.23798669750940607,0.15963891540651684,,1857583.0,
1987,55,3.1549903709161575,2.67126636578508,2.9293971296094377,-1.2071351448136947,2325721.214166667,12152,0.5743005662091509,0.2710772920854569,0.1546221417053922,,4777923.0,
1987,56,3.17354109004175,2.6026537851172917,2.9448362939825343,-1.2373580556643875,221966.51333333334,6731,0.5558729128992443,0.2691009841523411,0.17502610294841445,,476966.0,
1988,1,3.1458948333296415,2.6871003956361474,2.9924496519112402,-1.2152167442813313,1740877.1266666667,9614,0.6015657704516182,0.25690457709673586,0.14152965245164598,,4023842.0,
1988,2,3.241799463668533,2.5434738326156525,2.799792012538445,-1.230228403325781,221323.39500000002,11861,0.5046717855776754,0.3404297252047004,0.15489848921762409,,541984.0,
1988,4,3.215969099337128,2.5806391248471585,2.815271840736267,-1.2158145677200611,1576461.4791666667,8598,0.5344629160571267,0.31286386145029993,0.15267322249257342,,3535183.0,
1988,5,3.1151424704173394,2.7095389688816205,3.0205571963784816,-1.210522763788095,1027973.0091666667,10193,0.623759037149315,0.23556252943727554,0.14067843341340946,,2342655.0,
1988,6,3.2292324398802954,2.589954672845804,2.805211876245623,-1.2141005541171905,13376784.8725,44965,0.5274679459512134,0.333230544230374,0.13930150981841263,,28464250.0,
1988,8,3.234731468704133,2.551291536657699,2.7430975183727355,-1.2067741745571459,1606258.1824999999,9010,0.5207838409009251,0.333694185589622,0.14552197350945295,,3262280.0,
1988,9,3.243941972641854,2.6355867151480896,2.7954388598963944,-1.199405093352006,1681852.2466666668,8545,0.5581899624158672,0.32486924532838274,0.11694079225575012,,3271954.0,
1988,10,3.2204619014555522,2.6205789894175715,2.8114016243634574,-1.2015836909093018,337185.295,9155,0.5555443400132292,0.30739113057524464,0.1370645294115262,,647621.0,
1988,11,3.3176237593353033,2.508672224803911,2.5820710787738066,-1.1841486356560584,321140.56916666665,8613,0.3965329433538644,0.42300528706356766,0.18046176958256796,,630432.0,
1988,12,3.200743376765214,2.5881937752816504,2.851739447012337,-1.220037528399572,5794503.809166666,38175,0.5541955649195182,0.2923878504560162,0.15341658462446567,,12306400.0,
1988,13,3.1850977870497075,2.645716734064528,2.8960000396628236,-1.2101061711420955,2989421.265833333,10162,0.59394734886316,0.2736479231892003,0.13240472794763963,,6316139.0,
1988,15,3.202845706769029,2.5606983581432776,2.7880096643138805,-1.2098650801587751,503047.0425,8491,0.5023222232871831,0.3083002873446945,0.1893774893681224,,1079827.0,
1988,16,3.1471318694510644,2.6542335014834926,2.987144721263295,-1.2296811736449424,446910.01499999996,10235,0.5799854879398312,0.26699907251272503,0.15301543954744376,,985661.0,
1988,17,3.2091772361047237,2.6389069364366278,2.8274633321067086,-1.1982760699487651,5411956.825833333,33892,0.5609144791433119,0.2981992733632251,0.14088624749346296,,11390186.0,
1988,18,3.126261140759455,2.7066635570350104,2.9806646534741135,-1.2023711915172832,2654381.105,10684,0.601108265138988,0.24369657510951925,0.15519515975149278,,5491733.0,
1988,19,3.1746177460059086,2.660618833932018,2.941185030634523,-1.222054359605763,1427299.0725,11284,0.5370076542455416,0.3099802751318439,0.1530120706226145,,2768393.0,
1988,20,3.2054357923717407,2.6314694815924358,2.8788663950709785,-1.2176328212890348,1216411.875,10748,0.5356083169800702,0.3142857595960475,0.15010592342388232,,2461995.0,
1988,21,3.14768337703975,2.6772311879751256,3.0006174269045034,-1.2231139185404754,1576045.5966666667,8899,0.6006351492999952,0.2580866455956869,0.1412782051043179,,3680002.0,
1988,22,3.188640678256118,2.612578839119197,2.8638100826295503,-1.2112480917522743,1717157.0233333334,7599,0.5597529947611507,0.2956013627600473,0.14464564247880207,,4288859.0,
1988,23,3.1644428019823105,2.651209387727737,2.946655620601216,-1.2206557423683637,571120.8183333334,9100,0.5687431763628674,0.28189390578371043,0.14936291785342218,,1203840.0,
1988,24,3.281903761309758,2.580056908242288,2.766240089761059,-1.2185433929009517,2334444.0466666664,9905,0.5133411747101572,0.360008727079243,0.1266500982105999,,4657903.0,
1988,25,3.2657530145066516,2.6066266695220848,2.7707622792098423,-1.2072195410474222,3047238.888333333,34839,0.5213817072187154,0.3531071832688058,0.1255111095124789,,5979983.0,
1988,26,3.1698726157178174,2.675739941308123,2.905304360630559,-1.2015160403908927,4224141.258333334,33756,0.5807894288803773,0.27231023897975487,0.14690033213986783,,9218002.0,
1988,27,3.1979595136598107,2.6153547866396725,2.8549454350619654,-1.2141326310699878,2224036.195,10458,0.5287428895619722,0.3188923516322375,0.15236475880579026,,4296163.0,
1988,28,3.120721624570294,2.7061369513299027,3.0223276923482842,-1.2117094454508275,1047152.4316666666,9775,0.6227524872781878,0.2438804308049125,0.1333670819168997,,2580349.0,
1988,29,3.1745533331898934,2.6598180757403114,2.8866063501833583,-1.2004554500865159,2447390.0725000002,10190,0.5705734860773638,0.28149957073062676,0.1479269431920094,,5081737.0,
1988,30,3.2089618299561553,2.5769362568414924,2.887010101044781,-1.2411405385291736,371951.73583333334,11137,0.498528750328669,0.3406593339883215,0.16081191568300957,,800200.0,
1988,31,3.1997065951578967,2.622264143189756,2.9098244735928387,-1.2302673948599945,784458.6058333333,11107,0.5330240093759268,0.3135387699420393,0.15343722068203403,,1571477.0,
1988,32,3.129977577896632,2.594457566165586,2.862090034127456,-1.2000615325858586,549694.4266666666,9141,0.504340815692936,0.25299803169910706,0.24266115260795693,,1075023.0,
1988,33,3.2321070088150683,2.6462162159042344,2.8803561695921096,-1.2212362737103801,587622.5391666667,8474,0.5794833209910487,0.30679298285095796,0.11372369615799327,,1082576.0,
1988,34,3.249553043534988,2.615589459496202,2.8010152375513457,-1.2080705286211408,3835545.688333333,34651,0.5462449959277772,0.32911742668882754,0.12463757738339537,,7712333.0,
1988,35,3.2114297519410067,2.5702864433573294,2.878357450540109,-1.2421351639049119,640986.2816666666,9080,0.5307689900856041,0.32147766072468126,0.1477533491897146,,1490336.0,
1988,36,3.243460905676811,2.5971831915032744,2.7858344041930603,-1.2079624869906644,8151963.705833334,40479,0.522997060004515,0.3313043883682953,0.1456985516271897,,17941309.0,
1988,37,3.138963191628956,2.7055276480751367,2.9806960392455646,-1.2067353229098108,3206631.109166667,36317,0.622646059433027,0.2543521270300849,0.1230018135368881,,6480591.0,
1988,38,3.2313433596517687,2.5580003854123214,2.871182936930399,-1.2505911919015409,312229.3383333333,11868,0.4706452782291219,0.3718949361289667,0.15745978564191146,,655330.0,
1988,39,3.177150927003425,2.6831718274554324,2.914527580636743,-1.2035429248139133,4987626.5125,35547,0.5755980166350644,0.28048776971445705,0.14391421365047852,,10798554.0,
1988,40,3.1900287808142127,2.636246724761174,2.892404493717654,-1.2136688570740868,1412066.8616666666,9266,0.5542635738888223,0.2953551711116509,0.15038125499952684,,3167064.0,
1988,41,3.171035798045829,2.648023709130233,2.905567697229214,-1.2097323403660836,1332820.8333333333,8381,0.5603580755279552,0.2993066203941814,0.14033530407786343,,2741297.0,
1988,42,3.173360134766076,2.677512348495345,2.902512803475288,-1.1983215929696154,5457106.935,34250,0.5802089149751524,0.2763495613495701,0.1434415236752776,,11845755.0,
1988,44,3.2016501059558,2.657258710521139,2.860281862788224,-1.1998458753580354,511177.45333333337,8232,0.5598860391347399,0.30034468591883184,0.13976927494642838,,996407.0,
1988,45,3.133311825706155,2.7089410591862926,2.970073717687004,-1.2008407317612895,1589708.3058333334,11459,0.6374259483365537,0.24423657683827563,0.11833747482517061,,3412097.0,
1988,46,3.194314417476736,2.598199297634506,2.9470434904251035,-1.2517513581492392,343008.7891666666,12908,0.4928826563261158,0.33862833533410464,0.16848900833977956,,698160.0,
1988,47,3.1265063706569323,2.72419146270675,3.008760636278503,-1.2035859492928782,2210644.5333333337,9778,0.6284817396442639,0.23352480220636415,0.13799345814937197,,4822438.0,
1988,48,3.1962018262098932,2.6182946521664596,2.837897236513491,-1.204464895321541,7733181.979166667,38296,0.5541242277723155,0.30406570762509155,0.141810064602593,,16667040.0,
1988,49,3.2197233994544656,2.5880028666659407,2.820422224396976,-1.2172553662351386,721670.81,9501,0.5340295034558542,0.3272561849688516,0.1387143115752942,,1689372.0,
1988,50,3.2118881249432456,2.6165971918432125,2.881350208865888,-1.224906838013295,289759.9025,8349,0.5324411752915469,0.3214686382072143,0.14609018650123876,,549763.0,
1988,51,3.240608696154444,2.592672349468375,2.8260246425895814,-1.2199927292172645,2963819.734166667,13221,0.5345981001878811,0.33801878300958094,0.12738311680253792,,6036908.0,
1988,53,3.1987857830274304,2.6022817100669657,2.845909822348352,-1.2123520816392797,2153647.2775000003,9452,0.5368537820094862,0.31310586004606783,0.15004035794444606,,4639894.0,
1988,54,3.1280210532904573,2.684413997954733,3.010610976627231,-1.2164477765134583,665247.7283333334,7853,0.605861053009385,0.24408462750237556,0.15005431948823947,,1830213.0,
1988,55,3.169955986592683,2.674016603963087,2.9186043126409142,-1.208160754841064,2450367.6358333332,12552,0.5699590052156446,0.28269099389434277,0.14735000089001274,,4822391.0,
1988,56,3.198354506400214,2.5945188481713424,2.941053242004299,-1.2473918710001524,217117.69583333333,7062,0.5396463778616089,0.2908216427467796,0.16953197939161158,,465103.0,
1989,1,3.1365115932974974,2.704402550555257,3.0034454312867354,-1.2103852469119276,1796663.3566666667,9527,0.6088898117136858,0.25161222720248216,0.13949796108383195,,4030219.0,
1989,2,3.246700433565238,2.558797232353454,2.818475669516816,-1.231976209584364,221395.57083333333,12334,0.5094834805902915,0.3430448499467373,0.14747166946297124,,547160.0,
1989,4,3.217583152260783,2.577359960581483,2.825649140805599,-1.2215325954222565,1613885.4383333332,8653,0.5312102641037696,0.31328516069715895,0.1555045751990715,,3622184.0,
1989,5,3.1213589480464967,2.7012270815776454,3.023500208261405,-1.2157205390330885,1081450.9583333333,10299,0.620535368359925,0.24542146617045088,0.13404316546962414,,2346354.0,
1989,6,3.2337258229310972,2.5878022167521153,2.8029556542851832,-1.2155461619128434,13576472.088333333,50936,0.5256615813233683,0.3386597886007738,0.13567863007585795,,29218165.0,
1989,8,3.2348690416196564,2.583499780005357,2.7872249013421815,-1.2092669020567957,1577465.7166666668,8874,0.5231662412122772,0.3318086691605559,0.14502508962716693,,3275815.0,
1989,9,3.2678007249711825,2.6174409481792558,2.785743456257445,-1.2096563735830574,1712722.5908333333,8628,0.5343081046026344,0.3444719842675981,0.12121991112976743,,3283404.0,
1989,10,3.2199640417097157,2.6551077593314267,2.8370141300994107,-1.1981517463232911,350159.67166666663,8849,0.5615983156016382,0.3072863098835021,0.13111537451485972,,658274.0,
1989,11,3.3270723594034575,2.5161579110827477,2.58881533424243,-1.1856207983040596,309672.16916666663,7638,0.39701469284456065,0.4197987691033857,0.18318653805205362,,624168.0,
1989,12,3.20207644929202,2.589718746846482,2.8514912888483472,-1.2200092805939862,5880412.716666666,38276,0.5485075531989929,0.2954619872943268,0.15603045950668024,,12637718.0,
1989,13,3.1929252776928254,2.653914880485368,2.902368120385065,-1.2123857053554428,3087772.2424999997,9916,0.5774300888576047,0.28425211300967695,0.13831779813271827,,6411117.0,
1989,15,3.2033630146045446,2.5430781598166097,2.7925350425393645,-1.2171534687001482,506031.3016666667,8338,0.5086462262790589,0.312234367295681,0.17911940642526022,,1094588.0,
1989,16,3.1668464748989518,2.633021437194914,2.96179319885557,-1.2332659423899126,455745.11833333335,10450,0.5683776179173051,0.2901850982048511,0.14143728387784377,,994422.0,
1989,17,3.2073284076948547,2.6470194591670806,2.834331923657004,-1.1967135447322705,5582540.26,35232,0.5647457839714708,0.3008292615780292,0.1344249544505,,11409782.0,
1989,18,3.1306785883395514,2.7019032723835115,2.960259950008607,-1.199031478437817,2768028.485,10463,0.6079044844553537,0.2449061306080622,0.14718938493658407,,5523679.0,
1989,19,3.19335533677271,2.6495771298245145,2.929466841891255,-1.2276461805053154,1452134.2833333332,11307,0.5252688597068167,0.32269574405873974,0.1520353962344436,,2770590.0,
1989,20,3.2121371228346796,2.618353142893124,2.856105119405815,-1.2161231662197678,1228234.515,10920,0.5310403437726944,0.3241394933696213,0.14482016285768437,,2472838.0,
1989,21,3.152455985651042,2.6610290163290027,2.972753666575603,-1.2220842876038667,1633468.3841666665,8987,0.5872827646813389,0.265770457141331,0.14694677817733018,,3677318.0,
1989,22,3.1947197952171607,2.59363829709457,2.850061140572564,-1.2172832280907857,1750530.0225,7577,0.5432030936755884,0.2981249232764612,0.1586719830479504,,4252896.0,
1989,23,3.185368356990891,2.6406784267995485,2.91528029911821,-1.2205849401963305,592979.2825,9246,0.5680401485629986,0.28685125997946403,0.14510859145753732,,1219961.0,
1989,24,3.2779621342749325,2.5775032199069696,2.776365178984093,-1.2194541440779936,2462514.3525,9176,0.5044023919596327,0.35788727934246684,0.13771032869790054,,4727303.0,
1989,25,3.2681250153190677,2.5873313068026764,2.743343114977572,-1.2056088395441873,3045498.310833333,34689,0.5073215131986867,0.3630817836754658,0.12959670312584756,,6015478.0,
1989,26,3.176376363718417,2.665236398416664,2.8944797154592106,-1.2030964488866422,4339020.116666666,34071,0.5749026837895164,0.28305530949121643,0.14204200671926717,,9253298.0,
1989,27,3.2089106934761618,2.619739512468587,2.8293160432624362,-1.2073457365988303,2251629.9008333334,10028,0.53787501455199,0.32794374667611187,0.1341812387718981,,4338056.0,
1989,28,3.119232486157378,2.681972972983978,3.0021440700158717,-1.2126025416676367,1082639.0233333332,9970,0.6086984297447894,0.26165380909896335,0.1296477611562473,,2574272.0,
1989,29,3.1731634349606903,2.6499098820141316,2.8923982276142044,-1.2041794207106709,2472659.643333333,9417,0.5648309664101494,0.28976289973508634,0.14540613385476428,,5095844.0,
1989,30,3.197283225568403,2.5831723919417793,2.8964164622047064,-1.23681136619032,377324.8016666667,11086,0.49223707993863774,0.33655280878672106,0.17121011127464117,,799634.0,
1989,31,3.192962562917328,2.6245156840459125,2.886064974976607,-1.2203726811142181,786220.2416666667,11051,0.5389984831946818,0.3172247659762818,0.14377675082903643,,1574858.0,
1989,32,3.153534270329663,2.582585330863047,2.8735812144343176,-1.2168598483661304,573245.79,9219,0.5104857755499278,0.2522693999677616,0.23724482448231057,,1137382.0,
1989,33,3.232024004103575,2.635521722800746,2.8666679948600016,-1.2201751983481748,608613.3025,8407,0.5716615370602608,0.31753075169096207,0.11080771124877718,,1104523.0,
1989,34,3.257299467826471,2.607020657335607,2.783084648545081,-1.2073279410366142,3852914.3491666666,34649,0.5323292510601059,0.3430072107137511,0.124663538226143,,7726086.0,
1989,35,3.1834592676970694,2.59820616448746,2.8857989278280622,-1.2248321136049058,648695.7183333334,9393,0.532062254462292,0.30535446373605374,0.16258328180165427,,1503901.0,
1989,36,3.242540760827102,2.593867093253325,2.777955649563658,-1.206172599009552,8261728.419166666,46172,0.5152898658177307,0.3357082277388395,0.14900190644342973,,17983084.0,
1989,37,3.148860155929373,2.6963121888665937,2.9742985547027434,-1.210732905719703,3314327.69,37302,0.6100483329964074,0.2648371115644594,0.12511455543913325,,6565462.0,
1989,38,3.2280866435778566,2.556794644815922,2.87691786950283,-1.2518416049428562,312729.41,11702,0.47434486306090773,0.3625648173616996,0.16309031957739262,,646351.0,
1989,39,3.1808204943141614,2.6807006812211274,2.9014898262385884,-1.2009776275095232,5149021.973333334,36931,0.5757005423283807,0.2860467943456441,0.13825266332597505,,10829216.0,
1989,40,3.1934228518143875,2.616674397112725,2.8660180535543893,-1.2128160378409025,1447596.4658333333,9488,0.5471577667957387,0.2995544682464894,0.15328776495777197,,3150304.0,
1989,41,3.1915440097176693,2.628011568056136,2.890823393165715,-1.2184259053481747,1361996.8533333333,8776,0.5615020196547805,0.3060627396088575,0.132435240736362,,2790579.0,
1989,42,3.1793494020615083,2.678863115725146,2.9050089462108724,-1.2012909098228917,5624684.3825,35100,0.5766622065198077,0.28124719722681785,0.14209059625337447,,11865992.0,
1989,44,3.1888805405281473,2.672503233975087,2.8550127692353087,-1.1895554661376675,507081.8741666667,8178,0.5750683524144264,0.28879708549624244,0.13613456208933117,,1000666.0,
1989,45,3.146766907534641,2.696995133863503,2.9786740747485667,-1.2108536966107588,1650905.6891666667,11900,0.6134105017109346,0.25696026070532435,0.1296292375837411,,3456777.0,
1989,46,3.201378293469407,2.5970000192014644,2.9300674144618104,-1.2483083033667857,348745.00916666666,12904,0.4927460889690342,0.3463366226078665,0.16091728842309935,,696698.0,
1989,47,3.130128301337999,2.7289094643633174,2.999495977946306,-1.2013480903511742,2272306.749166667,9922,0.6245113073805184,0.2437000306229391,0.13178866199654252,,4854432.0,
1989,48,3.200549994740175,2.618099363944299,2.840275950124503,-1.206492924457941,7713679.168333333,39166,0.5533834216865022,0.30451203604176824,0.14210454227172953,,16806729.0,
1989,49,3.2141446610449598,2.5978619196548154,2.8129308951340435,-1.2095853515592399,750489.4925,9637,0.5351981017203638,0.32744922971587426,0.13735266856376196,,1705865.0,
1989,50,3.216600097365751,2.6200484188251103,2.878910485518938,-1.2262838597269814,293887.67083333334,8196,0.5477477525233436,0.32350365153940586,0.12874859593725052,,557708.0,
1989,51,3.2454290230523966,2.59621710100209,2.8238846487720424,-1.2211963586167933,3021919.0075000003,13286,0.5300758724041766,0.34010539112529464,0.12981873647052874,,6120246.0,
1989,53,3.202878709833777,2.6072055199318114,2.8336403564680235,-1.209179018405983,2263366.053333333,10036,0.540655130119117,0.31561040293155546,0.14373446694932748,,4746315.0,
1989,54,3.1220709762260412,2.710499372307455,3.0458091370920752,-1.2169717180893482,704208.6141666666,8372,0.6238526012041123,0.22468127842313482,0.1514661203727528,,1806570.0,
1989,55,3.1834902798416125,2.679114812049104,2.913644950788662,-1.208319822542481,2510334.86,12768,0.5574312650551559,0.2942838287852932,0.1482849061595509,,4856568.0,
1989,56,3.1871334434877787,2.593952471183649,2.9450947997251844,-1.2441957733343123,211711.5425,7256,0.5331186830819669,0.3017090566435311,0.16517226027450196,,458373.0,
1990,1,3.1310032772728857,2.7108751994880813,3.011087768238818,-1.2096863173624348,1756236.8516666666,9476,0.6077118415163466,0.24465921877541533,0.14762893970823807,,4050055.0,
1990,2,3.2459849365350286,2.5524522797436338,2.8180515752025443,-1.2333883942591575,250196.18583333332,12259,0.5174442867435763,0.33642228435803534,0.14613342889838835,,553290.0,
1990,4,3.2129303532136446,2.575315844287202,2.8336788086793265,-1.2240127322328531,1704219.6624999999,8603,0.5335485150435629,0.30670698301549987,0.15974450194093723,,3684097.0,
1990,5,3.1290877917789857,2.696445201518203,3.005614038132362,-1.2154180497051676,1051297.09,10339,0.6005306581515101,0.2574250988810228,0.14204424296746707,,2356586.0,
1990,6,3.2117289432144687,2.6018683198445824,2.8342281454342633,-1.2138628658746733,14293565.314166667,67459,0.5348289230645371,0.3210762560609806,0.14409482087448222,,29959515.0,
1990,8,3.2481621452031177,2.5696687566023986,2.7600463142887683,-1.2111347844757876,1672941.9833333334,9637,0.512616018706158,0.35887269211659073,0.1285112891772513,,3307618.0,
1990,9,3.27111931965479,2.6110952376408583,2.7532289930767555,-1.202460227613815,1738314.6608333334,8874,0.517124796007916,0.36100636216420473,0.12186884182787928,,3291967.0,
1990,10,3.205888538608938,2.657568656599884,2.8699306082290463,-1.2030314631559047,340148.60666666663,8304,0.5545947386479048,0.2997261148140365,0.14567914653805883,,669567.0,
1990,11,3.321492602866575,2.495652221293818,2.586912341922622,-1.192825069275758,307429.9633333333,7442,0.38709921336521985,0.42037575245609743,0.1925250341786827,,605321.0,
1990,12,3.193562356109876,2.588099822518955,2.8354636789704473,-1.2134750723532632,6079294.008333333,38215,0.5522704752010233,0.2833030477436688,0.16442647705530777,,13033307.0,
1990,13,3.1982776326605435,2.6395167355881726,2.8615781910552873,-1.2047104966067852,3112279.8808333334,9202,0.5650734699011205,0.29838976694522373,0.13653676315365573,,6512602.0,
1990,15,3.187711172653954,2.5520743074733345,2.801555305884541,-1.21192400726746,535423.3125,8451,0.5167953197682394,0.30484826485735556,0.17835641537440505,,1113491.0,
1990,16,3.1711484505063985,2.6365051624768197,2.958281456279092,-1.2304979659424942,462182.65499999997,10782,0.5748693256468235,0.2854143238890034,0.1397163504641731,,1012384.0,
1990,17,3.2107915712177615,2.6414530550466497,2.826633760666425,-1.19754731395562,5543081.67,35486,0.5530216553357602,0.30646083643700966,0.14051750822723014,,11453316.0,
1990,18,3.1454606155489806,2.6955610541426953,2.962438996780677,-1.2068760535257321,2654223.3641666663,9941,0.6086045378185322,0.2430769051560573,0.1483185570254106,,5557798.0,
1990,19,3.21248320211034,2.6365529376652916,2.917797113369373,-1.2339622836212458,1385600.8966666667,11402,0.5154547376762969,0.33574224127855706,0.14880302104514606,,2781018.0,
1990,20,3.217509260443904,2.599539222876887,2.843349894897092,-1.2213948135986017,1221122.2375,11264,0.5245403306732128,0.33388212320867866,0.14157754611810847,,2481349.0,
1990,21,3.164336848437058,2.6587025926924865,2.9631576977366585,-1.2228541861401594,1660081.8983333334,9009,0.5743849007876093,0.26666618616231474,0.15894891305007594,,3694048.0,
1990,22,3.195793159044013,2.625748774978081,2.893956902493107,-1.2211778377526497,1718376.8683333332,7759,0.5601952150370637,0.29300917353424233,0.14679561142869396,,4221532.0,
1990,23,3.1847804434096605,2.629005310336474,2.926790581099958,-1.227937551928494,603609.445,9017,0.5553200887625739,0.2940762493600662,0.15060366187735993,,1231719.0,
1990,24,3.27949885948234,2.5842702024429296,2.7753007257519484,-1.2169909742995622,2484443.9316666666,9099,0.5041041309898793,0.35903094607769215,0.13686492293242858,,4799770.0,
1990,25,3.2708054548405685,2.5825895022957424,2.740879058538411,-1.2073166851912902,3034376.438333333,33810,0.502417670151759,0.3635157699404748,0.13406655990776617,,6022639.0,
1990,26,3.1693519270045623,2.6664454471708847,2.8891554710749427,-1.1994642201095245,4246490.2491666665,34665,0.5653193332967922,0.2843383647545168,0.15034230194869105,,9311319.0,
1990,27,3.2215686905579837,2.6156287085336807,2.818295073486517,-1.2081372091307718,2273261.025,10140,0.5253700085692747,0.33403863105845755,0.1405913603722677,,4389857.0,
1990,28,3.1250113279071154,2.7004512654673962,3.008433911687591,-1.2097880853622829,1096936.71,10474,0.6141245283242072,0.25965874480657414,0.12621672686921873,,2578897.0,
1990,29,3.174713199092936,2.6499919857067478,2.8994696647092133,-1.2078147499488858,2445011.6283333334,9343,0.5749435038590892,0.2831881018582389,0.14186839428267187,,5128880.0,
1990,30,3.2035261876206165,2.564548045453217,2.8851558993581694,-1.2425079648487827,377620.43583333335,11107,0.4872401863003239,0.34263672557184316,0.17012308812783297,,800204.0,
1990,31,3.203673550526918,2.623634039908973,2.9111658367313127,-1.233078781610628,795995.7941666666,11721,0.5246828362341284,0.332459942611083,0.1428572211547887,,1581660.0,
1990,32,3.15817338734457,2.5780932725824615,2.841299151536285,-1.2082497501091054,631940.6925,9892,0.5036876349425158,0.26127148235296965,0.23504088270451454,,1220695.0,
1990,33,3.234339768704244,2.613670752349963,2.833494050165207,-1.2181444751823143,592538.62,7995,0.5555657943610379,0.3295102769948111,0.11492392864415102,,1112384.0,
1990,34,3.2548624882204162,2.604644392337876,2.7893300426840573,-1.2091571254487703,3862982.065,35488,0.5290544324646712,0.34418964173334987,0.12675592580197884,,7762963.0,
1990,35,3.1863446086614906,2.6051319537398796,2.891478372552004,-1.225106088424456,659095.7325,9245,0.534634739698697,0.30494938623819895,0.16041587406310406,,1521574.0,
1990,36,3.2389444469789654,2.591187851502107,2.777650879096439,-1.2061735648671497,8374189.005833334,57762,0.5118390080403173,0.3335076065558042,0.1546533854038785,,18020784.0,
1990,37,3.146323019825618,2.696762178466535,2.9828082910322973,-1.2123394375500132,3318102.7908333335,36732,0.6113794572670044,0.2585584887472715,0.13006205398572404,,6664016.0,
1990,38,3.2233034282435633,2.5576238189192484,2.878031782667216,-1.2509972457758174,306367.37416666665,11610,0.4674078623366407,0.36048944844311537,0.17210268922024397,,637685.0,
1990,39,3.181729006671586,2.6755476766796797,2.8995805732885813,-1.2022449755770641,5105946.384166666,37312,0.5758643370677264,0.28841097160611806,0.13572469132615547,,10864162.0,
1990,40,3.2016175630195858,2.619749699832686,2.874895054987842,-1.2180050240533684,1425381.345,9765,0.5323492819384209,0.3106982477478974,0.15695247031368173,,3148825.0,
1990,41,3.197165531043203,2.6221207888517006,2.880424884189143,-1.2197067585390091,1409027.8758333335,9060,0.5520585194834854,0.306308203371772,0.14163327714474264,,2860375.0,
1990,42,3.1880845385973924,2.672249765456946,2.8955334532553128,-1.2025867905711463,5485092.171666667,35538,0.5699420240038969,0.29426773530039135,0.13579024069571166,,11903299.0,
1990,44,3.2176285680017,2.650317402785206,2.806338974209407,-1.192276072742108,482345.6533333333,7884,0.5479260257929344,0.31400230853181527,0.13807166567525034,,1005995.0,
1990,45,3.14645395511257,2.714254874885769,2.9760838713749673,-1.2045529523707466,1656556.3,12014,0.6120136912106485,0.2536127833788943,0.13437352541045716,,3501155.0,
1990,46,3.201076279380608,2.60857301820224,2.93301748081717,-1.2448277101527658,333464.6541666667,12782,0.506902681009184,0.33443354986615415,0.1586637691246618,,697101.0,
1990,47,3.133491420731793,2.7174443472935295,2.974104673658678,-1.1969140698088883,2261486.6841666666,10002,0.6129303213470593,0.25864992484055466,0.1284197538123861,,4894492.0,
1990,48,3.1958021736145743,2.621923996871368,2.860456273017695,-1.2112114387328823,8065678.079999999,38925,0.5474317428225025,0.30226968007222704,0.1502985771052705,,17056755.0,
1990,49,3.200576914871219,2.6161067742934816,2.8481838542907414,-1.21174158169482,783225.7183333334,9926,0.5573553091136764,0.2983002870453045,0.1443444038410191,,1731223.0,
1990,50,3.2174481755283555,2.597872844419408,2.855844377446853,-1.2257468577511095,289766.4316666667,7855,0.541036280178812,0.3296493943915641,0.1293143254296239,,564798.0,
1990,51,3.242590177664319,2.6120176075717443,2.8456412700373153,-1.2239694675165709,3091584.534166666,13345,0.5359734556636416,0.33603546440544596,0.12799107993091247,,6216884.0,
1990,53,3.2039681288304513,2.6042991771104114,2.815708116310313,-1.2045911361777033,2408399.8441666667,10539,0.5409474628043819,0.3156323978720612,0.14342013932355685,,4903043.0,
1990,54,3.1402669478006597,2.7025385063918304,3.0258785464229874,-1.2191103794379885,700111.9824999999,8494,0.6042112563923808,0.23447115720424017,0.16131758640337904,,1792548.0,
1990,55,3.1849934134286797,2.6761290180562205,2.9018528822122662,-1.2052446340210339,2470229.1958333333,13007,0.5572531588469415,0.29579229793056844,0.14695454322249013,,4904562.0,
1990,56,3.2026936938453137,2.5936565129553264,2.952735236758878,-1.252825052345375,223618.4825,7647,0.5363188650591179,0.3074214191363563,0.15625971580452586,,453690.0,
1991,1,3.1194455662169145,2.7076732733256157,3.0132592383256047,-1.2075459639201849,1767627.9416666667,9909,0.6161033584044335,0.24255263767522098,0.14134400392034543,,4099156.0,
1991,2,3.2499886275930385,2.5458812210378636,2.7876302465576823,-1.2279078752905368,251377.13833333334,11573,0.49438610211589196,0.3484478188834263,0.15716607900068175,,570193.0,
1991,4,3.2196400643049743,2.576112895024272,2.8064085469722024,-1.2158145255011712,1664329.6408333334,7978,0.5309737290081695,0.32188660798341134,0.14713966300841907,,3788576.0,
1991,5,3.1291693762080635,2.7036044321809505,3.0175139577679544,-1.2146097731590784,1033712.1508333334,10328,0.611208422459559,0.25389747676296653,0.1348941007774744,,2383144.0,
1991,6,3.216503348137513,2.595069463017081,2.8249858832860686,-1.214360226782458,13999822.353333334,65527,0.5290697634316356,0.3234441339830963,0.1474861025852681,,30470736.0,
1991,8,3.2627942033479544,2.554446353804185,2.7604577892399083,-1.2215069076888956,1684176.6466666667,9604,0.4968738245415723,0.3642049121417652,0.13892126331666244,,3387119.0,
1991,9,3.263692230495573,2.6071570800587085,2.738418468234894,-1.1960901516361806,1719990.7750000001,8529,0.5099617918266494,0.3529212045569688,0.13711700361638182,,3302895.0,
1991,10,3.2161719443285293,2.6349691922850966,2.833277595833565,-1.2018499140078425,336896.74166666664,7518,0.5310087893634163,0.32687135050371724,0.14211986013286645,,683080.0,
1991,11,3.317127622242903,2.4710779711546245,2.5335028936639508,-1.1814965269302742,288839.76416666666,6812,0.36805216829911264,0.43040628792670854,0.20154154377417877,,600870.0,
1991,12,3.193312230909205,2.583971145047923,2.838841504389839,-1.216530200633745,6016330.798333333,35530,0.5471112678975554,0.28367242668858034,0.16921630541386426,,13369798.0,
1991,13,3.182996567493267,2.643919338261305,2.8672620172850625,-1.2005605285519596,3108322.1208333336,8971,0.5684673483269823,0.29340567161265724,0.13812698006036037,,6653005.0,
1991,15,3.2258225162856373,2.5528144001557487,2.8083844670816807,-1.2252145420064886,556853.6558333334,8498,0.500638045630398,0.32563813266502506,0.1737238217045769,,1136754.0,
1991,16,3.1757614247861454,2.6278592636785407,2.9449760586009237,-1.2310907016624655,477468.04916666663,10352,0.5731247283415289,0.2788779812447793,0.14799729041369167,,1041316.0,
1991,17,3.2221605291335966,2.6317620461638818,2.8105235839163014,-1.1993713318732044,5486559.185,34600,0.5417437681821099,0.3208295990398535,0.13742663277803668,,11568964.0,
1991,18,3.1528179278331128,2.7073813566385674,2.959439764382092,-1.2043945731651997,2607143.7691666665,9425,0.5875763078757706,0.2610642852647323,0.15135940685949711,,5616388.0,
1991,19,3.2059536118232916,2.6343204464638834,2.9049248353985777,-1.2270584601305847,1402266.6025,11834,0.5161148596985482,0.3254610415759213,0.1584240987255306,,2797613.0,
1991,20,3.2166833160671615,2.6117979744513034,2.860839276393987,-1.2220320315942195,1211190.5466666666,11047,0.5199249504706401,0.33108534401580775,0.14898970551355217,,2498722.0,
1991,21,3.1572293733875245,2.665773622517725,2.9816801566330984,-1.2240594153877398,1628332.8975,9157,0.5720039847099568,0.26133149979897713,0.16666451549106595,,3722328.0,
1991,22,3.211724526459618,2.6194311771888326,2.882797856510384,-1.2241459434672681,1773888.7708333333,7997,0.5322877238445806,0.3079412572790688,0.15977101887635073,,4253279.0,
1991,23,3.1791815434694715,2.6117407490641713,2.894251903448911,-1.22143810320998,594514.585,8428,0.5346967786173864,0.3056634857889041,0.1596397355937095,,1237081.0,
1991,24,3.2841868404091485,2.5614045002895685,2.756892479133151,-1.2207550336643447,2462687.3516666666,9046,0.49030531022925256,0.3662915268916432,0.1434031628791043,,4867641.0,
1991,25,3.276816710688399,2.575682478582936,2.7216091709966306,-1.20499901483234,2882010.1941666664,32389,0.4812751654060146,0.37538028259607653,0.14334455199790883,,6018470.0,
1991,26,3.1858246811787674,2.6625117971730785,2.872231256055942,-1.1995634501280412,4146039.4341666666,33690,0.5616580693260198,0.28868162448609974,0.14966030618788045,,9400446.0,
1991,27,3.2188363934442203,2.6028025886074313,2.812743971472463,-1.2098651368631261,2283584.1275,9971,0.5215441020558259,0.3323248716063304,0.14613102633784378,,4440859.0,
1991,28,3.1299503674231777,2.7115702890705884,3.0107615567439656,-1.2084929198234986,1088372.9316666666,10303,0.6167671342816874,0.2594297333090232,0.1238031324092894,,2598733.0,
1991,29,3.176092471530938,2.634314657850033,2.8745506118186497,-1.206019631709346,2484516.0141666667,9442,0.5584305477873419,0.2920675084859845,0.14950194372667358,,5170800.0,
1991,30,3.213502217000382,2.551651028916493,2.872288104071847,-1.2462190982673258,378750.25499999995,11037,0.47819681473559683,0.34865796749598527,0.17314521776841788,,809680.0,
1991,31,3.2167585229712454,2.6031626839179505,2.881991130940331,-1.2334864773313707,813605.4641666667,12086,0.5103065494084831,0.34108658136791087,0.14860686922360605,,1595919.0,
1991,32,3.160545190889792,2.545998716823138,2.8200189365895434,-1.2134171270247163,653296.4191666667,9894,0.4868731561571766,0.26811069437259016,0.24501614947023329,,1296171.0,
1991,33,3.224006553329503,2.604380834067257,2.806644905242845,-1.2090604301929646,575326.2716666666,7275,0.5386259699086524,0.3358650031473756,0.12550902694397195,,1109929.0,
1991,34,3.2599356352270696,2.6015832364041698,2.7742626695243646,-1.2067941516971488,3775183.5991666666,35793,0.52355797070687,0.3436756115854361,0.13276641770769385,,7814676.0,
1991,35,3.2027783075390563,2.5738864007000077,2.866640098931649,-1.2335031476067042,673583.2075,8826,0.5129735141079097,0.3146769578055734,0.1723495280865169,,1555305.0,
1991,36,3.2459836801207795,2.5874246178650853,2.7697444997638514,-1.2064324218717295,8093766.547499999,55055,0.5068107007357202,0.3407691817821666,0.15242011748211315,,18122510.0,
1991,37,3.146705048475465,2.695759118140091,2.9691912119554247,-1.208447822502362,3311249.065,35480,0.5979851948178275,0.26355163905280554,0.138463166129367,,6784280.0,
1991,38,3.2239122380316068,2.5677878564811425,2.8730872731118797,-1.2467953624731476,299834.55333333334,11448,0.4745424273122259,0.36386838952383443,0.16158918316393958,,635753.0,
1991,39,3.1876550264066683,2.670654027698834,2.8775263298087403,-1.1981172355672014,5090803.201666667,36584,0.5604665907955065,0.2985230511643611,0.14101035804013232,,10945762.0,
1991,40,3.2153012498786295,2.6076515009769357,2.8624874130235423,-1.2215929994094088,1399409.705,9369,0.5179217889217268,0.3347391795890571,0.14733903148921618,,3175440.0,
1991,41,3.2192694335354752,2.590132987864162,2.8576375020784544,-1.2282638736912583,1418157.4124999999,9083,0.5241774872540031,0.32735677749946207,0.14846573524653475,,2928507.0,
1991,42,3.195339667417583,2.6504284570720014,2.8667561973335314,-1.2030710602154173,5426125.385000001,35297,0.5534031416119519,0.3014028293702795,0.14519402901776857,,11982164.0,
1991,44,3.223390852236504,2.641684268914715,2.7962911038035756,-1.1943372273145711,469800.4766666666,7195,0.5272256078000352,0.31899297509478935,0.15378141710517537,,1010649.0,
1991,45,3.1504000960242524,2.7027338429129553,2.949240021436984,-1.199412812431534,1657737.4741666669,11216,0.6025320844840567,0.26456433694451537,0.1329035785714279,,3570404.0,
1991,46,3.2037134649078727,2.607746766656657,2.922235748535083,-1.243098442439116,338124.0366666667,12465,0.5056413893848984,0.3379180466630467,0.15644056395205483,,703669.0,
1991,47,3.136327720219914,2.706905037507512,2.9749352434099166,-1.201256814938884,2258450.464166667,10008,0.6061814257268301,0.2621094505095845,0.13170912376358537,,4966587.0,
1991,48,3.198175932987573,2.6150541919224293,2.8474289496829184,-1.209705632339421,8163163.033333332,37539,0.5394328994919989,0.30628219239331045,0.15428490811469062,,17398005.0,
1991,49,3.2177069100791864,2.5942803462394752,2.827693615390453,-1.2167863459954391,802800.0441666666,9978,0.5428348909281425,0.31935369323180013,0.13781141584005732,,1779780.0,
1991,50,3.224290872436388,2.5747362412061876,2.8195805820258255,-1.224062431914946,284731.855,7465,0.514992636376108,0.3517274128193255,0.1332799508045665,,568606.0,
1991,51,3.2341394647110207,2.599262259598866,2.8496296118634876,-1.2261531050055454,3144557.4158333335,12773,0.5267284659737052,0.33271067743620747,0.14056085659008735,,6301217.0,
1991,53,3.214251815168934,2.5926862186760826,2.817396618252428,-1.2120411765123127,2371442.37,9633,0.5246132283738234,0.3284200889135905,0.1469666827125861,,5025624.0,
1991,54,3.147437913488113,2.707189495443279,3.002539960802272,-1.213780634971408,699449.0425,8340,0.5984062463277747,0.2458362732678834,0.15575748040434192,,1798735.0,
1991,55,3.1834458417732794,2.6796201856333117,2.9133644193318347,-1.206908694677452,2449407.8591666664,12875,0.5612720089486283,0.2948275360441189,0.14390045500725288,,4964343.0,
1991,56,3.2187300416641356,2.589569889885738,2.922941319325203,-1.2498249288008856,222077.25333333333,7449,0.5184882967815573,0.32801598835110507,0.15349571486733768,,459260.0,
1992,1,3.122598238132447,2.7205438005094535,3.003862655006516,-1.2019169637601559,1812252.9866666666,10118,0.6027400159692858,0.24874315244617617,0.148516831584538,,4154014.0,
1992,2,3.24321269618088,2.5620373640291834,2.7769612095631455,-1.216599918005059,261963.85166666668,11095,0.5068154244415265,0.3379736402102782,0.15521093534819522,,588736.0,
1992,4,3.2259094795768575,2.5739115003198427,2.7756820421324857,-1.208546441528725,1678110.7883333333,7636,0.5267663724076525,0.3271694320255914,0.1460641955667561,,3915740.0,
1992,5,3.1422722422416336,2.7055473375798065,2.9914649523131955,-1.2105105453287748,1069817.02,10243,0.6112850438223753,0.25727897677791706,0.13143597939970764,,2415984.0,
1992,6,3.211512630932168,2.6063445209584617,2.8153050839186498,-1.2061376896912799,13965197.255833333,61000,0.5320050449934343,0.3244883680256933,0.1435065869808725,,30974659.0,
1992,8,3.246794915029794,2.5754265269838714,2.773049904650799,-1.212714605514203,1711259.24,9680,0.5029521360661627,0.3529555700348166,0.1440922938990206,,3495939.0,
1992,9,3.2472622512394707,2.6108068840245378,2.7411748126292435,-1.190490502097323,1681158.1316666666,8295,0.5065632630572724,0.35332747759504407,0.1401092593476836,,3300712.0,
1992,10,3.240325576146828,2.5993716064783463,2.7700579036948896,-1.1993965418512393,346188.70416666666,7221,0.5149230201812468,0.3513812562296283,0.13369572358912504,,694925.0,
1992,11,3.3351490544697335,2.458930840655862,2.5008637393873294,-1.1806319999675707,283844.31916666665,6490,0.3545368297879399,0.4619038369386264,0.18355933327343363,,597565.0,
1992,12,3.186799189646798,2.5909042991126423,2.84159314938651,-1.2131115271881412,6036512.183333334,33702,0.5304819832007956,0.29560740081747716,0.17391061598172716,,13650553.0,
1992,13,3.1756971109263588,2.6477790842264133,2.892295827239739,-1.206487366983962,3114080.19,9041,0.5535566477172794,0.3013483358903242,0.14509501639239636,,6817203.0,
1992,15,3.200629869943054,2.569175878608726,2.803823649466722,-1.2109688021323748,557054.1641666667,8208,0.49637264212120197,0.31634287198590233,0.18728448589289573,,1158613.0,
1992,16,3.172694442634217,2.6503465204405185,2.957937837543301,-1.2269321052397197,498287.11083333334,10120,0.5673291009860684,0.2912238714678918,0.14144702754603988,,1071685.0,
1992,17,3.2137773489492183,2.635830777895308,2.810078246309503,-1.1952104156449501,5554118.100833333,34023,0.5454915629256432,0.3161688638181788,0.13833957325617802,,11694184.0,
1992,18,3.138782498185846,2.725163450419909,2.9677214347934284,-1.1965401638581523,2652645.3608333333,9343,0.5955196904930936,0.2549585164376852,0.14952179306922117,,5674547.0,
1992,19,3.1864929480869333,2.6339152568316475,2.909389649501307,-1.2235953846031427,1439893.6075,12058,0.5201104440468138,0.3210929778961431,0.15879657805704303,,2818401.0,
1992,20,3.2201796988368234,2.6253769523508743,2.852135579278435,-1.216571690680848,1256608.5766666667,11185,0.5182289938444252,0.3368077598373909,0.14496324631818389,,2532394.0,
1992,21,3.1619426170320746,2.664760187271415,2.9555516647238123,-1.2172764602516328,1647151.8408333333,9463,0.5674614040145265,0.2803159491178328,0.15222264686764064,,3765469.0,
1992,22,3.2066729928637936,2.6120476168357185,2.891618509298517,-1.2291652327441638,1769265.1066666667,7690,0.5258782296072423,0.31361514136159024,0.16050662903116747,,4293003.0,
1992,23,3.171522406944153,2.6542875516514166,2.926767259969751,-1.2143388533026036,603176.5825,8502,0.5496888347788168,0.30015591244908835,0.15015525277209485,,1238508.0,
1992,24,3.2674372666943543,2.5612646832358763,2.751303987310267,-1.2141639492256007,2497247.268333333,8940,0.486950152664674,0.36468068038868995,0.14836916694663607,,4923368.0,
1992,25,3.2701947135375455,2.578598026036076,2.7135434187342846,-1.1999547993869835,2875872.1216666666,32057,0.4806846490174115,0.37815077192035806,0.14116457906223048,,6028709.0,
1992,26,3.1884118703408624,2.658110086441924,2.863231288059547,-1.1988086459817675,4251782.6025,34057,0.5522013827255733,0.2987267891534901,0.14907182812093658,,9479065.0,
1992,27,3.1979465238592266,2.61789335032611,2.829647651029935,-1.2043879563810977,2293369.0866666664,10133,0.530590896251726,0.3207313768128928,0.14867772693538114,,4495572.0,
1992,28,3.1337420839346373,2.7022524214078607,3.0106494983595926,-1.21456877694301,1093177.8458333334,10406,0.6080985876346628,0.26163110895348807,0.13027030341184906,,2623734.0,
1992,29,3.1735976266071546,2.653605768342926,2.890482205623534,-1.2044455519342636,2506467.888333333,9623,0.5587843612475617,0.2859931698330444,0.15522246891939387,,5217101.0,
1992,30,3.209349996837497,2.5692814840973823,2.87895403512756,-1.2410841839214752,392702.215,11001,0.48548660173012487,0.34398258435695067,0.1705308139129245,,825770.0,
1992,31,3.1937950639480746,2.6179059274765444,2.888029457499638,-1.2237691269785742,814262.0616666666,12390,0.5359087856941461,0.3172761935239385,0.14681502078191544,,1611687.0,
1992,32,3.13205554001518,2.552893400865729,2.817739278717237,-1.202074520284265,665307.3216666667,9177,0.4985907705717283,0.2568081277082308,0.24460110172004088,,1351367.0,
1992,33,3.2281238065164057,2.6001543529087927,2.788366165516454,-1.2055645354135234,563962.4033333333,7039,0.5278318218414771,0.3457404930852311,0.12642768507329175,,1117784.0,
1992,34,3.2607324639159945,2.597527580094623,2.7559109265364126,-1.2026201086877661,3689605.4274999998,35163,0.512082335480247,0.35311432512423396,0.13480333939551914,,7880508.0,
1992,35,3.200513194580385,2.575930158745025,2.8489654357921075,-1.2255545505359964,691142.5025000001,8511,0.5159792791540294,0.3326176476701566,0.15140307317581395,,1595442.0,
1992,36,3.246261060390939,2.5821538688253582,2.7586835342503817,-1.2055006334029976,7916933.929166667,52880,0.48597142136480537,0.35493785204047607,0.1590907265947186,,18246653.0,
1992,37,3.138977846360408,2.698970842501622,2.9518575423644093,-1.1991766984948125,3336146.5141666667,35078,0.5954745079628834,0.2711374474503681,0.1333880445867485,,6897214.0,
1992,38,3.2106474322646243,2.5740544129654923,2.8805506294627286,-1.2429576574296803,298192.6983333333,11133,0.4713894014118667,0.36372575685754577,0.16488484173058757,,638223.0,
1992,39,3.193945094642052,2.6691997310804396,2.8760629401571314,-1.1998336704264025,5091755.243333333,36821,0.5516407500102903,0.30767571586860815,0.14068353412110143,,11029431.0,
1992,40,3.1966709362933443,2.6253101685253277,2.886639867715429,-1.2189980093615291,1434317.0116666667,9674,0.5319429748255008,0.3192663613837914,0.14879066379070788,,3220517.0,
1992,41,3.2184582426009616,2.5872621712143062,2.8311474404953896,-1.2197070624985669,1434400.6175,8850,0.5195809131050981,0.3306542518169024,0.14976483507799956,,2991755.0,
1992,42,3.181867632587631,2.656638222624895,2.8654136750162027,-1.1970576054411142,5439599.295,35707,0.5578093377084102,0.2977221440376826,0.14446851825390702,,12049450.0,
1992,44,3.217011161264016,2.6464488996774334,2.8051623419337077,-1.1927284513641863,476180.76499999996,7328,0.5264080586941151,0.3262939704673747,0.14729797083851026,,1012581.0,
1992,45,3.144274770569322,2.7033311958297532,2.9517899132493404,-1.1983217461032933,1677217.1308333334,10769,0.5981742578023067,0.2730344017875916,0.12879134041010173,,3620464.0,
1992,46,3.1992177641488744,2.6162171606781564,2.921083041654944,-1.2386561704299692,341149.54,12483,0.5001632039508724,0.3404421495484089,0.15939464650071866,,712801.0,
1992,47,3.137853036781823,2.6918712954342396,2.945472371822223,-1.197542726099314,2302846.4966666666,10439,0.5928911476629087,0.27133202326275707,0.13577682907433414,,5049742.0,
1992,48,3.1957748877157073,2.622455102830428,2.8463398615314666,-1.2060769672593423,8316133.7491666665,36622,0.5386496909298809,0.3077331269272988,0.1536171821428203,,17759738.0,
1992,49,3.2201538302061548,2.612900973019286,2.830640611675453,-1.2120318548095257,821635.7925,9589,0.5524645963739657,0.31488406539629876,0.13265133822973552,,1836799.0,
1992,50,3.220260971057812,2.581410767713402,2.814255402899544,-1.2178016136817365,290309.89916666667,7222,0.4904345581453105,0.3576625320527355,0.151902909801954,,572751.0,
1992,51,3.2390958197830453,2.5960251922903352,2.8097474552856165,-1.2151256601702896,3175049.404166667,12134,0.5180200136539429,0.3470937109723215,0.13488627537373565,,6414307.0,
1992,53,3.2385926836179793,2.575326070663234,2.77676351825312,-1.2121290551825519,2448026.2816666667,9088,0.5105480264941173,0.3565739365502015,0.13287803695568115,,5160757.0,
1992,54,3.139887276504256,2.6999130347759444,2.9779694402119135,-1.20551509395211,685779.1433333333,7929,0.5838886740667134,0.2619636005345556,0.15414772539873103,,1806451.0,
1992,55,3.1701583730250253,2.6790590148017746,2.9336154769267773,-1.210311440461295,2538401.404166667,13080,0.5589707694774889,0.28925732961697653,0.15177190090553452,,5025398.0,
1992,56,3.200786713954978,2.589670519796349,2.916216937942941,-1.243597418473049,225480.34166666667,7825,0.5207138455434416,0.3193795099527928,0.15990664450376568,,466251.0,
1993,1,3.1317999977074074,2.71226560272448,2.9862429392352965,-1.2011110220216417,1847341.845,9904,0.6146692545753795,0.25227207946112823,0.13305866596349233,,4214202.0,
1993,2,3.2359911261148073,2.5701243941169936,2.7987309177773514,-1.2187373554681915,273823.10833333334,11266,0.5107301878304683,0.3391669073931743,0.15010290477635738,,599432.0,
1993,4,3.23053576675404,2.567254739483835,2.784502386484093,-1.2144299977173045,1714613.5475,7597,0.5330459855274792,0.32047917998600073,0.14647483448652007,,4065440.0,
1993,5,3.133877340761383,2.716880194667692,3.0092474836283274,-1.2089422992939913,1091384.9758333333,10001,0.6055959201720412,0.25705436128330267,0.13734971854465608,,2456303.0,
1993,6,3.213380472187886,2.596940659894564,2.8086241601713353,-1.2075588427790747,13919459.885833332,59289,0.5265204536380022,0.32715671277187364,0.1463228335901242,,31274928.0,
1993,8,3.24650528189558,2.55596349935222,2.74423446206143,-1.2110890612851057,1793879.8308333333,10208,0.5035536312090337,0.35639036171100386,0.14005600707996238,,3613734.0,
1993,9,3.240230696992814,2.5945997811275587,2.7519705652607356,-1.1965138343283754,1675966.1266666667,8137,0.5178806959801889,0.3432464764585897,0.13887282756122135,,3309175.0,
1993,10,3.234358398068968,2.6047339567236225,2.819486247647561,-1.210849979705875,354743.21749999997,7217,0.5272511229383451,0.32720897329733417,0.14553990376432072,,706378.0,
1993,11,3.3678981164607826,2.4714662137102645,2.498599288056306,-1.184253005720546,281881.9875,6388,0.3388749194537855,0.4800971005326973,0.18102798001351716,,595301.0,
1993,12,3.188436297724596,2.577873544224786,2.8290906999392518,-1.2138966185846336,6212239.603333333,33385,0.5202623119663303,0.3021452617869311,0.17759242624673863,,13927185.0,
1993,13,3.200681189148637,2.6266800525291285,2.8584791346629905,-1.2105279626715588,3263609.7708333335,9075,0.5436544909434711,0.30806703990818274,0.1482784691483462,,6978240.0,
1993,15,3.2010286946134765,2.5687230512128756,2.812345609169295,-1.2145676750314223,562024.1283333333,7868,0.4902139701897321,0.3145656661045934,0.19522036370567444,,1172838.0,
1993,16,3.1834005547203006,2.6424873842417766,2.937925277459415,-1.2267504193145287,514493.5083333333,10414,0.5575184583186115,0.29936623611623464,0.14311530556515392,,1108768.0,
1993,17,3.216177406875364,2.635047276071926,2.8236231693425062,-1.2014226366605747,5557848.4275,33089,0.5360249405292989,0.32047051974521407,0.14350453972548702,,11809579.0,
1993,18,3.1501230502386885,2.706700871446991,2.956436426321089,-1.2013558215895233,2799969.6991666667,10041,0.5931578350988279,0.25578787821658483,0.15105428668458729,,5739019.0,
1993,19,3.184553481246194,2.6393281254793775,2.9006676052921043,-1.2164541327258762,1497182.6941666668,12187,0.5231138752895643,0.32200724081223636,0.1548788838981993,,2836972.0,
1993,20,3.211387812528233,2.6210138121185897,2.853905983770861,-1.2154185523027061,1258852.7449999999,10831,0.5223182586725114,0.3260498120005511,0.15163192932693761,,2556547.0,
1993,21,3.1795061557029585,2.6606827682605694,2.931968009993557,-1.2161639991920654,1693999.3566666667,9380,0.557381524824092,0.29814645277739077,0.1444720223985173,,3812206.0,
1993,22,3.204291878259573,2.595050013235447,2.862426145441496,-1.223090157477414,1749035.6558333335,7162,0.5245421245811297,0.31209859597528994,0.16335927944358034,,4316428.0,
1993,23,3.1653581703100238,2.6395406942724136,2.889803865048352,-1.2060137233118564,581726.6175,8019,0.5438189429347146,0.3018618097994344,0.154319247265851,,1242302.0,
1993,24,3.269716881231366,2.5682432840977145,2.7478704047786313,-1.2115918525020002,2508880.9675,8440,0.48430877532829836,0.37399893523685707,0.14169228943484458,,4971889.0,
1993,25,3.277745395753754,2.564134066297562,2.701575436669899,-1.2031127657311462,2951395.803333333,32257,0.4721171748530419,0.3916149974055294,0.1362678277414288,,6060569.0,
1993,26,3.186188019413825,2.6532780199194845,2.8541516273701455,-1.1970757915462287,4381488.714166666,34127,0.5444176173910394,0.30419024814625684,0.1513921344627037,,9540114.0,
1993,27,3.205099484773425,2.6164722831006446,2.8158090554246358,-1.2016446289441363,2352152.165,10177,0.5150070672909367,0.3293273611649102,0.15566557154415311,,4555954.0,
1993,28,3.1355289970873703,2.706245889123019,3.015848333676891,-1.2138901897118566,1138731.535,10384,0.5960566645691326,0.2648737831638193,0.13906955226704806,,2655100.0,
1993,29,3.184836112297269,2.643685956347476,2.8882622191406164,-1.2100131926653006,2495680.0933333333,9237,0.5503586973278999,0.29506244799360276,0.15457885467849727,,5271175.0,
1993,30,3.204456708731309,2.5680436323719023,2.880029702516293,-1.2395663917896744,399550.8658333333,11063,0.49184370399832505,0.3451616733490668,0.16299462265260817,,844761.0,
1993,31,3.1786472470077243,2.616096337598204,2.8749870486784226,-1.216018486160115,836702.2666666666,12191,0.5327320955761422,0.31089801205760853,0.15636989236624935,,1625590.0,
1993,32,3.147141540911543,2.565276142525341,2.8295641689773716,-1.2075077444105247,686261.5716666667,8938,0.4873953181872815,0.2709271415803611,0.2416775402323574,,1411215.0,
1993,33,3.227917849102843,2.611008122022406,2.8041012143188895,-1.2084367328285495,576559.7683333334,7252,0.5218524460327577,0.3337148433814388,0.1444327105858035,,1129458.0,
1993,34,3.2657622612079886,2.582967303443827,2.737919408584448,-1.2033511277620437,3691496.4125,33822,0.5040418112119776,0.3616173388772474,0.13434084991077502,,7948915.0,
1993,35,3.235451936070971,2.548797766322281,2.7927921254287598,-1.2258948632170539,698994.8099999999,8168,0.5016922613514357,0.3578731529162029,0.1404345857323613,,1636453.0,
1993,36,3.239533403285861,2.5797929739236047,2.750779937007501,-1.2013738165983792,7979084.939166666,52314,0.48680164823995925,0.35150939340029524,0.16168895835974553,,18374954.0,
1993,37,3.1504007312096083,2.685789234812104,2.9387003393515023,-1.202867610147648,3380775.6983333337,34606,0.5993135883865081,0.27244494648752465,0.12824146512596737,,7042818.0,
1993,38,3.201187779285767,2.5679395380817014,2.874306357520289,-1.2403558313464285,307349.20916666667,11357,0.4670905357011211,0.3533735934209286,0.17953587087795028,,641216.0,
1993,39,3.1929004680810613,2.6692628504844578,2.8860191463983127,-1.2030157306819116,5137674.6875,36322,0.5503350329294975,0.3054617067952121,0.1442032602752903,,11101140.0,
1993,40,3.205369745243114,2.6154602533983886,2.895194612880905,-1.2266015937575756,1431698.3708333333,9936,0.5281088414412941,0.32155246424850176,0.15033869431020414,,3252285.0,
1993,41,3.2128930350724225,2.5758336818423904,2.811951798174684,-1.2155425530476516,1482608.6841666668,8769,0.5138414285213463,0.3382418951351573,0.1479166763434965,,3060367.0,
1993,42,3.1820367610437263,2.6577472415467516,2.873778591308643,-1.1992337247454832,5467960.488333333,34746,0.5640337063013453,0.29474656610875954,0.14121972758989512,,12119724.0,
1993,44,3.217592208258248,2.652265282942624,2.8569569192192286,-1.2091297266154934,472555.96249999997,7334,0.5229409243931499,0.32063926215244826,0.15641981345440192,,1015112.0,
1993,45,3.135999047407942,2.6909418977977313,2.9382036009007835,-1.1958201091167242,1683715.048333333,10310,0.6023106999384386,0.26225410915795005,0.13543519090361136,,3663314.0,
1993,46,3.17532516839822,2.6291168680576718,2.9471249298125817,-1.2351451081916969,348107.26666666666,13232,0.5056911412843997,0.3233976985264026,0.1709111601891976,,722159.0,
1993,47,3.1224767530773794,2.712400668966513,2.9755823875653538,-1.1945518700331037,2357716.0075,10178,0.583232785065065,0.2648181300032999,0.1519490849316351,,5137584.0,
1993,48,3.206889421939598,2.602574970513343,2.831784251520405,-1.2113084732751787,8508688.521666666,36208,0.5308620526923938,0.3177563627494449,0.15138158455816134,,18161612.0,
1993,49,3.2213413412700063,2.616581887126088,2.8329332549019473,-1.2124838349017708,879083.9116666666,9490,0.5328106250044238,0.32284193596654714,0.14434743902902905,,1898404.0,
1993,50,3.2157089209614456,2.584394266941025,2.8219418448026126,-1.2192154909837682,298350.62833333336,6815,0.49717920919251984,0.3459449543442609,0.15687583646321926,,577748.0,
1993,51,3.2422050204076682,2.584961675525562,2.8015167349158125,-1.216850837217535,3210113.7091666665,11779,0.5176699298118105,0.3414639400425743,0.1408661301456152,,6509630.0,
1993,53,3.2423923788644924,2.5798224721446377,2.7839516222540506,-1.2143303741169067,2501897.7216666667,8886,0.5054730823546637,0.35870040185207097,0.1358265157932653,,5278842.0,
1993,54,3.1306825621877725,2.7049472636810177,2.9800316385096894,-1.2004807230719439,702865.3825,7796,0.57638963012374,0.2526592048650124,0.17095116501124755,,1817539.0,
1993,55,3.189159913813349,2.663009289757833,2.895343305574087,-1.209137828428594,2604102.41,13106,0.5383828060576942,0.3115338699193327,0.15008332402297309,,5084889.0,
1993,56,3.2056330897356156,2.5904187246576202,2.9261357993218104,-1.247495717588566,227709.61750000002,7504,0.5147604822478814,0.31770728312013946,0.1675322346319792,,473081.0,
1994,1,3.151164367161216,2.692917578119474,2.9741077163409373,-1.2101625183677578,1912823.7335333333,9443,0.5943448175641087,0.2692753574110129,0.1363798250248784,,4260229.0,
1994,2,3.2519081953492246,2.538097136635233,2.7784248132705724,-1.2283111035676175,282422.64073333336,10219,0.4989648146893499,0.3565106412922327,0.14452454401841744,,603308.0,
1994,4,3.221548850777129,2.5757420471215533,2.804041259593161,-1.2149695500404312,1866581.9402166668,8346,0.5220651262580989,0.3286656286392883,0.14926924510261289,,4245089.0,
1994,5,3.142702253767433,2.7108848135354617,3.0046731421787176,-1.2124998878785263,1145876.7168166668,9729,0.594090571421944,0.27015813057456045,0.13575129800349559,,2494019.0,
1994,6,3.2149242513484526,2.586578345939899,2.794738060401709,-1.206426857227832,14154132.482150001,57259,0.5129787400184566,0.3370898483257172,0.14993141165582627,,31484435.0,
1994,8,3.2511972423372897,2.5558076919158434,2.753051766616815,-1.2143340552097572,1924794.7872416666,10525,0.49729230370414673,0.3659198392281459,0.13678785706770738,,3724168.0,
1994,9,3.2500995588377446,2.5903990587079204,2.744470371970143,-1.1993093170354707,1646785.7971249998,7766,0.5079264802240447,0.35332210070642844,0.1387514190695268,,3316121.0,
1994,10,3.230742615451376,2.605194919236324,2.7993937097796966,-1.2056826666021172,361840.93535,7160,0.520783016695361,0.320164330673873,0.15905265263076598,,717545.0,
1994,11,3.3865951489415917,2.4541474391998856,2.500862366962258,-1.196318270814007,278787.7709333333,6727,0.3382703799053113,0.47598572342790907,0.1857438966667797,,589239.0,
1994,12,3.205125940037483,2.5777077818477028,2.805873200743118,-1.210656285618725,6347376.138366667,32504,0.5221340699657521,0.3070383380023369,0.17082759203191097,,14239444.0,
1994,13,3.1968573274451546,2.634581261724666,2.8681252822220125,-1.2092438196407962,3391031.6399166663,11555,0.5586198412930387,0.3076551793180904,0.13372497938887096,,7157165.0,
1994,15,3.1875487730627388,2.559499453798268,2.7949321076017077,-1.2083134172662688,554351.65815,7579,0.48261626260423124,0.3163896577363242,0.20099407965944452,,1187536.0,
1994,16,3.1979983455153307,2.6146197380799614,2.912776742757847,-1.2337332738493993,555870.4303916666,11100,0.5351968455341113,0.31872470362107097,0.14607845084481783,,1145140.0,
1994,17,3.2241758639560536,2.648010098593457,2.8284250775104454,-1.2002533802295023,5673474.698833334,32825,0.5425470976399157,0.3229115833711664,0.1345413189889179,,11912585.0,
1994,18,3.1542027742985046,2.7181043784923293,2.962978471656381,-1.200362345896154,2902686.135066667,10024,0.6047169237861554,0.2580218449617648,0.1372612312520798,,5793526.0,
1994,19,3.197048603263277,2.6338358016428165,2.90433211741302,-1.2247114179500749,1498677.5386166666,11325,0.5155638847249832,0.3346715286733539,0.1497645866016629,,2850746.0,
1994,20,3.2238213831312934,2.6184670784345863,2.840367509399004,-1.2146089147628432,1250894.2002583335,9893,0.5115246736322414,0.33985543677311064,0.14861988959464795,,2580513.0,
1994,21,3.1681752060294257,2.6604140169068793,2.901949908387564,-1.2034720528308502,1721377.2309416665,9027,0.5583989121524738,0.2970867712061504,0.14451431664137573,,3849088.0,
1994,22,3.188254368438171,2.6119009673441123,2.881554779126707,-1.2171009391474972,1771555.4742833332,7518,0.5215231194206519,0.3088486415677654,0.16962823901158264,,4347481.0,
1994,23,3.1683593390168334,2.615878352221245,2.8909595473547345,-1.2177429075289325,568058.8958416666,7654,0.5307366929685542,0.3068091133242501,0.16245419370719574,,1242662.0,
1994,24,3.3042051600007056,2.556653686998736,2.711912684360365,-1.2138662064160002,2575543.380816667,8289,0.4639867633196251,0.4006589302558356,0.1353543064245394,,5023060.0,
1994,25,3.2836734922955486,2.565515039537855,2.7091280955990094,-1.2059036618830927,2976122.403975,32377,0.4642583792536073,0.3941113776157263,0.1416302431306664,,6095241.0,
1994,26,3.1902920913965063,2.644898157067565,2.853075914498898,-1.2005086856680844,4492338.104866667,33965,0.538975289495659,0.3137855931753978,0.14723911732894318,,9597737.0,
1994,27,3.2234206072575087,2.608006676816977,2.800461117239625,-1.2037859026505617,2455045.355366667,10290,0.5078023777157182,0.3441311246360195,0.14806649764826219,,4610355.0,
1994,28,3.1628928445033213,2.6787163919397057,2.9705434172040537,-1.2173748160699878,1162506.839475,9724,0.5768960355995305,0.2842425167497555,0.13886144765071398,,2688992.0,
1994,29,3.206018983598499,2.637721253965591,2.8712026544998186,-1.213938417948887,2567259.163633333,8650,0.5424096719565868,0.3212651134715911,0.1363252145718221,,5324497.0,
1994,30,3.2109112606378853,2.568037202303222,2.871518555382373,-1.237629854027589,415301.153125,10473,0.49353428574942626,0.34535176560333053,0.16111394864724318,,861306.0,
1994,31,3.2002969115931545,2.6081642889511074,2.8563192094400187,-1.2177656954566307,846836.4436666667,11292,0.5092474710947771,0.34156008686015643,0.14919244204506657,,1639041.0,
1994,32,3.1192414709335736,2.5899684480493446,2.8530217585159083,-1.1982542526114028,726830.5086249999,8539,0.49258809041013835,0.253689730808812,0.2537221787810496,,1499298.0,
1994,33,3.2524836433531235,2.603714832661315,2.8051386509460605,-1.2184008614192614,596197.5076083334,6939,0.5185664769734302,0.3552483352923952,0.12618518773417464,,1142560.0,
1994,34,3.273803524432939,2.5894463645587713,2.746528480248259,-1.2066616647723867,3773248.8451250005,33385,0.5075662955296568,0.36652890044077496,0.1259048040295683,,8014306.0,
1994,35,3.23394487153821,2.560174135674902,2.8192057677232025,-1.229692775026822,725633.07545,8387,0.49482476086514254,0.3517898052128807,0.1533854339219767,,1682398.0,
1994,36,3.2419740879485044,2.579357890588565,2.752084547527881,-1.2031498203619415,8025513.613299999,50421,0.4840845532017081,0.3495537204865597,0.1663617263117322,,18459470.0,
1994,37,3.168270057813764,2.672473885159737,2.9203868924382745,-1.2064687240939567,3444772.391458333,33197,0.5787387151908482,0.2936855635300815,0.12757572127907038,,7187398.0,
1994,38,3.2235670562194545,2.565020324569662,2.888152703130308,-1.2520437643757107,319439.3236083333,11302,0.45577196676626847,0.365253339670877,0.17897469356285464,,644804.0,
1994,39,3.191797597754911,2.671340399196317,2.8732125800234196,-1.1981812473482698,5243982.678841666,34903,0.5497272536609572,0.306691606664303,0.14358113967473982,,11152454.0,
1994,40,3.1923454146685333,2.615775378509614,2.8563877632211447,-1.2109441054712786,1450214.5897083331,9988,0.5250595346130875,0.32588117976387415,0.1490592856230383,,3280940.0,
1994,41,3.2211135316323074,2.5951360769678673,2.8049882483625996,-1.2096607149732486,1545760.8509833335,8845,0.5230897147164264,0.3515518014100618,0.12535848387351176,,3121264.0,
1994,42,3.197276073207148,2.6443757273309876,2.864347400142527,-1.2042074248147239,5477420.781566666,33856,0.5470901097584784,0.3105750784992534,0.14233481174226814,,12166050.0,
1994,44,3.216519451195829,2.617514427369205,2.806092984095837,-1.2047067766907624,465038.11079166667,7049,0.5079729319382933,0.3321712613711775,0.1598558066905292,,1015960.0,
1994,45,3.1461177629933577,2.6933338369832227,2.92803850176163,-1.193162195939096,1719614.8063916666,9170,0.5907087171603765,0.2805384574611644,0.12875282537845903,,3705397.0,
1994,46,3.1821770562424962,2.6244057904551337,2.9244013291445,-1.2318190702688412,358935.19523333333,12423,0.5043711383090708,0.32863590871684284,0.16699295297408642,,730790.0,
1994,47,3.14832025404613,2.7063445192412785,2.9538947252379555,-1.1996470144418148,2541190.0874416665,9676,0.5904428676052539,0.2743316550650166,0.1352254773297296,,5231438.0,
1994,48,3.204893540722703,2.604491791031243,2.8447337584783123,-1.214470955232583,8811870.147258334,35614,0.5371076146320731,0.3119578646812112,0.1509345206867157,,18564062.0,
1994,49,3.223813569101358,2.5969626616213732,2.8220507796752954,-1.2158035530751419,931738.2170416666,9873,0.5235212844704887,0.34411119732774403,0.13236751820176718,,1960446.0,
1994,50,3.2391420951064407,2.5754548259899708,2.7972443825580435,-1.2206979084845375,300944.90482500003,7137,0.4883231238844427,0.37410737405188965,0.13756950206366766,,583836.0,
1994,51,3.2448154671335003,2.5905893851203334,2.8053090899368325,-1.2184673150484555,3269091.0201416668,12920,0.5137359265658522,0.3480696785236066,0.13819439491054122,,6593139.0,
1994,53,3.225153699518353,2.5748742401457467,2.7986140289110666,-1.217000755854435,2532830.9336583335,8701,0.5032946698200943,0.34751661132673256,0.149188718853173,,5375161.0,
1994,54,3.1576533842608696,2.66180228179658,2.958872682576948,-1.216831146175858,718292.406425,7885,0.5608102753010672,0.2743965001008278,0.16479322459810505,,1820421.0,
1994,55,3.1919597961108064,2.677098790956805,2.9042657039043145,-1.2083012524545507,2649677.4254416665,12056,0.5336261733186324,0.31237410054576203,0.15399972613560556,,5133678.0,
1994,56,3.2004430793007774,2.5959254948241735,2.9335177381915902,-1.2472216659846755,236108.935175,8158,0.5040888962726392,0.32166868422121925,0.17424241950614158,,480283.0,
1995,1,3.153080158986955,2.696854632616829,2.9514915920215903,-1.2025117788388726,1932484.0691250002,9248,0.5763713915111198,0.28285592225994194,0.14077268622893832,,4296800.0,
1995,2,3.2740017550181153,2.5368748923642364,2.779470366504347,-1.2376303104029334,283628.3179166667,8495,0.48920626013948704,0.36694238980187527,0.14385135005863772,,604412.0,
1995,4,3.2197231848455243,2.581792038530117,2.821006258085268,-1.220700696764515,2014241.3804666668,9570,0.5221424601312211,0.3199073041372836,0.15795023573149533,,4432499.0,
1995,5,3.1528461868047555,2.6918926939254195,2.96389948510739,-1.2096550791194207,1165580.49295,9162,0.5803580990208831,0.28008431678556595,0.13955758419355094,,2535399.0,
1995,6,3.225771888115581,2.580569719154328,2.7925451638889425,-1.2117404376335494,14231735.9781,54931,0.5042018456201102,0.35096497689939987,0.14483317748049,,31696582.0,
1995,8,3.265480079909613,2.5512594533493322,2.7476503700783304,-1.2205427768829578,2000117.4277,10660,0.48858672646347107,0.3786803360243523,0.1327329375121766,,3826653.0,
1995,9,3.2952902084280793,2.549096427252325,2.683550044288889,-1.2063977637276524,1610070.2137,7105,0.4641155458269312,0.3958996100537288,0.13998484411934,,3324144.0,
1995,10,3.239086246666474,2.5880665471344972,2.7821030791458465,-1.2106638618317829,364560.6086833333,7127,0.5174769121342812,0.32725219826180135,0.15527088960391752,,729734.0,
1995,11,3.3862489637866644,2.4511793835108358,2.4925885966372294,-1.1961490130577688,263554.49693333334,7030,0.3368769566285463,0.495610668285342,0.16751237508611175,,580517.0,
1995,12,3.2162477031360788,2.5746881509972392,2.797117631074513,-1.2136214888072023,6483478.244891667,30630,0.5091725694796413,0.32250071570587074,0.16832671481448788,,14537875.0,
1995,13,3.1970737330534154,2.64555715071012,2.88378025470528,-1.2114849462863202,3440593.6153333336,17995,0.5590382287171709,0.31070594942247215,0.13025582186035695,,7328413.0,
1995,15,3.1822245991547184,2.5556310656278245,2.7744157380951724,-1.2025442017538606,548007.7092333332,7428,0.5045649568209051,0.3034112487364881,0.19202379444260678,,1196854.0,
1995,16,3.2011451778686753,2.6204459422548374,2.9311014764125445,-1.2388089350335922,570468.334075,10404,0.5348997137556213,0.3131189971569917,0.15198128908738698,,1177322.0,
1995,17,3.2334986714945284,2.6370877498743055,2.819474347632445,-1.2041493470409166,5777896.051016667,33437,0.5320138278733108,0.33079019593726583,0.13719597618942347,,12008437.0,
1995,18,3.1298551844415567,2.7303353724151695,2.9927223372471787,-1.1979571794649697,2984365.8374249996,9709,0.6009238884517084,0.26375996456696316,0.1353161469813284,,5851459.0,
1995,19,3.1987496953440093,2.6393686937836804,2.89697080812711,-1.2214010631637244,1500922.3182333333,10388,0.5179096470503147,0.33790245269369845,0.14418790025598688,,2867373.0,
1995,20,3.225215369283552,2.6007976319376933,2.8338829964550984,-1.2200638683987537,1273580.0758,9932,0.4910945581545651,0.3556303685008606,0.15327507334457433,,2601007.0,
1995,21,3.163382179515841,2.6737105564566943,2.9289069993829977,-1.204579247786261,1758512.4191500002,8718,0.5784828304558346,0.29004515703230754,0.1314720125118579,,3887427.0,
1995,22,3.180469000050873,2.6291600654406695,2.881869284104512,-1.2094400967675114,1820314.00545,8355,0.5331681758222184,0.3135247899378624,0.15330703423991918,,4378779.0,
1995,23,3.173623382137889,2.613721289526868,2.9096056854646233,-1.2264607823705764,608397.6389833334,7829,0.5320358060462235,0.311456314943793,0.15650787900998347,,1243480.0,
1995,24,3.334471966412023,2.5401799669447835,2.6970863192021954,-1.2259485156429364,2577046.2391916667,8626,0.43957214126594885,0.42474611960317227,0.13568173913087891,,5070033.0,
1995,25,3.2846425997204123,2.565112210855047,2.721725078691472,-1.211436600143686,2989651.692616667,32408,0.46446994998082203,0.38913093939664334,0.14639911062253463,,6141445.0,
1995,26,3.2008632305965166,2.639916000263876,2.851629564638534,-1.206267013543736,4471866.267725,34252,0.5422562676410813,0.3187266134909721,0.13901711886794663,,9676211.0,
1995,27,3.2219053472137134,2.603757317835266,2.801190217521085,-1.2062648509360807,2490628.175666667,10618,0.5141680167119502,0.3431727666390402,0.14265921664900957,,4660180.0,
1995,28,3.1590067817342837,2.680898633221386,2.9542408901892494,-1.2109308897162125,1184376.9862,8296,0.5657433046569778,0.2846082546829913,0.149648440660031,,2722659.0,
1995,29,3.2076925096439743,2.62478232978175,2.869770291693595,-1.2179472799045963,2691304.6532583334,8718,0.5286623618757647,0.3248822061969713,0.1464554319272641,,5378247.0,
1995,30,3.1909419935688437,2.5813428423114955,2.8964649830034035,-1.2361863087612068,407998.60994166665,10069,0.5122925814611841,0.33143036359213934,0.15627705494667662,,876553.0,
1995,31,3.2273597326588077,2.606850479123067,2.873693548929459,-1.2333229434401385,870514.4969,10790,0.5069498637174056,0.3603535142009728,0.13269662208162156,,1656992.0,
1995,32,3.152969287025328,2.5468316841299155,2.840157957751179,-1.2201441690240185,763082.066325,8055,0.4805417372137237,0.27775018985779015,0.24170807292848615,,1581578.0,
1995,33,3.2433252337971576,2.5956855871254483,2.800840300414816,-1.2175837800303144,608113.2634916666,7241,0.5254469586366847,0.35909768636741796,0.11545535499589739,,1157561.0,
1995,34,3.27022000986469,2.5830802231632446,2.74965462459326,-1.2084037102831873,3808985.4417000003,32442,0.4991307514842249,0.3736958439797733,0.1271734045360018,,8083242.0,
1995,35,3.232687340680775,2.5688315658961436,2.8294644180226958,-1.2298831145424947,735945.7085666667,8898,0.48234266429811995,0.35111552936491885,0.16654180633696122,,1720394.0,
1995,36,3.2418876216527885,2.5721736814817544,2.749013883611582,-1.2046165903216177,7985464.4226,48159,0.4795762093412365,0.3550421143383214,0.1653816763204421,,18524104.0,
1995,37,3.1747322730935488,2.6790626651831175,2.9213684428283213,-1.206900320351412,3489014.3925666665,31676,0.5749499208314091,0.2931425728880673,0.13190750628052372,,7344674.0,
1995,38,3.2192458310814835,2.5739134919706035,2.891583589079932,-1.2487456067026874,322348.4671416667,10229,0.4690738500665987,0.35362660055967193,0.17729954937372938,,647832.0,
1995,39,3.183446261458353,2.6526304491912733,2.8674093708532347,-1.200538753576611,5311287.314141667,34332,0.546997466781935,0.30765979831797124,0.14534273490009386,,11202751.0,
1995,40,3.2151439900444214,2.6142842962573245,2.845497865491982,-1.2164555982262732,1471228.617625,10150,0.5095507671551369,0.3360938581926152,0.15435537465224786,,3308208.0,
1995,41,3.2199440693699857,2.612150181715729,2.8415801071298943,-1.2149485407592506,1575981.7089083334,8707,0.5286399357861707,0.3429727987341838,0.12838726547964532,,3184369.0,
1995,42,3.205600297103165,2.638195522146284,2.8601036732019476,-1.2087276396243596,5496378.6206083335,33793,0.5334721299294222,0.32217272400424085,0.144355146066337,,12198403.0,
1995,44,3.2373125177853055,2.612618154377983,2.7931853106251143,-1.207116692586066,452348.10066666664,6920,0.49482765662813666,0.35047824147705425,0.154694101894809,,1017002.0,
1995,45,3.145703392365361,2.6855894652419123,2.9492134876838834,-1.2038458994325225,1772000.3001833335,7762,0.5792540372211145,0.28529351650875706,0.13545244627012848,,3748582.0,
1995,46,3.2047599645675966,2.6164539873997854,2.902917070717787,-1.2354057539197796,366300.2869833333,10823,0.5088538556110501,0.3487412796257589,0.1424048647631911,,737925.0,
1995,47,3.1784517174625737,2.692742084240013,2.9305981295964663,-1.2065084534409685,2569474.095,8803,0.5817326302348652,0.287739491124071,0.13052787864106377,,5326936.0,
1995,48,3.2129314542579688,2.612243447558674,2.8494443386561077,-1.216443983343466,9016645.39305,34081,0.5316648637971606,0.3269929748139256,0.14134216138891384,,18958751.0,
1995,49,3.2270045318543015,2.6254206926388695,2.8657118006743887,-1.2232030938345,935665.3115666667,10062,0.5474963971117245,0.3347118237108147,0.11779177917746082,,2014177.0,
1995,50,3.233515141012564,2.569953220030141,2.791156746647083,-1.2201350460274334,306948.9995166667,7767,0.4817388686168406,0.3731218962837464,0.14513923509941293,,589002.0,
1995,51,3.2543667423255216,2.5973180940120058,2.811310107205015,-1.2204154480708593,3346322.5873666666,17964,0.5067696476412803,0.3571062325775565,0.1361241197811632,,6670693.0,
1995,53,3.212998538440941,2.583651650554305,2.829190313132356,-1.2210279088661578,2628532.4023166667,8844,0.5119524579996138,0.3331725678434715,0.1548749741569148,,5481027.0,
1995,54,3.1788051580143275,2.657806194948894,2.9551492187488173,-1.2227004667623687,728432.9633749999,8144,0.561505285385377,0.28356613113403456,0.15492858348058838,,1823700.0,
1995,55,3.204955603575117,2.669153032198962,2.9058412515746137,-1.2151912771633309,2738007.298325,11534,0.5359886739571066,0.3253515432211332,0.1386597828217602,,5184836.0,
1995,56,3.2029916231202367,2.592586058699441,2.932053950445061,-1.249106489673714,243079.82584166666,9623,0.5043031453218423,0.32657489583454474,0.16912195884361292,,485160.0,
1996,1,3.1692444087201763,2.684352350494055,2.9572638293854574,-1.2133414488165193,1987065.231075,9174,0.5674875214450494,0.2973608804785156,0.13515159807643495,,4331102.0,
1996,2,3.294479899860196,2.5322771393473156,2.758781008336021,-1.2379444550923002,288118.4575083333,8289,0.4696309816325419,0.3955087982241982,0.1348602201432599,,608569.0,
1996,4,3.2087958420994522,2.5892026590479866,2.845705812667005,-1.223041557603221,2028775.6684416665,9906,0.5324176617019746,0.31359275538512704,0.15398958291289844,,4586940.0,
1996,5,3.140933694501678,2.7154474859682143,2.994145364466853,-1.2081382821083253,1169636.1452166666,9491,0.589921861892368,0.2661551145673292,0.14392302354030292,,2572109.0,
1996,6,3.2370568297818543,2.573336844145721,2.779914714920659,-1.2131852269308752,14388457.835974999,54283,0.49581844571824174,0.36366546750641193,0.14051608677534638,,32018834.0,
1996,8,3.252934074990101,2.5441362375990653,2.753837974088903,-1.220069377822871,2013269.1252916667,10505,0.4864767227144304,0.3771725628871141,0.1363507143984555,,3919972.0,
1996,9,3.2953346180680287,2.5552677219749875,2.712732862497973,-1.2145001201045418,1614256.5690083334,7210,0.4584714226290112,0.402560781878384,0.13896779549260477,,3336685.0,
1996,10,3.2581994593101284,2.5735263170518823,2.753490827256984,-1.2117958095780843,362082.413125,7305,0.4905062278117809,0.361724045849269,0.1477697263389501,,740977.0,
1996,11,3.3942726785363466,2.4566308671236623,2.504452079890945,-1.2016295076524075,244418.56226666667,6347,0.32694341686242323,0.4979429539708966,0.17511362916668013,,572377.0,
1996,12,3.2123559040794922,2.576053098982102,2.81190485730297,-1.2165311250619333,6569418.382600001,30385,0.5099378132017838,0.32168652638862316,0.16837566040959306,,14853360.0,
1996,13,3.2202026071624714,2.6310573109833926,2.8637345369041705,-1.2161919876112517,3579058.6084499997,12029,0.5450590879135712,0.324538533090497,0.13040237899593174,,7501069.0,
1996,15,3.1712860104339686,2.5603917683188757,2.7973456807448716,-1.2050037322911027,555287.0020666667,7287,0.4903112483952612,0.3061814702938569,0.2035072813108819,,1203755.0,
1996,16,3.183048177308777,2.6303315758879613,2.95089404948547,-1.236020344208569,587222.3809166666,10512,0.5479615347062737,0.3051411749229355,0.14689729037079072,,1203083.0,
1996,17,3.218876939360246,2.632764726602247,2.8178588167249248,-1.1996802765889054,5809752.99325,29815,0.5333258973047523,0.3317612682402427,0.13491283445500488,,12101997.0,
1996,18,3.1563624487002198,2.7111220963816027,2.971104956432283,-1.2058367009600925,2947969.196775,9911,0.5930407109055851,0.27609140701899215,0.13086788207542277,,5906013.0,
1996,19,3.2259396056647685,2.623258666212695,2.8761580983551998,-1.2277667465797335,1536339.7557416668,10477,0.5086126668995073,0.35433921099247007,0.13704812210802253,,2880000.0,
1996,20,3.240537680042182,2.5888409737073483,2.8085006793574423,-1.2203145992821602,1278525.4986833334,9780,0.481400339099123,0.3715198119070275,0.1470798489938495,,2614554.0,
1996,21,3.1747941874008774,2.655610022214924,2.901710080171013,-1.205346600727549,1769330.949191667,8656,0.560529989069054,0.31104597758030145,0.12842403335064445,,3919535.0,
1996,22,3.1894544201424915,2.621913120613186,2.9030865806046506,-1.2228030570591644,1868173.8841249999,8566,0.5430560322297541,0.2988063492598473,0.15813761851039873,,4398877.0,
1996,23,3.190172754664818,2.623497605193584,2.9049416167985567,-1.2248522863248068,634395.457725,7971,0.5473550458240194,0.2959124236848123,0.1567325304911684,,1249060.0,
1996,24,3.329887226141894,2.5274451496718178,2.66885483421073,-1.2197301446534363,2665554.5010166666,8865,0.43052948915263084,0.43178662867194895,0.13768388217542024,,5111986.0,
1996,25,3.2821212265140485,2.583415994063435,2.744775480046394,-1.2121845990082771,3049161.5105916667,16928,0.46943611636537325,0.3944867971539332,0.13607708648069367,,6179756.0,
1996,26,3.202282059983983,2.649524414162738,2.8633941918848156,-1.2067166413803212,4595065.503341666,24740,0.5414333745411334,0.3229044196464387,0.13566220581242797,,9758645.0,
1996,27,3.217798404192612,2.606353569763889,2.8258147872642567,-1.2121717530662552,2495383.6672333335,11169,0.5149356433347341,0.34786853498222176,0.13719582168304417,,4712827.0,
1996,28,3.158798633901734,2.6897519805301933,2.9595463452041604,-1.2091470825934734,1189431.713975,8056,0.5651722471097362,0.29144498157288223,0.1433827713173815,,2748085.0,
1996,29,3.208858807405973,2.6140162527923545,2.861486843749907,-1.2181356703411799,2779276.877933333,9169,0.5365802995284296,0.3227592639745214,0.14066043649704904,,5431553.0,
1996,30,3.1979355451234035,2.573238071346666,2.8819531099795497,-1.2367493106119951,424247.83341666666,10087,0.48656581654067627,0.33833485835527277,0.17509932510405093,,886254.0,
1996,31,3.2243742522365544,2.609625594456257,2.866619624899167,-1.2303566243955775,886204.2560166667,10599,0.4951033474433733,0.3654201157561312,0.1394765368004954,,1673740.0,
1996,32,3.1790721619425812,2.552757687298777,2.8208967514159315,-1.2174564915911399,793523.2359083333,8243,0.48348252220696103,0.2884877315143499,0.2280297462786891,,1666320.0,
1996,33,3.2347311998675825,2.622144606808573,2.836098988125638,-1.2168501224835588,595237.7731416667,7322,0.5402463562837151,0.3378820927903882,0.12187155092589663,,1174719.0,
1996,34,3.264146837008294,2.5816283519861467,2.7483508132261787,-1.207736357840071,3876253.263575,21327,0.4990034899153242,0.3591590086775713,0.1418375014071045,,8149596.0,
1996,35,3.2394869015432346,2.549176274688288,2.825547806057422,-1.2382381234067579,733600.3701,9055,0.480007659064487,0.3639609821565671,0.15603135877894586,,1752326.0,
1996,36,3.246524888049677,2.5725336067622657,2.7450036521303525,-1.205145865296554,8060648.67405,41037,0.47369194329453523,0.3580215408536956,0.16828651585176915,,18588460.0,
1996,37,3.172381054627565,2.6785929581231525,2.9400084957019454,-1.2114771421263935,3628894.156225,18804,0.5731521797693585,0.3001648880331729,0.12668293219746865,,7500670.0,
1996,38,3.2287278684511898,2.5778949234130164,2.898641901215925,-1.251534375201434,332253.04171666666,10037,0.4670633395646442,0.365015402710231,0.16792125772512487,,650382.0,
1996,39,3.1888877409871785,2.6452273033455143,2.8609308179556354,-1.2028564407415911,5379985.509325,26660,0.5353457671420315,0.315700209570082,0.14895402328788654,,11242827.0,
1996,40,3.208515395054342,2.6145417772261053,2.8724153425452688,-1.2230630596688055,1504877.1476750001,10239,0.5161185904538909,0.3313277157996677,0.1525536937464415,,3340129.0,
1996,41,3.207956043613068,2.622706501977954,2.890873837281941,-1.2248286373870225,1614422.2044166669,8683,0.5266670942790052,0.32515541639227846,0.1481774893287163,,3247111.0,
1996,42,3.210501270614376,2.6341991430998073,2.835915573217799,-1.2034649386103646,5600660.5608250005,29447,0.5218489130763788,0.32855113218521387,0.14959995473840734,,12220464.0,
1996,44,3.2119875025259677,2.6337270145529303,2.8267744371634467,-1.2018954157408739,464958.42262499995,7262,0.5059081880049967,0.33606320855209604,0.15802860344290728,,1020893.0,
1996,45,3.164360713430456,2.677221145284001,2.95017031514926,-1.2136075210104742,1744375.6901500002,7362,0.5768932476585845,0.28903983805204647,0.1340669142893691,,3796200.0,
1996,46,3.1851624676828467,2.613742326602162,2.907479709913172,-1.2297372826441693,376054.19435,10815,0.506019215414375,0.3354178672180965,0.15856291736752848,,742213.0,
1996,47,3.1729219401255566,2.6613188446954914,2.909446605146026,-1.2082722920710365,2616733.026308333,8973,0.5664117573105883,0.29775112372178375,0.135837118967628,,5416643.0,
1996,48,3.214125507041722,2.6089508781203077,2.8471966182376622,-1.217139235898637,9148059.807075,34002,0.5278077570832644,0.3301694668761453,0.1420227760405903,,19340342.0,
1996,49,3.2407569528846074,2.6005747399481653,2.828820510684603,-1.2211348777414266,962588.0506333333,10377,0.531286109815297,0.3447654573192878,0.12394843286541518,,2067976.0,
1996,50,3.224215339076279,2.583236362081038,2.830747819632661,-1.2251413484641331,309743.52514166664,7845,0.5021317523868313,0.35004164126793674,0.14782660634523204,,593701.0,
1996,51,3.247918187380049,2.5873726619569064,2.778052865104432,-1.2098728537322743,3252396.32285,10876,0.5007169291092973,0.34678605935155105,0.1524970115391516,,6750884.0,
1996,53,3.2216274397381723,2.586288839525453,2.833078068051315,-1.2218374853600629,2698671.6795083336,9102,0.5225005381373969,0.3375937013269699,0.1399057605356331,,5569753.0,
1996,54,3.179361466848459,2.639946040891678,2.9223129421868195,-1.2197472430734992,752006.7741666666,8514,0.5590725243602597,0.285773018625377,0.15515445701436337,,1822808.0,
1996,55,3.2040474649244888,2.6531158112392226,2.8802987486499236,-1.212397558681875,2811330.602716667,11652,0.5231650452432093,0.33662360776064376,0.14021134699614685,,5229986.0,
1996,56,3.2159630065010094,2.572945659620426,2.9205900421340663,-1.2551958467879283,245153.9033583333,9371,0.48976655590571866,0.3347542624216031,0.17547918167267829,,488167.0,
1997,1,3.167199722770523,2.669114338558709,2.9343930663606397,-1.2089709324399804,2056139.1043083332,9424,0.5818289250521612,0.29579235026452444,0.12237872468331422,154700.0,4367935.0,35417.193708239705
1997,2,3.2738108448846597,2.556162457865724,2.8076594000853494,-1.238696781332138,297327.6932583333,8538,0.4948399034228985,0.36679773129051846,0.138362365286583,41071.0,612968.0,67003.49773560773
1997,4,3.1969227976676238,2.6000392105334647,2.837335391017982,-1.212855529480067,2131801.5075333333,9879,0.5171852375296967,0.31867532187112846,0.16413944059917496,180293.9,4736990.0,38060.85721101375
1997,5,3.1586052484596165,2.702375457304649,2.9807107684807637,-1.2142121492368956,1149974.53245,9157,0.5666785604029895,0.2832397623950704,0.15008167720194016,87180.3,2601090.0,33516.83332756652
1997,6,3.232036473299244,2.577803578152627,2.791024953014036,-1.2148678229484215,14947210.262358332,56251,0.4974307268384306,0.3600454118786412,0.1425238612829282,1441226.4,32486010.0,44364.52491395527
1997,8,3.2618713883584682,2.5497065516913655,2.7634382077705624,-1.2237513003897156,2097063.9736083334,11218,0.4842563707782144,0.37799411010587947,0.13774951911590613,189445.6,4018293.0,47145.79051353398
1997,9,3.2547444245270003,2.5728115204421296,2.736763841879919,-1.2054636701876482,1634439.767975,7488,0.47866611782118595,0.37412547891458114,0.14720840326423282,205965.2,3349348.0,61494.11766110897
1997,10,3.2570762513695697,2.5990622537072596,2.7608965786472557,-1.2017560361324144,366478.1204083333,7199,0.48925993395773837,0.36249731363688364,0.14824275240537801,51267.0,751487.0,68220.74101082254
1997,11,3.3774996551617407,2.4536462306805373,2.4914561915266265,-1.19289716633398,239570.18915833332,6017,0.3166488505582066,0.5109074863064519,0.17244366313534157,86535.2,567736.0,152421.54804345683
1997,12,3.2133555725154177,2.5741483574699613,2.81216568872347,-1.2168376368367748,6746320.720108334,30755,0.514063721433515,0.3208906055621,0.1650456730043849,603988.6,15186304.0,39771.928706286926
1997,13,3.222400359322796,2.633086270880621,2.867667564222488,-1.2164589672692137,3750070.5586583335,12552,0.5369932153933341,0.3363535200637515,0.12665326454291437,351183.9,7685099.0,45696.73077731334
1997,15,3.1684707350441417,2.55671617902816,2.782985109908049,-1.20100874311634,553747.5038583333,7051,0.4784837938701665,0.3037683335115581,0.21774787261827544,60620.2,1211640.0,50031.52751642402
1997,16,3.1966428784730265,2.6169132438726095,2.9464166236674902,-1.2437983214607453,602215.4662666667,10799,0.5341909533105159,0.3155399145664641,0.15026913212301993,38816.3,1228520.0,31595.985413342885
1997,17,3.2338309667267353,2.62125491587777,2.8027605259336283,-1.2034523927038865,5835156.545674999,29860,0.5255025172160138,0.336834379429444,0.1376631033545422,619325.8,12185715.0,50823.91964689803
1997,18,3.1937385510072045,2.6935499863995473,2.9317087319603368,-1.2119018226294276,2990860.741425,10091,0.5659649352113933,0.30674668061162824,0.12728838417697846,244848.3,5955267.0,41114.57974932106
1997,19,3.2105061048087045,2.638814813177356,2.9005360594082537,-1.2243836276772373,1540419.7381,10175,0.5183871283424833,0.3390743632254751,0.14253850843204166,120232.5,2891119.0,41586.838867580336
1997,20,3.2481816898099667,2.5828218671773064,2.8015897625147512,-1.2234505674251155,1314142.3747,9935,0.48107315461479333,0.37304673116217724,0.14588011422302932,108792.9,2635292.0,41283.0532631678
1997,21,3.181114683552794,2.6423288781911634,2.9028437034954577,-1.2130932515427342,1830958.2237,8913,0.5334266960084371,0.32716119772972657,0.13941210626183642,155770.4,3952747.0,39408.138188454766
1997,22,3.183767530125339,2.638692569298263,2.909430780631929,-1.2185080327458084,1886526.2726333335,8813,0.5379832157464178,0.2987711326995048,0.16324565155407741,202386.5,4421071.0,45777.70861404397
1997,23,3.190583900357474,2.618225356309464,2.8921296159136287,-1.2218837018784934,627007.1583250001,7858,0.5397926757943201,0.31041169879002717,0.1497956254156527,46325.0,1254774.0,36918.99895917512
1997,24,3.309010319365551,2.5310682002225833,2.6864292553697147,-1.216500184677748,2622275.4238166665,8485,0.4405569880264659,0.4201275431395477,0.13931546883398638,237589.2,5157328.0,46068.27411403735
1997,25,3.2838686309168925,2.5731885384585516,2.730127295644497,-1.2118173962378644,3152115.872191666,17707,0.46580984149011834,0.39114110164411064,0.14304905686577107,322389.9,6226058.0,51780.741522163786
1997,26,3.202543403755175,2.6497239491086986,2.8699405625757044,-1.2087626509217715,4679191.034841667,25080,0.5409103495526316,0.3247086399817848,0.13438101046558362,423459.8,9809051.0,43170.312805999274
1997,27,3.2471555925125326,2.5850979939370897,2.8137557615463464,-1.2234809881235713,2549739.217625,11534,0.4918314341130901,0.36586779170015227,0.14230077418675754,225480.3,4763390.0,47336.09887076221
1997,28,3.1660441973458777,2.690793221950536,2.943670810140054,-1.2052993190082197,1196400.7360833334,8165,0.5673766380593543,0.29622081024822416,0.1364025516924215,88384.3,2777004.0,31827.213788672972
1997,29,3.2269292976319126,2.6206746279295854,2.8643674338018656,-1.2239647393572692,2761570.9242833336,8960,0.5324333413779717,0.33429506777405343,0.13327159084797485,243724.1,5481193.0,44465.520553645896
1997,30,3.20986426290071,2.55663296093501,2.862529628749756,-1.240948469551798,435064.42360833334,10154,0.5007734722131442,0.3380803880060657,0.1611461397807901,30144.8,889865.0,33875.70024666663
1997,31,3.2189901596529804,2.62564106113407,2.8835276799853222,-1.2285495156727895,891406.106725,10608,0.4950955532652625,0.35950408900714015,0.14540035772759732,73974.1,1686418.0,43864.62905400678
1997,32,3.1615973262251202,2.5551834179495527,2.828285930235379,-1.2146640067468797,847855.0336916667,8975,0.48311734570496384,0.29588744465655614,0.22099520963848004,97208.5,1764104.0,55103.610671479684
1997,33,3.2476155534370883,2.616426803410493,2.827730843139554,-1.2209982165091773,627915.7931916666,7615,0.5339580040920463,0.3413467760277713,0.12469521988018249,51026.6,1189425.0,42900.22489858545
1997,34,3.25637062784504,2.5889894675880796,2.747603385882643,-1.2036202049510625,3953009.746091666,21605,0.5044148096385453,0.35786078010281913,0.13772441025863558,454064.1,8218808.0,55246.95308614096
1997,35,3.227736202831611,2.5477835137252507,2.829627687434765,-1.2368715515700872,772071.924075,9468,0.48185429945272373,0.3497570086241837,0.1683886919230926,67993.2,1774839.0,38309.50300280758
1997,36,3.241564186409651,2.573497521222473,2.756867800286099,-1.2070178010318144,8267307.4213499995,42046,0.474383538571631,0.3560337684566164,0.16958269297175266,1085934.4,18656546.0,58206.61552250882
1997,37,3.176939112156136,2.669376939928007,2.932192865246304,-1.2144094567446595,3728734.3069666666,19257,0.5762467573941307,0.3006368455315149,0.12311639707435446,340580.3,7656825.0,44480.616965909496
1997,38,3.2251686987494304,2.5779200799368756,2.892461215172265,-1.24943309643387,339785.83622500004,10102,0.48288026679124774,0.3653940558828795,0.1517256773258727,22695.3,649716.0,34931.10836119166
1997,39,3.1941841715273616,2.652031458450282,2.8577019978014966,-1.2006614623871659,5469690.0315166665,26823,0.5209807668408507,0.32435910767801407,0.1546601254811353,501214.2,11277357.0,44444.296655679165
1997,40,3.2225383253581743,2.624538355487938,2.879334170302911,-1.22476433892395,1535416.2742666667,10343,0.5226554930059601,0.3316378486872642,0.14570665830677562,111864.6,3372917.0,33165.535944110095
1997,41,3.190932384315607,2.618558850438825,2.883673013090823,-1.22074508961246,1642154.6194333334,8810,0.5331991919472051,0.3215852612142321,0.14521554683856278,124840.6,3304310.0,37781.140389370245
1997,42,3.2247479883944243,2.619251111028055,2.818289382219044,-1.2061919505676097,5685730.917216667,29267,0.5086529519173345,0.3446533584814861,0.1466936896011794,521711.8,12227814.0,42665.99083041335
1997,44,3.239688376311196,2.61394942243634,2.790276788727019,-1.2059744764909424,479135.5449416667,7341,0.4902122779271412,0.35338637453000393,0.15640134754285473,43434.7,1025353.0,42360.72845156741
1997,45,3.177401488107647,2.670861651919489,2.9376093408553814,-1.2143729366776912,1820435.8068833333,7887,0.5691784033080781,0.29706553196995233,0.13375606472196955,144972.7,3859696.0,37560.65244516666
1997,46,3.1925401953438857,2.6022352435262026,2.9022522734859586,-1.2340222348321819,378701.1490166667,10705,0.497246173321872,0.33871207265472747,0.16404175402340057,27116.2,744223.0,36435.58449550739
1997,47,3.1855048742302046,2.652798730352256,2.9117980819012765,-1.2147488359773184,2570424.107125,8818,0.5512814376660059,0.3185278214895996,0.13019074084439444,226832.8,5499233.0,41248.0795049055
1997,48,3.2223907378848917,2.601885034814326,2.8465811201025466,-1.2221576058084729,9393929.072775,34206,0.5215184464448258,0.3334241806455423,0.14505737290963192,860046.9,19740317.0,43568.03895297122
1997,49,3.2335977299974346,2.5907116018483847,2.809025591748275,-1.216853616892484,1002579.5312416666,10677,0.5387993390079299,0.3359769763117632,0.12522368468030695,86283.5,2119784.0,40703.91134191031
1997,50,3.223940635324794,2.583844228117786,2.82989876320924,-1.2240661184550174,315186.717075,7695,0.49947667369614007,0.34823063451999886,0.15229269178386096,21372.2,597239.0,35785.00399337619
1997,51,3.273978923872177,2.592998676905834,2.785577299950015,-1.2179404680056203,3278014.4861166663,10891,0.49352981230335785,0.36910782938054937,0.1373623583160928,319992.6,6829183.0,46856.64449173496
1997,53,3.250985822322985,2.5664146063211506,2.8075522663732566,-1.228176133547606,2852898.801516667,9546,0.5040943348862288,0.371003924099459,0.12490174101431224,281522.2,5674747.0,49609.64779575195
1997,54,3.1915326261108246,2.6369862373214117,2.907738368194402,-1.2192318626718361,753136.1893916667,8317,0.5346464423208758,0.3097009371031418,0.15565262057598248,60364.6,1819113.0,33183.53505252285
1997,55,3.210232651516933,2.657298369612841,2.8913921614600135,-1.2155601562298617,2847448.2310249996,11500,0.5347998023615842,0.33535112065956457,0.12984907697885123,222978.5,5266213.0,42341.33712403961
1997,56,3.216131364830743,2.594593898867707,2.930891434727592,-1.2515257524316736,240977.00235833332,9041,0.49503120635904135,0.33587417170572237,0.16909462193523625,24257.7,489451.0,49561.038796529174
1998,1,3.1882737627200357,2.65287611108475,2.891392141705659,-1.2091229357212845,2073243.4654749997,9316,0.579869769322358,0.30092881983548947,0.11920141084215256,160396.4,4404701.0,36414.82134655678
1998,2,3.2648811379175,2.549764114636759,2.8208017052211307,-1.2428707914679433,301374.06848333334,8467,0.5045304770298086,0.3558001525621297,0.13966937040806177,40263.7,619932.0,64948.57500500055
1998,4,3.2237467535110587,2.5782662402202186,2.819965622901169,-1.2219273787164908,2161271.795816667,10257,0.4971171373160546,0.33422788670507275,0.16865497597887266,197492.1,4883342.0,40441.99648519395
1998,5,3.1655160185632147,2.6745113180836815,2.9470404763006655,-1.2134343258964135,1143144.4598666667,8924,0.5546927951092336,0.2866045056992226,0.15870269919154387,89905.3,2626289.0,34232.8281464835
1998,6,3.2321513997712956,2.574389533856007,2.802379210796197,-1.2194572497145943,15407717.023441667,57690,0.49028001681987665,0.360463830444772,0.1492561527353514,1538612.3,32987675.0,46642.03524498165
1998,8,3.2978422967811265,2.537545762603831,2.7440222891632247,-1.231470709063086,2178380.7527583335,11523,0.4722047794391315,0.40417110417902613,0.1236241163818424,206449.1,4116639.0,50149.915987289634
1998,9,3.281191514887331,2.5706318359454543,2.7274787321628673,-1.2125055134447116,1642405.7738166666,7588,0.4800675976831417,0.38650957145878767,0.13342283085807058,212255.0,3365352.0,63070.668387734775
1998,10,3.261278574358087,2.597487932433285,2.7972926499429227,-1.21640263908571,379018.17106666666,7671,0.4917684108970762,0.35702404345501093,0.1512075456479129,56487.0,763335.0,74000.27510856964
1998,11,3.3869412218809107,2.45046660131185,2.492511422885617,-1.1975433691607924,240344.7561333333,6168,0.3244444055835614,0.5093573111270548,0.16619828328938377,88108.1,565230.0,155880.084213506
1998,12,3.221309987164943,2.5738009746116113,2.8114786551608018,-1.2194621636759506,6960129.421725,31800,0.5043265136296834,0.32693669931823627,0.16873678705208028,634032.3,15486559.0,40940.81196474956
1998,13,3.214341644689099,2.635186889572149,2.874138511981282,-1.216450418507672,3885080.0506,12790,0.547294272422027,0.3276964395852691,0.1250092879927038,377705.9,7863536.0,48032.577201910186
1998,15,3.16834161563129,2.552768617150063,2.7631188993421603,-1.1954202865531673,559527.494975,6888,0.4817389650827737,0.30270248095572155,0.2155585539615048,58946.1,1215233.0,48506.00666703422
1998,16,3.1735181457021127,2.6280512854406832,2.957696292203981,-1.2373270379980383,622975.4384583334,11099,0.5382000988088965,0.306402976064616,0.1553969251264876,40879.3,1252330.0,32642.594204402994
1998,17,3.241807466445385,2.6175565993993577,2.7997420472842336,-1.2063276474006255,5899612.557,29831,0.5160129456741146,0.34421730495638214,0.13976974936950315,639642.7,12271847.0,52122.77336899653
1998,18,3.1812851156016593,2.696211764306861,2.9305190266624783,-1.2057079414620835,3029894.0698083336,10154,0.5714800965819228,0.3012555999142493,0.127264303503828,260549.9,5998880.0,43433.090843624144
1998,19,3.2032285006802925,2.64086266899185,2.9004353796457925,-1.2221935483308297,1529185.5466666666,10253,0.5270525589278322,0.326517933775434,0.14642950729673382,121031.0,2902872.0,41693.5366078835
1998,20,3.23704308024228,2.598532483891623,2.8324393593122,-1.223503339240398,1356404.7089,10288,0.5067732147132963,0.351925474316687,0.14130131097001664,112625.7,2660598.0,42330.97221000693
1998,21,3.2103360946718147,2.626889732286585,2.8784479732040507,-1.2202749314835677,1851887.6024500001,9051,0.5333691907318129,0.32601194554037066,0.1406188637278165,160810.1,3985390.0,40349.903020783415
1998,22,3.194947374512481,2.6370981367701845,2.8907701342975165,-1.2145112024502185,1973011.8689333333,8896,0.5297020986234527,0.311140633365023,0.15915726801152422,209356.6,4440344.0,47148.73442237809
1998,23,3.1881162152755653,2.6223501837392855,2.8923498116225694,-1.2195103208290636,623857.9280833333,7997,0.5480125171111254,0.3103924861328811,0.14159499675599352,48138.5,1259127.0,38231.64780042045
1998,24,3.337494810348628,2.5157787264263516,2.6900666942872893,-1.2323584573344495,2614383.62505,8297,0.42531474932790436,0.43953728214223736,0.13514796852985836,248662.9,5204464.0,47778.772223229906
1998,25,3.279842674695701,2.5696762045670276,2.7422481796039584,-1.215576524839531,3181363.2922166665,17875,0.4646365954358633,0.384212947467335,0.15115045709680178,335504.4,6271838.0,53493.792409816706
1998,26,3.200529788973738,2.64096092802613,2.868419404060479,-1.210562457530915,4918722.542575,25627,0.5360200124327029,0.320816180591673,0.14316380697562422,431274.3,9847942.0,43793.34281213273
1998,27,3.256762195850103,2.579647555793217,2.7923744024996178,-1.2233032778327644,2626422.8523583333,11976,0.4727553159983538,0.392289458749038,0.13495522525260822,237724.0,4813412.0,49387.83548966928
1998,28,3.193335951190422,2.6647986468525495,2.922495758866789,-1.2161003291457992,1210085.2503166667,7981,0.5407703467366747,0.315442431492911,0.14378722177041434,90960.1,2804834.0,32429.762331745835
1998,29,3.22909635916656,2.610734781253258,2.82312812132387,-1.2125629570727365,2709495.539658333,8735,0.5344407251047084,0.3463789959519816,0.11918027894330996,249234.0,5521765.0,45136.654674728095
1998,30,3.209403508806083,2.5609665962661996,2.866706107529938,-1.2393312196751454,443424.73765,10656,0.48620147875913905,0.34982329830223585,0.16397522293862507,31456.1,892431.0,35247.655000778774
1998,31,3.21684945675284,2.614419397565831,2.878993239621488,-1.228813732005615,897285.7966083334,10769,0.5014541880163828,0.3528941478078109,0.14565166417580636,75750.0,1695816.0,44668.76123353005
1998,32,3.151560526371492,2.5579151585984494,2.844996368802694,-1.2161130047102786,894186.9790083333,9462,0.47697862455165857,0.2842382453464772,0.23878313010186422,102779.4,1853191.0,55460.77009871082
1998,33,3.245360039114205,2.6081388546130375,2.8074064287678393,-1.2153266288673816,637590.7303583333,8114,0.5028338762051144,0.36574409265695307,0.13142203113793244,54954.5,1205940.0,45569.84592931655
1998,34,3.2706414642105237,2.579060175667874,2.7472760986097264,-1.2107465391425625,3961852.8139583333,21446,0.48724290654917995,0.373361092723304,0.139396000727516,461237.3,8287418.0,55655.12684409064
1998,35,3.233387820250187,2.5657635974438793,2.8490074778819476,-1.2387010280952175,800629.6030916666,9626,0.4850028104737512,0.3578535546590222,0.15714363486722657,67718.1,1793484.0,37757.85008397065
1998,36,3.2415667503464616,2.564028015743848,2.75445450086414,-1.2093112962248689,8320319.415291667,42260,0.474406875813741,0.35575330186633464,0.16983982231992434,1112323.6,18755906.0,59305.24497190378
1998,37,3.1975175257721413,2.648336297238326,2.90548579596715,-1.219768539389546,3669237.0962583334,18632,0.559591323416274,0.31524931776812487,0.125159358815601,351977.9,7809121.0,45072.665668773734
1998,38,3.2247831153273965,2.5758351651056772,2.8921729095813604,-1.2495637913072184,335686.2718,10158,0.4680770574900666,0.3684216329448568,0.16350130956507655,23971.3,647532.0,37019.48320700753
1998,39,3.200633685947945,2.6504763661711994,2.8565989053378114,-1.201805064026798,5479111.706191666,26834,0.5201504719861031,0.33016581896118985,0.14968370905270714,518604.0,11311536.0,45847.35441764938
1998,40,3.2046009212662625,2.6256287942192036,2.8815521297956135,-1.2186441387197458,1556759.3752666665,10421,0.5267917819967586,0.3322476795105533,0.1409605384926882,114928.1,3405194.0,33750.82300744099
1998,41,3.2108796495188687,2.580714492995548,2.849184003522053,-1.227321883134609,1681918.864125,9128,0.519414736765378,0.32917382640816245,0.1514114368264595,130425.1,3352449.0,38904.42479512739
1998,42,3.2218412881505194,2.62927999362145,2.8250982434132617,-1.2047500964020892,5681622.935483334,29523,0.5138057268114095,0.3421180522207335,0.14407622096785705,534933.6,12245672.0,43683.48262145189
1998,44,3.241606427153929,2.625514018055968,2.806123754547007,-1.208223476163078,473136.33228333335,7294,0.5032577060289641,0.34499304992490315,0.1517492440461327,45381.3,1031155.0,44010.16336050351
1998,45,3.1795482990510444,2.6544412668122637,2.9099274076445574,-1.2124673520513296,1857961.647625,7949,0.553233434378057,0.30009789646558105,0.1466686691563619,150732.6,3919235.0,38459.6994056238
1998,46,3.187190011129887,2.593609675325237,2.891853541385227,-1.2319772876056725,394509.8173666666,10551,0.49289880684134085,0.3337050897985426,0.1733961033601166,28772.1,746058.0,38565.50026941605
1998,47,3.191051131911781,2.662610640808877,2.913434844691997,-1.2146107174325642,2662379.9183833334,9048,0.5544681902452453,0.31570559060302555,0.12982621915172918,240963.4,5570045.0,43260.58407068525
1998,48,3.227262532285644,2.6054398859128916,2.8426420038281517,-1.2209097799152777,9658409.663225,34842,0.5139138966514084,0.33841698509510326,0.1476691182534883,920059.6,20157531.0,45643.46695039189
1998,49,3.246872091643837,2.59433836378781,2.804485190047753,-1.218915702377964,1037451.4634583333,10564,0.5390555659334889,0.3412982733499725,0.1196461607165387,91312.7,2165960.0,42158.07309460932
1998,50,3.225706353572678,2.5721405176665226,2.811374385782037,-1.2208297370419616,317069.3540583333,7728,0.5055988605987877,0.353723459317638,0.1406776800835742,22266.5,600416.0,37085.120982785265
1998,51,3.282305480024925,2.5684710470825465,2.7675319449914286,-1.2234500048189805,3412662.469225,11267,0.4811047651898778,0.3829559881900979,0.1359392466200243,338931.5,6900918.0,49113.97295258399
1998,53,3.2506963348804465,2.563288410142134,2.8044631794917976,-1.230351635730026,2924356.265225,9835,0.4899699698056461,0.378108936298031,0.1319210938963229,299817.0,5769562.0,51965.29649911033
1998,54,3.1857932438101213,2.6418232389903427,2.877969867209256,-1.2074651517953643,747412.4650916667,8015,0.5382211430514221,0.3069883862081482,0.15479047074042968,61725.7,1815609.0,33997.24279842191
1998,55,3.2134855218201976,2.656532646011229,2.869926985509251,-1.2090061093377253,2826221.578616667,11266,0.5398208469158942,0.32653135850809956,0.1336477945760063,232087.1,5297672.0,43809.26187955766
1998,56,3.2044468568744606,2.599270285397334,2.9525778536028984,-1.2520111853390206,245259.79622500003,9914,0.5153329623347875,0.3203750486197066,0.16429198904550585,24804.7,490787.0,50540.662242479935
1999,1,3.2061697403762053,2.6562496255018164,2.8826324843683557,-1.2091367276344929,2042128.0146666665,9489,0.5628706054933423,0.32186288241064004,0.11526651209601757,166531.8,4430141.0,37590.63199117139
1999,2,3.2556305165484933,2.5543609626815855,2.834479503899434,-1.2428852365576775,295877.0391333333,8755,0.501967605472505,0.3511789840234176,0.14685341050407755,39783.1,624779.0,63675.4756481892
1999,4,3.231130844850442,2.5628287684185924,2.804367247718623,-1.2224059179238325,2288332.9535666667,11001,0.5021438293956537,0.33699099901891655,0.16086517158542976,214293.9,5023823.0,42655.54339792624
1999,5,3.1900956457731127,2.6855288381643807,2.9586297205740486,-1.220979987938118,1176902.1221083333,9012,0.5557179134038123,0.29956680484211456,0.14471528175407325,94756.9,2651860.0,35732.240766857976
1999,6,3.245275078132732,2.567332922996326,2.783397598188864,-1.2195702917480977,15807726.419175,58077,0.48475510247944437,0.37106131628256867,0.14418358123798694,1655438.5,33499204.0,49417.248839703774
1999,8,3.289110396014936,2.5290803098674917,2.7351741449058764,-1.2293224294118932,2198006.541933333,11748,0.4567876133121054,0.4071114103471775,0.1361009763407172,221040.8,4226018.0,52304.7464539905
1999,9,3.306312916905138,2.550550392927218,2.7031866178691435,-1.2169482446009232,1671583.5151833333,7744,0.4630086506602704,0.4145517964622405,0.12243955287748909,218860.0,3386401.0,64629.0855690156
1999,10,3.2406056240546484,2.5961337112094056,2.8081218718284475,-1.2158695398749912,378734.92115,7563,0.5038427903370033,0.3490204147551814,0.1471367949078153,60866.2,774990.0,78538.04565220197
1999,11,3.3904263717635135,2.4423992593193593,2.5158195471785136,-1.2083144934289816,258890.77133333334,6556,0.31662614488604374,0.5154020280172659,0.16797182709669034,92096.8,570213.0,161512.97848347898
1999,12,3.207084849067788,2.572646304684704,2.83183088156653,-1.2227670891980713,7105110.064233333,32632,0.51028647978318,0.31864695479409005,0.17106656542273,664152.0,15759421.0,42143.172645746316
1999,13,3.2074997551389455,2.6349785408213418,2.882262780374841,-1.2163025547042663,3932452.458133334,12390,0.5427401562710658,0.3288807377043617,0.12837910602457261,404465.2,8045965.0,50269.321330629704
1999,15,3.1822806150821905,2.5280032362856715,2.741186218420893,-1.2024209522362121,566599.9866166667,6988,0.44588509467407417,0.34461572615402836,0.20949917917189756,59612.1,1210300.0,49253.98661488887
1999,16,3.1830003542835557,2.6178269677571935,2.958072410390116,-1.242270427521206,620975.1881916666,10917,0.54783648030351,0.31082260139074736,0.14134091830574266,44821.5,1275674.0,35135.544033977334
1999,17,3.2418924239466165,2.604685688722937,2.796370640528312,-1.2098190589585742,6116077.529433333,30719,0.5172959222002872,0.3426971304883748,0.14000694731133798,663857.8,12359020.0,53714.43690519151
1999,18,3.1990182508996754,2.6631962300392327,2.904944356813512,-1.215694657273592,2989136.9319499996,9782,0.5525038920816778,0.3123688142944326,0.13512729362388962,268864.3,6044969.0,44477.36621974406
1999,19,3.2167918680894214,2.6435596876564422,2.885397078667133,-1.221282349362469,1539417.2662833333,10140,0.5172844207391135,0.343249897975783,0.13946568128510353,123683.4,2917634.0,42391.677640170084
1999,20,3.2361782420206953,2.598494912308841,2.827100720392538,-1.2216191616547072,1385624.8676333332,10235,0.5148862373314441,0.3479448194742569,0.13716894319429904,115486.4,2678338.0,43118.68031592727
1999,21,3.205954559561239,2.629420923545596,2.9032942821777072,-1.2248000031317048,1873075.7009583332,9241,0.548898853138435,0.3220710344642276,0.12903011239733736,165761.9,4018053.0,41254.28410227541
1999,22,3.1903868886633533,2.6240177015091573,2.8877192423822233,-1.2175582924336916,1958539.9279583332,8969,0.5190945676508735,0.3155962410087918,0.1653091913403347,213475.3,4460811.0,47855.71502581033
1999,23,3.2056910032768626,2.615381364239999,2.8975059445693936,-1.229650899008884,651034.770625,8185,0.5226696278822913,0.32701161969489995,0.15031875242280876,50620.3,1266808.0,39958.93616080732
1999,24,3.334681457054023,2.522980538545768,2.6991455434839806,-1.2322671615153709,2669134.1441333336,8312,0.42501873045816324,0.4341754828239597,0.1408057867178771,258913.4,5254509.0,49274.51832321536
1999,25,3.2803639129594955,2.5666705063633035,2.7513285506842684,-1.218747208582506,3175511.422025,17991,0.4625227143654123,0.3874887770992079,0.14998850853537973,353837.9,6317345.0,56010.539237606936
1999,26,3.207580319962578,2.6360687670824268,2.8627292176887997,-1.212139303340633,4962343.203491666,25740,0.5208310366772438,0.32882739363443525,0.15034156968832088,457637.6,9897116.0,46239.49037275101
1999,27,3.258220090072461,2.579902561785884,2.7732695605853848,-1.2170408627614708,2627918.6287833336,11726,0.4730914705405885,0.4029709634878262,0.12393756597158534,247004.7,4873481.0,50683.42320407118
1999,28,3.183922820541113,2.6459898303851404,2.9390411311907165,-1.226139280849141,1219492.6376166667,7714,0.5568652132171278,0.29887639255053133,0.1442583942323408,93597.7,2828408.0,33092.00794227707
1999,29,3.2501727929662856,2.6005681987134603,2.8191330387145137,-1.2213213918383572,2754632.266525,8766,0.5148100264532535,0.354065420878855,0.13112455266789147,256290.4,5561948.0,46079.25137020339
1999,30,3.228278982260786,2.566516858376985,2.8850769130200096,-1.2478652928771277,453724.30555,10932,0.4803098286482406,0.35259729326774214,0.16709287808401715,31633.4,897507.0,35245.85323568507
1999,31,3.2272901612004543,2.6211296676496167,2.894405136298238,-1.235238180314596,888606.7655166667,10780,0.5042469672740745,0.35728682054920985,0.13846621217671573,77421.1,1704764.0,45414.555915070945
1999,32,3.1439701332260435,2.560147204099459,2.8427295225539004,-1.211158930737979,903589.4427916667,9955,0.46257239638091524,0.28313831939522366,0.25428928422386105,110091.0,1934718.0,56902.86646425991
1999,33,3.2531616568691906,2.59427381215529,2.7929964265888985,-1.2157073966397978,646496.6746583333,8287,0.5075313527792081,0.37047348815761505,0.12199515906317678,56913.1,1222014.0,46573.19801573468
1999,34,3.2720957472287906,2.5726662526232125,2.744980005430547,-1.2112803867205209,4057364.834816667,21782,0.4975218538456671,0.37336558307934914,0.12911256307498378,477827.9,8359592.0,57159.23695797594
1999,35,3.252139835542703,2.5644540512917717,2.8288277414751994,-1.2383903781908885,770468.0564333334,9399,0.48303133399418385,0.35710790768567574,0.15986075832014035,71421.0,1808082.0,39500.9739602518
1999,36,3.254319488447294,2.555905204818476,2.745127934007281,-1.2136131274960535,8396972.946691668,41719,0.45840600144559707,0.3695715837068663,0.17202241484753664,1172149.8,18882725.0,62075.24602513673
1999,37,3.1973175364296367,2.6356492293797777,2.8998007667130374,-1.221405815716637,3739663.065533333,18719,0.5584347413039177,0.3191988869928167,0.12236637170326559,372030.3,7949361.0,46800.025813395565
1999,38,3.2350982497926033,2.568064903864505,2.8903866741643163,-1.2536977862755394,328743.8980666667,10056,0.4677871532859718,0.3715563162357783,0.16065653047824996,24069.6,644259.0,37360.13000982524
1999,39,3.2233941347832054,2.6378063083206764,2.8486256088662754,-1.2105088690950287,5530927.677858333,27491,0.5235968152719642,0.34061565201901695,0.13578753270901886,530745.6,11335454.0,46821.732945147145
1999,40,3.219477332473861,2.609557210312068,2.8513340150834954,-1.218301050887219,1599410.7994083334,10512,0.5234113116649137,0.3351611135647894,0.14142757477029688,116968.4,3437147.0,34030.665549073114
1999,41,3.2289931844609785,2.58156549096061,2.829713722964741,-1.227110448813625,1663542.8085416667,9134,0.49322945040263083,0.35357393082538907,0.1531966187719801,133761.7,3393941.0,39411.91081400649
1999,42,3.2204641708852413,2.618210000614103,2.814743474169449,-1.2044190772864152,5732685.155266668,29589,0.5037429012958099,0.3533036284343836,0.14295347026980648,552163.6,12263805.0,45023.840480177234
1999,44,3.2305094841674813,2.610432181998829,2.772451143230055,-1.1975064321537454,486840.6731,7731,0.500400067321818,0.35743999165342916,0.1421599410247529,46831.2,1040402.0,45012.60089849885
1999,45,3.2075917480751444,2.6469010084370623,2.881451023349318,-1.2141825700871527,1856283.7195416668,7641,0.5484360271471306,0.32049924317710904,0.13106472967576036,157645.5,3974682.0,39662.41827648099
1999,46,3.2092084104823275,2.6033014185942567,2.8740404181072976,-1.229916953299309,388934.5066,10417,0.49748143385652493,0.34710862531448156,0.15540994082899348,30038.3,750412.0,40029.077360170144
1999,47,3.2062215043243754,2.645658481451712,2.886865274291344,-1.215576850608761,2701320.754216667,9657,0.547345120051927,0.32110514246053723,0.1315497374875357,248457.5,5638706.0,44062.857684014736
1999,48,3.234590812614263,2.589960823263054,2.8401311273199528,-1.2281520116656859,9807858.170883333,35918,0.5075985437294862,0.3482059493308365,0.14419550693967717,957247.2,20558220.0,46562.747163908156
1999,49,3.248429629069248,2.5889776871158166,2.7926616346187174,-1.2178420350003802,1048884.1780916667,10818,0.5178420345101405,0.35976521820198726,0.12239274728787224,95206.8,2203482.0,43207.432599857864
1999,50,3.244992149090096,2.5617779559255296,2.802380059016032,-1.2275527287554637,323721.0237083333,7730,0.48532970517330276,0.3807747977799693,0.13389549704672793,23561.7,604683.0,38965.37524620338
1999,51,3.2908948902296853,2.5591381509836544,2.7492412857902315,-1.2219915192278548,3420048.84825,11322,0.4782762575111665,0.3954496387074948,0.12627410378133877,356391.8,7000174.0,50911.84876261647
1999,53,3.2647191918355998,2.5686547601960465,2.8052914506106297,-1.2321917575950463,2929553.914291667,9859,0.47502856021432666,0.38419785046100596,0.14077358932466744,322721.6,5842564.0,55236.296940863635
1999,54,3.1688971471054566,2.6464027633477207,2.9101045371198127,-1.209708486674909,766541.148775,8246,0.5402039451658293,0.3047731825842715,0.15502287224989927,63691.7,1811799.0,35153.84432820638
1999,55,3.2101005135464753,2.6507124330597556,2.885440067873993,-1.216548801779868,2803604.835233333,10971,0.5314508894682201,0.33097380796363574,0.13757530256814415,242026.0,5332666.0,45385.55386742766
1999,56,3.1963405861293523,2.60395370748356,2.9588006365500283,-1.249716480641706,251794.32578333336,9710,0.5131876129757995,0.31219441405877846,0.174617972965422,25866.8,491780.0,52598.31632030583
2000,1,3.1965114364167775,2.648137784720088,2.8910046810838814,-1.2132011449010685,2019120.4303416666,9690,0.5502404052571775,0.31799374934482066,0.1317658453980017,168695.3,4452173.0,37890.5536689612
2000,2,3.2713756975708854,2.5548755978759545,2.8108696576627867,-1.2390356270919434,298903.29597499996,8775,0.4867800296864051,0.3661813881174518,0.1470385821961431,38428.1,627963.0,61194.84746712784
2000,4,3.2302406403099844,2.5709304289750357,2.8186319381061566,-1.225571448106012,2400489.4149166667,11093,0.5080399405463892,0.3295934856777444,0.16236657377586647,224729.3,5160586.0,43547.24444084451
2000,5,3.1909828238799047,2.6798638257747984,2.9526653948494435,-1.2205517782182922,1202117.1159583332,9114,0.5550501079534903,0.30404900165052845,0.1409008903959813,95509.8,2678588.0,35656.771403440915
2000,6,3.2406056693597076,2.5744106309176353,2.789353106833334,-1.2181423524259378,16012085.168841667,58626,0.49446054667145306,0.36420421585465257,0.1413352374738944,1784320.6,33987977.0,52498.58207212509
2000,8,3.2807975062781054,2.534858285722818,2.7531653004924235,-1.2307662201906167,2287087.2386,11136,0.4654084288240859,0.3950064130980419,0.1395851580778722,238739.3,4326921.0,55175.33137304795
2000,9,3.295568000514514,2.5666868683079063,2.7281044372662357,-1.2170023879020824,1740907.1134666668,7859,0.4676261020918675,0.4045006992803483,0.1278731986277842,233874.2,3411777.0,68549.08746966756
2000,10,3.2662057165081215,2.5828491918920835,2.794065507113539,-1.2237188091397875,398346.4023166667,7717,0.4795768042388051,0.3747494075192992,0.14567378824189575,63388.8,786373.0,80609.07482835754
2000,11,3.398846969492545,2.445232819001624,2.5418487115743877,-1.218898796884231,286844.45535,6937,0.32660346603897217,0.5150677113590164,0.15832882260201137,92764.3,572046.0,162162.3086255301
2000,12,3.21722381037843,2.560435991747026,2.824396970104381,-1.2280998147515423,7577920.309691667,33461,0.5117978731391012,0.32204769585060306,0.16615443101029576,693837.3,16047515.0,43236.4325566918
2000,13,3.2217332433431327,2.6227013915730146,2.881183694020757,-1.2242763748794614,4094941.9903749996,11945,0.5443051572081508,0.3281690861332786,0.1275257566585707,417713.5,8227303.0,50771.61981271384
2000,15,3.159566706975341,2.557162053299295,2.771111908822876,-1.1945019202891063,576716.8823833333,7344,0.47360381543272617,0.31047742899179565,0.21591875557547816,60745.7,1213519.0,50057.47746842035
2000,16,3.1830986000230133,2.6053092496500274,2.936951625505442,-1.2401902915905916,629964.851325,10927,0.5402168930132975,0.3150859766682312,0.1446971303184713,49793.0,1299430.0,38319.10914785714
2000,17,3.235093345129716,2.608193154597477,2.8058737252707044,-1.2089729984345938,6246595.677591667,31142,0.5192010968346193,0.34068084662468245,0.14011805654069812,687111.4,12434161.0,55259.97290850585
2000,18,3.202609555068038,2.6614012142123205,2.9279144075929437,-1.224661478625001,3024719.8157916665,9939,0.5560992762322912,0.3077508295653203,0.13614989420238852,278990.4,6091866.0,45797.19908481243
2000,19,3.2307329010506467,2.639974888118278,2.8756993173515357,-1.2208252519009863,1543729.7780083334,10116,0.5242418166024019,0.3562088532167101,0.11954933018088805,129323.4,2929067.0,44151.738420459485
2000,20,3.2352405751028,2.58256303785898,2.8136631269910297,-1.2233871858657304,1361910.8804833333,10097,0.5011633790981805,0.3517609236138375,0.147075697287982,118840.9,2693681.0,44118.401547919
2000,21,3.1928332320043133,2.6144658567145296,2.8925292627038264,-1.2234790049706963,1897706.3040916668,9114,0.5371335568153331,0.32565754074036607,0.13720890244430067,161101.0,4049021.0,39787.642494321466
2000,22,3.2216052092097693,2.6019003237239753,2.8611738936666113,-1.226126079870648,1902142.2508583332,8424,0.5049314959612929,0.3323159098710567,0.1627525941676504,206556.1,4471885.0,46189.94003647232
2000,23,3.1960432207635137,2.6229569655113805,2.9087558498914454,-1.2272375896173047,666485.4141083333,8230,0.5455411546078103,0.3152899014328821,0.1391689439593076,52958.5,1277072.0,41468.68774822406
2000,24,3.316550296719777,2.538403538893791,2.717452461393099,-1.2264985168186802,2692451.8668083334,8579,0.44121937112991166,0.41485895451071664,0.14392167435937173,269301.2,5311034.0,50705.98305339412
2000,25,3.305473132585206,2.5583332841781825,2.7215659289886367,-1.218879941320872,3238126.9589833333,17060,0.4410986735217967,0.4169161692270498,0.14198515725115338,382599.6,6361104.0,60146.729246998635
2000,26,3.219344193130883,2.6313457369486417,2.8541625442194873,-1.2137522314578013,4986748.077875,25582,0.517553954179211,0.34035708872478615,0.1420889570960029,467654.4,9952450.0,46988.8720867726
2000,27,3.248811940903868,2.5929338536002144,2.793642419874367,-1.216425879661966,2715778.9992333334,11764,0.4820974407950973,0.3854741172446656,0.132428441960237,263345.6,4933692.0,53376.984213850395
2000,28,3.171768912331007,2.663033183408302,2.913356935672784,-1.206769245456734,1261445.3287416666,7727,0.5510347281184819,0.2952397536309313,0.1537255182505868,93957.0,2848353.0,32986.43110597598
2000,29,3.2533603540849607,2.593917744267784,2.8148106179598984,-1.222574622254907,2877893.5279833334,9212,0.5028613456872496,0.3675586569703116,0.12957999734243877,262665.4,5607285.0,46843.597213268105
2000,30,3.2018127736015654,2.583790402112941,2.9112719577982946,-1.2436339647609604,451860.7206333333,10349,0.4923024454123681,0.3319462133735287,0.1757513412141031,32513.7,903773.0,35975.51597580366
2000,31,3.237873214860025,2.610418296782523,2.875109374433707,-1.235169360846433,910273.6657750001,10938,0.5063661026732745,0.3663121832939678,0.1273217140327576,80268.2,1713820.0,46835.840403309565
2000,32,3.1447051331626388,2.5614723070403227,2.83908429307861,-1.2092941761844729,1016701.5994416666,10499,0.47651255664904185,0.2769141773337777,0.24657326601718046,114810.2,2018741.0,56872.17924439044
2000,33,3.25101691378991,2.5872515892070465,2.7907386460252397,-1.218032412200884,675761.880125,8338,0.492584055815541,0.38017685535660434,0.12723908882785462,60742.5,1239882.0,48990.54910064022
2000,34,3.2777655059809714,2.566483345792299,2.7399216596581213,-1.213997151179315,4170098.4299,21667,0.492943492673311,0.37344814682333394,0.13360836050335503,503901.5,8430621.0,59770.38939361644
2000,35,3.2325595755290806,2.5638571722701875,2.8199057514372914,-1.2297190754391838,815771.8461000001,9232,0.48414804271093687,0.34804514356252264,0.16780681372654047,72733.8,1821204.0,39937.20637556254
2000,36,3.250806628877072,2.559868213748393,2.7598449209498255,-1.2161038529198454,8802330.5072,42379,0.4628623191498496,0.35766415286186665,0.17947352798828378,1217036.4,19001780.0,64048.54703085711
2000,37,3.198552778929041,2.6411305052045964,2.9203066069754655,-1.2264482332877438,3979846.5040416666,18464,0.5519279669835887,0.31671422053034304,0.13135781248606831,384115.3,8081614.0,47529.528136335146
2000,38,3.2360479498432753,2.5774290863332503,2.871805900419449,-1.2445443961151346,337045.325775,10121,0.48363053995722355,0.363490842296301,0.15287861774647546,24990.2,642023.0,38924.15069242068
2000,39,3.226274470277595,2.6243087910219027,2.828985122268815,-1.2095981837983723,5529471.833783333,27408,0.5116160341682005,0.3456058955031218,0.14277807032867773,541005.9,11363543.0,47608.91035480748
2000,40,3.2184637220037757,2.612575284414095,2.8663226365612555,-1.2235034401464175,1601681.519925,10384,0.5324026482692779,0.3312201370029496,0.1363772147277726,121170.2,3454365.0,35077.41654399579
2000,41,3.241573713558409,2.581745167129633,2.829326995794068,-1.2299878198016925,1743013.4927833334,9114,0.49206367949856533,0.3676795072067535,0.14025681329468118,145094.2,3429708.0,42305.11752020872
2000,42,3.2342150698961984,2.6046170750999362,2.815921355510118,-1.21326617863686,5846251.609375,29141,0.5013048830376442,0.35522186684378526,0.14347325011857057,566250.9,12284173.0,46095.97243542565
2000,44,3.269039164790516,2.5751610846097024,2.7416802484042027,-1.2124146633741761,515913.919375,7420,0.47928361826456106,0.3768752182298856,0.14384116350555323,49113.6,1050268.0,46762.92146385494
2000,45,3.207619176991009,2.6462071114121137,2.889835762363918,-1.2167785902812185,1896057.4386,7559,0.5387909431355096,0.3263146912981719,0.1348943655663185,161880.2,4024223.0,40226.448683385584
2000,46,3.221421947668967,2.5911274662904993,2.8533676158308396,-1.2296837503322087,400705.0220833333,10765,0.48082631412332816,0.3659985240908774,0.15317516178579452,32124.9,755844.0,42502.02422722149
2000,47,3.2163968041941544,2.633976393787203,2.869475250221328,-1.2163219100121292,2741195.371383333,9528,0.5273521860536471,0.34289270268664157,0.12975511125971123,251030.2,5703719.0,44011.67028039074
2000,48,3.2236604070253208,2.593821024100825,2.8492147709131785,-1.225888797386536,9959749.102358334,36194,0.5183474089377801,0.336109453134747,0.14554313792747295,989904.9,20944499.0,47263.24081564329
2000,49,3.2514210606965883,2.5861518174972513,2.8181530906681225,-1.2263125489594005,1093311.4334583331,10298,0.5157890457077782,0.3631507439143016,0.12106021037792032,98648.5,2244502.0,43951.17491541553
2000,50,3.2359533247994317,2.5852135101032174,2.8143844472965323,-1.221410026987118,324687.0872916667,7643,0.49181407615833345,0.3726309704844451,0.13555495335722137,24844.6,609618.0,40754.374050634986
2000,51,3.2951244299085523,2.5516680246578414,2.7524059425936365,-1.2267118243753399,3542755.0485916664,11549,0.4729814663623406,0.4003976497525383,0.12662088388512113,372914.1,7105817.0,52480.11593881463
2000,53,3.248567088543713,2.5583338683696675,2.7878733695435525,-1.2263812040367847,2914903.0335333333,9421,0.4824004139323403,0.3711655629512646,0.1464340231163951,325857.6,5910512.0,55131.873516203
2000,54,3.1771425835313813,2.6310377309771558,2.906942461208971,-1.2174188199229858,771007.0556833333,8397,0.5301524561482787,0.3116968929702115,0.15815065088150984,63364.6,1807021.0,35065.77953438283
2000,55,3.2005108230742807,2.674133190803465,2.907870828902651,-1.2120909980248877,2861355.8045249996,11196,0.5464688811786041,0.3126378176590323,0.1408933011623635,248572.0,5373999.0,46254.56759482092
2000,56,3.218199946330472,2.5988340141987534,2.926097394271658,-1.2478751254786502,258324.84053333334,10178,0.507189689131938,0.3343994814878992,0.15841082938016285,26614.2,494300.0,53842.20109245397
2001,1,3.1959560930070574,2.63632130521292,2.8799149302292464,-1.2125726139239539,2006740.9471749999,11043,0.5527243591330416,0.3166871425504042,0.13058849831655414,168448.3,4467634.0,37704.14049136523
2001,2,3.2696575770552045,2.559310483618818,2.8172335871150858,-1.2389100774437358,304723.75437499996,10989,0.47909004866717697,0.3748051431120049,0.1461048082208182,40014.4,633714.0,63142.67950526578
2001,4,3.2502089356804524,2.56343617795348,2.808823485183636,-1.2320973542878508,2415197.862875,10267,0.49676556412373163,0.34817919319902174,0.15505524267724663,230885.6,5273477.0,43782.42286825182
2001,5,3.181058632576112,2.6617592428109553,2.930785097525097,-1.2157768602643837,1169611.488075,8667,0.5508282922183897,0.3103177673881163,0.13885394039349408,95528.7,2691571.0,35491.80014199886
2001,6,3.2510038215785824,2.567716642788866,2.789682363066665,-1.2229539820327882,16097410.671283334,56616,0.48103718603288464,0.37377916123884586,0.14518365272826947,1784567.7,34479458.0,51757.41741648027
2001,8,3.289646877009405,2.53466657409959,2.7498775164223175,-1.2327516898321322,2278968.4794416665,15189,0.466208628654279,0.39582927686002284,0.13796209448569816,242650.1,4425687.0,54827.6685630954
2001,9,3.301142144208411,2.542363005931554,2.726012994592176,-1.2266396251187446,1696681.6139916666,12097,0.45017529441810855,0.4106232053226475,0.13920150025924394,236338.1,3432835.0,68846.33255020996
2001,10,3.2794538888126166,2.5834104043541806,2.7896054963630124,-1.225718132870105,406481.1120166667,9772,0.4841168797763091,0.37263988781792906,0.1432432324057619,65724.8,795699.0,82600.07867296554
2001,11,3.400998359863587,2.450102697480012,2.5373176825122035,-1.2159826541223613,278677.5436,7940,0.3143765442368864,0.529938257323126,0.1556851984399876,96185.3,574504.0,167423.2033197332
2001,12,3.2254019268374505,2.556081563353401,2.812170339032169,-1.227460457847782,7552152.262108333,32628,0.4897663710126843,0.3371737675375,0.17305986144981575,714638.0,16356966.0,43690.131776271955
2001,13,3.2457060416465393,2.6209616530300215,2.839223969830855,-1.2179935534733184,3997719.8249333333,11081,0.5361902311997596,0.3497926222880774,0.11401714651216295,422731.6,8377038.0,50463.13506038769
2001,15,3.182545880679653,2.5618639227501188,2.774833624199472,-1.2000661723304515,577150.9273916667,9779,0.46462616815750496,0.3233149433848555,0.21205888845763954,60446.4,1225948.0,49305.8433147246
2001,16,3.1941861284709407,2.595239148522385,2.9011058524341475,-1.2353833450363674,651059.490125,11069,0.5270703521299865,0.31854097260552044,0.15438867526449299,48695.4,1319962.0,36891.51657396198
2001,17,3.2414717710708767,2.612207196077842,2.80779717760308,-1.2094075318436934,6140456.603116666,30011,0.5102226423911876,0.35150456986841583,0.13827278774039656,688404.3,12488445.0,55123.29997850012
2001,18,3.1992351339632137,2.6646609976656044,2.9116909117026246,-1.2140440849810152,3042320.7362583335,13775,0.5567057587324533,0.31432081994945277,0.12897342131809392,273884.4,6127760.0,44695.67998746688
2001,19,3.23644669358116,2.626147551499372,2.8467735209093363,-1.217932665673894,1549025.7540666666,13814,0.5131441943954714,0.3605972550613996,0.12625855054312887,128077.5,2931997.0,43682.68453207831
2001,20,3.246662367184834,2.59311546189869,2.8370506851531814,-1.2295352378532531,1340112.9416500002,12573,0.47757421878124456,0.36665165042255593,0.15577413079619948,119474.1,2702162.0,44214.26250535682
2001,21,3.242405938656654,2.607982336541522,2.8541792232624346,-1.2275798337134252,1825349.3607166668,10016,0.5115139800026134,0.35693644952114845,0.1315495704762382,161316.4,4068132.0,39653.67888750906
2001,22,3.216624445132963,2.6080385086237516,2.8812714781677027,-1.229267522731738,1906510.7394833334,8096,0.5104365739603984,0.3251332254170161,0.16443020062258548,210534.7,4477875.0,47016.65410490467
2001,23,3.2220827390047155,2.5937015072701683,2.8648578309628916,-1.231306271625867,677725.8581,12599,0.5201097052900964,0.3367211542359967,0.14316914047390703,54066.2,1285692.0,42052.21779399732
2001,24,3.338714428017553,2.518919506237259,2.6928924606084244,-1.2316771387618735,2710755.995975,12360,0.4194147399583174,0.4464611260184026,0.13412413402328002,281053.6,5374691.0,52292.04804518064
2001,25,3.3027036727048062,2.540556839830887,2.707608233100185,-1.2203498856207147,3262586.968183333,16651,0.43426973768701344,0.41637057899923935,0.14935968331374724,388180.8,6397634.0,60675.68104083478
2001,26,3.2300873773788616,2.6161435986185295,2.8388485431564887,-1.218016683051353,4947659.4423,23928,0.5101611052747351,0.3499065974147108,0.13993229731055404,453301.5,9991120.0,45370.438949787414
2001,27,3.2641468577288038,2.583758675177993,2.7788725308487465,-1.2185316692907942,2797870.581083333,15884,0.48047763045009506,0.39275553776445954,0.12676683178544548,263518.7,4982796.0,52885.70914803656
2001,28,3.177852327438417,2.6896729007862965,2.941947641004239,-1.2095028363908846,1214141.7915666667,7205,0.5533949515557003,0.29999795925828415,0.14660708918601553,93515.5,2852994.0,32778.02196569639
2001,29,3.2407432980341344,2.59665733745512,2.85659537046597,-1.2324627525937923,2862714.5735,12114,0.5156418508662606,0.34913332079729176,0.13522482833644764,260381.1,5641142.0,46157.51562360954
2001,30,3.2116511767802223,2.5622487782938053,2.8830435209317913,-1.2449977112260113,440739.2902916667,9363,0.4695455184003843,0.3546824580242518,0.17577202357536384,32689.6,906961.0,36043.00515678182
2001,31,3.2318916001360445,2.6010851200653455,2.85396749151707,-1.2296837548997506,907781.332225,13273,0.5004560823063126,0.35910588923763287,0.14043802845605458,82268.1,1719836.0,47834.85169516163
2001,32,3.15877585420389,2.5574247259637537,2.844789995215887,-1.2176538148897371,1029043.1646416667,13592,0.4720824272451709,0.28286217554797327,0.24505539720685576,116267.3,2098399.0,55407.62266852014
2001,33,3.2528468741511958,2.586873952088404,2.8013141271486792,-1.2218299526391896,680135.05465,13118,0.4963034209445632,0.3750565857211828,0.12863999333425397,61719.4,1255517.0,49158.553806917786
2001,34,3.2921822574558366,2.5555252417518086,2.726302719996623,-1.217097840081905,4214944.219916667,21367,0.4625172666836929,0.39618621925307435,0.1412965140632327,509631.5,8492671.0,60008.38840925311
2001,35,3.2310162585529985,2.5604309545524067,2.8440988916503116,-1.2398576943000905,823315.9998333333,8927,0.47962934747025954,0.3348055403072508,0.1855651122224896,72996.4,1831690.0,39851.9400116832
2001,36,3.2609237750323694,2.5518142845801868,2.7559849465377853,-1.220194613599906,8669986.4181,40713,0.4512345034369816,0.37408418713838015,0.17468130942463825,1240755.2,19082838.0,65019.42740382746
2001,37,3.2028512316924362,2.632331606523271,2.9170993563365215,-1.2292490499036648,3906937.0426666667,17423,0.5332555180999189,0.3250847361292606,0.14165974577082047,387433.9,8210122.0,47189.78597394777
2001,38,3.2264378700564014,2.5788674012624573,2.871148897039768,-1.2422764179024128,338325.53725833335,12009,0.4777800063888338,0.3625745440507128,0.15964544956045343,25329.8,639062.0,39635.90387161183
2001,39,3.22583221727554,2.6198688320584314,2.8233545478052053,-1.2083535496515099,5690193.862908334,27119,0.4971163390629711,0.3485301994105096,0.1543534615265193,534612.4,11387404.0,46947.69764908666
2001,40,3.230515798330002,2.6044039793660603,2.877587593533424,-1.2339909843321606,1603282.850025,10535,0.5224320153140999,0.3344448610402411,0.14312312364565902,125695.7,3467100.0,36253.8432695913
2001,41,3.243460131455278,2.5706832745576826,2.8093908338053737,-1.2266298514735183,1707688.4120416667,11880,0.476591865041736,0.3766672182739714,0.14674091668429265,144486.5,3467937.0,41663.53079655138
2001,42,3.2494167082873635,2.595434748493293,2.803861989969249,-1.217384014458723,5931820.397841667,29488,0.49086382484413954,0.3675906730372107,0.1415455021186497,577677.5,12298970.0,46969.58363180006
2001,44,3.256654415415762,2.5887193796288326,2.7584505183720256,-1.208622124364551,513039.75207499997,12208,0.47103434898658497,0.37886529736045055,0.15010035365296437,49705.2,1057142.0,47018.470555516666
2001,45,3.2198975975819586,2.6268598928779334,2.855904527956875,-1.2164286167127676,1835382.4857,8619,0.5368105113380027,0.3258411692177901,0.13734831944420714,162837.1,4064995.0,40058.376455567595
2001,46,3.231685260020305,2.587649176369823,2.8432687506168715,-1.2313231020659507,404059.72364166664,13222,0.4690638830723963,0.3719752973879498,0.15896081953965388,32396.9,757972.0,42741.552458402155
2001,47,3.20362450257228,2.648467765114231,2.9058384355060825,-1.2191174784568883,2752168.3391833333,9646,0.5458434880941979,0.32375706751371697,0.13039944439208517,250311.4,5750789.0,43526.4448060953
2001,48,3.229449518686051,2.590761631258862,2.8408770790388593,-1.2254082729793134,9975774.440825,34444,0.5154986241711309,0.33967590370535405,0.144825472123515,1020517.0,21319622.0,47867.49971458218
2001,49,3.2464476510706906,2.5816996085497705,2.8286092417811872,-1.2297552916663996,1095345.5875416666,11186,0.5120365491156574,0.3564858011355046,0.13147764974883794,100244.3,2283715.0,43895.275899138025
2001,50,3.2491494556665277,2.5753091995643493,2.818162701624231,-1.230846766873928,328053.77591666667,11522,0.4811061142984841,0.38542106233051965,0.13347282337099622,25681.8,612223.0,41948.440355883395
2001,51,3.3003246476793113,2.5543818215776937,2.7697778657099636,-1.2332785942705997,3527280.9507,13588,0.46518987035604914,0.4114405983165756,0.12336953132737526,386444.7,7198362.0,53685.08835760135
2001,53,3.2559098956005346,2.571275096889725,2.801846255163928,-1.2271664083370537,2841160.825066667,12342,0.4826650503018782,0.3764346008748211,0.14090034882330066,317860.6,5985722.0,53103.13442555468
2001,54,3.199578337220201,2.642329010653781,2.926479942798649,-1.2254017428793624,779851.9023083333,9918,0.5124215766307265,0.32015252909867253,0.16742589427060092,63599.8,1801481.0,35304.174731790124
2001,55,3.21341322373971,2.663986972646604,2.8959614431990084,-1.2152145957528024,2899769.361066667,15907,0.5365635558122239,0.3247237252437713,0.13871271894400475,252941.8,5406835.0,46781.86036747931
2001,56,3.225629524117885,2.6040701240101902,2.9395390227841385,-1.252267707446306,261735.53586666667,11632,0.5137110344658964,0.33978600819954785,0.14650295733455568,28338.1,494657.0,57288.383667874914
2002,1,3.2268962427939623,2.641249238259676,2.8583287046940167,-1.2131802789421162,1967873.755225,11243,0.5085684277921302,0.34790598536252104,0.1435255868453488,172430.4,4480089.0,38488.163962814135
2002,2,3.261698765143828,2.5529444115622595,2.8299898395407155,-1.2432961882956113,300778.9104666666,11891,0.4782681196434539,0.363753814675873,0.15797806568067327,41904.7,642337.0,65237.87357726552
2002,4,3.268585040660645,2.5509695471882696,2.7929024328733774,-1.2376387244527898,2432536.9324166668,10510,0.481372390086658,0.36723345748397834,0.1513941524293637,238257.1,5396255.0,44152.30562677264
2002,5,3.1803054401067996,2.6524494329482353,2.9316059105229137,-1.2214016983103024,1194543.995925,8769,0.552425196788527,0.30586210803845976,0.14171269517301327,98556.6,2705927.0,36422.49033325733
2002,6,3.2458257278774405,2.5608032821934676,2.793828124057345,-1.2254490993752862,15819897.093491666,55883,0.48217430874111916,0.3664793630678382,0.15134632819104266,1821509.5,34871843.0,52234.39151179936
2002,8,3.2806655486520064,2.527139039408334,2.7689721994882426,-1.238697678906795,2277253.8883083332,17640,0.45725723471048235,0.39683094997404805,0.14591181531546968,243701.9,4490406.0,54271.68501021957
2002,9,3.302594531273123,2.538452750243399,2.715880812280884,-1.2263943612608108,1744020.4428333333,14867,0.45043590872958417,0.41131719918588566,0.1382468920845302,234307.3,3458749.0,67743.36617083229
2002,10,3.276350580232968,2.5698462748089854,2.7689841788612823,-1.2207669696732955,394844.613025,10696,0.47506567724836485,0.378331368860352,0.14660295389128314,63702.5,806169.0,79018.79134523902
2002,11,3.4118996707705933,2.4316362979726125,2.5008646673449295,-1.211521481180805,274455.01207500004,7813,0.2933882038936964,0.548247566391224,0.15836422971507955,99014.7,573158.0,172752.88838330793
2002,12,3.2388364224685326,2.55253492576569,2.806200251323814,-1.2305947912171382,7626463.338566667,32221,0.4806713193956477,0.34614930975314695,0.17317937085120527,746252.8,16689370.0,44714.25823742898
2002,13,3.249114607610098,2.614989647117695,2.864619018333627,-1.2300253510942396,4058623.663858333,11457,0.5143132705417349,0.35482465756458814,0.130862071893677,427329.7,8508256.0,50225.29881564448
2002,15,3.2157137081505467,2.535738624725085,2.7866938099711973,-1.2218936413596662,570067.2187333334,10363,0.45502163276913743,0.34880584875532766,0.19617251847553493,62355.2,1239613.0,50302.150751887886
2002,16,3.201524444906921,2.593664752934444,2.9031702289708883,-1.2370499308033498,642680.4246583333,10893,0.5067644045470957,0.32441261024013285,0.1688229852127715,49840.5,1340372.0,37184.08024041087
2002,17,3.2390015907131033,2.6112764003853752,2.8192117831324492,-1.2132617272771202,6032371.865083333,28944,0.5082979130125403,0.3492088791338008,0.1424932078536589,692398.1,12525556.0,55278.83153450434
2002,18,3.2055689212416447,2.63938012865605,2.8937037216084303,-1.2200069946337126,3073895.0592083335,15616,0.5303818757152584,0.33681917995814464,0.13279894432659692,280723.0,6155967.0,45601.77141950241
2002,19,3.2131786260781827,2.616132728476651,2.8432460761176874,-1.2148115223008766,1569175.9064833333,15847,0.5187602777069685,0.3444132518572896,0.13682647043574178,131035.2,2934234.0,44657.37906383744
2002,20,3.2720135304094065,2.578950821729531,2.8249507667672287,-1.2379388425244764,1389859.5541416667,14471,0.4717027136160518,0.38144718429981617,0.1468501020841321,121050.5,2713535.0,44609.89078821537
2002,21,3.2111416367844217,2.612488658762579,2.8579626364897965,-1.2190729051739635,1808110.4601750001,10594,0.5042009785934697,0.3528168335843164,0.1429821878222139,165435.3,4089875.0,40449.964852226534
2002,22,3.2262483393832064,2.596870247263408,2.865880999211687,-1.2305458434853491,1846786.2512583334,8176,0.5041028029820517,0.33905074690799686,0.15684645010995146,214856.1,4497267.0,47774.81523778775
2002,23,3.2320755608554372,2.581975470645971,2.8468923414828926,-1.2326084356944136,677636.8354833333,14122,0.4988659524752788,0.3505162147432703,0.15061783278145088,55406.5,1295960.0,42753.24855705423
2002,24,3.33426486153313,2.5166453826651867,2.7076649279074565,-1.236043950609229,2705301.6520666666,13812,0.4155294885637984,0.44182197474289425,0.1426485366933073,290400.3,5440389.0,53378.59112648011
2002,25,3.307555591004531,2.5231698601835153,2.7044680506152172,-1.2268725583727278,3364854.909858333,16966,0.43252281652793334,0.4195936096691417,0.14788357380292497,388451.6,6417206.0,60532.823786551344
2002,26,3.2299152860957423,2.607900025530833,2.8335572759132,-1.2192004382677004,4796936.349366667,22393,0.49524178925796686,0.354712719027269,0.1500454917147641,465788.4,10015710.0,46505.77942053034
2002,27,3.2540488954184865,2.5634705203019483,2.7707084426666477,-1.219874104965341,2868852.358941667,18185,0.4698897226879102,0.3894390355330422,0.14067124177904752,268982.8,5018935.0,53593.60103288845
2002,28,3.1831827265735164,2.673302589219267,2.958303667156392,-1.2213543161755445,1195660.4318166666,7399,0.5483195853296153,0.314271621297247,0.1374087933731376,94561.5,2858681.0,33078.71707266393
2002,29,3.2333315919952472,2.598101103792277,2.8469200831246333,-1.2253090164035587,2811429.5190833337,13362,0.5068304865370351,0.3469205100980337,0.14624900336493127,264997.7,5674825.0,46697.069953699014
2002,30,3.2339356591844037,2.566438447857889,2.8801348728323064,-1.250255558370888,441925.08361666667,9302,0.4665703391128276,0.36477664179961083,0.1686530190875615,33663.8,911667.0,36925.54408572429
2002,31,3.2446773993482516,2.589293181573618,2.8377016116071823,-1.2302798427067156,924339.0733416667,14936,0.49354037879999146,0.3624619259468152,0.14399769525319328,83433.2,1728292.0,48274.94428024894
2002,32,3.1735394319724164,2.553292585738077,2.8539183836298974,-1.2264491074078234,1057700.2702083334,16074,0.4668366357665688,0.3005247349314386,0.23263862930199253,120180.1,2173791.0,55285.949753219145
2002,33,3.2586883133420748,2.5796897527106704,2.803294312453574,-1.2271951210050844,691097.7735333333,15374,0.4941081464242463,0.37168863691403425,0.13420321666171955,63474.2,1269089.0,50015.56234432731
2002,34,3.2945439376673247,2.540750205260924,2.7252438713250062,-1.221502068885675,4274550.73965,20940,0.45446182239341953,0.4023463748720906,0.14319180273448995,517752.2,8552643.0,60537.09946738102
2002,35,3.2314595262282686,2.562106572605946,2.852774936985762,-1.2418761597609422,836038.5589666666,9055,0.4838673841602301,0.3389106436893727,0.17722197215039728,75345.9,1855309.0,40610.97100267395
2002,36,3.256614097567697,2.5518961831355536,2.74488063347091,-1.2150897893579193,8742180.122541666,39999,0.44442988947448536,0.37801563413834044,0.17755447638717423,1228580.8,19137800.0,64196.55341784322
2002,37,3.2026663902051045,2.622726120398332,2.8916194283314156,-1.2246094649704362,3812304.388858333,16600,0.5317637171317865,0.3187944209714975,0.14944186189671596,393685.9,8326201.0,47282.77638265038
2002,38,3.2262653982771,2.5816213750362613,2.887391266129109,-1.2469926488841825,345988.073225,12557,0.4627977925669619,0.3704027905959741,0.1667994168370641,26592.1,638168.0,41669.435007709566
2002,39,3.222287378647461,2.614166851548903,2.824989717104245,-1.2101988668454478,5669832.602841667,26459,0.4997351004034291,0.34562901643747296,0.15463588315909796,546688.2,11407889.0,47921.94243825479
2002,40,3.2283682039073263,2.602591425185061,2.8523206814414093,-1.22404680636871,1604820.0088666666,10480,0.5081675283501293,0.3437361794785256,0.14809629217134504,127930.2,3489080.0,36665.88327008839
2002,41,3.2358889146611656,2.579699389054839,2.813270503381089,-1.2238436985840968,1695490.1440416668,12869,0.49148839745508893,0.35915581286512244,0.1493557896797886,147432.8,3513424.0,41962.71215771282
2002,42,3.2445768804696784,2.594279477975569,2.8086203128244573,-1.2179846426067023,5981731.30965,29854,0.4892497351704748,0.3646425149526511,0.1461077498768741,583507.4,12331031.0,47320.24434939787
2002,44,3.2505918714224578,2.582830715155298,2.7690481678841525,-1.2122869360766164,523982.286725,14785,0.47583055989140793,0.3710658522936468,0.15310358781494515,51284.3,1065995.0,48109.32509064301
2002,45,3.235102509231902,2.609432696130327,2.8694199845718007,-1.2295745256024468,1822466.7102333333,9551,0.5118969926185143,0.33972326163253697,0.14837974574894866,167333.0,4107795.0,40735.47974034731
2002,46,3.2245042629475145,2.594139437517935,2.862235953231759,-1.2325137667752195,424498.77664166666,14956,0.4772682613452019,0.3608051420997011,0.16192659655509703,35776.0,760020.0,47072.44546196153
2002,47,3.206192051901377,2.638578774793034,2.8905849406238744,-1.2182156398989712,2759053.949458333,10136,0.5454798919794915,0.32635401680434983,0.1281660912161587,258542.4,5795918.0,44607.67043288052
2002,48,3.2372057880065808,2.5790890608014565,2.8302107513141994,-1.228319943813549,9932328.540741667,33869,0.4968111606273604,0.34412991410511284,0.1590589252675267,1042584.4,21690325.0,48066.79475757048
2002,49,3.235546229923118,2.6022559190340693,2.8296012310077465,-1.2189161111245717,1084534.6182916667,12213,0.5239810652981123,0.34184971450690765,0.13416922019498004,102828.1,2324815.0,44230.65921374389
2002,50,3.258734805045807,2.561432006071787,2.805452561730314,-1.2350624757760944,345388.43844166666,13568,0.470943132812419,0.3850987284275746,0.14395813876000638,26522.8,615442.0,43095.531341702386
2002,51,3.301355470427726,2.540339534343062,2.74688734184333,-1.2316209111168444,3539782.9379833336,14546,0.44869357898744977,0.4151873003889874,0.13611912062356288,390242.4,7286873.0,53554.1651405205
2002,53,3.2545022305218474,2.5649294817167214,2.7975059888717104,-1.2277346935520759,2870487.62085,14386,0.4784810674438397,0.37107322907863516,0.1504457034775252,321977.1,6052349.0,53198.70020714271
2002,54,3.1997808399679353,2.631283628566162,2.9243027637094063,-1.228890701776437,742504.4736916666,10343,0.5096832489958484,0.3223500350120615,0.16796671599209012,64465.7,1805414.0,35706.87941934648
2002,55,3.2208172027107813,2.6434510002199407,2.8753398823191794,-1.2168782569238041,2929895.91615,17987,0.5197805333608397,0.3414823369802012,0.13873712965895904,257966.9,5445162.0,47375.43162168545
2002,56,3.2400944691085667,2.5995275681775745,2.9432378123906884,-1.2590256670122684,260859.62455833334,12121,0.509125113654206,0.3410343462121945,0.14984054013359954,28901.3,500017.0,57800.63477841753
2003,1,3.216506634634572,2.6590358378417487,2.8795076864511677,-1.2108716771296948,2036922.9283083333,10872,0.5312187920254751,0.3230480147249334,0.14573319324959152,178040.0,4503491.0,39533.77502031202
2003,2,3.2559079756042966,2.572537799389061,2.8373951968309346,-1.2381033833829636,302949.82361666666,11772,0.4936824772856627,0.34138895900329874,0.16492856371103856,41235.0,648414.0,63593.629995650925
2003,4,3.2639111139703405,2.5433124578765764,2.7608265928133,-1.22691530689268,2500902.956475,10734,0.4861534511749708,0.3511412663583547,0.1627052824666745,253743.1,5510364.0,46048.33727862624
2003,5,3.1893644862084916,2.6713363169048754,2.9422145560420248,-1.220744206474458,1194180.0927833335,8393,0.5549958309123145,0.3011920492976574,0.14381211979002806,102948.0,2724816.0,37781.63369563303
2003,6,3.251422633799908,2.559822491376232,2.7628216717162974,-1.217447383459443,16464712.140708333,53665,0.484649753496184,0.3578562424646395,0.1574940040391765,1895287.6,35253159.0,53762.20610470681
2003,8,3.285963269726326,2.5456833828025016,2.767666201036455,-1.233071721378343,2332158.117375,18083,0.47089024452154,0.3730838299614174,0.15602592551704259,246017.4,4528732.0,54323.682655542434
2003,9,3.307604956912821,2.539986665556059,2.6880346436211418,-1.2167216837753365,1703568.6854583332,14745,0.45667448517240433,0.394280696116509,0.14904481871108666,236719.1,3484336.0,67938.0805984268
2003,10,3.25629195006783,2.5837048556669138,2.7569312440588143,-1.2054310195850197,397549.9551833333,10568,0.49060931574634886,0.35440374854152373,0.15498693571212738,64316.8,818003.0,78626.60650388812
2003,11,3.4428901755288877,2.4158422785842393,2.455635711382248,-1.2134327280050978,287769.43405833334,7685,0.29856812641142416,0.5466182404195438,0.15481363316903204,100969.4,568502.0,177606.0594333881
2003,12,3.2518234253774057,2.5723333744480104,2.801417792927436,-1.225366440884424,7588582.521408333,32269,0.49321586349144697,0.3305072258505739,0.1762769106579791,781834.2,17004085.0,45979.198527883156
2003,13,3.2510593100591376,2.603848331253215,2.8381530963877974,-1.225521104648837,4158344.8240583334,11418,0.5236098712143606,0.33724500364000193,0.1391451251456374,439074.6,8622793.0,50920.229675002054
2003,15,3.2146651042101992,2.5686688048813546,2.797976321126964,-1.2134882034698222,570821.109775,10116,0.46808171992770564,0.32139064600898853,0.21052763406330577,65623.7,1251154.0,52450.53766362894
2003,16,3.1955541305709603,2.591478608956456,2.897609208938526,-1.2353170746595052,646120.7398416667,10324,0.5173633247438213,0.3031222434942531,0.17951443176192552,51542.6,1363380.0,37805.014009300416
2003,17,3.2556010438176535,2.6139564310628036,2.8147558386699636,-1.216163453406789,5995962.699525,28210,0.5041295744737845,0.3428204712667455,0.15304995425947004,703548.8,12556006.0,56032.84993651644
2003,18,3.2000317408270527,2.6630540427848195,2.906308193302014,-1.2145862627769513,3028119.0180833335,15914,0.552451855374007,0.3042012285594173,0.1433469160665757,293045.2,6196638.0,47290.99876416857
2003,19,3.2243821616375885,2.6354596282997615,2.8439685640957424,-1.2128006957969975,1555388.6584250003,15252,0.5120038866465522,0.3384777374915347,0.1495183758619131,137476.9,2941999.0,46729.077746117524
2003,20,3.256067904189609,2.5919640139322957,2.8205273863021056,-1.2269500081988025,1367703.2461916667,14565,0.4853371973046731,0.3583351117735479,0.15632769092177903,123486.7,2723004.0,45349.43760640822
2003,21,3.2020829593414972,2.6281224292495398,2.8572926349539975,-1.211550386772054,1867080.5738583335,10329,0.5110919192385575,0.32502387171490216,0.1638842090465403,170481.9,4117170.0,41407.544502655954
2003,22,3.2061862002083124,2.599316355533276,2.8552632890130574,-1.2217900975805762,1936584.238033333,8197,0.5055795850390437,0.3115634819048017,0.1828569330561546,223576.0,4521042.0,49452.31652349171
2003,23,3.2078314418433433,2.598335491780996,2.835165630892929,-1.21552787739946,656768.15795,14407,0.5063467375581082,0.31869260431166846,0.17496065813022335,56882.4,1306513.0,43537.5690865686
2003,24,3.3335482802854273,2.5258611427236053,2.6921453247202796,-1.2278012442599413,2770038.7325333334,13401,0.4203123315063267,0.42916919975394313,0.15051846873973018,297690.6,5496269.0,54162.30537479152
2003,25,3.311399055530517,2.539938447657242,2.7021936832251074,-1.221331343979937,3285746.4335666667,16461,0.43461750263635723,0.4106117005841751,0.15477079677946765,397069.9,6422565.0,61824.193293489436
2003,26,3.2238147792086926,2.6238646887577413,2.8361192775571933,-1.2133418911646325,4721536.431483333,22476,0.504257512727793,0.32156884096080457,0.17417364631140245,477085.4,10041152.0,47513.01444296431
2003,27,3.276005746886714,2.557496078235914,2.7533339002150243,-1.2219406841383622,2784089.137366667,17353,0.46482668176461545,0.3921034763926999,0.14306984184268456,280796.9,5053572.0,55564.04460053206
2003,28,3.1743891425017434,2.672860215067281,2.9615329255067846,-1.2220165887461072,1237528.4057333332,7371,0.5520945182351437,0.286860721451441,0.16104476031341544,98762.1,2868312.0,34432.13290604369
2003,29,3.240225333528827,2.593558994246806,2.8222400296844232,-1.2214528593870528,2871186.8055833336,13221,0.5048443245392156,0.34304860846013513,0.15210706700064933,271970.5,5709403.0,47635.5408787924
2003,30,3.229861399855221,2.575067870395046,2.8666065584654485,-1.2413686369734636,449432.9787833334,9347,0.4730054484414982,0.3570470658501586,0.16994748570834317,35249.5,919630.0,38330.08927503452
2003,31,3.2560149607792073,2.6038898645535786,2.8436761134359707,-1.2307744631453368,943923.7628083333,14764,0.49932334836655207,0.35182220827898525,0.14885444335446266,88310.7,1738643.0,50792.88847681784
2003,32,3.1579331055541906,2.602126804907661,2.8368234672227644,-1.1985947856100718,1043194.6858083335,15922,0.47880710257430054,0.2716934494593726,0.24949944796632686,125905.4,2248850.0,55986.570914022726
2003,33,3.286689698349765,2.562472223494507,2.763997214396112,-1.2280211764319633,680619.1784416666,15828,0.48131749930294737,0.38275799409979094,0.1359245065972617,66119.4,1279840.0,51662.23902987873
2003,34,3.302870991067307,2.5498506913724612,2.700947256358424,-1.2132061070396731,4160470.0208500004,20667,0.4671981289962776,0.39162606137254974,0.1411758096311727,529815.9,8601402.0,61596.45834481402
2003,35,3.2298300949997496,2.5614089506562094,2.835804974621713,-1.2353888799997668,834289.3407583333,8707,0.4799706617492528,0.34330792379926606,0.17672141445148104,78766.8,1877574.0,41951.36916041658
2003,36,3.2669804759361427,2.5496022613493827,2.7358214957771416,-1.2168398053546747,8890640.741600001,37811,0.44869356040943087,0.36638337374262336,0.1849230658479458,1236563.1,19175939.0,64485.13942394164
2003,37,3.22069768816181,2.6189441818065338,2.8797270705023936,-1.2273491921579907,3940957.44675,16842,0.5193708668748974,0.3329822531786952,0.14764687994640738,404582.5,8422501.0,48035.90999870466
2003,38,3.225256664856707,2.5892366556463924,2.874283669633337,-1.2402254587305341,343092.9704583333,12360,0.4789660200485615,0.3449599314968359,0.17607404845460262,28326.7,638817.0,44342.43296593547
2003,39,3.219024641270416,2.6234854609326335,2.822227827775011,-1.2066169531163593,5511038.567175,25500,0.49997292668581883,0.32585821050841574,0.17416886280576546,557024.5,11434788.0,48713.14623410596
2003,40,3.2391836751994774,2.602163254112209,2.8430445700975997,-1.2265194094944813,1594869.3776500002,9728,0.5051640350822082,0.340594428207315,0.15424153671047672,130147.8,3504892.0,37133.18413234987
2003,41,3.2164688374581623,2.584791535264544,2.8020034056980534,-1.2126429611949885,1683111.3900916667,12766,0.5074445342585933,0.3245066300958663,0.16804883564554052,154445.3,3547376.0,43537.899562944556
2003,42,3.250190789089095,2.6212392160268654,2.804536629341404,-1.2091132704275767,5852082.748716667,29310,0.493775042032684,0.3584385999761406,0.14778635799117537,598809.5,12374658.0,48389.98378783478
2003,44,3.217519101781774,2.589053073548166,2.782987415801573,-1.2056403808610459,538621.1973,14992,0.4754246176238645,0.33427049812493553,0.19030488425119993,52933.1,1071342.0,49408.21885074981
2003,45,3.1985934946652876,2.6171702383273456,2.877396832856553,-1.2223329784205634,1885115.2182416667,9594,0.5314553647393923,0.30051957322579365,0.16802506203481407,174270.8,4150297.0,41989.958790900986
2003,46,3.228430458293326,2.6138904023714944,2.853384775695029,-1.223398680525943,414151.969025,14087,0.49345833823482604,0.3382959187552857,0.16824574300988826,36141.9,763729.0,47322.937848372916
2003,47,3.228809326452286,2.6329447378865622,2.8656443868413786,-1.2202964331542123,2723578.5147833335,9765,0.5288919208759998,0.32361558235090226,0.14749249677309803,267589.4,5847812.0,45758.892385733336
2003,48,3.2265051321757148,2.595571409821749,2.834365597887245,-1.2215012898894406,10244542.709133333,34280,0.5143126832377664,0.3236006591176301,0.1620866576446036,1052132.3,22030931.0,47757.0512113174
2003,49,3.250107967105824,2.6099663871258336,2.806540077980035,-1.214302212490872,1148088.4941999998,11926,0.5230325757084152,0.3355201726859148,0.14144725160566998,104829.2,2360137.0,44416.5741226039
2003,50,3.2935953205239596,2.5509175060556575,2.7766548617916698,-1.2391055860335891,333286.05151666666,13316,0.45008922230340204,0.39169405964406717,0.15821671805253085,27548.1,617858.0,44586.45837716757
2003,51,3.303393468971859,2.550802717646614,2.742409324799793,-1.2277001628332145,3602482.2754,14029,0.452832690859814,0.4039138782797526,0.14325343086043343,404522.2,7366977.0,54910.20265164395
2003,53,3.256188341681924,2.5754548831206887,2.7918705343589636,-1.2234152178188233,2877934.5418416667,14345,0.4739822833534484,0.37136525693928074,0.15465245970727085,327645.2,6104115.0,53676.11848728276
2003,54,3.188168376923773,2.6500100183471895,2.924405269057113,-1.2194150039655025,734913.9049583334,9830,0.5320509391673941,0.2942647091018051,0.17368435173080085,65106.8,1812295.0,35925.0563512011
2003,55,3.2192038277493205,2.6480286822291115,2.861034561581151,-1.2118067791836473,2903730.202616667,17989,0.5190496384127913,0.32543679132322995,0.15551357026397875,265745.8,5479203.0,48500.81298320212
2003,56,3.216778091985675,2.6178870628133124,2.9528045315460854,-1.2475265406525804,267412.2807833333,11866,0.5360807677647969,0.3129778902363296,0.15094134199887355,29806.6,503453.0,59204.334863433134
2004,1,3.1954845478709113,2.6520461669192543,2.9017014422483762,-1.213922492396674,2027474.963425,10104,0.5283842346310715,0.31170647991373596,0.1599092854551926,189913.7,4530729.0,41916.80853125402
2004,2,3.2585964908822884,2.565486669542399,2.8310440805759023,-1.239460436259465,304068.83535833337,11487,0.5004378617709268,0.3388280185702701,0.16073411965880316,42880.1,659286.0,65040.21016675616
2004,4,3.2443737945953237,2.554898844573897,2.805466932774974,-1.2305176643308062,2598173.500625,10445,0.49049945507770265,0.3265957706043125,0.18290477431798488,264990.0,5652404.0,46880.937739057576
2004,5,3.1959037079661923,2.6670635369626883,2.938155706839101,-1.2210737973550332,1234136.0784,8479,0.5390124379958564,0.3145469416240601,0.14644062038008346,108581.8,2749686.0,39488.799812051264
2004,6,3.2617696781984002,2.5635889953816733,2.765658506267245,-1.2200829214103515,16617450.064066665,54975,0.4808860352012994,0.3612128884590924,0.15790107633960823,1956745.5,35574576.0,55004.04277481761
2004,8,3.291772200824965,2.526239308563549,2.7571612003183055,-1.239905587345715,2421926.4034333336,17966,0.45251517171453476,0.3860942581527218,0.1613905701327434,250069.3,4575013.0,54659.800966685776
2004,9,3.301815685987007,2.539175743417298,2.710088588625125,-1.2224390995398136,1723600.2807250002,16080,0.44654650420304515,0.40068321547207836,0.15277028032487647,252680.8,3496094.0,72275.17337920547
2004,10,3.2486888106470198,2.5887856251595123,2.7964794547892873,-1.2148246804669574,403115.03493333334,10995,0.49270481528579846,0.3444482380584381,0.16284694665576338,67735.5,830803.0,81530.1581722743
2004,11,3.440634052214692,2.4102110790063795,2.4511581599828705,-1.2118096901386943,277447.8153083333,8300,0.28560640740563825,0.5565154119533772,0.1578781806409846,106547.2,567754.0,187664.37576837855
2004,12,3.243817450841083,2.563518461791895,2.7970382627466712,-1.2247068361073215,8039594.61535,31621,0.48898770525577007,0.3288983679897128,0.18211392675451712,833946.8,17415318.0,47885.82097668271
2004,13,3.266400304773809,2.5987286706437143,2.840743762494858,-1.2335534601738514,4170382.231325,12479,0.5134636286684843,0.34447026318542256,0.1420661081460932,461245.4,8769252.0,52598.032306518275
2004,15,3.2086473781445757,2.5541541750758854,2.7904878479979245,-1.2170654896514153,609061.5105,11047,0.459160792878012,0.3238254076212227,0.21701379950076535,69332.0,1273569.0,54439.13914361923
2004,16,3.2139163951621708,2.583877925675586,2.8771962789156533,-1.2380099668062627,667108.2511666667,9601,0.5099368570815193,0.31649429647410504,0.17356884644437573,55137.1,1391802.0,39615.62061270209
2004,17,3.2473179177328526,2.608337784794774,2.807278807045894,-1.2137583434001311,6058023.48685,27261,0.49455668695363747,0.34051657027085946,0.16492674277550307,726139.0,12589773.0,57676.89377719519
2004,18,3.210487751950378,2.6616124695137064,2.912082515022665,-1.21964325595769,2998489.494091667,14623,0.5419645338494558,0.30978130266693366,0.1482541634836106,303819.8,6233007.0,48743.69626088981
2004,19,3.2148235175551485,2.640798851977308,2.8756149462922607,-1.217492288343015,1546773.5875833333,15294,0.5139003934078973,0.32646298924555783,0.15963661734654494,149063.2,2953635.0,50467.71181950376
2004,20,3.251566006524483,2.591347238270556,2.8198763249985217,-1.2263300211685983,1394543.5123,14080,0.49757061236310474,0.3427850222769202,0.15964436535997506,124793.2,2734373.0,45638.68938144138
2004,21,3.2081478523874227,2.634026174149068,2.878213944416619,-1.217878131945273,1861864.5270583334,10639,0.528692684255086,0.3155842996009123,0.15572301614400177,175344.6,4146101.0,42291.44441970902
2004,22,3.222752669453545,2.611758362331519,2.8675783206163126,-1.226116810871033,1942649.7448166667,7832,0.5030666958305704,0.3258031212095574,0.17113018295987217,234620.8,4552238.0,51539.66027259559
2004,23,3.200226004930352,2.604949328210921,2.8677421369279674,-1.2216647210961231,668265.3527416667,14993,0.5096533774542317,0.3146617804394167,0.1756848421063516,58934.8,1313688.0,44862.09815420404
2004,24,3.335937290848396,2.5221818920241303,2.712456852064204,-1.2371022986358309,2786455.998475,15136,0.42347994805155414,0.4207040291173599,0.15581602283108598,311504.8,5546935.0,56158.00437538929
2004,25,3.304812986760689,2.528743510744436,2.7048753947080573,-1.2247424232621127,3230319.4233500003,15032,0.4319632591169105,0.4056443828307543,0.16239235805233512,407886.0,6412281.0,63610.12563236078
2004,26,3.2294641790316567,2.6133225582893305,2.8179020966542354,-1.2121210846915942,4782508.035341666,21719,0.5028954387703578,0.333687344439848,0.16341721678979423,485082.7,10055315.0,48241.42257104825
2004,27,3.274862473488259,2.55398524751651,2.7431623445181756,-1.21949710821785,2807114.6955166664,18057,0.46335094199588606,0.3901919139893673,0.1464571440147466,293753.9,5087713.0,57737.90699278831
2004,28,3.187157230537412,2.6710308439318298,2.9492749644499323,-1.2215370160645653,1242257.4759416666,7509,0.5489552936789018,0.3005225594263419,0.15052214689475638,101369.5,2889010.0,35087.97131197192
2004,29,3.239259612022265,2.5944234540196622,2.817242395906655,-1.219729913472368,2799683.148608333,12844,0.5121163625534401,0.3390710529176477,0.14881258452891222,279128.2,5747741.0,48563.113751994046
2004,30,3.222990114813111,2.5644704064629056,2.8788386128596044,-1.2463761747818605,460025.70506666665,8878,0.4878660436438187,0.34108354300523985,0.1710504133509415,36949.9,930009.0,39730.69077826128
2004,31,3.2387198115251414,2.6026194016822135,2.850970681653535,-1.2300647392070052,952822.973925,14616,0.4920673863369433,0.3543174717994302,0.15361514186362654,90607.6,1749370.0,51794.41741884221
2004,32,3.1589609036531705,2.596846636733158,2.8418112911735895,-1.204076993238578,1122313.6516833333,13969,0.49319475132496954,0.2640357642067139,0.24276948446831662,139373.0,2346222.0,59403.15963280542
2004,33,3.2861609617726693,2.564605042927924,2.765825626909352,-1.2280657094279674,698523.612875,16638,0.4796344369208833,0.386489153563324,0.1338764095157927,68428.1,1290121.0,53040.06368394903
2004,34,3.291555006158747,2.552668632313363,2.714593838195874,-1.213481825213012,4204894.273133333,19385,0.4624886678740108,0.3854193654064421,0.1520919667195471,536174.0,8634561.0,62096.266388065356
2004,35,3.2701700997617853,2.5345768885741706,2.7989052225027033,-1.2448998495536447,863713.7413583333,8511,0.45226566923412137,0.36435538205350415,0.18337894871237448,85751.0,1903808.0,45041.83194944028
2004,36,3.2644204496563254,2.548916695218423,2.733620932745536,-1.214584140882381,8905322.680141667,35245,0.451286923715327,0.360166257417611,0.18854681886706204,1269433.1,19171567.0,66214.36317646857
2004,37,3.229447645591715,2.6224545741212175,2.870406948222472,-1.2240716749212481,3992029.882925,16720,0.5127451289214966,0.33188903025107147,0.15536584082743196,420579.4,8553152.0,49172.4454329819
2004,38,3.2506929672587233,2.585628579155487,2.8784173999859743,-1.2488657242056198,343316.26958333334,12219,0.4705014912167622,0.3539671724444271,0.17553133633881068,28636.2,644705.0,44417.52429405697
2004,39,3.212468474510443,2.6215845801761906,2.825412577092988,-1.2063022749009717,5527594.54495,24079,0.49703526576229673,0.33046994085007253,0.1724947933876307,572308.5,11452251.0,49973.45063429015
2004,40,3.2251169871395664,2.608327195632677,2.846112369713208,-1.2205286224835061,1642677.1244333333,9097,0.49578049496928217,0.32906514808253223,0.1751543569481856,134606.6,3525233.0,38183.7455850436
2004,41,3.237052416885754,2.5729158807227135,2.815716035662325,-1.2271742175511118,1711475.9338916668,11622,0.4942502557994925,0.35028688182510015,0.15546286237540738,163046.1,3569463.0,45678.047370150634
2004,42,3.245581212874146,2.6180071773628892,2.8256726481085086,-1.2161802905825152,5943865.738641667,28163,0.5001128139125625,0.35162066699264316,0.14826651909479435,614957.1,12410722.0,49550.4693441687
2004,44,3.2367771992957297,2.5851410474892575,2.7723980143017783,-1.20891836584801,533969.1675916667,14643,0.469722281995348,0.3428931479835806,0.18738457002107134,55160.5,1074579.0,51332.19614379213
2004,45,3.1918518439316617,2.636293412740905,2.8707310927988634,-1.2106145085265763,1924100.4021166665,9774,0.5370824101125313,0.3012739126264737,0.16164367726099502,177169.4,4210921.0,42073.788608240335
2004,46,3.2065153217591686,2.6069594384453323,2.845781868815868,-1.2178765578093846,412417.56480833335,13851,0.49891288401539763,0.3322530610702675,0.16883405491433487,37616.6,770396.0,48827.615927393184
2004,47,3.205989152939043,2.6277164153325048,2.8624222111168796,-1.2143121368500587,2720031.183008333,9932,0.5329247657949981,0.3226888276012993,0.14438640660370256,281564.2,5910809.0,47635.475955998576
2004,48,3.2374186117283883,2.5880195018883008,2.8374599049909244,-1.2274732106402808,10317920.994225001,34977,0.49866997850164757,0.3364173601572551,0.16491266134109728,1111189.1,22394023.0,49619.89634466304
2004,49,3.2446378185914173,2.5882663004121094,2.811498685139913,-1.2216350521022026,1139281.6620666666,11408,0.5128128064643703,0.338369974778948,0.14881721875668172,111318.9,2401580.0,46352.359696533116
2004,50,3.29027084017288,2.5478341914296108,2.777989182921155,-1.2417104078883079,339743.7112,13424,0.4560934118683951,0.39351659604532735,0.1503899920862775,28989.2,619920.0,46762.80810427152
2004,51,3.292180837488628,2.5575451843060524,2.7723779171248215,-1.2313565318587787,3606547.324025,14491,0.4622308409151376,0.3953610232302584,0.14240813585460402,421744.4,7475575.0,56416.31580179451
2004,53,3.2572240180661622,2.5719032525816927,2.806567268202816,-1.2292223385796404,3026903.914841667,14449,0.46111893351346606,0.3702467587916563,0.1686343076948776,335449.3,6178645.0,54291.72577482603
2004,54,3.1918256991010856,2.656343564010751,2.921838492090135,-1.2189629952659613,745542.584975,9334,0.5301465914349627,0.2933720220398136,0.17648138652522372,66077.6,1816438.0,36377.56972712529
2004,55,3.216983772527327,2.643076497254402,2.873165295479281,-1.2171298009472178,2901957.3550583334,17276,0.5152315584296413,0.32479438996466303,0.1599740516056956,275412.4,5514026.0,49947.60634063024
2004,56,3.2202839162538015,2.6090738740672026,2.942514332335889,-1.2497706197840623,269919.7767916667,12038,0.5305957531507008,0.31322414563568635,0.15618010121361278,30780.1,509106.0,60459.11853327205
2005,1,3.214483928787694,2.659195732769367,2.920531889344494,-1.2229798700172396,2075408.7025833335,8672,0.5537365784206861,0.3015245354929221,0.14473888608639177,197246.5,4569805.0,43163.00148474607
2005,2,3.2795013921412792,2.5603457943779646,2.806238095238894,-1.238661484313338,321429.4417833334,11116,0.4850731718543035,0.35548745285741384,0.1594393752882827,44406.8,666946.0,66582.30201545553
2005,4,3.252109846627714,2.5576523597219767,2.804007221714017,-1.2316659433796504,2682688.396975,10133,0.4835913809925217,0.3371042754990292,0.17930434350844907,283806.2,5839077.0,48604.63391731262
2005,5,3.1852890818817197,2.661477842897165,2.9507356936630473,-1.2253938023235127,1306618.1582416666,8832,0.5360880233471207,0.29497215183864245,0.1689398248142369,112451.1,2781097.0,40434.08050851876
2005,6,3.2565204105253813,2.5548576068607933,2.769085545966542,-1.2222211246753039,16871347.320808332,61011,0.477552445924093,0.3630516090184454,0.15939594505746144,2042141.0,35827943.0,56998.555568763746
2005,8,3.2901214640706784,2.5379678389200593,2.769541658314371,-1.238897359904886,2423510.9270416666,17598,0.4677702918628403,0.3754855789804286,0.15674412915673114,261992.9,4631888.0,56562.874577278206
2005,9,3.3005848282051367,2.546478022904676,2.7275768473735202,-1.2237429043784889,1741066.5628416666,17780,0.4499649583506892,0.39360463676724117,0.1564304048820697,258203.7,3506956.0,73626.15898231971
2005,10,3.265836332703159,2.5839765147735285,2.803244069544451,-1.2260919045020597,420188.02582499996,12197,0.49005247770327015,0.3467462428976908,0.16320127939903908,66381.2,845150.0,78543.69046914749
2005,11,3.4529076404000048,2.3820122444127247,2.431291552483289,-1.2202433237816985,275904.7198583333,9617,0.28151403573365397,0.5527171509249748,0.16576881334137122,108884.1,567136.0,191989.3993680528
2005,12,3.2419368956592023,2.5711169238517364,2.8232616370214783,-1.2306826137894458,8414255.879466666,32580,0.49654421190204884,0.32577311609712123,0.17768267200082996,883164.5,17842038.0,49499.081887394255
2005,13,3.251033768687819,2.6084285774001894,2.8506562495878907,-1.229528961201824,4279613.674666666,15585,0.5134751279848727,0.3346286119271901,0.15189626008793725,480838.3,8925922.0,53869.87473114822
2005,15,3.2158145762151613,2.5459236338110967,2.7970009110818306,-1.2255506597979537,628201.215525,12332,0.45204232703455877,0.3242367221842946,0.22372095078114665,72941.9,1292729.0,56424.74176722267
2005,16,3.2318425497392407,2.5875462122369908,2.8898065049929165,-1.2446769138636478,711629.5537833334,9783,0.528147651196479,0.3221065133774649,0.14974583542605616,59331.9,1428241.0,41541.93865040984
2005,17,3.2692471402886114,2.580300048818054,2.773371530936563,-1.218663147257619,6100407.727558333,25029,0.4774396788972399,0.3638040170144305,0.15875630408832955,741248.6,12609903.0,58783.05328756296
2005,18,3.2007182882540253,2.6664788586964194,2.9232662208209703,-1.2189078358363548,3043606.5063250004,13286,0.5508153835529256,0.3045142501638293,0.14467036628324503,306344.6,6278616.0,48791.74009049128
2005,19,3.227946685988325,2.637420921915946,2.87271758916989,-1.221535671114707,1593143.412525,15949,0.5095444795498273,0.34426581537864315,0.14618970507152945,153626.8,2964454.0,51822.96638773953
2005,20,3.258115206185785,2.5855019175524068,2.832084741098012,-1.2345201381060689,1406087.2104916666,12602,0.4786949134498249,0.3567371134907609,0.1645679730594142,129588.2,2745299.0,47203.67435386819
2005,21,3.2128021602933043,2.6255644671627496,2.87822544394423,-1.2234456521046388,1879991.9353250002,10664,0.5305699124991786,0.32088903274895114,0.1485410547518702,182017.9,4182742.0,43516.40622347733
2005,22,3.2133702216712146,2.622457718879995,2.880015352326817,-1.2231545301219306,1985383.9028833332,6927,0.5260506877373451,0.297149229537981,0.17680008272467393,249560.9,4576628.0,54529.42646857031
2005,23,3.225351015619419,2.5832736215418497,2.846539829317564,-1.2298139227662503,681803.8099166666,16033,0.49096789118548134,0.3401086495114762,0.1689234593030425,59589.7,1318787.0,45185.2346133227
2005,24,3.342642042352807,2.5256188627649907,2.701830268673122,-1.2344546553998847,2837084.1473250003,17929,0.4197128632133253,0.423920253426384,0.15636688336029067,325644.5,5592379.0,58230.04842840587
2005,25,3.313129454664819,2.5196940588375947,2.7106185227043027,-1.2324245305717454,3203800.2158583333,13182,0.4266893189002274,0.4139349472566003,0.1593757338431723,417075.6,6403290.0,65134.57925535155
2005,26,3.2332059705432514,2.609476054099118,2.8347715989690734,-1.2206911331179595,4804112.962416667,20278,0.49849224447375917,0.33509979923451677,0.16640795629172409,493796.3,10051137.0,49128.40209023118
2005,27,3.274427385949254,2.5633698139064416,2.7427465795278008,-1.217068442394735,2811351.8756333333,20635,0.4661431165515051,0.38090773295710817,0.1529491504913867,301761.2,5119598.0,58942.36227141272
2005,28,3.189028824780056,2.6544647576051608,2.931543744129309,-1.223211545738674,1258760.7021583333,7012,0.5378825706023166,0.2983484334622575,0.163768995935426,103691.8,2905943.0,35682.6682422883
2005,29,3.2291951557894105,2.606570704242234,2.8366292313546713,-1.218465256512372,2863591.926575,13903,0.5140726925593597,0.33207158714679547,0.15385572029384478,285341.7,5790300.0,49279.26014196155
2005,30,3.215272977213573,2.557605515452657,2.867738449842632,-1.243179137622735,474288.345125,8359,0.47897773215420375,0.3396895629922634,0.18133270485353284,38849.0,940102.0,41324.239284673364
2005,31,3.230007464881281,2.614785246799391,2.8439441040243305,-1.221499879383001,946347.9977166667,13632,0.5016243985815562,0.3475392038465736,0.15083639757187034,94556.0,1761497.0,53679.34205962315
2005,32,3.151074512525632,2.6014413233604015,2.8635625513605425,-1.2053419821534637,1181506.7052666666,12251,0.4929483586302721,0.25841305623777533,0.24863858513195267,150680.9,2432143.0,61953.964055567456
2005,33,3.300070978068178,2.554260938767567,2.74398351777959,-1.228421926033474,714285.1634166666,17949,0.4615712756376525,0.3951012200183523,0.14332750434399522,69556.1,1298492.0,53566.82983029545
2005,34,3.3040650220780576,2.5437144289169322,2.719488874780657,-1.2223268940609626,4275229.870808333,17010,0.4522626662873468,0.39494569603911184,0.15279163767354134,546357.8,8651974.0,63148.340482761516
2005,35,3.2749852537488024,2.565738802545065,2.828938367589817,-1.2438376693236666,904398.3172833333,7737,0.4758233479807554,0.363690778081887,0.16048587393735755,86295.9,1932274.0,44660.28109885037
2005,36,3.259699135446704,2.5448745949899365,2.7452925594049353,-1.218612993899974,8972411.168516668,33597,0.44600756775697786,0.35737775258336746,0.19661467965965462,1301438.0,19132610.0,68021.97922813459
2005,37,3.224133464548361,2.616647120287984,2.884937020613126,-1.229933210594188,4093533.8181583337,15857,0.522528099141481,0.32318266950765984,0.15428923135085912,442305.6,8705407.0,50808.14716646792
2005,38,3.2625261635463327,2.5793417830882372,2.8539680400377425,-1.245421675433111,349442.15373333334,11205,0.45305512072494314,0.3720683152198483,0.17487656405520857,29629.0,646089.0,45859.00704082564
2005,39,3.2105694919255625,2.634604296287137,2.8430578301135596,-1.2068633474646548,5594688.2683,23288,0.5148124837671195,0.320319415757264,0.16486810047561642,584867.7,11463320.0,51020.79502273338
2005,40,3.238531963639625,2.606754284672084,2.851804067459398,-1.226090120080505,1663750.1375666668,9141,0.5026110845010631,0.33805314777680073,0.1593357677221362,140360.1,3548597.0,39553.68840135975
2005,41,3.2604251800148134,2.573349613450827,2.803342705953224,-1.230674147919387,1735122.0071833332,10753,0.4896283255726906,0.3613836219183479,0.14898805250896155,168734.4,3613202.0,46699.4095541849
2005,42,3.248274295334431,2.61209477435975,2.8226891362003013,-1.2183605442171808,5969012.367866666,25384,0.5034559905110622,0.33824461780670706,0.15829939168223076,626290.1,12449990.0,50304.466108004905
2005,44,3.25066709546472,2.5876728797873736,2.7738943120359614,-1.2126284502588283,546295.2759833334,14236,0.47784217635179677,0.34943778475120074,0.17272003889700246,55885.9,1067916.0,52331.73770221628
2005,45,3.2010751283727985,2.6464895650153415,2.886575048628558,-1.2149236880854322,1938421.00235,9705,0.5342532180301854,0.3034764696081416,0.16227031236167302,183267.5,4270150.0,42918.28155919581
2005,46,3.21755734552232,2.6129546323515016,2.8693955943641485,-1.2263404164799632,413688.6821416667,13876,0.4845557190816033,0.34583652844453167,0.1696077524738651,39330.6,775493.0,50716.89879857071
2005,47,3.2145922616095035,2.6393239301075986,2.8890952944910904,-1.2217576973959563,2749947.5923166666,10744,0.5287254585539425,0.3169775828325387,0.15429695861351886,289064.3,5991057.0,48249.2989133637
2005,48,3.2324089990605263,2.591907014081905,2.8435871966299078,-1.2266054524838932,10621321.6454,37894,0.5089616982784868,0.3272130646691495,0.16382523705236365,1143413.1,22778123.0,50197.86309872855
2005,49,3.2277238051270243,2.5977304951689457,2.832331927447185,-1.219853711262173,1192580.39305,11561,0.5325154016491656,0.32552828289912966,0.14195631545170487,118430.2,2457719.0,48187.03846941005
2005,50,3.288778794260447,2.54771193130184,2.7822019626326546,-1.241751582225812,345306.10534166667,12890,0.44651036163644836,0.39423863302020007,0.15925100534335157,29283.2,621215.0,47138.5913089671
2005,51,3.3041360098136914,2.5508434731684675,2.772226113405269,-1.2376126121924254,3803966.5507749994,17464,0.46675127113732856,0.3762914578595724,0.15695727100309906,442089.5,7577105.0,58345.43668063198
2005,53,3.266818298035608,2.5583152019529614,2.7756233529462313,-1.2250324997006743,3109140.7401916664,14290,0.4568393595744474,0.38744249684649185,0.15571814357906072,358396.3,6257305.0,57276.46326973034
2005,54,3.1980337605765787,2.6416123324457916,2.904534500375894,-1.218457872497691,762604.6542833335,8469,0.5173639491650778,0.2961348489566406,0.18650120187828154,67888.8,1820492.0,37291.45747413336
2005,55,3.2158632235900626,2.6492358430417866,2.8732776759634056,-1.2125844636122252,2874138.2634166665,16227,0.5174454592390093,0.3316666773911321,0.15088786336985857,282065.7,5546166.0,50857.781754098236
2005,56,3.2315815243291435,2.6213913131702347,2.98481056436915,-1.2625166603178248,274713.0541,11056,0.5141409024670585,0.3179542250770962,0.1679048724558453,32463.1,514157.0,63138.49660706749
2006,1,3.2048429084946246,2.6332195137110666,2.8974617750024776,-1.222193706665424,2122977.811625,8272,0.5401338404063034,0.30241837303515473,0.15744778655854189,199923.9,4628981.0,43189.61343760106
2006,2,3.2756505999682735,2.581163654459782,2.8089444723138786,-1.230602559812105,326577.4399333334,10995,0.4906696201352499,0.34903730474868705,0.16029307511606294,47546.2,675302.0,70407.31406096827
2006,4,3.236148687216515,2.565095770932857,2.831330479758264,-1.232262356313827,2845117.041675,10316,0.49768763800122623,0.32240307414180736,0.17990928785696647,296424.4,6029141.0,49165.27910028974
2006,5,3.1972477936239247,2.6699673339044327,2.9582745536399693,-1.228307799516107,1298918.84785,8092,0.539745589491961,0.29748587370825563,0.16276853679978331,114890.4,2821761.0,40715.8508463332
2006,6,3.2576521820334143,2.549313375711764,2.7779805158420863,-1.2272567846048401,16928119.12333333,63452,0.4776595228161767,0.3588097884562362,0.16353068872758716,2120435.4,36021202.0,58866.314344535196
2006,8,3.297141603597769,2.5370450518731285,2.7454767768345687,-1.2337529128468934,2504434.7115416666,18001,0.464659554152119,0.3837101905556637,0.15163025529221727,268190.8,4720423.0,56814.99306312167
2006,9,3.2966609951587955,2.541554926466017,2.714268810704807,-1.2197647788753747,1776076.8265916668,18284,0.4308078846628829,0.3982341864498454,0.1709579288872717,269478.6,3517460.0,76611.70276278905
2006,10,3.2638062507095746,2.589382086708411,2.8095871460965607,-1.225064207931738,431131.61591666663,12827,0.4900546349142476,0.3434549969370187,0.1664903681487337,68411.8,859268.0,79616.37114381079
2006,11,3.4622047970649734,2.3908397150311456,2.419213779520104,-1.2140570155422952,273567.77985,10102,0.2734652506730136,0.5694524880924057,0.1570822612345808,108848.3,570681.0,190734.0528246078
2006,12,3.2463687520944084,2.5669783180998156,2.822169177979315,-1.2332037431022276,8780347.254183333,33339,0.4945554305569828,0.3326520611112049,0.17279250833181234,909298.9,18166990.0,50052.25962033336
2006,13,3.249437266083914,2.601443552505135,2.856239597839051,-1.2321623060268232,4500711.3053916665,16974,0.5113162367358207,0.33103212810466404,0.15765163515951522,487524.9,9155813.0,53247.581618366385
2006,15,3.2142536352856195,2.5408499726863414,2.78086717614002,-1.2200323189355575,640590.4164333333,12098,0.44109484291125534,0.32566535897758314,0.23323979811116147,74892.9,1309731.0,57181.89460278484
2006,16,3.243449593324119,2.580791988758556,2.8688924413170036,-1.243111736106788,732395.9311166666,9672,0.4973791264540321,0.3479830146329761,0.1546378589129918,60738.6,1468669.0,41356.221177133855
2006,17,3.2632567306176665,2.588317991601954,2.78455541413152,-1.2167750320215545,6313927.351,24256,0.4925256646269473,0.3567838129941443,0.15069052237890843,759825.7,12643955.0,60093.989578419096
2006,18,3.202927637694218,2.6432019861061447,2.9177784931349713,-1.2258999213518944,3092068.037791667,12285,0.5393319043223429,0.3004919436978366,0.1601761519798204,312525.5,6332669.0,49351.30827144132
2006,19,3.23159458407796,2.620616603563701,2.8614813005057855,-1.2245533838705633,1645908.7898166666,16557,0.5034757128012487,0.3441910178766448,0.15233326932210653,155704.5,2982644.0,52203.51473390723
2006,20,3.2699993662949107,2.5852354052303297,2.820236908434006,-1.2351100701157565,1410907.2356166665,12037,0.4708628557947934,0.3696512393316369,0.15948590487356962,136135.8,2762931.0,49272.24024052717
2006,21,3.206351668957146,2.6384138880953185,2.8801449862546815,-1.2153643218630552,1944107.0523666667,10735,0.5435599297674363,0.3151481917355961,0.14129187849696764,186332.6,4219239.0,44162.60847039004
2006,22,3.209648304354124,2.604419236491278,2.862439150338213,-1.2213970876620601,1876838.0814583332,6730,0.5074501555896528,0.30695345143385927,0.185596392976488,247139.7,4302665.0,57438.75016995281
2006,23,3.2327660886528506,2.5839665255866446,2.84724417929441,-1.2321684849937584,686980.0990916666,15844,0.4957214726178627,0.3319114265639814,0.1723671008181559,59986.0,1323619.0,45319.687916235715
2006,24,3.3447777563897887,2.527921515330974,2.711662781416066,-1.2355235852728552,2888669.959383333,19422,0.4220807380006522,0.42348822715168577,0.15443103484766205,329874.0,5627367.0,58619.59953918058
2006,25,3.314986363051075,2.5231937335172643,2.7009047544339233,-1.227961261854168,3190465.215508333,12171,0.41654077931530903,0.4308281556745461,0.15263106501014492,426926.1,6410084.0,66602.26293446388
2006,26,3.2459650557266237,2.606763444386226,2.815551512374577,-1.2192966289023752,4706838.73675,18614,0.4834178381522673,0.34579192969352324,0.17079023215420952,483763.6,10036081.0,48202.440773445334
2006,27,3.261520712611737,2.5723868791656277,2.7463676997575424,-1.2100766988067717,2829174.607975,21034,0.4612990787431314,0.37751024196680355,0.16119067929006503,302272.7,5163555.0,58539.64952440712
2006,28,3.1866661501132136,2.6694569702264985,2.958592826442161,-1.2257196015314846,1218369.4875916666,6525,0.5485534994277373,0.28994848945405843,0.16149801111820428,105879.9,2904978.0,36447.74590375555
2006,29,3.2264071889242643,2.60570293454984,2.847847101053297,-1.222234617269447,2939120.272108333,13803,0.5163941227449645,0.32335148671408587,0.16025439054094964,286558.3,5842704.0,49045.4933195315
2006,30,3.2274238537419264,2.5745339058080647,2.877633847923487,-1.2417025124090875,487374.5419083333,8212,0.478500115404968,0.34822738299452344,0.17327250160050858,40055.0,952692.0,42044.01842358286
2006,31,3.2405944234766118,2.618193177744758,2.8256487668295365,-1.2162568583147124,954942.6020833333,13105,0.4990740937344333,0.35590735751876523,0.1450185487468015,97322.8,1772693.0,54901.102446955
2006,32,3.1541511292572117,2.6045628235170715,2.8675732199969093,-1.2057244744618372,1247055.036575,12824,0.49287839987234755,0.26405969637341425,0.24306190375423828,156297.9,2522658.0,61957.62564723399
2006,33,3.2973785018398107,2.5550173234642712,2.749635340230198,-1.2290494217127748,721057.3396749999,18830,0.4508357416167041,0.4029190570601697,0.14624520132312624,71424.5,1308389.0,54589.65185430327
2006,34,3.3128601057805778,2.543840527590872,2.7184811829863524,-1.2251226493250704,4293643.357216666,16714,0.43719515246016344,0.4051096771135248,0.15769517042631176,555211.0,8661679.0,64099.69706797031
2006,35,3.270822841961079,2.5624297387831887,2.8281477008235765,-1.2440452028125437,902190.235475,7502,0.46470282665210494,0.3568494542693788,0.17844771907851623,88554.5,1962137.0,45131.66002170083
2006,36,3.277152673246674,2.5420240832987795,2.7356075518082563,-1.2223258697131754,9036309.4813,32876,0.4457461692356677,0.36626564555178903,0.18798818521254332,1339568.5,19104631.0,70117.47570523608
2006,37,3.228558955128151,2.61891429984693,2.8844208385346897,-1.230072067889062,4233375.5846,15493,0.5343968773548597,0.32682114096192894,0.1387819816832113,470663.9,8917270.0,52781.16508752118
2006,38,3.2578070071910723,2.5847659334862123,2.8363507210928334,-1.2363881263742516,357868.65606666665,11418,0.45408075289585653,0.3740593287509819,0.17185991835316158,30911.4,649422.0,47598.325895950555
2006,39,3.223942622206035,2.643902474062956,2.851290318882182,-1.2090664232620263,5693309.588758334,22708,0.5040908033184576,0.332206180445044,0.16370301623649844,582637.6,11481213.0,50747.042146156506
2006,40,3.2213727190279395,2.606106337548909,2.859074885429814,-1.2236785069707037,1667512.94955,9329,0.5143354453470557,0.3191924813010107,0.16647207335193367,149367.1,3594090.0,41559.087279394786
2006,41,3.2510135809067404,2.5742951480964957,2.819362830362731,-1.2329025721568487,1793753.0789916667,10774,0.46318686731082287,0.3664633725626621,0.170349760126515,177222.4,3670883.0,48277.866660419306
2006,42,3.2515639660229847,2.6021591498822105,2.8096644633860506,-1.2181305776694031,6024406.348733333,24135,0.48880163638444635,0.3451563907451904,0.16604197287036318,626589.9,12510809.0,50083.88346429076
2006,44,3.253484538603898,2.589225304507282,2.7766526075472027,-1.2139565582484189,543449.5574833333,13887,0.4809761781827031,0.3490592361392448,0.1699645856780521,57415.8,1063096.0,54008.10463024976
2006,45,3.220129143143236,2.627989809124394,2.886074876399262,-1.2263582793117305,1993150.7826666667,9988,0.5174925353493195,0.3127859646732898,0.1697214999773908,187386.1,4357847.0,42999.69686866015
2006,46,3.2262123448047126,2.60999290915891,2.88952414113473,-1.2355791932362599,426440.87934166664,13728,0.4837473937568011,0.3477108119819785,0.16854179426122048,39961.6,783033.0,51034.37530729867
2006,47,3.2110342099068476,2.643456617819727,2.8830223931213084,-1.216414103920519,2866119.7717250003,10667,0.5216541272003081,0.3113867360631499,0.16695913673654197,295668.2,6088766.0,48559.62603916787
2006,48,3.2373033875298414,2.595213558973053,2.845813385177246,-1.2274917741752123,10934405.397283332,39162,0.5015586796029124,0.33331083237337183,0.1651304880237157,1225147.3,23359580.0,52447.31711785914
2006,49,3.2489487516895093,2.61406994962907,2.836421802101236,-1.2212067572923864,1269891.8423,11132,0.534098335018267,0.32867399311116136,0.13722767187057164,127539.4,2525507.0,50500.513362267455
2006,50,3.2919835525399677,2.555744495314349,2.8010675623791363,-1.2447422445337175,351595.5921333334,12903,0.4454276583775376,0.39732098088813816,0.1572513607343242,29420.9,622892.0,47232.74660775865
2006,51,3.2960076428053036,2.548167293403893,2.7624841891098098,-1.2325204879476166,3846653.615975,17979,0.46062093357207673,0.3851715770743028,0.1542074893536205,451263.1,7673725.0,58806.26423282044
2006,53,3.2652974137057313,2.5643778774784765,2.788552948865968,-1.2274380523126611,3197885.7233,14141,0.4706509216715251,0.3712262740360377,0.1581228042924372,372145.0,6370753.0,58414.60185318753
2006,54,3.197813873958237,2.64530120927399,2.9023325514409337,-1.2168629205611092,773853.9657749999,8240,0.5035744335977412,0.3032206345277246,0.19320493187453422,68900.0,1827912.0,37693.28063933056
2006,55,3.2198346117609375,2.6400936922603653,2.864198970505648,-1.2159113754134625,2932403.211275,15997,0.5162121213567689,0.32404122034124355,0.15974665830198762,287146.6,5577655.0,51481.5993459617
2006,56,3.23244113250458,2.6406792500723943,3.014668488624445,-1.2655533482967722,278700.84311666666,11012,0.5302508026891001,0.3144208803563963,0.15532831695450358,36655.6,522667.0,70131.84302816134
2007,1,3.2126719009973144,2.642316067898074,2.910566598093627,-1.2257915911217219,2120998.3097166666,8016,0.5301428869820404,0.3040144363733684,0.16584267664459126,202025.5,4672840.0,43233.98618399089
2007,2,3.26800582912013,2.567086262452944,2.8146970882007185,-1.234622483621233,326489.93491666665,10806,0.4836358500779397,0.3511749957951263,0.1651891541269341,50126.7,680300.0,73683.2279876525
2007,4,3.266798249478429,2.564500777894133,2.7996097515812313,-1.2314596051776363,2953295.0338083333,9984,0.499318001082709,0.34223631933802207,0.1584456795792689,306611.6,6167681.0,49712.6229453177
2007,5,3.2004658195781737,2.6600897347363737,2.958530038438076,-1.233060030389646,1300725.5091916667,8161,0.53680572706758,0.3115121256175902,0.1516821473148299,114026.7,2848650.0,40028.32920857248
2007,6,3.2651245804309705,2.54920581160846,2.7813453033683238,-1.2308058924929004,17289451.142725002,63279,0.47195942586194767,0.3655942116214208,0.16244636251663153,2168940.4,36250311.0,59832.32530060225
2007,8,3.3141690379432838,2.530343544053748,2.7355127410503517,-1.2372087957910591,2607539.759033333,18226,0.4594955389762696,0.399782103964853,0.1407223570588774,278733.8,4803868.0,58022.78497244304
2007,9,3.3120261104254642,2.5334251596291275,2.7074862643472417,-1.2259960891716433,1805701.131,17930,0.4202351486126677,0.40652922148166665,0.17323562990566568,278485.4,3527270.0,78952.10743719648
2007,10,3.2656249278837453,2.5779883042135667,2.774051816185215,-1.2181669885428905,429455.26924166665,12546,0.47250928270506365,0.35542803617301993,0.17206268112191644,68132.4,871749.0,78155.98297216285
2007,11,3.4607156827743846,2.3809129072988005,2.4120396390495062,-1.2156698946939948,297242.3464166667,10477,0.27247550986923463,0.5664894163433747,0.16103507378739063,112287.6,574404.0,195485.4074832348
2007,12,3.2518101447286547,2.5653368256331266,2.8148965206809797,-1.2324389326328957,8865194.857991667,32005,0.48755431396898424,0.3319789001612022,0.18046678586981357,922288.3,18367842.0,50212.120727083784
2007,13,3.258732076841214,2.5986723806249308,2.8327466684574,-1.228576922103018,4645721.866041667,16941,0.5072928800563651,0.34520097197423577,0.14750614796939912,492238.7,9349988.0,52645.91783433305
2007,15,3.2103883442996355,2.5585771995596773,2.8136766420590145,-1.2225392346828796,628299.200225,12114,0.4483166492496744,0.3148221387925047,0.23686121195782084,76434.1,1315675.0,58094.97026241283
2007,16,3.2305173736261614,2.5906404388459197,2.8871087847090298,-1.241371556491751,739173.380175,9464,0.503035461747123,0.3407305617053275,0.15623397654754953,61812.1,1505105.0,41068.29756063531
2007,17,3.2450469156589095,2.595615271225993,2.797672378679927,-1.2123311895942688,6388878.117850001,24320,0.4885577530550184,0.3511896431919541,0.1602526037530274,769571.6,12695866.0,60615.920174330764
2007,18,3.21558401030718,2.642433336565819,2.886343836951378,-1.2190864336409521,3064877.2013916667,12009,0.5223404618778326,0.3202002949405635,0.15745924318160398,322661.7,6379599.0,50577.1130756024
2007,19,3.216607713823288,2.631623792835481,2.8732312705442253,-1.2197548335602304,1627338.0887000002,16705,0.5067307838650835,0.3322771298874465,0.16099208624746994,162838.1,2999212.0,54293.62779290027
2007,20,3.2616083920942476,2.5894145107699615,2.8054828706246955,-1.2266851402602843,1432369.781475,12336,0.4728233818179422,0.3648753375241806,0.16230128065787722,143586.6,2783785.0,51579.62989239471
2007,21,3.206213775228932,2.6226403791414654,2.872695389209795,-1.2166876400145585,1930237.9136916667,10778,0.5255119887980763,0.3179417252060801,0.1565462859958436,185790.0,4256672.0,43646.77381766789
2007,22,3.244991207426011,2.590145189821928,2.81546765394418,-1.2197507384765165,1914960.0673583334,6698,0.49575325376429197,0.33724832379779723,0.16699842243791083,234216.4,4375581.0,53528.06861534502
2007,23,3.2234270314743974,2.581860448974807,2.846033164200673,-1.228979777501653,673966.9081583334,15434,0.4982126654153143,0.3249813918209095,0.17680594276377615,60032.6,1327040.0,45237.97323366289
2007,24,3.359140532597729,2.5095158473606776,2.678243760716238,-1.2357194861498493,2885244.851491667,19346,0.40352605085218113,0.4473923201004332,0.14908162904738573,331763.5,5653408.0,58683.80629878473
2007,25,3.342768103212261,2.5131384568435697,2.679175967194734,-1.2332422483608247,3250622.683158333,12071,0.39691424332141595,0.44644142057078545,0.15664433610779863,440373.8,6431559.0,68470.77046171854
2007,26,3.24920523828872,2.599553120680635,2.8073017085476244,-1.2189086948212662,4675350.42755,17980,0.4787034646597787,0.35159426792436416,0.16970226741585712,482935.1,10001284.0,48287.30990940763
2007,27,3.270788900465234,2.5614571882047223,2.741047452374088,-1.215865519986773,2771241.256283333,20847,0.451786412025271,0.39032770389944554,0.15788588407528348,304208.0,5207203.0,58420.61467547933
2007,28,3.178069892985432,2.6703333101678024,2.972309664751526,-1.2260410586273638,1254497.6291333332,6660,0.5528894301688124,0.2928226995434698,0.15428787028771776,107713.9,2928350.0,36783.137261597825
2007,29,3.2317672425698007,2.609509937646471,2.8420311459148144,-1.2205337805115337,2916235.6216499996,13203,0.5148348453430378,0.32232552315648505,0.16283963150047712,288320.8,5887612.0,48970.75418692672
2007,30,3.2338967180005853,2.5853125974891387,2.8642256597941356,-1.2368994133486468,493979.3287416667,8242,0.4862323280989487,0.35328112591737987,0.16048654598367143,42057.7,964706.0,43596.391024830365
2007,31,3.248585334485466,2.6067984786173817,2.7999127912214488,-1.2134042589224243,958008.9817583333,13250,0.49081168657459684,0.36541661493561506,0.14377169848978807,99780.7,1783440.0,55948.44794330059
2007,32,3.172275885636513,2.600135072159658,2.8449067600806974,-1.2049472112377815,1278018.4322166666,12602,0.48246049730483737,0.28143028465536596,0.2361092180397967,157734.3,2601072.0,60642.03528391371
2007,33,3.300038254687895,2.556044807891172,2.759652125730567,-1.232341960244286,721684.3995083333,18435,0.45307263293168565,0.40809567911397876,0.13883168795433562,71943.5,1312540.0,54812.42476419766
2007,34,3.3196194374330568,2.534415073299827,2.709153445441863,-1.2271492981817553,4322793.374558333,16490,0.43379508723447674,0.4019863070846729,0.16421860568085034,560823.8,8677885.0,64626.78406086276
2007,35,3.276859326520423,2.55163625461918,2.8137483084652164,-1.2463577451539625,922076.5711499999,7389,0.4603312851005432,0.36181714111218755,0.17785157378726915,89392.3,1990070.0,44919.17369740763
2007,36,3.27397016775021,2.5386331927497774,2.7435512652122385,-1.2244763226691384,9049088.7204,31783,0.4390304229253988,0.36686083468183167,0.19410874239276946,1353798.9,19132335.0,70759.73214978726
2007,37,3.24904385212974,2.5863701650893662,2.840077055847224,-1.2342006243198338,4319610.898341667,15348,0.4873041287147782,0.3556009938556807,0.1570948774295411,477920.8,9118037.0,52414.87833400983
2007,38,3.2410934953265182,2.593977398629193,2.8626491286577855,-1.2376937244135402,357857.1478666667,11277,0.476525401675314,0.35262251639687553,0.17085208192781043,32529.0,652822.0,49828.28397327296
2007,39,3.2248666214285833,2.6339376995119945,2.845502947244554,-1.2119720449828837,5708160.161458333,22264,0.4909219020503351,0.3370210608803896,0.17205703706927533,585403.0,11500468.0,50902.537183704175
2007,40,3.2426325959754805,2.6025402298131577,2.8425482280691696,-1.2267217986324062,1667116.4024416667,9238,0.49674761200188744,0.33687293651594247,0.1663794514821701,152879.6,3634349.0,42065.195169753926
2007,41,3.2486891908885895,2.5779170106163716,2.8212470674872745,-1.2300079214825481,1837222.8173166665,10786,0.468031624061858,0.3655807166078678,0.16638765933027427,180724.3,3722417.0,48550.25645971421
2007,42,3.2565456434592126,2.601521897814351,2.8002538823919636,-1.2173432328256093,6078558.066191667,23911,0.4783630985130629,0.3563077019495309,0.1653291995374062,649638.1,12563937.0,51706.57095781362
2007,44,3.266804374803487,2.570227409376169,2.7556979818290954,-1.217023962637975,547618.7096,13758,0.44947721040676775,0.36602837890818796,0.18449441068504438,56230.5,1057315.0,53182.35341407244
2007,45,3.2005957555137865,2.6385361095395226,2.897445928214012,-1.2206619798226055,2005142.2375166668,9900,0.5248602380363088,0.30243591777476847,0.17270384418892273,193386.6,4444110.0,43515.25952327913
2007,46,3.234250981539871,2.61607357840869,2.8638875526968217,-1.2262698108972598,431611.78170833335,13547,0.48853918246131683,0.3567110124006753,0.15474980513800787,41646.2,791623.0,52608.628096960296
2007,47,3.218059278403036,2.638622382936872,2.9051199668665113,-1.2266473114499958,2917756.179983333,10602,0.5330319732531678,0.3072715533655536,0.15969647338127865,294819.8,6175727.0,47738.476781761885
2007,48,3.2321066466458084,2.596189266337157,2.850946287362087,-1.227209740150011,11122563.733725,38274,0.5103945148808912,0.3263596418763017,0.16324584324280716,1288828.7,23831983.0,54079.79268867387
2007,49,3.2578227386809555,2.611623200723413,2.8387096631791677,-1.2254108010091014,1309998.0097083333,10600,0.5423513820817115,0.33054074009621975,0.12710787782206878,133799.8,2597746.0,51506.11337675045
2007,50,3.2925012044751267,2.537251029774033,2.7650288364235447,-1.2400988266540398,341961.35733333335,12454,0.4389362542979041,0.40066614651522164,0.1603975991868742,29296.6,623481.0,46988.76148591537
2007,51,3.3091053708735743,2.5431693523455423,2.7614217262000564,-1.2380311146839846,3922151.7253583334,17697,0.4473953505019681,0.4043466851012989,0.14825796439673297,457568.9,7751000.0,59033.53115727003
2007,53,3.2662952746526943,2.5781309587317742,2.8099956523431655,-1.2314578623823338,3298593.3524833336,14439,0.4713290974450444,0.3766621372958135,0.15200876525914206,394221.9,6461587.0,61010.07384099293
2007,54,3.205880782349936,2.639813791681011,2.9233442436225068,-1.226701703811988,787481.9427916667,8344,0.5272256985299804,0.30233676262325737,0.17043753884676227,69374.1,1834052.0,37825.59055032246
2007,55,3.2321872296625727,2.6357747773258784,2.869344262003248,-1.222315586422751,2941165.3234166666,15938,0.5179052404141099,0.3237273654818124,0.15836739410407766,289855.2,5610775.0,51660.45688875423
2007,56,3.23493384549257,2.6430221381079595,3.0124104606048667,-1.2661940936291127,280062.7214583333,11089,0.5275649388229134,0.3165296377428376,0.15590542343424893,39504.8,534876.0,73857.86612224142
2008,1,3.2306924127274255,2.641083057215596,2.892862187693473,-1.2262986719273865,2067849.3775333334,7795,0.532755435479785,0.31645922033969914,0.1507853441805159,200967.4,4718206.0,42594.028323477185
2008,2,3.2588397149060544,2.570139716185682,2.849650926132762,-1.2423208536661412,338006.82728333335,10753,0.48552358078527424,0.33747674425536195,0.17699967495936386,49926.6,687455.0,72625.26274447054
2008,4,3.262919756752686,2.565093278528783,2.778781488159643,-1.2228273426984642,2956079.2278583334,9117,0.5041040410067044,0.3349455516483713,0.16095040734492427,302277.9,6280362.0,48130.64915684797
2008,5,3.220222253208803,2.6361992869411606,2.940562345291164,-1.2422381141569823,1304739.02315,8019,0.5411778447978973,0.31800273283213804,0.1408194223699645,113628.0,2874554.0,39528.91474642675
2008,6,3.266924993378412,2.547305529269093,2.7731178184627994,-1.2292096134421628,17200835.241716664,63217,0.4533756844788585,0.37642093139769894,0.1702033841234426,2192331.8,36604337.0,59892.6788374831
2008,8,3.321077416134304,2.5276657147043635,2.742033075572112,-1.2413715986507476,2598440.393125,17672,0.43980754912512526,0.4087185194730754,0.1514739314017993,281803.3,4889730.0,57631.66882425001
2008,9,3.3158492217927074,2.5297406184670037,2.706708001775958,-1.2278640475781015,1776680.9147333333,18156,0.4230302869643177,0.4129079062303825,0.16406180680529978,277793.2,3545579.0,78349.1779480869
2008,10,3.2721305318484686,2.571285483710002,2.7788290672723144,-1.224083378874184,424343.51910833333,11929,0.4663560027447187,0.3687735736548974,0.16487042360038393,65771.3,883874.0,74412.5293876729
2008,11,3.450458943807168,2.386926672425556,2.4157154842247057,-1.2096529786812373,308027.2839,10728,0.2764286569537812,0.573685878638539,0.14988546440767972,116213.7,580236.0,200286.95220565426
2008,12,3.261623642214556,2.5586049755268396,2.782313333048814,-1.2268974435611495,8654890.665058333,29921,0.468240633183643,0.3495146130111649,0.1822447538051922,891766.9,18527305.0,48132.57513707471
2008,13,3.279336137057046,2.569234503849149,2.7916065913455363,-1.2306896442762127,4601321.68595,16011,0.4825282355448725,0.3728497602970427,0.14462200415808482,481860.3,9504843.0,50696.292405881926
2008,15,3.1978071217917177,2.5672836011084224,2.8122896657925676,-1.214719988310495,630689.9603833334,12053,0.4569903756488274,0.3088254572327556,0.23418416711841697,76830.2,1332213.0,57671.10814862188
2008,16,3.2357091402286002,2.5922185561037163,2.8809670991363174,-1.2432517125639753,715265.4842166667,8669,0.5004738344008451,0.33160930879862355,0.16791685680053137,63878.2,1534320.0,41632.90578236613
2008,17,3.2443662113488583,2.589718685274754,2.7958942785962613,-1.2147900693615552,6259140.633175,23783,0.48315744206151856,0.3509185638043217,0.1659239941341598,759095.3,12747038.0,59550.720724296894
2008,18,3.2101483962907253,2.650146741947022,2.878688687443423,-1.212274089393057,3057445.962883333,12089,0.5268372946333956,0.31765837824760373,0.1555043271190007,322384.3,6424806.0,50178.0598511457
2008,19,3.2350624441880096,2.6313566044628565,2.8551896882048826,-1.2186344696930727,1627774.1516000002,16697,0.4821252161793806,0.36399172569149046,0.15388305812912892,160469.1,3016734.0,53192.98950454366
2008,20,3.2616115032138,2.566188404613117,2.7987687450465164,-1.2334428347503539,1445924.187825,12180,0.4612088317611324,0.3718646304325441,0.1669265378063235,147265.0,2808076.0,52443.38116204832
2008,21,3.1950195202569556,2.627663522834812,2.8877361641838353,-1.21684464350805,1887340.245475,10592,0.5236448290208396,0.31807062406852377,0.1582845469106366,186515.9,4289878.0,43478.13620806932
2008,22,3.228328337264868,2.590460354005262,2.843709803585126,-1.2257590146407586,1968467.7827833332,6889,0.494090292571657,0.3308804250550434,0.17502928237329965,237061.6,4435586.0,53445.38466845192
2008,23,3.2461384128939197,2.57381864425792,2.838425288218618,-1.23612542160957,671663.4367999999,15062,0.4791397660565513,0.35113996658899777,0.16972026735445098,59845.1,1330509.0,44979.10198277501
2008,24,3.3555494177542986,2.508541659652845,2.6882077398601094,-1.2387861452332845,2866771.4993583336,19525,0.39600030928883795,0.4475270911132135,0.15647259959794857,338165.4,5684965.0,59484.16568967443
2008,25,3.332749140783237,2.5053175183297522,2.687321902371776,-1.2359575883497316,3243966.185391667,12228,0.38488918118051135,0.4467602259630898,0.16835059285639886,447526.8,6468967.0,69180.56623259942
2008,26,3.2463561071679194,2.589084186022689,2.8055394074895936,-1.221291127362196,4544762.049816667,17338,0.47041625178523083,0.35614772710375203,0.1734360211110172,455256.7,9946889.0,45768.75242098308
2008,27,3.2837357187296585,2.556351328836904,2.74082759521226,-1.2207764508969745,2762492.815841667,20641,0.4483466733554691,0.4004949585790368,0.15115836806549407,309290.4,5247018.0,58945.938435888726
2008,28,3.194041538427315,2.653669774274793,2.9221284461094856,-1.2199145464240149,1232226.9682250002,6520,0.5275563714286478,0.30653892501357166,0.16590470355778056,109434.0,2947806.0,37123.881286624695
2008,29,3.2271547029228067,2.606704789527019,2.8370490160766795,-1.2183986203308106,2858563.9230833333,13044,0.4988332634509933,0.3318723096930962,0.16929442685591048,297881.8,5923916.0,50284.60903226852
2008,30,3.2427265464089783,2.580718137565573,2.8756235188698187,-1.2458632839229224,483705.9626166667,7753,0.4549252293104942,0.3611143600235214,0.18396041066598434,42049.3,976415.0,43064.98773574761
2008,31,3.2513856069094587,2.603112130577104,2.8129760467856024,-1.219939606951745,966762.1695500001,13514,0.47392816556054335,0.3693298312324527,0.15674200320700393,99860.1,1796378.0,55589.69214719842
2008,32,3.1810866538026055,2.591532367791972,2.8324857057261545,-1.206896043301051,1289299.0040583333,12078,0.4662735359068779,0.29485073095054265,0.2388757331425794,152745.6,2653630.0,57561.001345326964
2008,33,3.2921986853824112,2.5619854860085627,2.7538741933393927,-1.227216961094413,718792.2040083334,18981,0.45312423230884996,0.40093221406688034,0.14594355362426964,71195.6,1315906.0,54103.86456175441
2008,34,3.3061493153037222,2.5347652343545994,2.6937821505985795,-1.217979039529879,4298512.754008333,16759,0.42981906953896193,0.4062853443575416,0.16389558610349647,573202.7,8711090.0,65801.48982503911
2008,35,3.280104658417049,2.5553263458127673,2.7938154486171083,-1.2390901210364256,925529.0301083332,6889,0.47610470504442876,0.36188524471738265,0.1620100502381886,89012.9,2010662.0,44270.44426164119
2008,36,3.280422866970518,2.530328838813779,2.7203278281800807,-1.2209340674626745,9113242.682525,31985,0.4277246441968818,0.3764192354858125,0.19585612031730568,1328095.7,19212436.0,69126.87698738463
2008,37,3.2533659017038308,2.573715839885282,2.833604363873016,-1.2365477877584221,4258558.19305,15073,0.4769048924637895,0.3542158083882883,0.16887929914792224,492688.8,9309449.0,52923.518889248975
2008,38,3.2437213832890293,2.5820910250503997,2.8533546323487413,-1.2397448815047643,363512.41614999995,11154,0.4681682616947593,0.35788929003353315,0.17394244827170766,35030.4,657569.0,53272.584321949485
2008,39,3.235274913961264,2.6228306299931528,2.821513195796056,-1.2098352778881265,5590957.108316666,21811,0.48464547071385167,0.34267736480413574,0.17267716448201256,580389.0,11515391.0,50401.15442020162
2008,40,3.253982972220036,2.600214653540606,2.8710401617789185,-1.2408888583304698,1697580.4382666666,9073,0.49020508261013035,0.34512699857306545,0.16466791881680418,158987.8,3668976.0,43333.01716882313
2008,41,3.269364020753366,2.5611354712643286,2.77744147354928,-1.2283847059300899,1842417.3625583334,10992,0.4512418392374411,0.3880631395522212,0.16069502121033766,184842.6,3768748.0,49046.155381044315
2008,42,3.256692820925252,2.6022043720999952,2.7997961972166383,-1.2165491575692589,6126517.847566667,24565,0.4711138444206832,0.3556764628712646,0.17320969270805217,665148.3,12612285.0,52738.12794430192
2008,44,3.259901043083729,2.5687873344244267,2.773416007689305,-1.220645536210741,524565.6728833333,13223,0.44922259841983925,0.3679688045141221,0.18280859706603866,54977.1,1055003.0,52110.84707815997
2008,45,3.2262642123566465,2.6236316379661786,2.8620123905951016,-1.2210018267291773,1993413.9563666666,9632,0.5032321318369531,0.33025997493643405,0.1665078932266128,192497.1,4528996.0,42503.26120844443
2008,46,3.228445306562134,2.6168320633934266,2.868346616913738,-1.2259101484175092,437319.28022500005,13415,0.486738489509795,0.3554671186025813,0.1577943918876237,43278.5,799124.0,54157.427382984366
2008,47,3.2098436373729857,2.618360726676134,2.874514151659021,-1.2207289305897444,2844289.7421249994,9811,0.5103328689889561,0.31898015511133027,0.17068697589971363,298526.9,6247411.0,47784.09808479065
2008,48,3.2357936602387407,2.591710603202048,2.841914222098454,-1.2269485726710498,11185122.58405,38203,0.5032847296908466,0.3323720141279627,0.1643432561811908,1287191.5,24309039.0,52951.147102112925
2008,49,3.2587863104831016,2.584058866973676,2.8027247334860514,-1.221835737011567,1327364.7654083334,10055,0.5159031645718658,0.34175798144690545,0.14233885398122872,133662.9,2663029.0,50192.05573803365
2008,50,3.286064164654098,2.5444571148332673,2.7740404621880934,-1.2403416029895966,336660.1099583333,12518,0.4357903395192235,0.4015586380832559,0.1626510223975205,30168.6,624151.0,48335.41883294267
2008,51,3.311786954862565,2.5340976944665146,2.730832795544014,-1.2311213290290572,3975680.4055666663,17280,0.42651499521363595,0.42806253879382533,0.1454224659925387,462034.7,7833496.0,58981.92837527459
2008,53,3.2704874506922033,2.5647558788356792,2.8084413852503256,-1.2344554758420845,3286440.426991666,14068,0.45161982714858456,0.3894130453758873,0.15896712747552813,401093.2,6562231.0,61121.469207652095
2008,54,3.213651186172853,2.6468644235803946,2.916465737957658,-1.2263791515278608,784960.1533333333,8072,0.5320029172980654,0.2909175611126957,0.17707952158923893,70966.8,1840310.0,38562.41611467633
2008,55,3.2350548886217645,2.6306731682900035,2.8436353077025047,-1.2160638485047655,2968416.254458333,16276,0.49977449640357663,0.3384373772861265,0.16178812631029685,286204.7,5640996.0,50736.554324803634
2008,56,3.2338772576744064,2.6296329610904183,2.984522592976156,-1.259495476868156,285838.61420833337,11094,0.5272928716564201,0.32031611877992344,0.15239100956365645,41641.2,546043.0,76259.92824740909
2009,1,3.2395796210111754,2.6173328996378853,2.8776884520945782,-1.2318982798501061,1907153.832425,8289,0.521625669388561,0.3305185142401415,0.14785581637129747,194192.1,4757938.0,40814.34016164145
2009,2,3.280225289671158,2.5636974387345783,2.8169208674342903,-1.2388149544768032,330218.1845916667,11695,0.4664356093088597,0.3647759115709302,0.16878847912021008,54951.9,698895.0,78626.8323567918
2009,4,3.2808261583803078,2.5411445098498273,2.747536527251773,-1.2274826207177068,2867378.407291667,9435,0.45373624904605564,0.3655361619024277,0.18072758905151667,277412.4,6343154.0,43734.14235252683
2009,5,3.2175122081479013,2.6423927838934547,2.919307751068162,-1.232422534134367,1266317.4647583335,8613,0.5309548954908657,0.3256002202656679,0.14344488424346635,109833.1,2896843.0,37914.757548130845
2009,6,3.2694593454508603,2.537678918782739,2.750512310238969,-1.226730061940544,16327214.912416667,69499,0.4371879980131434,0.3812838711697548,0.18152813081710173,2110679.4,36961229.0,57105.22775094952
2009,8,3.320675342018622,2.52196464858594,2.7065949380788443,-1.231892183381791,2518518.976166667,19514,0.42389671536061896,0.4179820175766209,0.15812126706276017,275659.1,4972195.0,55440.12252134118
2009,9,3.3253505464129844,2.5126370040172215,2.668919099487118,-1.2244247028415363,1742457.0388833333,20473,0.402338675067351,0.43483607485284237,0.16282525007980664,265530.8,3561807.0,74549.46323593614
2009,10,3.263931881741105,2.5694150920363086,2.7621801645485635,-1.2158862678677544,395900.0326166667,12731,0.44697955846403964,0.3751675897773228,0.17785285175863755,69186.2,891730.0,77586.48918394581
2009,11,3.4822770117095776,2.3545540078730207,2.3878911604725963,-1.2222241296575107,304490.76120833337,11920,0.2545881047498611,0.5955032468866422,0.14990864836349668,115646.0,592228.0,195272.76656963196
2009,12,3.2786909553329835,2.546179781337334,2.7480712006910943,-1.2253378997674196,8134167.876533333,31575,0.4459358082403075,0.370316602796879,0.18374758896281349,840480.6,18652644.0,45059.59584067546
2009,13,3.274927325371107,2.556376441075811,2.7918225390701816,-1.2336765577295723,4338739.186216666,17048,0.47135392684360783,0.3735660561478475,0.1550800170085447,464016.8,9620846.0,48230.35313110718
2009,15,3.2173836190347913,2.5494300372013097,2.7909178686338016,-1.2195780251795314,593491.5167583333,13191,0.4428991021465196,0.3283792815459532,0.22872161630752727,74118.5,1346717.0,55036.43304421048
2009,16,3.243236186513379,2.5772846874320376,2.838230215733921,-1.2363682881688733,687501.1445916666,9284,0.4744579623988847,0.34862402575558843,0.17691801184552688,61276.1,1554439.0,39420.073737213235
2009,17,3.260959042721907,2.5712968752537835,2.7730752888267642,-1.2187254390166204,5997016.893275,26272,0.4519168473121465,0.36801547911824944,0.180067673569604,740794.3,12796778.0,57889.12646605263
2009,18,3.212760020662684,2.6173077311861257,2.8541260990955495,-1.2179593165378049,2873600.1297500003,12845,0.4931321346430897,0.34112205708430543,0.1657458082726049,299789.0,6459325.0,46411.81547607529
2009,19,3.2330965595527927,2.6302658444926768,2.84845542364584,-1.2165457581799155,1593873.1089249998,18164,0.4836791611113318,0.35713218959589194,0.15918864929277632,156737.2,3032870.0,51679.49829699262
2009,20,3.2722893578550596,2.5553635860446975,2.792877673696726,-1.2376696529256481,1428732.143175,13227,0.44847676624647587,0.38070744978630966,0.17081578396721453,141902.5,2832704.0,50094.3621359662
2009,21,3.2054435194853084,2.6242451796901514,2.8816460683139717,-1.2210133070464588,1859815.0463500002,11507,0.49619768291967453,0.3330759086132899,0.17072640846703555,178112.8,4317074.0,41257.75930641912
2009,22,3.250762643368745,2.5821656024402895,2.820798503366567,-1.2289408291065844,1907073.9483916666,7666,0.47676547034824446,0.3476131858656324,0.17562134378612324,241868.8,4491648.0,53848.56515915762
2009,23,3.2779105210715884,2.5641173686784247,2.809261983329445,-1.2390396068268255,641250.3246333332,16447,0.451718032059046,0.37930344469198524,0.16897852324896875,58771.8,1329590.0,44202.9497815116
2009,24,3.354870375491147,2.4988431158573943,2.662957567024164,-1.233393764197272,2803175.8399,21721,0.38042871003228623,0.45653458329856345,0.1630367066691503,336285.8,5730388.0,58684.647531720366
2009,25,3.3446037399074453,2.501849712676979,2.667200351630981,-1.2334549430290658,3160005.1153749996,13297,0.3854367313782088,0.44237466801830777,0.17218860060348348,441307.6,6517613.0,67710.00364704072
2009,26,3.25624068454291,2.572286059060111,2.7869027001102933,-1.2236490580836195,4277755.7220749995,18737,0.4406932349231119,0.37395114414511754,0.1853556209317705,416297.1,9901591.0,42043.45544064585
2009,27,3.290517807493198,2.549507072546717,2.7232388083486088,-1.2196049667046802,2718700.824125,22561,0.439606240748053,0.41018306751179684,0.15021069174015017,296875.2,5281203.0,56213.55588868672
2009,28,3.20885496752648,2.6426952569216144,2.914587567343956,-1.2257251284471535,1150152.4487666667,6855,0.48646527242932364,0.31875661171045433,0.1947781158602221,105360.0,2958774.0,35609.343599747735
2009,29,3.230595505624505,2.594933630869672,2.819539355899738,-1.2182742282737657,2773221.293066667,14375,0.4854821156185572,0.34126076154733626,0.17325712283410652,289566.8,5961088.0,48576.16596164995
2009,30,3.238406179491632,2.561638219369085,2.839877376387515,-1.2395416058002922,464962.42620000005,7937,0.4357556401048969,0.3695633144316053,0.19468104546349776,40938.4,983982.0,41604.82610454256
2009,31,3.2495000942395253,2.6245247384587156,2.8171878674613207,-1.213230856035448,942817.9554666667,14891,0.4755187145021389,0.36814550564093923,0.1563357798569219,99986.4,1812683.0,55159.341153417336
2009,32,3.186817852826286,2.5822704205579323,2.7943347171659583,-1.1981582170906544,1193973.6949583334,12799,0.44486981251120433,0.3141177007109696,0.24101248677782597,140304.3,2684665.0,52261.38084267497
2009,33,3.290507296299182,2.5441963274336925,2.7348661023263676,-1.2268532483361827,693225.354725,20400,0.4429812302622948,0.40494084851008644,0.15207792122761873,70498.6,1316102.0,53566.21295309938
2009,34,3.3095616719607786,2.539084212600255,2.6788604507003737,-1.2133371720470565,4131451.9464416667,18416,0.42469918979030824,0.4081502086765274,0.16715060153316444,546362.2,8755602.0,62401.44309894396
2009,35,3.267417619511782,2.567685133815859,2.791466065766607,-1.2299564787418893,875160.9968416666,7208,0.4702634202049427,0.3523076298877775,0.17742894990727975,90829.2,2036802.0,44594.02533972375
2009,36,3.278072701453739,2.5257739629150446,2.725830347600937,-1.2233948618640957,8941153.698675,35859,0.42794825443604445,0.37508623840814326,0.19696550715581232,1379504.6,19307066.0,71450.76315583114
2009,37,3.2768575615048565,2.5668570892126703,2.796600287087278,-1.2333067232557964,4091125.0042499998,16189,0.45354025010948157,0.3737865550004236,0.1726731948900948,473610.5,9449566.0,50119.81502642555
2009,38,3.244327073663299,2.5768763924852696,2.8498312814820697,-1.2403650737609853,349522.36845,11961,0.4529676403933857,0.36713890193624293,0.17989345767037146,35971.3,664968.0,54094.78350837935
2009,39,3.223872328002798,2.6058645315843965,2.807585977737037,-1.2076940527803657,5298132.057233333,23521,0.4661868476303019,0.3395248662740716,0.19428828609562657,550982.4,11528896.0,47791.427730807874
2009,40,3.236988307055468,2.5985713258052745,2.841089538276939,-1.2254794657381594,1665768.4161166667,10218,0.4871865282269696,0.3523444619077432,0.16046900986528714,156856.8,3717572.0,42193.345549191785
2009,41,3.2749258932415373,2.5596781203339396,2.75454858610589,-1.222499231497942,1753537.3504916665,12106,0.4416573364410968,0.3894197513268102,0.168922912232093,176951.6,3808600.0,46461.06180748832
2009,42,3.2523579215362535,2.592633711349132,2.8021744544155505,-1.2189928235928937,5817692.348241667,25998,0.46091777933203915,0.3619080720898032,0.17717414857815764,645206.7,12666858.0,50936.60164185941
2009,44,3.268251563464075,2.5624129720769875,2.7420625466011477,-1.2152434762196693,501651.6888666667,14356,0.4371089843570504,0.37698785051444034,0.18590316512850924,54481.5,1053646.0,51707.59439128512
2009,45,3.2143448728150688,2.6008107438073416,2.822511353133523,-1.2126787735688784,1883622.787075,10312,0.4899285098275808,0.3332762898549774,0.1767952003174418,184081.3,4589872.0,40105.97681155379
2009,46,3.2278477299206103,2.5964126207677967,2.847893549504405,-1.2259883318972185,425006.8312166667,14863,0.4679919910076722,0.36154803656916606,0.17045997242316177,44255.8,807067.0,54835.348242463144
2009,47,3.2376721647325537,2.5863263415476805,2.8318325138654106,-1.225865343009355,2706021.402725,10719,0.4775523624714899,0.34305088138906714,0.17939675613944295,287308.8,6306019.0,45561.04255315437
2009,48,3.2528230732022947,2.5766350743974313,2.8207709831812466,-1.2313267466114166,11070514.771758333,44005,0.4831912464908812,0.34297611981025095,0.17383263369886792,1285560.2,24801761.0,51833.424247576615
2009,49,3.280868957110597,2.5692819889121217,2.7681749761336736,-1.2254167579080746,1284638.514925,10356,0.4932477416908083,0.36464921902376973,0.14210303928542192,130958.6,2723421.0,48086.06528333299
2009,50,3.2938927106320124,2.5358255573122936,2.751500864582587,-1.2375131690454255,335575.6594416667,14248,0.4272222852800278,0.4126969893204002,0.160080725399572,29565.7,624817.0,47318.974995878794
2009,51,3.333798534258089,2.513317682850477,2.7029473318550212,-1.2358866362366485,3821648.5426416663,18716,0.3993554515185445,0.4423347503601574,0.1583097981212981,460075.3,7925937.0,58046.8025420843
2009,53,3.277465783996395,2.546918259952462,2.7637254923830046,-1.2291667509466497,3194996.1312833335,15146,0.43309614939153523,0.39385244307966555,0.1730514075287992,390814.0,6667426.0,58615.4237032402
2009,54,3.23677328567543,2.6235613751933267,2.8587016396407487,-1.2228295288678768,744904.2736083333,8306,0.4970005649880525,0.3309738496810915,0.172025585330856,70886.5,1847775.0,38363.16651107413
2009,55,3.2464866205539624,2.6076281275464783,2.8089502727151117,-1.2174358739749975,2826382.1703999997,17623,0.46794799230233414,0.363453816725342,0.1685981909723239,277279.4,5669264.0,48909.24112900722
2009,56,3.234703245849426,2.618042298737531,2.9695842651251723,-1.2576595623185491,279126.9375,12306,0.5118348471417649,0.3231531505633927,0.1650120022948424,40599.6,559851.0,72518.5808366869
2010,1,3.216624333551191,2.644070483101259,2.9075514968823852,-1.2274104202286842,1954210.1930333332,8414,0.5200472299065952,0.31894310684053867,0.16100966325286617,199455.0,4788095.0,41656.441653726586
2010,2,3.263207881528331,2.5793909632419165,2.8338870393906466,-1.2360867220215945,335813.24871666665,11384,0.4708795262198697,0.34536026572733397,0.18376020805279633,53652.0,714015.0,75141.2785445684
2010,4,3.2925261785992648,2.5362018439887595,2.7253918332791653,-1.2265037079840904,2843212.9311583336,9604,0.44769674499103457,0.3757094353149895,0.1765938196939759,282252.5,6401304.0,44092.96918252906
2010,5,3.205647752287125,2.641795719525106,2.905199016688812,-1.2250711820763533,1230623.8652083334,8110,0.5124137378045736,0.33015764425005656,0.15742861794536991,113000.9,2921546.0,38678.45996605907
2010,6,3.268188563265498,2.54162615627469,2.754271074517382,-1.226836828826838,16090091.035141667,69365,0.43630927143489723,0.38189793603813915,0.18179279252696365,2153852.8,37322523.0,57709.19613339108
2010,8,3.323358406911618,2.510210642462034,2.7100741101476515,-1.2378747087402355,2488186.9883499998,19197,0.41398742767878977,0.4281557492783487,0.15785682304286155,279385.6,5046928.0,55357.55612126822
2010,9,3.3268501852462147,2.519786681697562,2.6711751719036685,-1.2220050985295168,1717755.0375833334,20381,0.4024515274180231,0.42973524115886486,0.16781323142311208,266773.4,3580281.0,74511.86094052395
2010,10,3.26234739025988,2.5832604017182237,2.7786175698847804,-1.2159953809822568,397213.2119,12765,0.4686568474943941,0.35636858261590015,0.17497456988970583,68291.9,899773.0,75899.032311483
2010,11,3.5206112024301857,2.3289697171650166,2.3354704206913066,-1.22349737570585,310976.7797416667,11990,0.21842034397375995,0.6204298089548094,0.16114984707143065,120393.2,604718.0,199089.8236864125
2010,12,3.271524495710307,2.542291410792447,2.7593336011996383,-1.2284195291808881,8115059.902541666,31403,0.4378282397727799,0.3700757452743519,0.1920960149528683,851956.4,18842405.0,45214.84385883861
2010,13,3.2706808076639176,2.5754187192437996,2.791757995832039,-1.2254749136230472,4271775.478558334,17148,0.4718772444119996,0.3661129112841288,0.16200984430387158,471588.2,9712616.0,48554.18972602232
2010,15,3.207900816387584,2.5503343296486434,2.8017996281685913,-1.222163329370518,590119.0323666666,13346,0.45250914259387254,0.31960015856168505,0.22789069884444238,76130.2,1365117.0,55768.26015645546
2010,16,3.2336037801343696,2.586598357600025,2.8560809190114154,-1.237216051790743,685166.2210666667,9066,0.49690404668129323,0.32547229161496966,0.1776236617037372,62626.4,1571339.0,39855.435396181216
2010,17,3.2573071966751637,2.5920062067677647,2.7801915485446753,-1.2144983840615806,6021484.015083333,26007,0.4662602156692985,0.35825714282367344,0.1754826415070281,755391.4,12845460.0,58806.09958693577
2010,18,3.210648778637858,2.6270173740170013,2.85698754510363,-1.2137177824132903,2840905.003891667,12378,0.5003822818320506,0.3319509142576445,0.16766680391030486,320731.8,6491385.0,49408.83956197329
2010,19,3.214380193603166,2.619517521076897,2.8662187338381706,-1.2222116980594941,1569624.6740333333,17801,0.49557048637709644,0.335553443082462,0.1688760705404416,161593.1,3051473.0,52955.76923013902
2010,20,3.27089205985053,2.5538265597273595,2.780363792464741,-1.232486585451501,1382008.165575,12703,0.43909432720156144,0.3910400554125437,0.16986561738589487,143870.1,2858835.0,50324.730178551756
2010,21,3.231159345703189,2.6172055355227557,2.8605266726024174,-1.225325058787961,1848695.0758749999,11427,0.4796803622149515,0.3467408396445785,0.17357879814047003,186720.6,4349159.0,42932.57616012659
2010,22,3.244924399177618,2.5944970690087463,2.8077416958253134,-1.2177842345464116,1914320.0988583332,7520,0.4768942624103612,0.3490305143261929,0.17407522326344593,253466.9,4544804.0,55770.69990257006
2010,23,3.2541512493197784,2.562151302267829,2.7957936442713276,-1.2285527970477685,639966.6730333333,16501,0.45222164053260966,0.371949530232329,0.17582882923506135,59958.5,1327967.0,45150.5948566493
2010,24,3.3499670191646476,2.5099081437755815,2.6694827039366866,-1.2309273984164595,2830986.961808333,21410,0.38985100154929336,0.44385343446294817,0.16629556398775847,352622.9,5791715.0,60884.021399533645
2010,25,3.3461730845004714,2.502791590956174,2.672746210811638,-1.2366933953340837,3213414.2656166665,13311,0.38589307027512604,0.4473955531168899,0.16671137660798405,462330.8,6569724.0,70372.9410855007
2010,26,3.251212334650127,2.584284582815289,2.769649691326364,-1.213856775426124,4237119.009391666,18556,0.44668551064761,0.376002487931752,0.177312001420638,441271.5,9880111.0,44662.60551121338
2010,27,3.2871769192147045,2.5427557572221855,2.731077502743424,-1.2245751312669753,2714045.155983333,22303,0.43994982941170435,0.40115368589075406,0.1588964846975416,308091.9,5312197.0,57997.07729212603
2010,28,3.207153051153403,2.645533547884017,2.905464681579391,-1.219408555099308,1165842.9046333332,6966,0.5194173876545043,0.315570211583558,0.1650124007619377,106711.8,2970367.0,35925.459715920624
2010,29,3.2255898954953235,2.6030955086328045,2.8224775452935345,-1.2146591859368343,2778795.6834083335,14516,0.48808951285547714,0.33513104762435203,0.17677943952017086,295986.4,5996167.0,49362.60114169602
2010,30,3.241164983235672,2.5532675842805923,2.8351356087138124,-1.2422284823821046,458925.10589166667,7723,0.43013804603394384,0.3714378895423398,0.19842406442371638,42469.8,990874.0,42860.94902076349
2010,31,3.259850524935614,2.6140366955698977,2.804120696212825,-1.2171263241243664,933504.4156083333,14642,0.4645058754303446,0.38542211426913336,0.15007201030052206,103940.8,1830194.0,56792.23076897859
2010,32,3.1609543807898244,2.58111658072,2.797891226547012,-1.1927984224396018,1137503.33545,12234,0.43156518926244664,0.29895842170651327,0.2694763890310401,142614.2,2701888.0,52783.16495724471
2010,33,3.300874114008004,2.5420079371269573,2.73393481553444,-1.2305984835800599,705936.808675,20012,0.430471893601313,0.415754893597119,0.153773212801568,72950.4,1317105.0,55386.928149236395
2010,34,3.305456038153611,2.547065927141517,2.7030108117897664,-1.217954936999461,4114327.3263666667,18029,0.42824647733901594,0.40510523226481415,0.16664829039616993,554764.4,8809368.0,62974.37001156042
2010,35,3.2922985439902717,2.5588555793132417,2.778077279175325,-1.2349537397597163,849276.1860250001,6748,0.4281946912185355,0.38773018681876503,0.18407512196269946,90721.0,2064898.0,43934.85779927144
2010,36,3.273918228039437,2.524338714668824,2.7064835711312933,-1.216778062671708,8835727.424816666,35359,0.41587262253072943,0.38088726690277447,0.20324011056649618,1431624.0,19420354.0,73717.70875031424
2010,37,3.2668346870661087,2.571642100953223,2.7990071354631683,-1.2315746002236,4088008.954975,15929,0.44783081162294236,0.3804436186667881,0.1717255697102695,482030.4,9571037.0,50363.44546573167
2010,38,3.250566654105171,2.588080595493709,2.857160394520576,-1.2392177123986021,357091.22565833334,12463,0.4509638050098641,0.3686366305471979,0.180399564442938,38697.4,675097.0,57321.24420638812
2010,39,3.2213966753517087,2.6154936442957513,2.8233163281772433,-1.2107366542938458,5284319.305858334,23157,0.480097321972349,0.3361514328749053,0.18375124515274577,563816.3,11541932.0,48849.386740452115
2010,40,3.2365859162768444,2.590156014767957,2.8349712424921147,-1.2259182082470843,1642143.4861666665,10158,0.48203109837087443,0.34446621178883974,0.17350268984028583,158086.4,3759558.0,42049.19833661297
2010,41,3.2584461214457203,2.547412365792048,2.7598249216276223,-1.2242893674880355,1779615.047775,11924,0.4346957537820542,0.3826358515236319,0.18266839469431387,180738.2,3837609.0,47096.564553606164
2010,42,3.2560351768114044,2.5843190159486524,2.7858063099429424,-1.2168507776273156,5805290.564766667,25042,0.4592579731948397,0.37074479186307485,0.16999723494208543,666805.8,12716596.0,52435.87198964251
2010,44,3.285164077468393,2.5409051144075248,2.717455382278013,-1.2205220378611437,505943.1514416667,14583,0.4135002973249687,0.3994071243436377,0.18709257833139362,56050.6,1054975.0,53129.789805445624
2010,45,3.2167799303394697,2.603958378830956,2.8373958123240075,-1.2185991465014723,1919723.3405,10207,0.4915564737223745,0.32582071554589015,0.18262281073173536,188777.2,4633669.0,40740.32909989902
2010,46,3.227887952352946,2.604019329585563,2.858277916727586,-1.2267650685349243,420367.747975,15121,0.4709970108150248,0.35643692134237676,0.17256606784259843,44810.7,816068.0,54910.497654607214
2010,47,3.215248187845279,2.5979690999538105,2.8368497332819023,-1.2180815096188735,2786251.505725,10944,0.48353204959861423,0.33684670129775046,0.1796212491036353,292687.0,6356388.0,46046.11927402795
2010,48,3.2417929710013866,2.5919810698096897,2.851568971150991,-1.2332714370495776,11197392.840491667,44336,0.4844680918720538,0.33522864167979316,0.18030326644815306,1323059.1,25238386.0,52422.49246841696
2010,49,3.2652447530188367,2.591809490872811,2.8015736214653213,-1.2240381491583585,1257603.5671666667,10064,0.494902278943764,0.35840968193386485,0.14668803912237122,133739.1,2776212.0,48173.23028644786
2010,50,3.292552192200113,2.541487761639138,2.7617741777213096,-1.2370439807170883,337551.2692916666,14092,0.42832951976022277,0.41187197429264044,0.1597985059471369,30890.6,626366.0,49317.172388028725
2010,51,3.322124026768596,2.529985347310668,2.707112109365105,-1.2288060431589025,3791956.6188416667,18684,0.409684660846147,0.4333766418747231,0.15693869727913,475699.3,8025105.0,59276.39576055391
2010,53,3.2821124832623485,2.5537345314121,2.7573970180006917,-1.22587983951997,3154073.171008333,14630,0.4264214681688996,0.40282959198654317,0.17074893984455733,403471.3,6743680.0,59829.544106481924
2010,54,3.2569230719945623,2.599751076569352,2.8233922837719176,-1.2238839238692503,722521.8659833333,7812,0.4648070617816378,0.35263522169922074,0.18255771651914152,71823.8,1854404.0,38731.47383202366
2010,55,3.2468346654460234,2.6162795347805674,2.8118323471033424,-1.2146724362191996,2828304.851425,17595,0.4758817817374948,0.3578284812912873,0.16628973697121785,287652.9,5692038.0,50536.01188186024
2010,56,3.2329901519195063,2.6059313385637726,2.953353582706521,-1.2566366276864331,279188.185075,12163,0.4996242537289055,0.32776235895551015,0.17261338731558437,39135.8,564402.0,69340.29291178982
2011,1,3.234622464919658,2.644254125067486,2.870135904714623,-1.2201431022434943,1974243.1607499998,8280,0.5137078600459686,0.33522254652332856,0.15106959343070284,201372.8,4812576.0,41843.03790734941
2011,2,3.2707580632346125,2.56214243372091,2.811863909134944,-1.2366878332932882,339843.32714999997,10871,0.46971120451517717,0.3500256159274988,0.18026317955732404,54045.5,722513.0,74802.11428721697
2011,4,3.2910503580656614,2.5262923740599494,2.715687563459469,-1.2256200673793722,2828533.0869333334,9649,0.43361811086729346,0.38496599619656746,0.1814158929361391,290411.3,6443158.0,45072.81988118249
2011,5,3.219876830757681,2.638482000898737,2.873987953612534,-1.2191710733645127,1247632.7570166667,8085,0.5012732878037286,0.3189110774874932,0.17981563470877818,115241.8,2938773.0,39214.25710662239
2011,6,3.2634772595278423,2.5496179223867514,2.76085647091446,-1.2238333720762,16107143.206533333,68404,0.44303350335643094,0.38027527656642546,0.17669122007714363,2192887.2,37651212.0,58242.14104980207
2011,8,3.317778552304341,2.5108695437977655,2.7107832849515567,-1.236997744583079,2537049.732725,19257,0.4051264633026432,0.42738797316412014,0.16748556353323665,283963.8,5118837.0,55474.280583656015
2011,9,3.328800323157146,2.5207960399623937,2.67947311575614,-1.2250938015304702,1730656.38145,19881,0.400783249892845,0.4327499620018341,0.16646678810532098,261555.8,3594181.0,72772.01676821506
2011,10,3.265514128442178,2.580508152987379,2.7788426224395106,-1.2182905862288136,410067.3898,13207,0.4431667842435894,0.3704087977234456,0.18642441803296497,71103.5,908220.0,78288.85071898879
2011,11,3.5216032084918796,2.3360532995191865,2.3492619176224796,-1.2257369363713613,308441.81913333334,12221,0.2165105925602825,0.6173717498777829,0.16611765756193458,122636.4,617465.0,198612.71489072256
2011,12,3.277120919957491,2.5271754248360896,2.7350885820209125,-1.227581708070425,8208645.8958416665,30552,0.4294760018900416,0.3748439566077997,0.19568004150215876,849395.3,19036879.0,44618.41145284371
2011,13,3.2692400892292954,2.5718218197211713,2.779533916666431,-1.2223571848126513,4317235.249091667,16666,0.47018475857762176,0.3650065623271308,0.16480867909524743,481215.4,9805666.0,49075.238744619695
2011,15,3.2127617406106115,2.5620451678067595,2.7859262593986855,-1.2137354898687611,587548.383025,13133,0.45740737660672126,0.3282458551901877,0.2143467682030911,77174.2,1385141.0,55715.77189614631
2011,16,3.2440018147804737,2.5911280823178333,2.8640489464716805,-1.2410650307467899,698969.5685833333,9213,0.49374370719559973,0.33480357907818686,0.17145271372621332,62704.0,1586880.0,39514.01492236338
2011,17,3.2575935282811272,2.577759378291973,2.7742361459872344,-1.2163605497073762,5966527.613000001,25183,0.4558074017583576,0.3678292042866808,0.17636339395496156,772225.6,12892409.0,59897.69638862683
2011,18,3.198769447985551,2.628857084096395,2.8740405495217027,-1.217319922635565,2889268.792475,12185,0.4969522262538113,0.32613284624591204,0.1769149275002767,321532.8,6521409.0,49304.191778187815
2011,19,3.2316172928055362,2.628913183282658,2.848789391608958,-1.2174398956491839,1563444.0688083332,17408,0.48987067258768646,0.3508718698926329,0.1592574575196806,164559.3,3070048.0,53601.53978048552
2011,20,3.2769512054260357,2.5675192891209573,2.7850206228857424,-1.2298589878832542,1388957.843925,12651,0.4323466917921548,0.39964810230052666,0.16800520590731852,147836.8,2872529.0,51465.72932771088
2011,21,3.2378695330921206,2.628993244488092,2.8518745207390914,-1.2203188177557496,1875879.68385,11344,0.4888570035221158,0.3453247684789651,0.16581822799891913,188389.8,4374302.0,43067.39680982246
2011,22,3.226415269231035,2.6161626299421994,2.8505481231737484,-1.2180504190506292,1881391.05715,7231,0.4834806944678886,0.3363329462927758,0.1801863592393356,241235.9,4577089.0,52705.09269100951
2011,23,3.2656731360889144,2.55490116218293,2.7788069562206164,-1.2290155680659074,635742.4383666667,15314,0.44456566323548924,0.37153411869482267,0.18390021806968812,59429.7,1330060.0,44681.96923447063
2011,24,3.3724865754924647,2.4836465515467,2.6505534818294842,-1.2397120476685042,2854022.3429833334,21770,0.36338392440175005,0.46501453623387,0.17160153936437994,360155.9,5854930.0,61513.27172143817
2011,25,3.3477184774540234,2.4998690525127314,2.6561648467781938,-1.230665647912331,3267502.8638916668,13452,0.36895189871619477,0.4605601591398158,0.17048794214398946,472664.3,6630673.0,71284.5136534406
2011,26,3.2466228183879413,2.5894383327916355,2.787358678298079,-1.2160063154567429,4195577.746241666,17989,0.45081748163208174,0.36615783007860486,0.18302468828931348,453989.1,9895652.0,45877.63393458056
2011,27,3.278802961440088,2.5549994960629547,2.7535080229880413,-1.2252357749968592,2749679.215183333,22439,0.43705255280084826,0.3959395001021168,0.167007947097035,315213.3,5352946.0,58885.94803683803
2011,28,3.2011269775913975,2.638452361263484,2.904011720908119,-1.2204256149879973,1205872.952325,7060,0.5134446585393421,0.31205208470849227,0.17450325675216571,106491.1,2977902.0,35760.44476950551
2011,29,3.2600506395349584,2.5907695083484836,2.8216020262757997,-1.228926555046896,2823014.06185,14022,0.4713028338373162,0.3673422727867372,0.1613548933759467,292984.2,6011574.0,48736.68693091028
2011,30,3.2243795446218524,2.558893520069944,2.82011425446739,-1.227829729963232,468199.995775,7791,0.43898686300308515,0.35930081086404275,0.20171232613287207,43532.2,998243.0,43608.82069796633
2011,31,3.2681923116158047,2.6082826537151678,2.8100946506287876,-1.2241380731342426,961373.2032583334,14897,0.4634651259833504,0.37684331595465625,0.1596915580619934,109734.2,1843937.0,59510.818428178405
2011,32,3.1471809596664913,2.5746523306370444,2.7969812573434534,-1.1923870056998462,1158976.5769916668,12223,0.43922355279930914,0.2897513260917237,0.2710251211089671,144341.2,2710129.0,53259.90017449354
2011,33,3.3044277449435153,2.538423194190393,2.730490271271825,-1.2316839025516195,707499.8515666667,19821,0.4207601041868396,0.42549376280205625,0.1537461330111041,73465.0,1321939.0,55573.66867911454
2011,34,3.306371422765842,2.550718600344944,2.7246128982022886,-1.2223424063555024,4100933.564416667,17430,0.4316046385126322,0.3967362602896367,0.17165910119773112,548479.3,8878245.0,61777.89641984424
2011,35,3.3025383008145495,2.5302678183810894,2.7562030074290527,-1.2428177737464279,854633.8452249999,6485,0.40299690222079915,0.412106293526312,0.18489680425288887,90552.3,2082130.0,43490.22395335546
2011,36,3.288680451260964,2.5113102233332714,2.6926466756890908,-1.2203626239973688,8738646.410825001,34951,0.4017185619552308,0.40060423833400055,0.19767719971076858,1440346.8,19602134.0,73479.08141021788
2011,37,3.271330879004344,2.567426043889045,2.8139114010772324,-1.2382931323074138,4098207.892658333,15327,0.45387930403272986,0.3753119066913691,0.17080878927590107,484200.3,9641131.0,50222.354617938494
2011,38,3.2649465845612444,2.5791271570651952,2.828808454767641,-1.2383689512854839,365287.25868333335,12234,0.44344357332168505,0.3724109264110746,0.18414550026724041,43300.4,687257.0,63004.66928674426
2011,39,3.2231341762939847,2.6231102885112394,2.8394537465009213,-1.214218392212109,5255651.696508334,22274,0.47808010072012874,0.3396116388342622,0.182308260445609,580251.4,11558178.0,50202.670351676534
2011,40,3.260108564849145,2.600266062801136,2.8556870117538367,-1.2375253023888633,1648867.4525583333,9644,0.4804891111135205,0.35480811962653896,0.16470276925994054,163859.3,3786536.0,43274.19572928925
2011,41,3.262950555756595,2.5346347354058634,2.7376837838603882,-1.2217735047186413,1809510.9530166667,12117,0.42643249391482557,0.39978329084008885,0.17378421524508558,185959.4,3872651.0,48018.6311650598
2011,42,3.24018167696226,2.602154208021251,2.804424186144993,-1.2128984537543497,5851317.939916667,24782,0.4627745967860822,0.3651011998724538,0.17212420334146403,676468.3,12773059.0,52960.555494185064
2011,44,3.2795167802439895,2.5436814592906916,2.71937293678417,-1.2176059438671194,501437.8222666667,13954,0.401454560321486,0.4062314868952501,0.19231395278326388,56026.6,1058746.0,52917.885876310276
2011,45,3.223317344375601,2.6139513378390973,2.836508557382231,-1.2157505642626747,1917364.0460916667,9723,0.47122616984215426,0.3485227976387022,0.18025103251914354,193221.0,4661744.0,41448.221952985834
2011,46,3.2239219545804376,2.6182253524358554,2.8682831177653085,-1.2242544465369898,428260.9558333333,14924,0.47433766861615073,0.3639103127608146,0.16175201862303465,47630.3,823113.0,57866.052413216654
2011,47,3.222540593381062,2.6161751282494254,2.837727069952216,-1.215134091255351,2854457.260616667,10529,0.49361968270736484,0.34038382491150315,0.165996492381132,301508.9,6404657.0,47076.510108191585
2011,48,3.240657422997739,2.578541231899864,2.824507540387346,-1.2280140973954579,11343646.715025,44409,0.4731877731602445,0.34654194125140436,0.1802702855883511,1370174.9,25627909.0,53464.17064302827
2011,49,3.239598048016296,2.604199928698852,2.818542903853757,-1.2175994659472302,1269432.9605333332,10018,0.5006206914225847,0.3574085977953428,0.1419707107820725,138301.1,2818798.0,49063.85629619434
2011,50,3.2750948531197626,2.5427440129820833,2.7759897218123717,-1.2355557720301336,341339.0020916667,13786,0.42426499877120216,0.3954186086297908,0.180316392599007,31663.6,629600.0,50291.61372299873
2011,51,3.3082865124661343,2.5400009523689873,2.7261331955890924,-1.225621312618579,3897064.1992416666,18981,0.40813501269609564,0.41872953349619674,0.17313545380770765,479571.4,8107953.0,59148.2708397545
2011,53,3.2887805597676985,2.536488686176434,2.7497563191363597,-1.232646917967772,3149940.5393083333,14550,0.4140485859835618,0.407171594173015,0.17877981984342314,411575.7,6830840.0,60252.57508593379
2011,54,3.224771126201797,2.6122049284426576,2.869826374468796,-1.2238341280641283,728568.8540833333,7758,0.4805608774448609,0.3270388033634509,0.19240031919168812,73175.2,1857305.0,39398.59096917308
2011,55,3.2506174029335937,2.620217473740739,2.803576045797364,-1.2116841950570103,2858870.8767416663,17728,0.4612020458206812,0.36392239950668154,0.17487555467263724,293664.0,5713359.0,51399.535719705345
2011,56,3.2178034539481213,2.633161541424025,2.9858733448713326,-1.253532346704851,278487.1181083333,12113,0.5021032648116495,0.32103313967778574,0.17686359551056482,38929.8,566844.0,68678.15483625124
2012,1,3.232735019169491,2.628204147560128,2.8648250442870085,-1.2217757726956118,2022468.2265333335,8216,0.507109767489764,0.33301182869827234,0.15987840381196372,203675.5,4839947.0,42082.17569324623
2012,2,3.2870666238710147,2.5531486374014665,2.8001476930295914,-1.2417981048907922,337670.44861666666,10269,0.4478376122378103,0.36804702443645715,0.18411536332573245,57087.4,731106.0,78083.61578211641
2012,4,3.272029338374193,2.537045089511628,2.7524816094548066,-1.2285832165776462,2772796.6894083335,9669,0.4399949607049895,0.36139792534493514,0.19860711395007527,297077.3,6501800.0,45691.5469562275
2012,5,3.2198405767944323,2.623624617387451,2.8542812593557993,-1.2173853524234237,1237332.9323166667,8096,0.47861393769717314,0.32911102916135954,0.19227503314146732,116616.2,2948793.0,39547.09604912926
2012,6,3.2784475930316357,2.5420278918400956,2.7485867834921422,-1.2263457022788833,16552953.285783334,69289,0.42475653791442575,0.3928664298833546,0.1823770322022197,2255437.3,37971412.0,59398.29943642865
2012,8,3.315987940538987,2.51964064478973,2.708170554597329,-1.2331523896937042,2507399.246141667,19463,0.4134141406073742,0.42269120134468524,0.16389465804794054,289339.5,5188139.0,55769.41943922474
2012,9,3.3317741559335277,2.5216685761603403,2.6646105771543365,-1.2213599463210503,1723024.9881083332,19200,0.38605680471528525,0.443343015977854,0.17060017930686075,263649.9,3605215.0,73130.14619100388
2012,10,3.2696352704317206,2.5588309776473275,2.742133383656657,-1.2154857753679662,416138.690275,12656,0.4185098160151339,0.3891367867451743,0.19235339723969178,70562.4,916654.0,76978.227335505
2012,11,3.5155338320790026,2.3390165308155497,2.3544420471220167,-1.2240694987304306,330566.72017499997,12492,0.22505357643992122,0.6163282233981712,0.1586182001619075,123567.9,630643.0,195939.54107157298
2012,12,3.2713978295284467,2.535664850913216,2.7456544297269874,-1.2263289013106076,8598321.432366667,31357,0.43016615271622965,0.3666868149530718,0.20314703233069853,857861.3,19268256.0,44522.00033049177
2012,13,3.274398608433768,2.57573533928518,2.7850616027546025,-1.223781799191212,4360159.340808333,16522,0.4559718149649117,0.37415664794552445,0.16987153708956393,489027.3,9907250.0,49360.54909283605
2012,15,3.225560729171237,2.5418537640654217,2.790602294715583,-1.226166884111243,604503.8427833334,12968,0.4402290706729468,0.33581652881036894,0.22395440051668428,78694.0,1405255.0,55999.800747906964
2012,16,3.247510179500297,2.588641979211515,2.878626225555094,-1.246823220786693,719365.1256083334,9208,0.4679166045282659,0.3476596431962446,0.1844237522754895,62007.3,1600611.0,38739.76875080828
2012,17,3.274197870548456,2.5665631714984465,2.7493787241011494,-1.2168794181254756,6067198.903058334,26104,0.4478962710314405,0.38515952574186224,0.16694420322669734,790723.3,12927420.0,61166.36575588942
2012,18,3.2091439784724347,2.629358640046119,2.8691057085434877,-1.215836542531403,2894336.7111416664,12080,0.5016662301892801,0.32171840335029966,0.17661536646042017,323876.2,6546485.0,49473.29750240014
2012,19,3.2326473970097394,2.6366763660960917,2.8519741137045087,-1.2161173827793712,1578050.9772333335,17505,0.4815854662103052,0.36087690309514514,0.15753763069454965,170923.7,3082748.0,55445.239117826044
2012,20,3.2954549046167787,2.557213470655499,2.7692973199275226,-1.2342680810073603,1406371.4893666666,12512,0.42442763860058697,0.41510693469411536,0.1604654267052977,150077.1,2891164.0,51908.88514107121
2012,21,3.227351494342561,2.630907836723172,2.8489797423391345,-1.2134468655543826,1910017.7772000001,11636,0.5047920136989792,0.33822742096852343,0.15698056533249738,192060.1,4394147.0,43708.16451975776
2012,22,3.23233426403354,2.614287693790506,2.869228508041531,-1.2265277310656701,1929614.6675166667,7403,0.48979135571663623,0.320742279172536,0.1894663651108278,242416.8,4603590.0,52658.20805067349
2012,23,3.2599240460600143,2.5523770206141903,2.79326856970002,-1.233805631775799,650700.2180083334,15216,0.4590027984828316,0.3674640438850721,0.17353315763209629,59181.7,1330954.0,44465.623905860004
2012,24,3.364576149121696,2.500093244874472,2.6497571683182497,-1.2315884833384327,2900234.540066667,21303,0.36821225285741394,0.4679459921313696,0.1638417550112164,361561.8,5914854.0,61127.76410034804
2012,25,3.350138467519788,2.4934998525315346,2.6373290371841676,-1.2274289917736438,3245369.3893333334,13242,0.3662726827797391,0.46549882369672374,0.1682284935235371,483286.3,6693932.0,72197.67096528618
2012,26,3.2412934547399392,2.5958627041071782,2.7925564033972243,-1.2134745565088585,4298404.230541666,18423,0.45515281683284353,0.367963286465759,0.17688389670139745,463302.6,9921001.0,46699.17884294135
2012,27,3.3023051504082006,2.565089455340372,2.7486983766032242,-1.2261672373284531,2782027.9638,22594,0.422678427068315,0.4167453959624953,0.16057617696918972,321053.9,5388902.0,59576.86742122978
2012,28,3.2014595979120233,2.6398488152099633,2.906922898754893,-1.2222291941286967,1205550.7365666667,6771,0.511898463911391,0.3201205519460452,0.1679809841425637,108646.5,2982356.0,36429.755535556455
2012,29,3.251655105626507,2.586164592748009,2.795419221596345,-1.218884747943835,2810544.729675,13584,0.4579190755965463,0.3709528899674792,0.17112803443597444,296514.3,6026733.0,49199.840112379294
2012,30,3.244810959211746,2.557561441134882,2.828379358622689,-1.2364405332982054,475458.6404916667,7879,0.4555108936122723,0.35621097117659134,0.18827813521113626,44329.1,1005475.0,44087.719734453865
2012,31,3.258840281046281,2.6181021606331516,2.819742104925922,-1.2205126159953068,985143.1052583334,15128,0.4683429129066026,0.3756284816853955,0.15602860540800184,109686.3,1859140.0,58998.40786600256
2012,32,3.158808108172499,2.584510784193087,2.7991480722958717,-1.1946793562395184,1218321.96705,12088,0.4344862108282021,0.2963934457590108,0.26912034341278707,142986.1,2739290.0,52198.23384891706
2012,33,3.3159270000166545,2.526338582769464,2.7075044694003876,-1.2298393895167687,700771.1671166667,19392,0.4159112306872075,0.43383447269769465,0.1502542966150978,74082.8,1327372.0,55811.633814785906
2012,34,3.31542505291222,2.5358617965860906,2.6960972468763784,-1.221043965745636,4134689.193775,17093,0.40400078291982644,0.41718312655463813,0.1788160905255354,560729.7,8935248.0,62754.799866774825
2012,35,3.3049263010261156,2.48880047096548,2.719273081794748,-1.243670286229033,883757.964175,6421,0.38004287765360073,0.4213668263709871,0.19859029597541214,90762.4,2090282.0,43421.12691014897
2012,36,3.2871512432138172,2.5205462698500756,2.6976557774523333,-1.2189908304861463,8741651.23655,34341,0.40167304718339847,0.39188374248938596,0.20644321032721558,1496280.1,19758616.0,75727.98115009675
2012,37,3.255398933381127,2.5772659998230747,2.7958960273946896,-1.2235379432733922,4311437.412983334,15859,0.45403205117912043,0.3713432965980135,0.17462465222286602,488126.5,9719755.0,50220.04155454536
2012,38,3.279830795795478,2.571532929724577,2.837092982601815,-1.2475916424892437,382847.802225,12394,0.44669748216980026,0.39447239413438034,0.15883012369581934,53326.8,705347.0,75603.63905992369
2012,39,3.2382860368900963,2.62354575391518,2.8312195361093284,-1.21575011255252,5338167.610733333,21933,0.46547127220469725,0.34481228096988975,0.18971644682541292,586540.9,11573400.0,50680.08536817184
2012,40,3.267551928591269,2.588103471017524,2.8409284951782827,-1.239057814410526,1730204.0727000001,9516,0.4718128430136754,0.3616980589477022,0.16648909803862247,172016.0,3815196.0,45087.06761068108
2012,41,3.279008650894651,2.539959065070848,2.747371189400561,-1.2283840009527491,1773860.054575,11606,0.4081978312065971,0.4149257614519573,0.17687640734144558,187352.4,3900064.0,48038.28860244345
2012,42,3.2478881662156627,2.600356031553147,2.817007743336914,-1.219395477590246,6034058.222775,25368,0.454471815897979,0.3677114188664643,0.1778167652355567,689007.0,12816003.0,53761.457452842355
2012,44,3.2796641828624744,2.5512002343485944,2.73187147904711,-1.2194745394120323,499027.34818333335,13882,0.4108557724405835,0.38721246679090465,0.2019317607685119,56487.4,1063756.0,53101.839143563
2012,45,3.2164237837830956,2.6040567911987615,2.8206368898474405,-1.210550462233064,1981738.822625,9878,0.49738896024348755,0.3323395613704784,0.17027147838603404,195406.1,4699358.0,41581.44580600158
2012,46,3.2259961861515323,2.6153388746326662,2.8800862988230405,-1.229372744318327,424451.70095,14293,0.4746422735335672,0.35493926458717145,0.17041846187926127,48653.9,832730.0,58426.981134341266
2012,47,3.223479016102505,2.6195951389830556,2.857936984373467,-1.2208548006299667,2862596.4956,10645,0.4847467985774843,0.34538899049095034,0.1698642109315653,311754.2,6463610.0,48232.210792420956
2012,48,3.2417379552811414,2.5800936385873814,2.8115126677594735,-1.2227171550582094,11800687.372125,44951,0.47334138432893974,0.35083513595255705,0.1758234797185032,1438354.4,26052403.0,55210.04722673759
2012,49,3.2553393389647596,2.6129319772532145,2.816025053916251,-1.2175552884066387,1287252.1172833333,10522,0.49833898140243055,0.35852806249403585,0.14313295610353363,140622.5,2861360.0,49145.33648335058
2012,50,3.2816127352649116,2.53364654390836,2.763529906643534,-1.2368821374881749,339189.08118333336,13763,0.4044632385713725,0.4164003202269338,0.1791364412016937,31898.1,630693.0,50576.270863954414
2012,51,3.3290063853493974,2.5292441815751654,2.715995386531861,-1.2323940157588644,3911324.810791667,18652,0.4087793206285138,0.4252947292914037,0.16592595008008246,483041.4,8197400.0,58926.17171298216
2012,53,3.27503060417079,2.53462362301298,2.748514225023307,-1.2279993958711515,3195809.6008333336,14512,0.42345837471837977,0.40754860015362243,0.16899302512799774,426447.0,6904658.0,61762.219070082836
2012,54,3.240454034338809,2.622570593902424,2.8508632634545217,-1.21964350689652,749542.2863333334,7779,0.49464092164336143,0.33208579391594917,0.17327328444068937,73124.5,1858706.0,39341.617232633886
2012,55,3.256190067372303,2.6150593738502086,2.7965898837181586,-1.212232508096162,2853909.3994916664,17373,0.4608377542314847,0.36832296540567877,0.1708392803628366,299007.6,5734379.0,52142.97834168268
2012,56,3.2385023739675005,2.609812750710754,2.9593908951376435,-1.2601103777312592,289537.45403333334,11710,0.4988942253700748,0.3182607259086316,0.18284504872129362,38085.0,575491.0,66178.27211893843
2013,1,3.2280493703053037,2.637536365952458,2.864654970498283,-1.2169307440255153,2018118.311575,8016,0.5104832166404353,0.3324608406781479,0.1570559426814168,206962.9,4865253.0,42538.979987268904
2013,2,3.2896647913285135,2.5444515240866576,2.801665607695735,-1.246919885829925,342592.81245,10113,0.44357335900318157,0.37197283869630565,0.18445380230051286,54627.6,738054.0,74015.7224268143
2013,4,3.268902133486665,2.547940354506135,2.7614238184288826,-1.224431715112282,2784811.4932416664,9313,0.43794771806864224,0.3619013154221556,0.20015096650920214,298859.9,6555926.0,45586.222297201035
2013,5,3.2094802040471846,2.626909350412254,2.897000314199845,-1.2258882760206833,1216307.6146416666,8272,0.49375325614392707,0.3227376061460068,0.1835091377100662,119842.8,2954563.0,40561.93758603218
2013,6,3.278330614055273,2.540853547544777,2.749843423775424,-1.227141996405386,17017665.9052,71061,0.42295988793604167,0.3913199500442603,0.1857201620196981,2340335.3,38292557.0,61117.2374829918
2013,8,3.313707223174298,2.5248491557275936,2.706176841373997,-1.2288286835534712,2571041.9372833334,19878,0.4151474404351268,0.41336945534056696,0.17148310422430615,301484.1,5262801.0,57285.863554407624
2013,9,3.330596445444694,2.518551471444793,2.6734130072253817,-1.2246670944265052,1734405.7540333334,18853,0.3808639202164139,0.4475703409407871,0.17156573884279894,258911.0,3610238.0,71715.77053922761
2013,10,3.2831289764081517,2.5503447174259017,2.737332068659845,-1.2216904085330607,407371.25886666664,12443,0.41945316638987445,0.39589059211872946,0.18465624149139606,68656.8,925704.0,74167.12037541158
2013,11,3.53120046022792,2.335742298449345,2.3316209155621177,-1.2208990790023335,343601.6027,12902,0.2225915349205521,0.6146699885155419,0.16273847656390608,124094.8,644203.0,192633.067526851
2013,12,3.2633919011424086,2.540707643923398,2.7627204359700155,-1.227969509251168,8812632.872533334,31982,0.43883770078045764,0.3556177426057568,0.20554455661378557,880183.5,19502928.0,45130.83881558708
2013,13,3.275715885299006,2.5821476720502408,2.786666113174629,-1.2232093420522618,4380900.147341667,16977,0.44573462689476323,0.3873607943621687,0.16690457874306805,499900.2,9980892.0,50085.72380103903
2013,15,3.2300161700057135,2.53933159349487,2.7831727002993643,-1.2255677250027428,626175.0385166666,13040,0.43428057254413566,0.3420657091579415,0.2236537182979228,80534.9,1423345.0,56581.43317326439
2013,16,3.250005923666036,2.574319992791323,2.8402421126066786,-1.2379327832385192,730616.6222000001,8991,0.47766604092443593,0.3533712978035139,0.16896266127205026,64769.8,1618841.0,40009.98245040742
2013,17,3.272392215757051,2.564842761922613,2.7504951565975593,-1.2176739515506472,5995732.627766666,25274,0.4464813232546157,0.3789987025728414,0.17451997417254295,795435.2,12959880.0,61376.7411426649
2013,18,3.2333216010161867,2.618851225943141,2.8448702109546833,-1.2182855759379436,2961897.748066667,12294,0.47995913429761233,0.349251799025101,0.17078906667728658,333207.4,6581401.0,50628.642746430436
2013,19,3.238164809311809,2.620868077637833,2.8413621057181313,-1.2203725325349615,1607513.0357916665,17611,0.46173482347781775,0.36907022829427,0.16919494822791223,171069.1,3102460.0,55139.82452634361
2013,20,3.2780779957651025,2.5646975965618393,2.788709641326158,-1.2323331848024444,1417718.5633166668,12769,0.4314413086437446,0.39419625429564936,0.17436243706060597,150702.9,2901727.0,51935.58870286557
2013,21,3.2241487551888524,2.6354714614945762,2.8583517512037138,-1.2148085274501723,1896472.495525,11308,0.48903429799238435,0.33580224392055524,0.17516345808706033,196698.0,4415978.0,44542.34146999827
2013,22,3.2257567253345867,2.5966982058030825,2.833478255517726,-1.220970220202686,1966074.932775,8050,0.4952030831723266,0.32205311520596286,0.18274380162171067,236482.3,4628239.0,51095.524669318074
2013,23,3.2670470944947443,2.5623880235290346,2.800106680791341,-1.235316030066244,665845.9655333334,14783,0.44235988680464794,0.3780460143527468,0.17959409884260527,59013.9,1332673.0,44282.35583672814
2013,24,3.359293896104607,2.502375786100096,2.654112206194592,-1.2298467238947515,2926567.1519916668,21222,0.3699179359566685,0.46589687599359114,0.16418518804974033,364633.2,5963434.0,61144.83701840248
2013,25,3.3532481124268685,2.4762881857695658,2.6237958045082874,-1.22885570833827,3235069.18685,12669,0.3563818471499465,0.4684513231289425,0.17516682972111097,486991.8,6757991.0,72061.62304744117
2013,26,3.2620476387476214,2.596789110672668,2.798998386101833,-1.2209627967156242,4339407.171691666,18220,0.4507563884585552,0.3767948600654731,0.17244875147597183,472779.9,9947598.0,47527.041201303065
2013,27,3.301668932886042,2.5508718544524154,2.7287159077071697,-1.2243632713800687,2815672.931016667,22374,0.4135778924645989,0.4188802628162973,0.16754184471910383,329774.5,5431187.0,60718.67899227185
2013,28,3.238657743395376,2.6332733457031057,2.866308478193687,-1.2230180176959768,1142623.9514416668,6348,0.5018050558461576,0.34667573838347043,0.15151920577037184,109032.7,2986599.0,36507.31149377603
2013,29,3.26164069656073,2.5860451221830916,2.796578292553892,-1.2209290649700066,2822467.133475,13568,0.4525045183028477,0.3740776568528245,0.17341782484432788,302025.7,6044008.0,49971.09533938406
2013,30,3.2479279655705082,2.5693993164902693,2.831379160090758,-1.234122271732589,481595.45801666664,8043,0.43031028801606513,0.3822651487744637,0.18742456320947118,45114.7,1016046.0,44402.221946644146
2013,31,3.2603261421601286,2.622332170887767,2.836732053797068,-1.2270135506388926,983657.833325,14352,0.47007316601187776,0.378729191566352,0.15119764242177028,111382.2,1873681.0,59445.65803890844
2013,32,3.149199313454801,2.5844123448020913,2.8188971302026244,-1.1974301506590306,1244954.5248833334,11742,0.4437369153544048,0.28890309458936375,0.2673599900562315,144549.3,2769188.0,52199.16452042982
2013,33,3.3203064771494115,2.5309704699430062,2.7110131726551443,-1.2315678922230822,703698.6067666666,19073,0.4234519532340763,0.431399393488457,0.14514865327746676,75503.4,1331163.0,56719.87577779731
2013,34,3.2931671791016996,2.5418114430176857,2.7061073128042286,-1.2153027445725475,4150565.5865666666,16418,0.42520513855414244,0.4008872942584325,0.17390756718742506,570952.4,8987175.0,63529.68535718955
2013,35,3.301067117621071,2.5010469537450026,2.7193047685077647,-1.2392911222902057,856900.2262833334,6336,0.39390821368342893,0.40183888374636084,0.20425290257021023,90104.0,2096538.0,42977.518175201214
2013,36,3.2884126580327506,2.515865912403904,2.695873226139957,-1.2200577605667176,8908665.436141666,33359,0.3953314892705339,0.40207796011324337,0.20259055061622278,1501818.0,19892558.0,75496.47461125914
2013,37,3.252284626432774,2.5860386677493383,2.822036479048205,-1.2286259233334709,4259341.030091667,15753,0.45401975589120913,0.36514710295355884,0.18083314115523205,497456.6,9800429.0,50758.65556497578
2013,38,3.277987528189128,2.582696859339491,2.838258096322134,-1.244815972252878,397247.3638666666,12659,0.44980512540120815,0.390507977483944,0.15968689711484776,54690.9,727655.0,75160.4812720314
2013,39,3.2362597156479835,2.620326105737584,2.8316157598614526,-1.2153161126504617,5297393.2157,22144,0.4602466215038446,0.34895659850224664,0.19079677999390884,603057.4,11612081.0,51933.619822321256
2013,40,3.2349227795547764,2.5959123255674577,2.835307687195059,-1.2243748003562482,1720774.7882833332,9374,0.4773878831754348,0.34768823421892553,0.1749238826056397,176086.8,3847936.0,45761.3640143703
2013,41,3.267641692226439,2.5577274689949197,2.7797531112447937,-1.228076685045295,1752955.0906333334,11284,0.443499111105962,0.39125461226585934,0.16524627662817862,189609.7,3924055.0,48319.83751501954
2013,42,3.265995368831845,2.584335048288278,2.78728254123321,-1.2218283496862183,6003317.542766667,25140,0.4468953055355764,0.37963466972479704,0.17347002473962667,704195.0,12847236.0,54812.957433022944
2013,44,3.293726058971855,2.5355090649750847,2.711297525050347,-1.2219659164740038,500440.37586666667,13512,0.40284220345100746,0.4061462403411981,0.19101155620779442,57037.2,1068358.0,53387.72209315604
2013,45,3.229204714608264,2.616966256552256,2.8291101403961783,-1.2127819802236857,2021588.7069416668,9889,0.49747099896159636,0.3462049591115434,0.15632404192686028,200147.3,4738067.0,42242.39547477906
2013,46,3.2384474267059407,2.6140109133399863,2.860267725751586,-1.2279471380097957,432010.2095583333,14138,0.4658547146211051,0.3660525853619236,0.16809270001697138,48610.1,841120.0,57792.11051930759
2013,47,3.234845916123558,2.6056763836587957,2.8387613203626008,-1.2212979545587082,2813329.2912333333,10482,0.4735790955176151,0.33867453545298987,0.18774636902939498,318347.9,6508290.0,48914.21556199862
2013,48,3.2488262753874637,2.580661084575995,2.814673869102616,-1.2253107996985309,12060739.221408332,45309,0.47113726684822393,0.3473263762422896,0.18153635690948636,1511806.5,26433846.0,57192.07488762702
2013,49,3.278372962439673,2.575907942258964,2.7795436658754022,-1.2252309332888789,1347910.45385,11009,0.473173193606339,0.37608890272968726,0.15073790366397363,145026.9,2909190.0,49851.29881513411
2013,50,3.304610772722765,2.5344702969817474,2.7488978838638496,-1.2392375697479219,336388.911975,13151,0.40328192718392697,0.42719533230598533,0.16952274051008775,31494.6,632859.0,49765.587595341145
2013,51,3.348171831132528,2.5196146012345406,2.721801758310862,-1.2438924984537834,4014350.3769416665,18866,0.39797353880345065,0.43617310027117306,0.1658533609253763,488741.3,8270221.0,59096.52232993532
2013,53,3.284486382497508,2.5471992009499576,2.754216312462946,-1.2282417368222425,3220967.218183333,14763,0.42229484631823927,0.4100176348471842,0.16768751883457653,439472.2,6975001.0,63006.75799186265
2013,54,3.2690601639581627,2.6122196052190394,2.8492681006644816,-1.2312142401165838,745111.4752666667,7601,0.4646012688911914,0.3601817901669068,0.17521694094190166,73949.0,1856588.0,39830.59246316361
2013,55,3.2620056195726153,2.6180784555511014,2.8135480968715996,-1.2196392677126993,2882486.829866667,17761,0.4551187843593762,0.3711178065908555,0.1737634090497683,301550.5,5757584.0,52374.4855481049
2013,56,3.235744035588506,2.627713704831409,2.952056037978313,-1.2502719078928881,297412.606525,11218,0.5054269034524178,0.31749685494398905,0.17707624160359314,38408.7,580937.0,66115.08648958492
2014,1,3.221228851269065,2.6257114021356625,2.874470083429487,-1.222034438816448,2013735.2465000001,9842,0.5074106484041416,0.33232478078612365,0.16026457080973466,206070.0,4887757.0,42160.44291890943
2014,2,3.285958052183088,2.5630135189609353,2.795791769958429,-1.2368092208683203,340546.4563166667,10052,0.4522867185382913,0.3662463748496642,0.18146690661204454,53303.3,737634.0,72262.53128245173
2014,4,3.267574849062712,2.5597332321226247,2.775540992184303,-1.2265909591718012,2878583.2424916667,10550,0.4511943895244406,0.3562649995495013,0.19254061092605812,301721.2,6629890.0,45509.231676543655
2014,5,3.202576892562607,2.6542145533604864,2.9039663084262246,-1.2170433633282487,1236451.1716666666,9777,0.5063712720946031,0.32333170772661185,0.17029702017878512,121409.4,2961050.0,41002.144509548976
2014,6,3.2762313310611053,2.5376935811496444,2.750448179181419,-1.2276573402136775,17356825.815866668,72053,0.42085672723796946,0.3947072800961164,0.18443599266591418,2428675.7,38637421.0,62858.12140515279
2014,8,3.332679421437722,2.5056317748506647,2.713471632480893,-1.2421453052258278,2697781.0406166664,17581,0.39753369667690014,0.43254388013960593,0.16992242318349393,315399.0,5342212.0,59039.027279336726
2014,9,3.331471802198982,2.5159836922524352,2.671577810143875,-1.2256949331250675,1789146.791825,16232,0.37742555115731763,0.4537452127677472,0.16882923607493516,260605.8,3614584.0,72098.42128444104
2014,10,3.281632370885643,2.5565644325022956,2.747207618593582,-1.220302712843099,431832.80104166665,12046,0.4197656919408304,0.39503379265640204,0.18520051540276758,73961.7,935278.0,79079.90993052332
2014,11,3.567821438830094,2.3181529422590454,2.322599453941822,-1.2343917197940077,349898.6775583333,13471,0.2049780794641938,0.6480828451985857,0.14693907533722053,126883.9,653986.0,194016.2327633925
2014,12,3.2632399906726346,2.539164250079937,2.755005131023286,-1.225075145024634,8980264.183466667,32684,0.43984170235723224,0.3635262364332113,0.19663206120955645,905648.5,19790139.0,45762.61440104084
2014,13,3.265853967025819,2.5838119542526883,2.8015200646942158,-1.2249092636174967,4357401.547808333,16915,0.4586781459375224,0.38468222128250185,0.1566396327799758,517511.9,10078133.0,51349.97722296382
2014,15,3.217788755806724,2.5423178402161253,2.782415223416788,-1.2211988460207246,641527.3161083333,13069,0.43214242420118265,0.3361902532626546,0.23166732253616273,81304.9,1434323.0,56685.20967731815
2014,16,3.2456229285176263,2.5758216506396283,2.845313866924703,-1.2373165055955007,738315.1999833334,10226,0.4669673752810944,0.3620908444834802,0.1709417802354254,66784.9,1641124.0,40694.60930435482
2014,17,3.2833872729500215,2.558157812639385,2.7462199769276863,-1.2211626347499844,6099244.862508333,25696,0.43858876668605906,0.38766786437458384,0.17374336893935713,811490.1,12968905.0,62571.98275413383
2014,18,3.212508782532372,2.6394644826028486,2.8795863415928338,-1.2181785503033447,3028623.905225,12722,0.503538542449474,0.3218480848031858,0.17461337274734015,343827.8,6610174.0,52014.939394938774
2014,19,3.2539604517053857,2.6111461093348023,2.8233794490752815,-1.2201991628992905,1634488.1476083333,15448,0.46776416560570944,0.3768671275981769,0.15536870679611367,180309.9,3121790.0,57758.49752866144
2014,20,3.2763861537703955,2.5848801431121085,2.808043478486428,-1.2316085176544087,1443701.1276416667,12685,0.44806998187594793,0.38050133644657885,0.17142868167747324,154110.1,2911564.0,52930.3494616639
2014,21,3.228355079259616,2.6255167436872493,2.8541165269447677,-1.218888327197754,1873827.0746250001,10974,0.4925130447026415,0.3404290089730837,0.16705794632427487,196795.8,4428854.0,44434.92605536331
2014,22,3.2260353579424286,2.5985837808766643,2.865000009009242,-1.2292570714507483,2011287.873975,10809,0.49847894508126167,0.33106607372448915,0.17045498119424926,243042.9,4648813.0,52280.6359386794
2014,23,3.2888480258886075,2.5525439826063465,2.7744648465222155,-1.2363252167847483,656424.8585166667,12381,0.4315109383192041,0.39228771340167673,0.17620134827911907,59589.8,1336617.0,44582.55431436231
2014,24,3.3651431107223715,2.485298950074115,2.651858562767775,-1.2372087819965139,2942832.0846916665,18266,0.3571463708643405,0.47561702812262935,0.16723660101303015,370343.9,6010059.0,61620.676269567404
2014,25,3.342455791630114,2.4771289553979594,2.628674174723992,-1.2280934197415758,3356613.7689333335,14021,0.3590211793940868,0.4588536828942766,0.1821251377116366,496250.9,6820869.0,72754.79121501966
2014,26,3.263284812640181,2.594881762602142,2.7926232067557852,-1.2195627749535503,4424605.0913,18153,0.4506068393423712,0.37756798526288304,0.17182517539474576,479534.9,9974914.0,48074.08865880949
2014,27,3.303025671102041,2.5424186257454746,2.7294017641167976,-1.2273279064398752,2867910.4542166665,19812,0.4266787257738453,0.4128443379747333,0.16047693625142137,338623.9,5474193.0,61858.231889156996
2014,28,3.2316351939679846,2.6281998954961043,2.8750187062340626,-1.2250741791277993,1143553.1768916666,8605,0.4957057642480158,0.3417553371323781,0.16253889861960608,109299.6,2987656.0,36583.729853771656
2014,29,3.2576048893781007,2.591404554791748,2.807157352837549,-1.2220399508429844,2855235.2622166667,13088,0.45729098971643783,0.36586006002464205,0.17684895025892008,303617.8,6060462.0,50098.127832498576
2014,30,3.2436256731535127,2.5556462567511935,2.838869896730984,-1.2407210783402738,503658.9301,11026,0.4404880557728812,0.3626358523694264,0.19687609185769236,46166.7,1025126.0,45035.14689901534
2014,31,3.255862057578146,2.609514612794418,2.8260985040864472,-1.2248760675497234,989430.2509916667,13265,0.4563855480070285,0.3689963721371748,0.1746180798557967,115651.9,1890242.0,61183.647384832206
2014,32,3.1526729705923784,2.5910992548638507,2.8212888407300563,-1.1964295406322165,1270733.6898083333,11315,0.44154973154080784,0.2897798021237712,0.26867046633542097,145303.6,2808779.0,51731.94473470501
2014,33,3.300577457334676,2.545768090342642,2.746199673614694,-1.2325716589473175,707411.7895583333,17187,0.42902463320274964,0.4094283268680116,0.16154703992923874,76836.2,1339344.0,57368.532654792194
2014,34,3.2988448012668083,2.5361838810865347,2.7184234498143804,-1.2220168897791923,4214882.486558334,17098,0.4158951446924948,0.4132576679057995,0.17084718740170576,570696.4,9036406.0,63155.24114343689
2014,35,3.2805336886660297,2.554656129037001,2.756125833901821,-1.2245991043713553,853963.4748416668,8270,0.4180062214412062,0.3831681141768688,0.19882566438192506,92621.1,2095081.0,44208.83965822801
2014,36,3.3082071054327553,2.5123653802459023,2.6862792157368527,-1.2238885839757936,8974494.486966668,33515,0.3907297450035316,0.4128380312255833,0.196432223770885,1535375.9,20001317.0,76763.74010771391
2014,37,3.2441486467929295,2.5871986448735247,2.827207327174647,-1.226864519371887,4353934.344141667,16584,0.4684470006670447,0.36725216087261936,0.16430083846033589,509782.4,9876774.0,51614.261903734965
2014,38,3.251219891640052,2.583330776170222,2.8654227509345724,-1.2456580176633496,412190.8895583334,13394,0.45831114323660094,0.37417109352256556,0.16751776324083348,60193.0,744628.0,80836.33707032236
2014,39,3.2500720016329256,2.612561139219517,2.8098882145153543,-1.21365720103215,5411139.994558333,22190,0.4658341066519059,0.3624390459117907,0.17172684743630343,624973.4,11648921.0,53650.75443468112
2014,40,3.239117608780485,2.6208061615258056,2.885318879134222,-1.2326378961508615,1715887.0638666668,10269,0.4964596196979248,0.34300854192396907,0.16053183837810606,186574.4,3871400.0,48193.00511442889
2014,41,3.261906367419317,2.549319510584721,2.7819092457262617,-1.22984476189731,1812041.946175,11692,0.4405884339724473,0.3876138521456292,0.17179771388192344,195808.2,3965375.0,49379.49122088075
2014,42,3.2698868070316847,2.5880052442902493,2.780376016987669,-1.2186008646138209,6024090.0304166665,24625,0.4461641840276629,0.37981554362879844,0.17402027234353867,718691.6,12880907.0,55795.10821714651
2014,44,3.297109909164932,2.5367196821588545,2.694774928745739,-1.2164265930073435,515695.256875,12039,0.4034650494419328,0.41237690952922285,0.18415804102884437,57602.7,1073245.0,53671.52886805902
2014,45,3.229074880276197,2.612474775515594,2.8414555970025823,-1.2202665244977957,2071716.2867249998,10235,0.48526533860083393,0.34084814512349615,0.17388651627566998,206077.9,4789723.0,43025.014181404644
2014,46,3.245244911186833,2.616411410656471,2.875737024471907,-1.2336682285126392,438331.9800916666,13501,0.473054738973068,0.371908211216664,0.155037049810268,49640.9,847538.0,58570.7071541335
2014,47,3.221324121379293,2.596676998177804,2.8215863376453294,-1.2154552562757184,2851918.6533833332,11789,0.4738562036089362,0.34315043980034415,0.1829933565907197,323879.6,6559452.0,49376.014947590134
2014,48,3.2495599090211638,2.576888039214865,2.82651524712133,-1.2308292207809508,12410426.174575001,46174,0.46912456741090325,0.3527153108749362,0.1781601217141605,1559636.1,26903208.0,57972.123621837214
2014,49,3.28139431138671,2.5939248468261376,2.803960214481251,-1.227026102047189,1366837.2491416668,11206,0.502365780482489,0.3723171808014185,0.1253170387160925,150076.3,2951948.0,50839.750564711845
2014,50,3.3016628229944742,2.541388041977479,2.7754008300287514,-1.2446406475427854,332426.2859833333,12554,0.4045827553420784,0.429453958037318,0.16596328662060372,31847.7,633872.0,50243.10901885554
2014,51,3.3564081938315677,2.507436439183307,2.7051267567198267,-1.2449197935730252,4069966.3731166665,18462,0.3749217932547982,0.45278693530183745,0.17229127144336434,488918.6,8334206.0,58664.08869663169
2014,53,3.2883830614295984,2.5528177972859294,2.7638339545661235,-1.2297097845376601,3263343.633475,14723,0.4277081367892533,0.4100390383153427,0.1622528248954039,456186.5,7068971.0,64533.649947071506
2014,54,3.2538603915140616,2.603242258001846,2.856021616746529,-1.234559249185127,736625.3276083333,10198,0.4692285185738656,0.3476474055093914,0.18312407591674304,74111.3,1852948.0,39996.42731474386
2014,55,3.2572729923266306,2.6371678306133437,2.8277580897802426,-1.2159344410780772,2943278.2418000004,16299,0.46310079908905477,0.3675119416327443,0.16938725927820095,309425.8,5778789.0,53545.093963458436
2014,56,3.2495253708031053,2.6251597015920973,2.949085894868513,-1.2539687230143084,298177.4490166667,12072,0.49881320542920915,0.335736088284135,0.1654507062866558,39287.2,580959.0,67624.73771815223
2015,1,3.2301855203034595,2.629749927110772,2.891142331414588,-1.2290711027494268,2045884.9784249999,13640,0.4968751416929384,0.3351460818159797,0.16797877649108187,208950.3,4909177.0,42563.20356752262
2015,2,3.2855656477924966,2.583352187079602,2.849042193987162,-1.2457443893362472,337756.35326666664,9802,0.47004532799751514,0.36335772628101193,0.1665969457214731,53681.1,739120.0,72628.39593029549
2015,4,3.2572634947411427,2.5611027724627284,2.7843747679463937,-1.224085165819915,2963653.524916667,12254,0.4505240990928019,0.35905832347132643,0.19041757743587173,308582.8,6705607.0,46018.62292257808
2015,5,3.2390255648224024,2.608975953311901,2.842452552284281,-1.2238961486285396,1271058.6342333334,12670,0.49442875225716265,0.34861850658702287,0.15695274115581445,121532.5,2970210.0,40917.14053888446
2015,6,3.276200511096995,2.542035697837635,2.7556727977699462,-1.2279230047143768,17846407.760041665,71367,0.42771397791719395,0.3917053016591876,0.18058072042361842,2545979.5,38966939.0,65336.91291481735
2015,8,3.334828019018117,2.5179067218172393,2.7690693859647415,-1.259057249537774,2698590.659275,12321,0.4051413157279493,0.4235540812720469,0.17130460300000372,330526.1,5441452.0,60742.26144051257
2015,9,3.3390149907481175,2.510563479509868,2.6643100320391806,-1.2285055362246384,1802285.8545000001,11036,0.37695609170663796,0.44679256730104117,0.17625134099232087,268869.8,3611891.0,74440.17552024688
2015,10,3.289103826328383,2.5524776443948474,2.737918733866291,-1.2194556842678097,449725.7359916666,10014,0.4156047479119516,0.40814106640665826,0.17625418568139006,76211.2,944716.0,80671.01647479243
2015,11,3.543175916375768,2.330868691365506,2.3315434568111435,-1.226079866284396,360749.1106083333,14799,0.2174597216766612,0.6450335486810712,0.1375067296422676,129110.2,665135.0,194111.2706443053
2015,12,3.260084559151063,2.5381602092804956,2.7652965760451536,-1.2280876842437587,9044467.094516667,33420,0.43756832378643834,0.36040602079547535,0.2020256554180864,945929.0,20140379.0,46966.79243225761
2015,13,3.274133613400463,2.587221194842181,2.8052511065873253,-1.2275832450383986,4490594.222908333,17328,0.46809379157548286,0.38037944139843116,0.151526767026086,540108.5,10191912.0,52993.834719138074
2015,15,3.2116345817467407,2.5491455939181265,2.7876453510808377,-1.217194267237948,659143.4049000001,12896,0.4356286151818487,0.33267399659555685,0.23169738822259436,83857.6,1446452.0,57974.68564459796
2015,16,3.249713859009847,2.570113585614612,2.8388195926337763,-1.2385079254206417,770757.023225,12119,0.4702750402183306,0.3523339773774687,0.17739098240420081,67790.5,1663458.0,40752.75720817718
2015,17,3.288558134523427,2.5482939215698552,2.736623634600591,-1.2225298828878124,6161863.49825,24730,0.43584423340998873,0.39994928496169146,0.16420648162831977,825424.9,12963110.0,63674.91288741668
2015,18,3.2320555269439852,2.6271434455852423,2.8706140437868926,-1.2257305205350661,3144473.358483333,13343,0.4878956485001418,0.3465666323670808,0.1655377191327774,341205.2,6628925.0,51472.176861255786
2015,19,3.256493723446978,2.5955804704157575,2.83276973001783,-1.2305611181028668,1642848.1077666667,11337,0.46283284491217785,0.3828912439611962,0.154275911126626,185989.2,3136310.0,59301.918496577186
2015,20,3.289905111560846,2.5839145331253603,2.793062469610277,-1.23071339187132,1444697.2167166667,11036,0.44073176109439416,0.38931210007411643,0.1699561388314895,158602.6,2922703.0,54265.72593931029
2015,21,3.2366353422118226,2.6108122865480103,2.8200627946661245,-1.214556883781343,1843600.3719416668,9539,0.48044653088777184,0.3677629605143727,0.15179050859785545,199487.1,4443778.0,44891.32895477677
2015,22,3.2423082857421814,2.5883410937728852,2.8439821432171466,-1.2319534643375614,2037849.9281583333,16503,0.46778174866899147,0.3431148730889102,0.18910337824209836,239584.1,4670550.0,51296.763764438874
2015,23,3.2755456830060283,2.5612920902871195,2.792320066530776,-1.2337695700351767,647643.84705,8306,0.4361704852998837,0.388178157859169,0.17565135684094732,60563.0,1335768.0,45339.46014577382
2015,24,3.368690542184885,2.4949630834330248,2.6749880957692365,-1.242951783585014,3007656.0739666666,12908,0.3568244937201888,0.4771224550102418,0.16605305126956937,378745.9,6050280.0,62599.73092154413
2015,25,3.3641487591934616,2.4830422160492076,2.6200123316935535,-1.2288656510374725,3404734.142616667,16106,0.3546224989901457,0.475513737982505,0.1698637630273492,514398.7,6866661.0,74912.49385982503
2015,26,3.2451691152609046,2.5995031820405385,2.8018071793389905,-1.215286282803495,4536278.109525,17561,0.46784086397239744,0.3640843138275176,0.168074822200085,490618.7,9987448.0,49123.52985467359
2015,27,3.295341723522391,2.54904656635022,2.7405768459141164,-1.2278531763407423,2902485.18145,13888,0.4186114004404016,0.4323256495520343,0.149062950007564,345456.2,5510593.0,62689.47824671501
2015,28,3.1849159928305557,2.651899241005554,2.9395959702804784,-1.22404334359884,1200039.9466583333,12708,0.5173347897604088,0.30699373542949043,0.1756714748101008,109401.7,2985000.0,36650.48576214405
2015,29,3.2684823820541378,2.580960475261666,2.772708292960093,-1.2194791810394907,2967123.1619249997,12308,0.4392021558869057,0.3903765544376276,0.17042128967546677,308009.9,6077056.0,50684.06478400067
2015,30,3.269555083235312,2.545152159157599,2.818225859488318,-1.2451753351154655,499717.974475,15561,0.42371483729586723,0.3922976685930552,0.18398749411107762,47765.6,1034544.0,46170.680029075615
2015,31,3.250905518636315,2.6012028467394295,2.824744401400252,-1.22371462214783,971467.676725,11594,0.46291188702729197,0.37368229750898146,0.1634058154637266,119640.8,1904766.0,62811.28495573735
2015,32,3.182389318731509,2.5915295125025954,2.8273171561750723,-1.2073638663252473,1325483.8653083334,10310,0.42684326483983437,0.30910991230323354,0.26404682285693215,151055.9,2855986.0,52890.98055802794
2015,33,3.305253168499162,2.5395338449760017,2.730156725263171,-1.2298110428549145,718067.9877833333,13401,0.4280267340719636,0.41135535612572033,0.16061790980231605,79319.3,1343764.0,59027.70129278653
2015,34,3.3316849967557203,2.520745950588988,2.6814550278991813,-1.2247216374864225,4311817.091708333,17682,0.3904282482367641,0.4482076800053077,0.1613640717579282,581414.9,9079218.0,64037.993139937826
2015,35,3.2523415852643045,2.552064495653534,2.7873727489123947,-1.229196082118208,863444.82315,12558,0.4308161580070759,0.3630713788842061,0.2061124631087181,93503.9,2096056.0,44609.44745751068
2015,36,3.306041563667277,2.5098760791023573,2.6944621372875543,-1.2265074386513108,9187515.107350001,33017,0.3913020791730401,0.4092090802020836,0.1994888406248763,1565835.2,20087023.0,77952.57664612621
2015,37,3.2416609858664818,2.5881020149566187,2.8353321517753,-1.2276653477849668,4499871.299883333,17742,0.46090590928703273,0.36740359746067797,0.17169049325228933,525229.1,9962464.0,52720.802805410385
2015,38,3.245257554163932,2.5904468012948714,2.8784260084721605,-1.2446179543232199,407932.74625,13763,0.4727598511928241,0.3700849398158408,0.15715520899133514,58694.5,762814.0,76944.70735985444
2015,39,3.252063581112775,2.611927251619306,2.801466279074774,-1.2112785617692128,5424629.871991667,21254,0.45029438602441846,0.37735287532029704,0.17235273865528453,633274.8,11674622.0,54243.709132509815
2015,40,3.253018285681984,2.6116096431929665,2.87642476675378,-1.2359306944482713,1792032.0647416667,12056,0.4806422229672848,0.36165293452084574,0.15770484251186942,193792.6,3900900.0,49678.945884283115
2015,41,3.2794488691548853,2.54023584040519,2.754063720369253,-1.2317937944369168,1868808.806025,12176,0.40766358005339437,0.4110097623690588,0.18132665757754685,205581.8,4018453.0,51159.438719328056
2015,42,3.2734492267354867,2.5848314271617956,2.767642171752687,-1.2152711767319337,6106738.405941666,23798,0.43670181182527673,0.38758351622340115,0.17571467195132207,734145.1,12899169.0,56914.13919764909
2015,44,3.290809647527332,2.548089565609011,2.730559207969582,-1.222312205075794,527429.1281166667,9137,0.41085803451219416,0.3856116518230755,0.20353031366473037,58387.9,1077555.0,54185.54041325037
2015,45,3.237068270651551,2.5852770323959438,2.8480475874730953,-1.2320038039962593,2152308.024416667,11759,0.464329405288316,0.34537723337881854,0.19029336133286542,213212.4,4850136.0,43960.08689240879
2015,46,3.2522575281669206,2.592729437612059,2.851239682920383,-1.236460847861041,439558.28060833336,10194,0.4614190056343383,0.377088694344021,0.16149230002164075,50860.8,852029.0,59693.742818612984
2015,47,3.235551745450333,2.5958092299871898,2.824206812628454,-1.2206027335658598,2896969.3312833332,13620,0.47090024805328223,0.3617058386017497,0.1673939133449681,335461.1,6613679.0,50722.313556494046
2015,48,3.268400477499945,2.5670747771554936,2.8020128795843906,-1.2318098178975843,12478621.550508333,45077,0.4631740366663319,0.37140763202239513,0.165418331311273,1634127.1,27394564.0,59651.50969367499
2015,49,3.2814007997475234,2.57732203089226,2.7776453778460177,-1.2255760060959315,1402046.4247,12549,0.47538486803644053,0.38903922164481114,0.13557591031874827,155431.5,3000449.0,51802.74685555395
2015,50,3.2965132212930612,2.532536722541144,2.759446710244466,-1.2417310852066696,333227.37823333335,12069,0.40649211151687986,0.4251446002331414,0.16836328824997873,32042.9,635912.0,50388.89028670634
2015,51,3.351096152970908,2.4966531734407664,2.6985441483229153,-1.2454431824368601,3999860.1118333335,16513,0.37617730213337736,0.4603774134389538,0.16344528442766887,498943.6,8390494.0,59465.3425650504
2015,53,3.2915172452073467,2.5380174168729863,2.784356060916609,-1.2452618764859016,3370435.396941667,14467,0.4212693841858622,0.41782173007166823,0.16090888574246956,476715.4,7181417.0,66381.80180875167
2015,54,3.2314223456469304,2.623610374073308,2.887156365220932,-1.2295117302877572,746535.0574916666,14280,0.4773766028066136,0.33456905274481114,0.18805434444857524,74261.4,1846270.0,40222.39434102271
2015,55,3.2541731459183016,2.6236582042186694,2.8365934330335842,-1.2225376469731566,2962417.3824666664,13520,0.47335786471714353,0.3713111436056442,0.15533099167721223,315687.8,5794536.0,54480.255192132725
2015,56,3.2551720666771833,2.5996222174924726,2.9492849815281406,-1.265014613431899,293361.3079166667,12294,0.4759198580332155,0.3501937206876972,0.1738864212790873,40063.9,583671.0,68641.23795768507
2016,1,3.230528073275652,2.6277568447569077,2.8898019236155843,-1.2293239614815958,2058747.658875,14630,0.4880863369138319,0.34550760808391034,0.16640605500225772,212862.8,4931579.0,43163.21405375439
2016,2,3.300237876806285,2.544709011298193,2.7672566266861662,-1.2370289671294465,335359.88265,9940,0.42455614320017404,0.39952975002076285,0.1759141067790632,53463.9,743397.0,71918.36932352431
2016,4,3.273932636665992,2.541226577625992,2.746951798480441,-1.2239308072090873,3086268.8114333334,12985,0.4380518372025361,0.3756340193255238,0.18631414347194009,319008.4,6793278.0,46959.42076858918
2016,5,3.241972262556392,2.6073168980536416,2.8575467657189644,-1.2324679940760774,1296037.5824499999,13678,0.47918514005524965,0.3542958638028699,0.16651899614188045,123034.9,2980475.0,41280.29928115485
2016,6,3.2831491805260584,2.530623921626452,2.7495210191952184,-1.2319780943596237,18216092.276516665,70370,0.4184603307745176,0.4010509920195899,0.18048867720589254,2623711.7,39223789.0,66890.82740068788
2016,8,3.3197625768599224,2.523635026379107,2.765179613775359,-1.250687142135298,2816993.163191667,10590,0.39972532367802494,0.42331443348038794,0.17696024284158715,337685.2,5528510.0,61080.68901023965
2016,9,3.333373083978552,2.508849782003815,2.6755144942922104,-1.2309793003660767,1831377.4058583332,8875,0.3657281468985211,0.446919268085191,0.18735258501628785,268196.2,3607614.0,74341.71172414787
2016,10,3.277505863316317,2.545115116003286,2.7662312327723924,-1.2299597498609756,452709.7064083333,9170,0.421928325972887,0.38995933305055713,0.18811234097655585,71941.4,953146.0,75477.83865221067
2016,11,3.559140123602889,2.3185591378031702,2.328271591539035,-1.2335684083562268,371336.96259166667,15628,0.19672274118518815,0.6631066586130004,0.14017060020181135,132217.8,673428.0,196335.4657068016
2016,12,3.2606853594973844,2.53643240985423,2.7660701908003946,-1.2290403439106878,9324101.086299999,34147,0.429920369812051,0.3663021950976963,0.2037774350902528,978989.7,20533473.0,47677.745503646656
2016,13,3.2617169561278248,2.5782866372745197,2.816157248661015,-1.2301969376520125,4682987.279499999,17283,0.46792250679471054,0.36998715695241086,0.1620903362528787,561718.3,10318636.0,54437.26283202547
2016,15,3.2009025923993617,2.5561049870890162,2.817996891521924,-1.2212875831950372,671859.407975,12605,0.4371377352814359,0.31526045113323514,0.24760181358532887,85670.4,1456816.0,58806.602892884206
2016,16,3.248427252944864,2.584851209337447,2.846708211201499,-1.2362876225804385,776845.3419416667,13137,0.4796028367791534,0.35856089868870944,0.16183626453213723,70442.5,1697093.0,41507.74294632056
2016,17,3.301017016727817,2.558155675472552,2.7472364912719374,-1.2264143961975098,6215981.594758333,24743,0.4304517820733081,0.40253956384509165,0.16700865408160023,826404.7,12944999.0,63839.68820700565
2016,18,3.245385144009255,2.6322708197380624,2.882612958718825,-1.2304826311693249,3216000.7054333333,13916,0.48346603488054263,0.3564212280827628,0.16011273703669462,348439.2,6658719.0,52328.26313890104
2016,19,3.2370082389750436,2.6089937821933225,2.8760698597296326,-1.23424422193728,1651309.4331916666,10142,0.4763593310643848,0.3507749185635936,0.17286575037202165,186729.9,3149607.0,59286.73005870256
2016,20,3.279887624418956,2.5850763010425903,2.802290339828536,-1.230878234802138,1433631.3906916666,10790,0.4467391121866291,0.392581373136415,0.16067951467695593,164643.7,2927251.0,56245.159707862425
2016,21,3.23326150231768,2.598598497105674,2.8375697101503836,-1.2234931133823965,1925599.2811083335,9455,0.47437832300206767,0.36571662516678277,0.15990505183114956,201007.2,4457755.0,45091.57636523317
2016,22,3.246222929056091,2.57399196094547,2.818862400887084,-1.2301613622446066,2019542.1222916667,17557,0.4648982595554036,0.34941147715030607,0.1856902632942904,235554.2,4685576.0,50272.19705752292
2016,23,3.2731603090689063,2.555086242944291,2.7879961994143208,-1.2338142591356895,667401.049825,7194,0.4325325293108633,0.3968824177148437,0.1705850529742929,62037.1,1340292.0,46286.257024588675
2016,24,3.374557991979629,2.49504060961787,2.684765934119727,-1.247286190472831,3075326.1070166663,11024,0.34071414077748075,0.4855854663211943,0.17370039290132488,391950.9,6080556.0,64459.713881427946
2016,25,3.370206298973136,2.4729302177019172,2.623461507293475,-1.2342793136789185,3472555.134141667,17838,0.3500419129687333,0.47993059360824675,0.17002749342301995,521662.8,6909664.0,75497.56399153417
2016,26,3.238429184004397,2.590239034803431,2.805786497829142,-1.2177080422296558,4650580.055591667,17938,0.44646268644074855,0.36628588779067245,0.187251425768579,500159.5,10017194.0,49930.10018574064
2016,27,3.2980586867309025,2.5422577147367407,2.7119514378020635,-1.2207048463668317,2874536.5140833333,11693,0.41090598318968535,0.43088289031919214,0.1582111264911225,350603.6,5557028.0,63091.92611590224
2016,28,3.1838155176513085,2.637320992966624,2.9227067742344945,-1.2232645552770436,1206304.622275,13354,0.5068282707981271,0.31335140702509157,0.17982032217678134,109911.0,2984364.0,36828.95250043225
2016,29,3.2657656096435677,2.5832859726623942,2.7998941446605703,-1.2266519742911386,2992864.315225,11823,0.45046307100240573,0.3793873294897867,0.17014959950780753,308423.3,6093343.0,50616.435017690615
2016,30,3.2676619767207127,2.5447979916499914,2.8148595047981044,-1.2442903667616017,498808.82147500006,16718,0.4182434263854995,0.39412064327624136,0.18763593033825912,47189.6,1045768.0,45124.34880394122
2016,31,3.2508054793436285,2.5945588317618404,2.8334597296020636,-1.2283280104894727,974712.1155,11333,0.46156518252169015,0.3775846071265008,0.16085021035180905,121303.1,1921616.0,63125.56723091398
2016,32,3.184146823482516,2.610242214500409,2.8500445485378973,-1.2103486186511454,1333586.7667916666,9905,0.436309445729925,0.2999796413985582,0.2637109128715168,156007.4,2904614.0,53710.20039151502
2016,33,3.3089760036517712,2.5441666613589997,2.740056788768671,-1.2320308203849464,727378.2638833333,12150,0.4273470756392496,0.41894030713717134,0.15371261722357898,80736.1,1351178.0,59752.37903518263
2016,34,3.3403179193248507,2.5062110104008957,2.670838554264241,-1.23018634398906,4314804.8231833335,17143,0.38427210902457265,0.45119685738871157,0.16453103358671572,587049.7,9122374.0,64352.733181077645
2016,35,3.246088853157684,2.533785074794324,2.7949876693722313,-1.236490951277487,873644.1234,13996,0.4165761008001303,0.3606722949578431,0.22275160424202659,93043.5,2099682.0,44313.13884673965
2016,36,3.311045510529449,2.509503398345362,2.680793973418622,-1.2236876491116249,9216205.966125,32388,0.38829631912548107,0.4196797304344004,0.19202395044011863,1590567.8,20148134.0,78943.67786118556
2016,37,3.2648539035934436,2.5707839203823784,2.8119344970773357,-1.2342237618536411,4623775.646125,17972,0.44635400960925753,0.3818136951624691,0.17183229522827345,536308.5,10072775.0,53243.371364892
2016,38,3.2492755814551826,2.5783589905038187,2.869467282798142,-1.2461505387677663,417002.75930833333,13672,0.45742729661710907,0.3752344888535273,0.16733821452936357,54756.0,764781.0,71596.96697485948
2016,39,3.2611079772162737,2.6078903684372072,2.803502520120176,-1.2172839260553714,5480246.737625,21424,0.45126971939334454,0.37903701913795995,0.16969326146869548,638157.5,11702354.0,54532.40433505942
2016,40,3.263321760286675,2.5946530498780356,2.8464739904630987,-1.2337547017838957,1758562.2242750002,11786,0.4613559552102057,0.3680860214368428,0.17055802335295145,190093.5,3916688.0,48534.24628155217
2016,41,3.278687848181764,2.515259692667528,2.735154706061442,-1.2331906461254414,1963803.6675666666,12476,0.40670519221610246,0.40412414140378683,0.18917066638011068,214769.3,4093165.0,52470.22780659954
2016,42,3.2708760642064196,2.586730263734066,2.786841255876084,-1.220834388406604,6137403.235258333,23623,0.4441276692839166,0.37636808237412617,0.17950424834195722,744847.1,12918673.0,57656.626187534894
2016,44,3.2740559429584666,2.5580841826924883,2.7411594865180913,-1.2181266525583,521931.90475,7610,0.4064844767136964,0.3907530207855903,0.20276250250071318,58630.0,1082431.0,54165.115374559675
2016,45,3.2548910168063756,2.5847319481157354,2.8216552206528593,-1.228763267903009,2224726.856875,12003,0.4597335839494545,0.36531835742993746,0.174948058620608,220559.3,4908404.0,44935.03387251742
2016,46,3.2389501709567425,2.5942191294792947,2.860106816821803,-1.235466440845556,439946.11107499996,10084,0.4536753979933057,0.373758947811542,0.17256565419515232,51264.3,860557.0,59571.068505630654
2016,47,3.240763283867644,2.585935998430218,2.834652809401016,-1.2285330507732044,3016042.9012166667,14662,0.4629088914857599,0.3619541555967421,0.17513695291749798,343544.9,6673101.0,51482.047102239274
2016,48,3.2664862441572127,2.55441975628276,2.792634091496002,-1.2320223530560546,12779780.535091667,46095,0.4548860450177024,0.36938191137985693,0.17573204360244063,1633863.3,27825975.0,58717.198588728694
2016,49,3.2930608268702004,2.5636450400017234,2.765570285241204,-1.2299817895291634,1463943.4483083335,13074,0.45174679351239694,0.39928205354688173,0.14897115294072125,162528.2,3064277.0,53039.656662893074
2016,50,3.2779225650297703,2.550561142590007,2.7831030204521094,-1.2361892363110119,334781.02535,11971,0.4110974113667951,0.4141472547998338,0.17475533383337108,32312.7,636397.0,50774.43796875221
2016,51,3.3313263620834395,2.4988596729957426,2.7063510620108726,-1.2411796966048598,4007504.820225,15101,0.37078035550358845,0.45383385640052637,0.1753857880958852,505107.7,8445270.0,59809.53835697378
2016,53,3.2866917712741768,2.5390740879842233,2.760586370624966,-1.233928803732368,3456775.451983333,14248,0.4034364288578134,0.4329175291294149,0.1636460420127718,495724.9,7316788.0,67751.71017665128
2016,54,3.2435842642866075,2.6283000176000204,2.883205801244349,-1.2299795201216626,743366.9332249999,14753,0.4683874257499785,0.35707509890817385,0.1745374753418477,73513.3,1835935.0,40041.341332890326
2016,55,3.256670048545915,2.6198239577366813,2.8403548812615593,-1.2245485218491745,3010909.037433333,12354,0.4746101979276343,0.371318358858086,0.1540714432142797,319272.3,5812814.0,54925.60057830854
2016,56,3.2512881052934053,2.5955379070208924,2.9463228541325397,-1.2651278227116671,287834.228275,12485,0.47485977445875616,0.34800653505215356,0.17713369048909033,37853.5,582007.0,65039.595743693804
2017,1,3.2343286061686216,2.6343147255304675,2.902746222330333,-1.2311316499796303,2094801.7596166667,15119,0.5044443205103067,0.3433946665729904,0.15216101291670286,216615.5,4953096.0,43733.35384575627
2017,2,3.2967383070793064,2.5454947074000147,2.7638011524147212,-1.2339876032978598,337425.9376333333,9433,0.44270361283187487,0.38140451011301385,0.17589187705511125,53550.9,741937.0,72177.15250755793
2017,4,3.2898050133304313,2.520700563104077,2.7284584528999654,-1.2297862882345518,3163846.1925833337,11836,0.4084722651278725,0.39781405145955945,0.19371368341256792,333099.0,6872380.0,48469.23482112456
2017,5,3.2419709492736506,2.6118913307051974,2.8345738331427914,-1.2234818301047357,1312123.4404833333,13991,0.47818406304496924,0.3535299335526367,0.16828600340239405,123882.6,2990702.0,41422.58239035517
2017,6,3.284662480252626,2.5382562886010365,2.7588736098346818,-1.2328062620964453,18409631.195258334,69814,0.41802214473945415,0.401943000510222,0.1800348547503238,2740550.3,39424315.0,69514.21476822108
2017,8,3.3491248671626934,2.4853297346184133,2.6911419363020213,-1.2471266136492238,2945876.2338166665,10942,0.38806289561787827,0.4543945341327466,0.1575425702493751,350209.1,5599635.0,62541.4156458412
2017,9,3.310205766640891,2.5070527996333007,2.666448044273786,-1.2208444491084156,1824589.8054583333,8755,0.3842270414225761,0.4276578053701361,0.1881151532072878,273875.1,3607550.0,75917.20142478967
2017,10,3.281782678787051,2.56927952821805,2.78012618359413,-1.2264998568027645,455265.4095,8672,0.42273661759876763,0.4026432526917149,0.17462012970951746,69555.6,961604.0,72332.89378995927
2017,11,3.575715208177577,2.3197652005478733,2.3317100369260397,-1.2396204684775212,375930.6651833334,15258,0.19404722804883526,0.6721586206353317,0.13379415131583303,134298.8,680670.0,197303.83298808525
2017,12,3.2606916164535367,2.5424290512451146,2.773505873087283,-1.2292400110646002,9713630.799133334,34699,0.43578423550111056,0.36437515227658607,0.1998406122223034,1014866.9,20868335.0,48631.90570785834
2017,13,3.2723284859448896,2.573390375328734,2.8086469977974353,-1.2340383277862699,4843036.243608333,17921,0.4593461830249019,0.37876960996177106,0.16188420701332704,583543.3,10428854.0,55954.69070714769
2017,15,3.233562632085801,2.539424517681026,2.7873522203784504,-1.2276644768709564,671066.033575,12392,0.411512632367859,0.3584307333822061,0.23005663424993492,87436.4,1458161.0,59963.47454087717
2017,16,3.2657358806331858,2.571188775092225,2.8237085957155412,-1.2381335011774628,799282.2947916667,13095,0.4584974941646589,0.37679996546639744,0.16470254036894363,72935.1,1734888.0,42040.2354503576
2017,17,3.286890001053447,2.5730258882331807,2.76401969073437,-1.223142602991381,6208173.684625,23784,0.4356452605438863,0.3972456607079607,0.16710907874815298,832826.8,12922894.0,64445.84316794675
2017,18,3.246732148286759,2.6327529012218758,2.8579128782465477,-1.2234795263470202,3173183.362825,13444,0.4742746165269185,0.36023298244499546,0.1654924010280861,357535.8,6686218.0,53473.5481254126
2017,19,3.2519863542532317,2.5850209731471785,2.8205948228809694,-1.2264673541916387,1624661.9174499998,9905,0.4503051809061995,0.38363340537866514,0.16606141371513547,187125.0,3162752.0,59165.24596300943
2017,20,3.273247857010463,2.592388811670237,2.811203594861068,-1.230253270772118,1428140.5416,10658,0.44871305304256803,0.3899134828805381,0.1613734640768939,166273.6,2927448.0,56798.13953996792
2017,21,3.239436516812883,2.6119692550920153,2.8751692644733975,-1.2316060074894883,1958935.2258249999,9740,0.49472936744063184,0.35105920432535775,0.15421142823401043,203564.0,4475829.0,45480.736641189826
2017,22,3.2456179809541137,2.5739671390221748,2.854622497837828,-1.241174501367022,2032518.0198833335,16980,0.45935320677176555,0.3499666326018233,0.19068016062641105,239830.7,4678580.0,51261.42975005237
2017,23,3.2828688955076015,2.5610555197562515,2.801022846595407,-1.2403019985983756,671607.915575,7410,0.4394441532365703,0.39481569145418843,0.16574015530924116,63000.6,1344956.0,46842.12717739465
2017,24,3.379275247696816,2.4741448521342697,2.6475446788258292,-1.2440785390081393,3094003.4298666664,11044,0.3402385547966773,0.48514290781121616,0.1746185373921065,399714.5,6113486.0,65382.4184761362
2017,25,3.3745229341599075,2.4713652859581114,2.646438270149959,-1.2451360243437357,3544339.2148,18229,0.35171440684564464,0.4831091599166822,0.16517643323767317,530129.4,6959114.0,76177.71457688436
2017,26,3.2799885591149573,2.5739170920807393,2.7758457548118445,-1.2262831477020353,4662872.3407,18084,0.4352354931464036,0.3966317511174748,0.16813275573612171,505101.5,10049914.0,50259.28580085362
2017,27,3.3060250963236304,2.5525784871259463,2.7365047524712938,-1.2283840326020263,2990134.5870250002,11877,0.408548844667743,0.42726614420715614,0.16418501112510087,354721.9,5606013.0,63275.254623919
2017,28,3.2008123963025032,2.644952020164243,2.9174761745770326,-1.2249463435064263,1218432.8831166667,13214,0.514295483885382,0.31007626894745416,0.17562824716716396,110281.4,2983448.0,36964.41164719479
2017,29,3.281825564661655,2.583902442898932,2.7977153107209953,-1.2294240932282217,2900534.710366667,11713,0.440679721828769,0.38923436344408896,0.17008591472714193,311273.8,6113654.0,50914.526729841105
2017,30,3.277361227744156,2.5330188117365884,2.8023875671899834,-1.2485968053293734,503262.49679166666,15962,0.4114454983020104,0.3994373556003124,0.18911714609767716,48470.5,1058073.0,45810.166217264785
2017,31,3.2817706789576233,2.5852046849663695,2.8195614530966435,-1.2371326484414455,984505.1500166667,10980,0.4426239745790112,0.39546934378575077,0.1619066816352381,123219.9,1934551.0,63694.31459806436
2017,32,3.1665429603099224,2.613858066573231,2.876865489708561,-1.2099505188153379,1382313.2393583334,9889,0.44320878878242875,0.287443006754989,0.2693482044625822,163199.1,2954768.0,55232.45818284211
2017,33,3.304631322878659,2.5433403615937347,2.7541616914290667,-1.2370819054856228,726726.0659500001,12097,0.4222975254062436,0.4188495189243246,0.15885295566943178,81179.6,1359076.0,59731.46461272217
2017,34,3.344727445349943,2.521039297579915,2.6743051286585287,-1.2275128183041677,4264341.604558333,16126,0.3807804608743932,0.45214966465166967,0.16706987447393706,590086.7,9176713.0,64302.62121088455
2017,35,3.2471909828520045,2.5414794991595,2.8005435874883493,-1.2355953279753835,879722.7180666667,13170,0.41978228124210587,0.3647269119851095,0.21549080677278473,93210.1,2101111.0,44362.292139729885
2017,36,3.3152420809028698,2.503812989174536,2.688014563095263,-1.2291012585766075,9229815.892008333,32284,0.3847511233845505,0.4171100639711647,0.19813881264428487,1624800.7,20187407.0,80485.85437446226
2017,37,3.290170623694118,2.567974418014549,2.7979737153726885,-1.2381591486818115,4657377.183533333,17657,0.4413898133452116,0.391595907574344,0.16701427908044444,546810.1,10172498.0,53753.76824846758
2017,38,3.2678132608479014,2.574436802006418,2.86515235542549,-1.2504934491116264,404138.75632499997,13294,0.43752461259337466,0.39888277559613233,0.16359261181049303,56530.2,766807.0,73721.54922946713
2017,39,3.263703006556179,2.6053722202392233,2.810721313214018,-1.2216786012774017,5511138.412891666,21104,0.45289498090571545,0.38188050766458365,0.16522451142970082,652187.5,11737959.0,55562.257458898945
2017,40,3.2740069604021538,2.6009753779849074,2.8469760660430796,-1.2365360105194378,1771655.6712916668,11574,0.4623471222892197,0.3832671285055347,0.15438574920524561,192538.6,3920316.0,49113.03068426117
2017,41,3.295653215672262,2.5260422505986933,2.7484634063644786,-1.2382696344620994,2050631.285425,12361,0.39716376776983026,0.4224582466084925,0.18037798562167728,225534.5,4147171.0,54382.73464007151
2017,42,3.2781970490976913,2.586494265574368,2.7928548543431275,-1.2260250975933091,6151317.000433333,22542,0.4360554690978229,0.38986681385559563,0.1740777170465815,754318.0,12945701.0,58267.83733070925
2017,44,3.3060485681466476,2.5255938191145506,2.7081484068305333,-1.2286553577136428,531795.6495416666,7588,0.37906332351733957,0.43401513254259744,0.18692154394006302,58771.6,1085105.0,54162.13177526599
2017,45,3.2801393139117896,2.580728510405202,2.8193558754604724,-1.2370545320801052,2213230.5396249997,11761,0.46160874184756767,0.3814156923307026,0.15697556582172975,224937.6,4963742.0,45316.134480800974
2017,46,3.2291689980575082,2.6046774041339122,2.8726225124535882,-1.2313723273328667,443325.51005,9963,0.4579303248146929,0.3663144651347787,0.17575521005052827,51615.1,870094.0,59321.29172250355
2017,47,3.2522325613737166,2.5914714925185787,2.8249543729952804,-1.2263188200103252,3103598.99915,14968,0.463808813788388,0.3667236545725907,0.16946753163902128,355417.5,6740060.0,52732.09734037976
2017,48,3.276316188417998,2.5571145584640558,2.80367253877068,-1.2376672124674768,12970751.957783334,46245,0.45265063173754894,0.37829353535061,0.1690558329118411,1667313.0,28188852.0,59147.95678802386
2017,49,3.312023472452742,2.554993754771543,2.7565506111501903,-1.235493518202973,1512277.218425,13076,0.44434218848380064,0.4098483260807558,0.14580948543544356,172075.0,3126779.0,55032.67100105252
2017,50,3.291068095441105,2.5441472140112,2.7742777813976853,-1.23924602666927,334448.8444,11377,0.4134591568819201,0.42174220660283684,0.16479863651524304,32589.2,639087.0,50993.37022971833
2017,51,3.3518761186050012,2.501970781749351,2.680152059239442,-1.2364264525590138,4125090.9093833338,15470,0.36480219681049525,0.46122308748123714,0.17397471570826764,515167.2,8503046.0,60586.19464130854
2017,53,3.284527147549093,2.539728406881645,2.7741884617115398,-1.2369965968785026,3566264.352366667,15079,0.42487749507925443,0.4124422920227637,0.16268021289798187,527169.4,7447469.0,70785.04119990295
2017,54,3.232759030664543,2.64283087137638,2.902477043773431,-1.227607366657953,744561.9668083334,15181,0.4720484864281745,0.35094368207533516,0.17700783149649027,75172.4,1822742.0,41241.38248858039
2017,55,3.253649124758266,2.6213000989257442,2.8581111457513493,-1.2288095652582363,3045076.0045166668,12259,0.46975427048819457,0.3753616710115841,0.15488405850022127,321886.8,5836809.0,55147.735689141104
2017,56,3.2517678973927273,2.6029000259914357,2.9389981673562104,-1.2583394800895453,281493.900175,12341,0.475797357523458,0.34751747039325037,0.17668517208329168,37620.3,576240.0,65285.81840899625
2018,1,3.238782011201596,2.6150613731253927,2.8870995568676516,-1.2337033978317857,2128886.9710666668,14642,0.48350903095890957,0.36210327379065416,0.15438769525043627,220808.8,4977088.0,44365.05844381293
2018,2,3.28006016553437,2.5652971698403637,2.796451003715466,-1.2318323291501092,333691.97948333336,8983,0.44413166140789057,0.37025174581017145,0.18561659278193798,52479.6,737710.0,71138.52326795082
2018,4,3.2871303693324903,2.5334034015577926,2.749473540598902,-1.2312534796957066,3268208.0685583334,12100,0.41989987649933513,0.38871856008214717,0.19138156341851775,346398.3,6964300.0,49739.1410479158
2018,5,3.249244483214557,2.619978573053839,2.867985482335157,-1.2322918578628368,1296423.3420916665,13344,0.49466174871175733,0.35021646153568226,0.15512178975256044,126371.2,2997195.0,42163.155884084954
2018,6,3.2887203010959682,2.5361591998260193,2.758678899148753,-1.2349217350708106,18781523.216583334,68680,0.413630843179112,0.40815074172439686,0.17821841509649114,2850970.3,39535920.0,72110.888022841
2018,8,3.3546241364579092,2.48959041747656,2.7083969419885263,-1.254382177655276,3020009.1410499997,10960,0.3965217906745784,0.45900876108727123,0.14446944823815047,365204.5,5676918.0,64331.47352137198
2018,9,3.335500388011756,2.507346318066608,2.6792296722151843,-1.232973073736228,1830452.2194666667,8263,0.36692744589391096,0.4485698962132631,0.18450265789282594,274582.8,3611229.0,76035.83156869863
2018,10,3.2976102313113276,2.556631279181096,2.769940557991109,-1.2330543426509861,471238.220275,8911,0.43221820532210686,0.3906771861258316,0.17710460855206156,70856.4,971152.0,72961.18424304332
2018,11,3.5735733584862768,2.3126537524942585,2.3295123923780143,-1.240835058800696,381357.20515,14179,0.1887290011827332,0.6754161872225564,0.1358548115947104,138056.8,685476.0,201402.82081356604
2018,12,3.2743912619671858,2.541271812946272,2.792781059900436,-1.2395515006799183,9949175.3874,33594,0.4451158681420957,0.3637126912725333,0.19117144058537097,1050433.8,21131181.0,49710.13215020968
2018,13,3.2874744892395666,2.5782755077508672,2.809052025991775,-1.2359105765972893,4921166.107875,17778,0.4625241747618265,0.38362501337395166,0.1538508118642218,600934.7,10532841.0,57053.42936440415
2018,15,3.2619255212924987,2.52323626582673,2.733096529889526,-1.2228364023339788,659045.3132166667,11588,0.388679902988637,0.39005474519516703,0.221265351816196,88836.4,1459965.0,60848.30800738374
2018,16,3.2591869420579176,2.578658430933061,2.8624094184986397,-1.2458763751773179,825709.84705,12789,0.4814540789260037,0.36985123782028956,0.14869468325370674,77652.1,1769305.0,43888.47598350765
2018,17,3.303315495266716,2.5630761587216053,2.7528343003240128,-1.2273843813174357,6213420.559758333,22673,0.43083221956085316,0.40725192852396547,0.1619158519151814,851517.2,12887397.0,66073.63767873372
2018,18,3.2356346315303117,2.627730440402497,2.854841049143994,-1.2201562307636047,3287779.2988416664,13581,0.476644729151601,0.35654330003398477,0.1668119708144142,368762.9,6725960.0,54826.80539283612
2018,19,3.2680675902737018,2.5926312311540087,2.799605567665277,-1.2233548105767638,1660940.8952666668,9953,0.46107864982947305,0.3837015279912859,0.1552198221792411,189245.1,3171540.0,59669.7818725288
2018,20,3.28544280845035,2.5847888981878504,2.815707593915277,-1.236975183959715,1438814.4609666665,10494,0.45248686247508213,0.39312073070422926,0.1543924068206887,169796.9,2931587.0,57919.78883792294
2018,21,3.245226623307249,2.6141741286165465,2.8618684197659947,-1.2297587869290274,1983081.1992666665,9151,0.4846823967482838,0.36781400682129584,0.14750359643042044,205940.1,4487302.0,45893.969249228154
2018,22,3.2412225062411903,2.5845185425221344,2.858403809893535,-1.2368548135523783,2014549.618225,16278,0.45056307817771185,0.33906610917635227,0.2103708126459358,245220.3,4670033.0,52509.329163198636
2018,23,3.2917036779817597,2.5617138835604645,2.8134142752292317,-1.247226491987146,678012.4049166667,6788,0.41398123941574666,0.4077087508188792,0.17831000976537412,64806.3,1350606.0,47983.12757384463
2018,24,3.3800696569367576,2.474291416434333,2.642667548114947,-1.241394284990922,3117492.497825,11045,0.3404153365980312,0.4901769249167654,0.16940773848520338,402480.9,6139211.0,65559.05962508863
2018,25,3.3672246136678696,2.491256471290806,2.6701217467497833,-1.2444378429339613,3690020.1497583333,17890,0.34595093694790013,0.4838401209275389,0.17020894212456095,549262.1,6994446.0,78528.32089918201
2018,26,3.289548821392332,2.5654843821878863,2.773375472721487,-1.2314033949186842,4710560.195,17727,0.42967947928530675,0.40431636675819776,0.16600415395649545,516843.0,10070532.0,51322.313458713004
2018,27,3.31111261973062,2.5632346293268418,2.7627011650004127,-1.2339675536870385,2998991.876366667,11662,0.40812983396522856,0.42723795553824134,0.1646322104965301,364799.7,5650556.0,64559.96542641114
2018,28,3.204762347129169,2.6503208724743748,2.9322275736710868,-1.22785641231905,1209580.5758166667,12624,0.5118636200077572,0.3181492336768496,0.16998714631539324,110174.8,2974657.0,37037.81646085582
2018,29,3.2798883716009444,2.5741151802661317,2.7812239431691683,-1.2271583335405176,2974410.774858333,11339,0.44047062375223817,0.4004506523869161,0.1590787238608458,314182.4,6128572.0,51265.1886932225
2018,30,3.2674098915894216,2.5533269039502757,2.816456605664664,-1.2422844443093801,510934.1169333334,14491,0.41176597346886085,0.3881598016003083,0.20007422493083085,49455.0,1066610.0,46366.52572167896
2018,31,3.2747844148621525,2.5964075354715788,2.830873703917405,-1.2349284862844314,1010909.9052833334,10961,0.447409356810014,0.3871941804330479,0.16539646275693812,125543.4,1945483.0,64530.71036858199
2018,32,3.1455968075584435,2.624855915356846,2.8800498285527123,-1.2000521198947884,1456065.0769833333,10087,0.46998527160936526,0.2764410069967696,0.2535737213938652,168638.5,3011007.0,56007.34239408942
2018,33,3.332135255344644,2.545356015207964,2.7421314500698055,-1.240459753132681,742221.8678583334,12005,0.40617677008009156,0.43357039777034795,0.16025283214956051,82269.5,1364941.0,60273.30119030786
2018,34,3.3407053048416,2.504431387602346,2.6696273668078043,-1.2287833979876324,4316946.554066666,15549,0.3854280036441535,0.4570021969609459,0.1575697993949005,606892.2,9220072.0,65822.93500527978
2018,35,3.2670078383904793,2.539908854884012,2.7937618845877963,-1.2392941649244396,902548.9619083334,12387,0.4155941659300552,0.3805879562587646,0.20381787781118013,96077.0,2103161.0,45682.18980857861
2018,36,3.31946921302861,2.4989112763158365,2.7002235940390436,-1.2366733346587955,9352951.505308334,31090,0.3718307201910702,0.4244823646117358,0.20368691519719398,1665186.8,20219472.0,82355.60255975032
2018,37,3.2993386544436913,2.567672580123172,2.8055916617359182,-1.2430201178418916,4823903.893216667,17183,0.4297662880660411,0.40191675059234727,0.16831696134161167,556573.7,10273864.0,54173.74611927898
2018,38,3.2593649242032496,2.583090103240019,2.8558072482809993,-1.244134884777236,389605.56159999996,12307,0.4573856348608776,0.3731477850047685,0.1694665801343539,58516.4,771499.0,75847.66798142318
2018,39,3.2825155873035596,2.5936797245362655,2.784928689332524,-1.2232895798764387,5511570.118158333,19712,0.4370213785118832,0.39179545587395864,0.1711831656141581,656212.0,11763104.0,55785.61576944317
2018,40,3.2719933542237096,2.6001654038053172,2.8538259740294607,-1.2398452196003569,1772637.0108583334,11349,0.4739236319874686,0.3676102218723665,0.15846614614016488,196030.5,3928371.0,49901.21859671604
2018,41,3.3030513891071904,2.54312666309286,2.7591110349475243,-1.238751130822284,2015413.632925,11538,0.3927986947356617,0.43328100934131886,0.1739202959230194,234308.3,4183398.0,56009.08639340555
2018,42,3.2940187679339554,2.5752023670264967,2.774239673548657,-1.2270925862056326,6214591.644958333,21612,0.42328310974758354,0.40887992776201015,0.16783696249040622,763855.4,12980946.0,58844.35541138527
2018,44,3.3147329510533523,2.53427968416009,2.7319284375433535,-1.2366157474825872,541826.2764833333,7738,0.3887248427099867,0.44093558040875713,0.17033957688125614,58740.1,1091824.0,53799.97142396577
2018,45,3.2625110649898676,2.5981836559596534,2.8440501100390216,-1.2335748684711871,2265266.03695,11657,0.47550785281306024,0.3730732788632383,0.15141886832370147,231663.3,5019607.0,46151.680798915135
2018,46,3.2357864961398395,2.610183285277508,2.8668128667980763,-1.2292597450344667,444628.36576666665,9912,0.4584960703800816,0.3704228792617816,0.1710810503581368,51937.8,875247.0,59340.734672612416
2018,47,3.2658381395592655,2.5876222045295942,2.8194389632970562,-1.2315730605368982,3157390.2405666667,14729,0.4594547070259471,0.3706273186109213,0.1699179743631316,362363.7,6806981.0,53234.12831620949
2018,48,3.275950271548466,2.560353741935526,2.814137863167306,-1.2397746894476045,13421031.458533334,45868,0.45659358363917185,0.3750294711901772,0.16837694517065094,1746543.3,28508309.0,61264.35980471518
2018,49,3.310019494191849,2.5670276721629026,2.7779918733010702,-1.2351488637107138,1511334.922075,12936,0.45865597185338974,0.4005337478628906,0.1408102802837196,182106.0,3181595.0,57237.32907551087
2018,50,3.317931876291955,2.5164603892887047,2.738240883221251,-1.2465884068834463,335995.046075,11394,0.4048593328427781,0.4346314741144956,0.1605091930427264,32827.8,640680.0,51238.99606667916
2018,51,3.337597820241727,2.5082710361763216,2.727779253657975,-1.2461763979724636,4223442.13145,15206,0.382172972053556,0.4479257334687297,0.1699012944777143,527767.5,8547370.0,61746.18625378333
2018,53,3.279162560671997,2.5523266608508455,2.7795033539136638,-1.2343556112484604,3609526.4874583334,14734,0.41235826972321404,0.4104551801401985,0.17718655013658746,561785.7,7549002.0,74418.53903337156
2018,54,3.2217043375324907,2.6275348953218955,2.8922408811079534,-1.2273385114019482,747342.4891499999,14606,0.47709097452517873,0.33740399261935944,0.18550503285546183,77406.5,1810572.0,42752.51136105054
2018,55,3.2650118248728757,2.6124611198273766,2.8380013552800083,-1.2304865655619128,3025061.8494,11641,0.460319929989565,0.37766765083140835,0.16201241917902667,328832.4,5859000.0,56124.32155657962
2018,56,3.243992468879074,2.6021923274354966,2.9181910566137073,-1.2514798461413246,276928.58211666666,11499,0.46781233385988386,0.3495803590689622,0.1826073070711539,37977.2,574783.0,66072.23943644819
2019,1,3.265019777535089,2.600529082428191,2.857014407326591,-1.2386832973537591,2190860.4329750002,14539,0.4768754050973431,0.37680280915562436,0.14632178574703253,225272.8,5003778.0,45020.54247810355
2019,2,3.3039036010687486,2.5427193846210243,2.765530343680746,-1.2388447783806429,324478.5413666667,8714,0.4049538150899538,0.4030580535723987,0.1919881313376475,52377.5,734820.0,71279.36093192891
2019,4,3.2813747368543487,2.547509301723209,2.745022205689546,-1.2220052734659177,3379101.417516667,12171,0.42993716444736246,0.3813282836477269,0.18873455190491062,359576.7,7067695.0,50876.09185172818
2019,5,3.2379528766302936,2.622858222787971,2.8714696570814224,-1.2287778397526525,1337086.0858500001,13224,0.4735895750029795,0.35956394915124185,0.1668464758457787,127220.0,3004206.0,42347.295758013934
2019,6,3.2892667704451584,2.5302213292279414,2.7457190484094687,-1.2319326954256873,18804405.016916666,67386,0.40676916773731625,0.4157300734549893,0.17750075880769442,2969609.0,39547995.0,75088.73711549726
2019,8,3.340882739310681,2.47865285062308,2.7223157094624897,-1.257349941652038,3064201.7001750004,10499,0.3894685821502739,0.45017898573711723,0.16035243211260883,383725.6,5735797.0,66900.13611011687
2019,9,3.3474635517574316,2.5059375501832544,2.6827647100338656,-1.2377147580362295,1837391.2052166667,8185,0.3712967113228713,0.45028810218162496,0.1784151864955038,275225.4,3607133.0,76300.3193949322
2019,10,3.296278543358986,2.544010205425148,2.750859041229995,-1.231944456083212,474281.0464416667,8027,0.41653993650111865,0.4077125737306591,0.17574748976822216,74627.8,981340.0,76046.8339209652
2019,11,3.6028559266935,2.2978909333042887,2.3122794602004415,-1.2490900467262447,389256.4009,12749,0.18237179971852935,0.6953318002034713,0.12229640007799947,138909.7,687320.0,202103.38706861433
2019,12,3.2784117434157496,2.546110829744976,2.788312246453921,-1.2380466170155353,10054050.206058333,33149,0.44006808202606407,0.3714507279106112,0.18848119006332464,1084913.9,21353320.0,50807.738562434315
2019,13,3.279497204285046,2.574916810509577,2.7974031830093833,-1.230276184706102,4931528.026516667,16971,0.45093820935298573,0.38627137343590195,0.16279041721111237,620744.9,10643103.0,58323.6768449953
2019,15,3.2322689650508867,2.5348588358095427,2.778627833507451,-1.2252920792607533,647965.3098916666,10777,0.424845524591875,0.3536421611525729,0.22151231425555204,88855.2,1456943.0,60987.42366722652
2019,16,3.253405493062387,2.572370408774858,2.847501559052256,-1.2417655399316907,854631.3976833333,12923,0.4785008585997444,0.35662608905675475,0.16487305234350086,81144.3,1808378.0,44871.31562095978
2019,17,3.3159308382916777,2.5547527576498346,2.735709994885262,-1.2271394169171606,6255355.131808333,21255,0.41530635110733255,0.42388796564702247,0.16080568324564495,858018.3,12849440.0,66774.7621686237
2019,18,3.2439584374304733,2.6265990089820743,2.863409760783633,-1.2249428890879273,3287560.5344416667,12819,0.4819858469592851,0.3591954692122365,0.15881868382847844,370507.2,6761818.0,54794.02137117562
2019,19,3.2594604248929313,2.5927971506380425,2.822114709096881,-1.2275825413210428,1709120.5875666665,10319,0.47045938637259627,0.3825378553707836,0.14700275825662015,188471.4,3183858.0,59195.91891346913
2019,20,3.262729564042347,2.5869801177716507,2.7963030510459053,-1.2236453617060117,1445207.8072166666,10225,0.44141277275760865,0.38760263667524036,0.170984590567151,169562.3,2933756.0,57797.001522962375
2019,21,3.2477382946368305,2.6377097225018518,2.88767369454543,-1.2303399893519913,2003817.5578416667,8350,0.48545075626637896,0.36801699443868735,0.14653224929493366,211783.1,4498163.0,47082.13108328889
2019,22,3.2539879732069745,2.575358916412806,2.83338299099714,-1.2359223128396386,2010509.4555749998,16172,0.4402401030545591,0.3614131455644811,0.1983467513809599,246674.4,4664544.0,52882.854143942044
2019,23,3.2892261533572564,2.545372015663165,2.777539810915094,-1.2402029562695474,664200.6911333334,6269,0.41456825282011606,0.39015896935568833,0.19527277782419564,66758.4,1357523.0,49176.62536840996
2019,24,3.3951850212067693,2.472110645995024,2.624989852413039,-1.2416721631449104,3223318.5670249998,10232,0.32391697146180515,0.5055145267777384,0.17056850176045643,402506.2,6163769.0,65301.96053745687
2019,25,3.368422371587724,2.488456478951856,2.645140021366933,-1.2367044913694087,3729635.6045833337,17341,0.34440049720814575,0.48715744281644197,0.1684420599754124,566326.8,7016781.0,80710.34281959206
2019,26,3.282019782929542,2.584248632384196,2.7951439382835175,-1.229478780394062,4785701.322741666,17313,0.44216038883119385,0.3905624104820003,0.16727720068680582,521085.1,10078126.0,51704.56293164027
2019,27,3.325390016126906,2.545580858407498,2.720319051905596,-1.2305377723634412,3016156.187866667,11387,0.40627392228421066,0.44060721383952434,0.15311886387626497,369617.4,5686910.0,64994.41700325836
2019,28,3.2136151266187114,2.643730516035383,2.936704044031678,-1.2342220185421218,1202510.8242916667,12048,0.49761393867039444,0.3350324394289344,0.16735362190067113,111207.8,2969008.0,37456.21433152083
2019,29,3.3048396829148277,2.561715457775316,2.7607620675157083,-1.230405681411544,2997836.5321333334,10846,0.43812552864935045,0.4107619261121685,0.15111254523848108,321329.1,6143374.0,52304.98745477648
2019,30,3.2695382107152495,2.552112494981017,2.8329271620275396,-1.247629869302373,520783.69157500006,13775,0.41645053126986187,0.39671443104809095,0.18683503768204715,50263.5,1075495.0,46735.22424557994
2019,31,3.264006170322127,2.6020573991104685,2.831717564068214,-1.2290003629628727,1010982.314775,10797,0.4559567872484285,0.38884203362469855,0.15520117912687292,127568.9,1954962.0,65253.90263340157
2019,32,3.193252285928487,2.5810846211474776,2.8223311521093275,-1.2119829673447835,1505008.6659333333,10311,0.45045427899328677,0.3071395431634824,0.24240617784323082,176029.7,3068665.0,57363.60925679408
2019,33,3.33537512011858,2.5357595508311603,2.7334371592274227,-1.2421987905838192,759663.5290916666,11957,0.4051573480564295,0.434897122319379,0.15994552962419148,84438.2,1371857.0,61550.292778328934
2019,34,3.3495568565938827,2.501291423586229,2.681840825735921,-1.237089307288277,4380604.197125,15620,0.38751244936051504,0.45265939348310197,0.15982815715638302,618691.0,9259376.0,66817.78556135965
2019,35,3.2617860374946006,2.5585465206417357,2.8063382085671775,-1.2358642512343236,912574.487125,12059,0.4283868825873764,0.36610169649303725,0.2055114209195863,100342.2,2110180.0,47551.48849861149
2019,36,3.320812094385594,2.504785894977819,2.6955309754858416,-1.2320923119720166,9154196.439650001,30609,0.3661203932378477,0.43162594910582053,0.20225365765633174,1704364.3,20220321.0,84289.67571780883
2019,37,3.2843976208899064,2.5631693282146184,2.808525890384248,-1.2399676545823262,4904682.2977,17142,0.4308668947912396,0.39514378217271756,0.17398932303604275,567975.0,10369657.0,54772.785637943474
2019,38,3.275474766699155,2.5703966863465997,2.8310168323200755,-1.2443992165531936,397578.80899166665,12566,0.44041411243104145,0.38921904729731716,0.17036684027164142,59408.5,776548.0,76503.31982053911
2019,39,3.287543826800175,2.597721186664386,2.779316573564326,-1.219313152385636,5661744.137625,18854,0.4274566524847438,0.40862854200779014,0.16391480550746615,674063.9,11788679.0,57178.91716281358
2019,40,3.2733331601130673,2.5899955230502343,2.857619955783847,-1.2462845415249288,1790791.1288916667,11021,0.45795095081786635,0.37999490735397273,0.16205414182816097,200072.2,3943727.0,50731.757040991935
2019,41,3.293214476883542,2.547981901480093,2.7669750426162723,-1.2355826827762864,2039765.4034166664,11888,0.40104421916164584,0.42583408130063255,0.17312169953772158,239794.8,4215959.0,56877.87760744352
2019,42,3.2886955835957483,2.5588955756311247,2.769655730100404,-1.2295930734929057,6257802.184908333,20464,0.4104730226157949,0.4138176952096068,0.17570928217459827,771852.5,12991539.0,59411.93726162851
2019,44,3.3164257392523635,2.5244763539703134,2.708990515731187,-1.2315087150979194,544354.9281166666,7308,0.3772754378868625,0.4410293930279929,0.18169516908514471,60157.6,1094580.0,54959.52785543313
2019,45,3.2828446039990244,2.592685619569894,2.818545052562078,-1.2343406367603649,2320770.8252000003,11805,0.45720908198917165,0.38455956981092837,0.15823134819989992,239021.3,5076874.0,47080.40814091506
2019,46,3.244993004573773,2.602246262760254,2.8544193989555486,-1.2296594397149905,454802.43326666666,9419,0.44773742083283113,0.3886800633799736,0.1635825157871953,52510.2,882486.0,59502.58700987891
2019,47,3.2624695595649005,2.592200661972106,2.826384016976226,-1.2301963172787933,3237765.5061000003,14944,0.4532621492402536,0.37699521844267075,0.16974263231707568,370197.4,6862615.0,53944.07233977135
2019,48,3.2786741220328777,2.5607936636929556,2.800544936234691,-1.2356996914046088,13625533.611341665,43244,0.44770509006815,0.3844458234933896,0.16784908643846042,1806736.1,28856455.0,62611.159270949945
2019,49,3.3130173816071893,2.5751254056265562,2.7482224531657824,-1.2260887115942596,1575450.1500249999,13474,0.444020789296348,0.41122317970540734,0.1447560309982447,192760.6,3233028.0,59622.3107254252
2019,50,3.329581627176022,2.51854580674729,2.7297050703005503,-1.2452002113737004,333644.84462499997,10957,0.383773912820556,0.4620588304887803,0.15416725669066367,33339.4,641847.0,51942.90851246481
2019,51,3.3673590007552012,2.4867355136833815,2.6809454427858834,-1.2460380202157817,4343475.949308333,14883,0.3663312335020717,0.48507408002674146,0.14859468647118687,541028.0,8597508.0,62928.46717909422
2019,53,3.292999653468991,2.5519244018156133,2.7783425937107,-1.2376177305730038,3816694.8296166663,15292,0.4043934863117735,0.4282813716179037,0.16732514207032279,588794.4,7638923.0,77078.19544718543
2019,54,3.2341494893550347,2.642578354405465,2.907455076026422,-1.2305535225405408,768828.8789916667,14254,0.47389247572660503,0.34009756822331255,0.18600995605008241,77162.2,1800441.0,42857.38882862587
2019,55,3.256365064007573,2.6266480307471456,2.843969418346312,-1.223418293260571,3001900.260391667,11167,0.46607772288240074,0.37325095841399136,0.16067131870360785,333256.8,5880280.0,56673.62778643194
2019,56,3.262516229294782,2.589190375712093,2.888289655802011,-1.2516556481789365,283790.3959833333,11130,0.4483799420896106,0.3799551449533863,0.17166491295700312,38577.1,575327.0,67052.47624394475
2020,1,3.280649157736799,2.6096385095550505,2.843667872254884,-1.2361797307654239,2104215.9798083333,12650,0.478717489162253,0.3768381395200457,0.14444437131770135,223025.5,5033094.0,44311.80899860006
2020,2,3.3308451766344236,2.537053279317083,2.7660780213364773,-1.2503548568666927,316902.28870833333,7693,0.42123965565731525,0.412990749441043,0.16576959490164175,50901.3,733017.0,69440.81788007646
2020,4,3.3044994759517055,2.545333079638789,2.747129499081666,-1.230920452247043,3308171.0975916665,10581,0.4367672195596319,0.40899851488089384,0.1542342655594743,366588.0,7187135.0,51006.13805083667
2020,5,3.264186124730424,2.607207411392712,2.849757028006559,-1.233673209410171,1281667.124875,10628,0.47282344761593054,0.3768706452720314,0.15030590711203803,128395.6,3014546.0,42592.01883135968
2020,6,3.3179936753500674,2.5312398772881397,2.748567985754806,-1.2398641645187594,17031544.888333336,54206,0.402738393598203,0.4350550736046097,0.16220653279718722,2930654.6,39521958.0,74152.56602418331
2020,8,3.3603832057681746,2.494529475907198,2.7317923835926545,-1.26166234398061,2911293.1648083334,9041,0.3910376995650362,0.46145254675509845,0.14750975367986535,380544.0,5787129.0,65756.95824302516
2020,9,3.364396209565801,2.5054846435332925,2.6738712951265726,-1.2397842355796171,1708166.2661166666,6980,0.36166959367940493,0.4801499388840999,0.1581804674364953,261737.1,3579918.0,73112.59643377307
2020,10,3.319394315448349,2.5492376048927183,2.7683870396794856,-1.2418371481037032,439307.43786666665,6654,0.4194403480945155,0.4133658551170325,0.16719379678845195,72728.8,991928.0,73320.64424030777
2020,11,3.6515243462593214,2.2867396623310214,2.275631893402458,-1.2524929775420872,372511.6247333333,11359,0.17637992302278085,0.7314667730173842,0.09215330395983483,137828.9,670917.0,205433.60803199204
2020,12,3.3147133240928395,2.540940001469453,2.7688092042221206,-1.2441885353901287,9335044.353166666,26892,0.42831321381986287,0.4006717422345458,0.1710150439455914,1072481.6,21592035.0,49670.24182759986
2020,13,3.3064579846580444,2.5761493472699026,2.791439217069053,-1.235931659184046,4759357.105933334,13972,0.4451203399062098,0.40589275124536206,0.14898690884842805,603202.5,10732888.0,56201.322514499356
2020,15,3.2904004726240546,2.529870505292226,2.7598325237449104,-1.2381896210421084,570579.5737583333,8633,0.39865868936902954,0.38964666670070053,0.21169464393026993,79696.8,1451252.0,54915.89331143041
2020,16,3.2881227926231986,2.5617235493424384,2.8136517372678735,-1.2441559679061718,851998.4212416667,11579,0.4492114472981917,0.3952642358048169,0.15552431689699137,82711.6,1849415.0,44723.11514722223
2020,17,3.348390533458182,2.542527214573773,2.70113693052626,-1.228614006603703,5715499.738275,17711,0.40858895517566246,0.4481142853395738,0.14329675948476375,810693.1,12799088.0,63339.91140618769
2020,18,3.2808182368299756,2.597997602544014,2.8078543557367777,-1.227347280834986,3130856.6581750005,11024,0.4577949722224997,0.4008840587437629,0.1413209690337374,359963.6,6790497.0,53009.90487146964
2020,19,3.278484875602449,2.593633989651763,2.850728009992809,-1.2427539315300076,1571758.5121250001,8529,0.456475815261022,0.39952755040560906,0.14399663433336896,187261.7,3191141.0,58681.73797397232
2020,20,3.281021103065918,2.595038879982892,2.7977467007014862,-1.2261130538463343,1422882.6698166665,9157,0.4576291496545562,0.39749754468463766,0.1448733056608061,166621.4,2938172.0,56709.20558769194
2020,21,3.2750354478000308,2.6529586956789855,2.887406319955366,-1.23212860331589,1896819.999075,7098,0.4854509122390935,0.37115556295098195,0.14339352480992454,206601.9,4508318.0,45826.824993268
2020,22,3.271186366510145,2.5721402713390105,2.8234840401777586,-1.238984890823887,1912266.2877583334,13620,0.4454108004253678,0.3731227707358287,0.18146642883880348,225636.0,4652301.0,48499.87135398161
2020,23,3.31347476035202,2.5383751161882038,2.7500039524436506,-1.2402438227664423,639449.7465333333,5473,0.3987620601429626,0.42765299587661,0.17358494398042737,67639.2,1364571.0,49568.1060201338
2020,24,3.4117312276707463,2.4793833798326466,2.6412908786844445,-1.2491333634183648,2966286.5889500002,8723,0.3419212867293941,0.5080410933493212,0.1500376199212847,389178.6,6177935.0,62994.932772844004
2020,25,3.4259541331543626,2.4664961028962193,2.593810028032124,-1.2426083026828387,3333912.2012583334,14530,0.33491612831688006,0.5291051631722649,0.13597870851085508,560395.8,6994598.0,80118.37134886094
2020,26,3.327564131494849,2.5719975043017738,2.7693588847866533,-1.238594134449709,4406799.804383333,14566,0.41385340284138755,0.43825498072153035,0.14789161643708212,502622.3,10072703.0,49899.4460573294
2020,27,3.3447415238281377,2.536045058459027,2.7272991614735314,-1.2424553866276835,2904545.9501833334,10031,0.40357980579534125,0.45741259637117454,0.13900759783348432,357831.5,5710735.0,62659.447514199135
2020,28,3.225773801911144,2.6371823684180837,2.9233197256586774,-1.2365723420837675,1169644.6489000001,10547,0.5106657465497878,0.3376214347458993,0.15171281870431289,111195.0,2958536.0,37584.46745282126
2020,29,3.311738016215595,2.5678616441112876,2.786262105697338,-1.2378698638775878,2874391.0919083334,9496,0.4271530337511698,0.4142635864298749,0.15858337981895532,316158.6,6154744.0,51368.27786825902
2020,30,3.2920986484729555,2.526419169488587,2.8010092056574147,-1.2541107192649148,510906.17515,12403,0.4090518172761768,0.4224291960275172,0.16851898669630605,50062.9,1087230.0,46046.28275525878
2020,31,3.292176685118818,2.6004404521557416,2.8175883069943595,-1.2335671060395983,994820.1414666666,9787,0.4452735961106244,0.42155255115962237,0.13317385272975318,126711.2,1963387.0,64537.04745931393
2020,32,3.274325978884865,2.558536597755584,2.8204516976815017,-1.2431656127457806,1330115.4433250001,8334,0.44356433335636863,0.36443027392653904,0.1920053927170923,165924.8,3116967.0,53232.774039635326
2020,33,3.3357539249945973,2.5439436374930016,2.7259723290218782,-1.236579477400951,708042.6571083333,9994,0.405727407125581,0.44833637129326437,0.1459362215811546,83682.9,1378756.0,60694.49561778879
2020,34,3.3782843390821413,2.504215025440851,2.6607887732536195,-1.2376894900374944,4067904.9802333335,12613,0.38247290860180194,0.4770598708422429,0.1404672205559552,598481.3,9272794.0,64541.63653371357
2020,35,3.3163980724421522,2.5406436768852285,2.767372254923766,-1.2443503453607399,855089.9948083333,9956,0.41359675038925453,0.41395650576756,0.1724467438431856,98004.0,2118606.0,46258.71917666616
2020,36,3.3649406344498143,2.4890447046514304,2.6532278387435984,-1.2365072980979337,8359120.382008334,24495,0.3549239480737994,0.4676250696029227,0.17745098232327783,1667234.8,20105171.0,82925.67121164998
2020,37,3.296610905693156,2.566879063805827,2.805789444115389,-1.241491798132252,4596127.862458333,13680,0.4365881264030726,0.40886525917103606,0.15454661442589132,564278.8,10449652.0,53999.769561704066
2020,38,3.2975099822510403,2.571550805139094,2.83698869937309,-1.252257274242045,387950.22655,11801,0.44286680822335583,0.40398516462053796,0.15314802715610615,56602.8,779563.0,72608.37161332695
2020,39,3.2982610194177324,2.5911297633524777,2.7728056530460417,-1.2230543763449369,5246064.565575,15741,0.4219304047852968,0.4298957428975915,0.1481738523171117,655730.1,11798905.0,55575.50467606952
2020,40,3.268152894282839,2.57606192725494,2.861571312281478,-1.2505916140824938,1763120.2585500001,9749,0.45828509037896126,0.381281020169192,0.16043388945184672,191377.0,3965415.0,48261.53126469739
2020,41,3.347875653236893,2.523908674520467,2.7405579456658726,-1.251235776545605,1992375.1226249998,10835,0.38542575003989304,0.46917867164823757,0.14539557831186942,236651.4,4243779.0,55764.308179101696
2020,42,3.309500192647194,2.572743291082096,2.7823309551324322,-1.2357484892652915,5822164.920383333,17168,0.42602651356158083,0.42551788428333603,0.14845560215508313,738176.1,12996143.0,56799.62893606203
2020,44,3.3591113790664195,2.528720551891707,2.7182625416220447,-1.2452651914870452,501173.69642500003,6026,0.38152563296222236,0.45942671403538005,0.1590476530023975,58132.3,1096530.0,53014.782997273214
2020,45,3.3137773915739315,2.5739926093804475,2.7856828623337795,-1.238615669917902,2217590.5940833334,9838,0.43838479390731,0.41089838643675414,0.15071681965593575,233294.4,5132249.0,45456.562999963564
2020,46,3.2499680828440534,2.6046027809137198,2.8650516297395403,-1.233877022589012,450122.40975833335,8535,0.4589616189833239,0.38486085873196246,0.1561775222847136,53349.2,887948.0,60081.446210814145
2020,47,3.292011260280849,2.572553192818251,2.7980023515450685,-1.2367069925610494,3069514.2183,12187,0.4461322481477578,0.39747754229558946,0.15639020955665275,368057.0,6927904.0,53126.74655999852
2020,48,3.3212846281203436,2.5473946493673503,2.7583977681890026,-1.2386045012932119,13014540.4287,35887,0.43191793747003904,0.4180997981850416,0.1499822643449194,1782738.2,29239570.0,60970.05530519088
2020,49,3.314501709661327,2.5628743899189916,2.7313143564121205,-1.2252466609682875,1548961.7971083333,11762,0.44608738577466406,0.41706619867805855,0.13684641554727747,195323.2,3284077.0,59475.828368214265
2020,50,3.3575693390749253,2.51227041536286,2.732353606104701,-1.2539401851489973,310960.579925,9316,0.388504616222942,0.4684058992450612,0.14308948453199674,32408.7,642977.0,50404.13576224344
2020,51,3.4136321270777263,2.4742445485247484,2.6251377766519597,-1.245610808716649,4145170.959116666,12683,0.34075674079866963,0.516540993945643,0.14270226525568738,535224.4,8637615.0,61964.3732673892
2020,53,3.336966017364846,2.526660626649371,2.7441292746244343,-1.2482372493933354,3614591.177091667,13309,0.37727559223467044,0.4667759379069678,0.15594846985836172,587167.8,7727209.0,75987.047846124
2020,54,3.2486091145503875,2.625502189598467,2.8840545483454023,-1.2328133660062606,729027.2367583333,11421,0.461317135336964,0.36054691370186526,0.17813595096117085,74729.6,1791646.0,41710.025306338415
2020,55,3.2950406863414305,2.6150197002219175,2.8066757202107264,-1.2269698321078357,2888470.980733333,10014,0.4477888902425165,0.4049151120198216,0.14729599773766192,324014.4,5897375.0,54942.13951122321
2020,56,3.2825551722731343,2.572159715418037,2.88688985937327,-1.262894948724963,278797.5386583333,10251,0.44951129850403787,0.39317013642951193,0.15731856506645028,36463.5,577681.0,63120.47652597195
2021,1,3.251167107988841,2.610447633899374,2.8582889298136824,-1.2318439167222162,2132022.1356583335,11972,0.48973964565763684,0.36072042461048537,0.14953992973187782,233951.1,5049196.0,46334.32728695816
2021,2,3.321159872621866,2.5418599245861966,2.7746916535170967,-1.2479524864518288,326640.35900833335,6787,0.41817195757128234,0.41116384366085185,0.17066419876786587,51764.0,734420.0,70482.82998829008
2021,4,3.30327657333577,2.5489263659074095,2.763049236046088,-1.2347686689026054,3509300.1848333334,9424,0.42623985705431916,0.4110460021032427,0.16271414084243807,396457.5,7274078.0,54502.78372049351
2021,5,3.248234640603054,2.613459119532147,2.8643440978187034,-1.2330429621545245,1311530.25395,10005,0.4708271180578752,0.36408556993678226,0.1650873120053425,137634.8,3026870.0,45470.998093740396
2021,6,3.300745041556341,2.5314241602605225,2.759655657413408,-1.2398418477742805,17675849.06789167,49328,0.40357729955291305,0.42510368568084295,0.17131901476624392,3151112.5,39142565.0,80503.47492557016
2021,8,3.3787960755926694,2.4721002147169586,2.692795571668402,-1.2614399094252928,3013848.0170333334,8507,0.36889907833795843,0.4914557690810755,0.13964515258096608,406309.2,5814036.0,69884.19060356695
2021,9,3.3710457292345297,2.4956616635433746,2.6793258684122994,-1.243160185702503,1716839.972925,6177,0.38451893034921025,0.4729440427649784,0.14253702688581135,270779.8,3606607.0,75078.82062004537
2021,10,3.2864591817391418,2.599598411075068,2.7970234602722734,-1.2230914001556985,454777.0363916667,6428,0.44688581590879944,0.3979320112888946,0.15518217280230592,75205.5,1005062.0,74826.72710738242
2021,11,3.6534187979552453,2.2705680532759263,2.262783673701932,-1.255171802429157,381464.569625,10215,0.1641709439021482,0.7474804418092988,0.08834861428855284,143338.7,669256.0,214176.18967928566
2021,12,3.281672490584306,2.5465879440616854,2.7980162701726052,-1.2413390748837514,9923965.767391667,26563,0.4455462247073309,0.37449709997427955,0.17995667531838958,1172655.3,21831949.0,53712.80869151902
2021,13,3.3037771545142918,2.5664969990980064,2.803718716018226,-1.242218143364837,4944843.299783333,12994,0.44660546179604643,0.406093560157023,0.14730097804693057,643748.4,10792060.0,59650.18726730578
2021,15,3.258274255522254,2.5403966901762858,2.7714331180526064,-1.229680840705068,598334.5300500001,7981,0.3968905434457129,0.3724848949869359,0.2306245615673512,84532.0,1447029.0,58417.626737266495
2021,16,3.268130419486799,2.573914634848274,2.8409638621096245,-1.2435441968198482,879458.4189166668,10765,0.46552145770641234,0.37553206067304884,0.15894648162053884,88955.2,1904848.0,46699.36918851268
2021,17,3.341915675125905,2.536268758790429,2.696118201126174,-1.2272842460965037,5916574.97995,16230,0.393965668147303,0.4663990457347071,0.13963528611798995,857114.6,12700641.0,67485.93240293935
2021,18,3.2854591402366933,2.59655825721641,2.8312262977209564,-1.238357969596466,3225316.7385833333,10192,0.4388102709079473,0.40053364272115344,0.16065608637089931,386872.8,6815907.0,56760.28150031977
2021,19,3.2567586473669254,2.601726005307714,2.8763958843763144,-1.2427310487518273,1608973.9632749998,7442,0.46167449906155933,0.37741925540506455,0.16090624553337612,202470.6,3198613.0,63299.498876544305
2021,20,3.3079671649959135,2.569115522467874,2.775198752294824,-1.235682272362486,1439505.7307416666,8168,0.4339487343359272,0.4288672267865628,0.13718403887751004,170401.2,2938338.0,57992.375281536704
2021,21,3.263581442909331,2.622388903596804,2.8532979228101927,-1.2285446360342909,1924014.6376083335,6614,0.4704190844417245,0.375081342375893,0.15449957318238244,215535.0,4507583.0,47816.091240028196
2021,22,3.266543347255453,2.5839768467028197,2.8573701910849856,-1.2448094780717585,1960911.4560166665,12581,0.4582883433678593,0.3624558729278751,0.17925578370426556,242582.1,4627971.0,52416.51254945202
2021,23,3.312647743991484,2.5377646628620174,2.7556261769235473,-1.2407822615910835,649007.6556833334,4637,0.4087961684050672,0.4238704271520051,0.16733340444292763,71353.5,1378931.0,51745.51881131108
2021,24,3.42682674057345,2.4658515442708144,2.6276248469979557,-1.2535011648286167,2937669.5826833337,7730,0.3412530713224851,0.5309480306521747,0.1277988980253402,407160.1,6179403.0,65889.87641686422
2021,25,3.4240872797507564,2.451413222263476,2.590648251511057,-1.2463224516000095,3466099.4741166667,13439,0.3223040949698365,0.5348059800927144,0.14288992493744918,597420.0,7000474.0,85339.93555293542
2021,26,3.3065147211752994,2.574503854632122,2.77099060756701,-1.232939698111578,4442406.998316667,13115,0.42411399770612207,0.42548992682033204,0.15039607547354583,528701.8,10041351.0,52652.45682577972
2021,27,3.340227152270117,2.5237651193207453,2.7053909228058077,-1.2365287512550796,2895572.50025,8469,0.39691145104183084,0.46201835148931214,0.141070197468857,377975.8,5718660.0,66095.16914801719
2021,28,3.2352851032029215,2.643984189107346,2.9268490327557015,-1.2382910615691274,1189399.3503833332,9447,0.5059032964226552,0.3267127528691985,0.16738395070814635,116078.4,2947209.0,39385.87321089207
2021,29,3.3104597570010985,2.5572471524578457,2.7900563967830885,-1.2428087283106435,2924733.9825083334,8862,0.42736177876343423,0.4166883199261799,0.15594990131038594,331578.0,6171374.0,53728.3917649457
2021,30,3.299344459936163,2.5298038080246568,2.8028734673877183,-1.2558765363941087,536194.2849333333,11072,0.4094879692902684,0.4171315535808175,0.17338047712891413,53345.9,1106522.0,48210.42871266907
2021,31,3.305819847706671,2.57558135452487,2.7769276355850203,-1.2320029218512263,1004922.3362416667,8805,0.43199125232196395,0.4252804835668076,0.14272826411122846,135166.4,1964537.0,68803.18365090604
2021,32,3.2248323108304633,2.567687776122487,2.8453707813275457,-1.2339336640956784,1405425.1001166666,7718,0.44375862796330984,0.3393910035879568,0.2168503684487333,182618.3,3148141.0,58008.29759531101
2021,33,3.3415134607463184,2.5243358343949684,2.6917338092227516,-1.2341166578804204,703587.3208166667,8224,0.399489889455052,0.4496099178656261,0.15090019267932198,90296.7,1387677.0,65070.40182982063
2021,34,3.3809632457486067,2.5051179022709875,2.669380416717503,-1.2403642291740662,4158068.582275,11055,0.37625368327305947,0.48587615311793203,0.13787016360900844,631158.3,9270541.0,68082.14321041243
2021,35,3.2831265294975176,2.535773104559798,2.7809557697155594,-1.2421914805150134,878485.5154916666,9004,0.4232922782792072,0.38413998451342274,0.1925677372073701,101499.2,2117333.0,47937.28714377946
2021,36,3.344340559885002,2.4886805138437356,2.6674081418983016,-1.2349917162970232,8525858.022141667,20499,0.35924649781738377,0.45354938577997955,0.1872041164026366,1750551.2,19848276.0,88196.6373301137
2021,37,3.2995504605748,2.56950797537969,2.7996842214869297,-1.2392440040013788,4836104.2644,13983,0.4301502323120545,0.42196785257705943,0.14788191511088603,599293.8,10564320.0,56728.099868235724
2021,38,3.2737114299871504,2.5723363617833663,2.853828271256645,-1.2507260917182526,388405.4692666666,10579,0.44770050426161373,0.39644038714129515,0.1558591085970911,57351.3,777966.0,73719.54558425433
2021,39,3.2783433124261996,2.591862857264601,2.7895876713999286,-1.2227938176303743,5379568.101291667,14352,0.4267958779166561,0.4069774293093787,0.1662266927739652,691630.0,11767344.0,58775.37021098389
2021,40,3.251614221510088,2.597067630879929,2.8714311096554916,-1.2401967176591537,1803205.4857916667,8617,0.47227412665795127,0.36568175742403347,0.16204411591801524,194991.2,3992238.0,48842.57902459723
2021,41,3.3180180892642492,2.540605440464673,2.778611229681625,-1.2495977276735268,2074292.9589,10177,0.39694470350326,0.44253329347070797,0.16052200302603206,250919.9,4254280.0,58980.57955752795
2021,42,3.3076981399807224,2.5739466012730143,2.7792892635792215,-1.2319239387279541,5880721.012475,15801,0.4192150429444829,0.4244318733129258,0.1563530837425912,766140.0,13015571.0,58863.34145463153
2021,44,3.353913447514501,2.512822617532163,2.6746960682484473,-1.2372083620675258,525378.9702,5369,0.376314943198655,0.4819507381233346,0.14173431867801042,60660.0,1097246.0,55283.86524079377
2021,45,3.2654531788927383,2.5934903834816985,2.8390049326589533,-1.23590288195572,2272684.8913166667,9243,0.46680833269192457,0.364261255325065,0.1689304119830105,245812.0,5194274.0,47323.64907973665
2021,46,3.263374052026382,2.6170186285169734,2.8800116484514118,-1.2405665128296801,459456.62255,7727,0.4603255809480413,0.3953558437986602,0.14431857525329853,56015.4,896492.0,62482.877705545616
2021,47,3.272557213712668,2.5922821216862544,2.8352652590879326,-1.2359368301416231,3200910.4595583337,11155,0.44456989102063504,0.3858966527310734,0.16953345624829155,401673.7,6965740.0,57664.182125660736
2021,48,3.3075922376794256,2.5505703427427178,2.785170052403574,-1.242510462004461,13506996.997858332,33797,0.4338083257728098,0.40756949504633205,0.15862217918085814,1905512.4,29570351.0,64439.965558744974
2021,49,3.3161428385834886,2.547762579850587,2.7361847062261524,-1.23220688333066,1619590.7506499998,11073,0.4424777621836035,0.41349819308853947,0.14402404472785704,211289.5,3339738.0,63265.29206782089
2021,50,3.3483595216782955,2.5122839247073774,2.743803122419813,-1.256456688271687,312127.6363666667,8491,0.3718811331065282,0.46779360413766136,0.1603252627558104,33584.3,647210.0,51890.88549311661
2021,51,3.3827203344741235,2.4853168507775902,2.665319798374961,-1.247682679455282,4166791.678058333,11292,0.3598192079594134,0.49028072688628993,0.1499000651542966,565790.7,8658910.0,65342.023418652
2021,53,3.309646523468606,2.536715094521435,2.77244147622606,-1.2448468684043006,3725938.3677333333,11691,0.4048890502806393,0.4373208823351369,0.15779006738422377,626122.2,7743760.0,80855.06265690053
2021,54,3.2636222552817435,2.5785011131919644,2.843527276660982,-1.2383399726478836,746418.6109833334,10052,0.445793033111129,0.385794151303245,0.168412815585626,76230.8,1785618.0,42691.54992837214
2021,55,3.303064579088193,2.6009800005214108,2.8223305129357716,-1.2399786254013796,2964812.243275,9015,0.4379496385668206,0.4031906620770536,0.15885969935612573,334848.6,5881608.0,56931.47180158895
2021,56,3.280133695060236,2.572282484953041,2.9008923181217576,-1.2671584801987776,284575.45112499996,9056,0.4452105175532126,0.3972128510073996,0.1575766314393877,37182.6,579636.0,64148.18955344389
2022,1,3.262533393105356,2.6290520387711807,2.893588717303633,-1.2396973187262135,2245867.6780333333,13146,0.4932000038766679,0.36274435168928915,0.14405564443404303,239846.6,5076181.0,47249.41841120322
2022,2,3.313371852429006,2.529564612297827,2.7912525505382537,-1.252823571969774,337898.92918333336,7259,0.4239750499333552,0.40466343933420745,0.17136151073243736,50509.1,734442.0,68772.07458179134
2022,4,3.298926936748272,2.5440786756452187,2.770347772953333,-1.2369694607546367,3476530.5276583335,10074,0.4289493872599541,0.4080473728660401,0.16300323987400586,413798.8,7377566.0,56088.796765762585
2022,5,3.257041432945702,2.609293092545705,2.856022068349863,-1.2327512651260286,1326228.6779083333,10842,0.45991213023250715,0.36287992955395953,0.17720794021353328,138672.0,3047704.0,45500.48167407334
2022,6,3.313848049044221,2.5237819816272093,2.760547651178955,-1.2475592887979,18523379.615125,56989,0.3906163927925268,0.4328448355020859,0.17653877170538737,3147211.4,39142414.0,80404.12121745992
2022,8,3.400141202749337,2.462196756402157,2.6565449619543533,-1.2578358717398135,3101283.890683333,9809,0.36014672466863873,0.5061303513317125,0.13372292399964888,422576.1,5850935.0,72223.68732518819
2022,9,3.36590917814767,2.499493544927614,2.669648125813437,-1.239492371303306,1834864.8338833333,6991,0.38951763144904633,0.4632360020063337,0.14724636654462,279348.5,3617925.0,77212.35238430869
2022,10,3.3175322444900384,2.564240313115251,2.768327245129191,-1.23516790459257,461522.9473333333,6889,0.4026778555809427,0.42206336262847577,0.17525878179058152,81111.8,1020625.0,79472.67605633802
2022,11,3.635637818018776,2.2788900803514065,2.278254630972183,-1.2537116944281061,354606.083875,11130,0.16318219850290275,0.7335437676587757,0.10327403383832157,143050.8,676725.0,211386.90014407624
2022,12,3.2928148119807457,2.5387661117429485,2.7867157068750403,-1.243076569434593,10334304.690166667,29883,0.4315911868152198,0.3879708358980298,0.1804379772867504,1245927.6,22379312.0,55673.18602108948
2022,13,3.315420326573009,2.562540412238681,2.794097144329488,-1.2432690994197582,5119257.874133334,13477,0.42981030241571144,0.42642455060624007,0.14376514697804849,670107.2,10931805.0,61298.861441454545
2022,15,3.2912400024434008,2.5177125091950967,2.719461668072729,-1.2295712148744429,644220.3351833333,9548,0.3971546872785903,0.3985700304769007,0.20427528224450897,87491.2,1440359.0,60742.63430158731
2022,16,3.300501434170662,2.544281813627621,2.80293996403799,-1.2511315181479383,941944.0993166667,11839,0.43321829954637475,0.40996305821943785,0.15681864223418737,92792.5,1944299.0,47725.4270047971
2022,17,3.3244480568602253,2.550339120823609,2.7338623602775924,-1.2285964967660192,6194980.688875,17913,0.4035331595610739,0.44659428801750495,0.14987255242142108,872907.5,12621821.0,69158.60239184188
2022,18,3.2687168354102125,2.619474489019453,2.8544575136243666,-1.2328232365720848,3329454.4956833334,10773,0.4633172195349681,0.3879207657161478,0.14876201474888404,393481.5,6844545.0,57488.335601563
2022,19,3.2592707879275555,2.6276531049943777,2.8892025452948116,-1.2381603716837082,1671238.9550583335,7989,0.47811315524270553,0.370134749374909,0.15175209538238552,202672.5,3202820.0,63279.391286428836
2022,20,3.315335572497227,2.540145871716719,2.760791231494313,-1.2433495907817826,1480664.1265416667,8435,0.4320607140940751,0.4245674840525088,0.1433718018534161,177776.1,2937324.0,60523.14964232751
2022,21,3.256308765557343,2.6127385600601465,2.880822264344885,-1.2384723423205442,1970241.2086666666,7030,0.47375252309430005,0.3808151418026326,0.14543233510306736,220641.8,4519233.0,48822.842283192746
2022,22,3.269621651225273,2.584941663251154,2.854110889288578,-1.2444375092621165,2007763.1208333333,13702,0.4384693639166431,0.38260017871464225,0.17893045736871457,240043.0,4593687.0,52254.97514306047
2022,23,3.318905881310229,2.5421226927149796,2.754949347999621,-1.2417664636385728,660957.0838916666,5050,0.4237383142328917,0.4215729942421267,0.15468869152498155,72884.4,1390922.0,52400.06269222861
2022,24,3.4116300643460282,2.4696280965687967,2.648177890590661,-1.2550516583118552,3063123.7239583335,8373,0.3279172003834441,0.5213666756466542,0.15071612396990175,412670.7,6192440.0,66641.04940863376
2022,25,3.4088731503385685,2.4552948628085485,2.61150660542018,-1.2474885860983358,3599857.133375,15354,0.31499178255741384,0.5352324351189393,0.14977578232364697,607470.6,7022468.0,86503.86160535015
2022,26,3.2817003262076354,2.580975964247066,2.793977325611806,-1.2296421166563591,4667707.202041666,14178,0.42637664177880213,0.4105708428271509,0.16305251539404694,539807.5,10050877.0,53707.50234034304
2022,27,3.3329624108888614,2.5298540925330877,2.7118825077826845,-1.2316130378681491,2998808.7011833335,9688,0.3924233338127394,0.46576529016107293,0.14181137602618768,385921.8,5721621.0,67449.73146596043
2022,28,3.2484745153784855,2.6248309967539907,2.9148422924222412,-1.2443331857790334,1205575.4881833333,10140,0.492028966593989,0.34307764212009434,0.16489339128591662,115700.3,2941939.0,39327.905847130074
2022,29,3.2930473480411533,2.5586460476969277,2.809959782641489,-1.2417463222370868,2987229.655866666,9660,0.4357223302166351,0.4005017610116104,0.1637759087717545,337225.4,6179414.0,54572.39149213825
2022,30,3.304170610281816,2.535132924874041,2.7956835436957457,-1.2508235651625177,561105.0042833333,11156,0.4064532602952686,0.42654234715632566,0.16700439254840574,55806.9,1122095.0,49734.55901683904
2022,31,3.3091112831904215,2.5854475280591678,2.8010213317186565,-1.239244516863418,1031738.2019166667,9003,0.41867062222518675,0.4306617814746627,0.1506675963001505,139878.1,1972246.0,70923.25196755375
2022,32,3.2042677468384806,2.5869827493505024,2.83978203091951,-1.218828597484795,1475255.755875,8523,0.44112095880606783,0.33405554643980073,0.22482349475413146,194463.9,3176116.0,61226.951408575755
2022,33,3.3531392144951195,2.5154007126777445,2.698124863653318,-1.2419473970398196,742862.04615,8923,0.39224144912002945,0.46438395323861204,0.14337459764135854,91702.1,1396678.0,65657.29538232864
2022,34,3.3529714295022264,2.5181513471987773,2.682939096058878,-1.231178916778796,4569788.84635,12144,0.3863484021734847,0.4654230645004838,0.14822853332603145,648512.4,9295227.0,69768.32303288559
2022,35,3.301388549544095,2.5505273245660813,2.803529507215886,-1.248488267658812,889954.4126416667,9807,0.4134545707632406,0.4009103813782872,0.18563504785847226,104212.8,2113868.0,49299.57783551291
2022,36,3.3482871288148854,2.496634889257569,2.67718881564719,-1.2371117445563071,9140612.975566667,23772,0.3503819160458011,0.45982069559672234,0.18979738835747653,1781554.1,19703747.0,90417.02068139629
2022,37,3.3053828552229665,2.5532084596288693,2.7855304668965597,-1.2422841358247405,4947535.570441667,15297,0.42308924749439436,0.4232644241416224,0.1536463283639832,620666.5,10710793.0,57947.763531607794
2022,38,3.295559934317359,2.5730813085628204,2.8273127104607245,-1.248066523399477,400629.62659166666,10886,0.4329220709040878,0.4172932030136964,0.14978472608221582,57031.1,781057.0,73017.84632875706
2022,39,3.2819429672209552,2.594510861137344,2.7942771872002985,-1.2257361868846,5584425.602358334,15095,0.41750657325279494,0.4155699246406653,0.16692350210653983,694473.4,11777874.0,58964.24091478649
2022,40,3.28183267344576,2.584354477560171,2.8315076042948504,-1.2402677753923077,1836835.8092999998,9316,0.44277666369267,0.401033828072572,0.1561895082347581,194170.9,4026229.0,48226.49183640573
2022,41,3.3374571615905624,2.52563354212479,2.768410051902943,-1.2569073379003497,2108960.0313916667,11015,0.3863896025300839,0.453989347283477,0.15962105018643907,254237.5,4247372.0,59857.60135914631
2022,42,3.3265252476588913,2.5621365242099254,2.755923349199408,-1.2346838294967581,6191856.336150001,17936,0.4058077159132019,0.4433674362493068,0.15082484783749123,776824.7,12984990.0,59824.82081233794
2022,44,3.337497127035196,2.507381056923418,2.6675614407455814,-1.2287598666379884,561127.7685583333,5851,0.3662514267316388,0.47821366397038756,0.15553490929797364,61517.3,1099498.0,55950.35188786155
2022,45,3.2770217571399525,2.578141046628793,2.8206682933204927,-1.2388277652516178,2301163.5906166667,9929,0.4543927364557818,0.3709670104206408,0.17464025312357734,256608.5,5287935.0,48527.16608657255
2022,46,3.2680565894757594,2.590815298344047,2.8609581277151808,-1.2459864331670505,477553.499025,8392,0.459015637998319,0.3935752573096925,0.1474091046919884,55257.2,909723.0,60740.687000328675
2022,47,3.281203013917853,2.5823045777483347,2.800706984546626,-1.22968337238654,3244148.8155583334,11485,0.4409595444959158,0.40725023281008604,0.1517902226939982,415451.6,7062217.0,58827.362569006305
2022,48,3.304522437069193,2.5485964574540247,2.799443075462788,-1.2464763978308406,14124770.400083333,37751,0.433719756449662,0.41455973550455316,0.15172050804578482,1975164.0,30113488.0,65590.67484975503
2022,49,3.3264645479448163,2.5531125042809433,2.7608028664545716,-1.241109092856249,1702196.8265166667,12174,0.4337479505574003,0.42755828574815286,0.13869376369444683,217848.8,3391011.0,64243.0236882157
2022,50,3.3434823449296043,2.5099433256291372,2.7215572262273726,-1.246911474845126,335605.87227500003,8941,0.38066439462206053,0.4698882488492746,0.14944735652866484,34915.9,648142.0,53870.75671689228
2022,51,3.39347446878816,2.4873963383366786,2.6737589974218565,-1.25012277545257,4280022.469591667,12498,0.34616404714262594,0.5071869838873183,0.14664896897005583,579301.8,8683414.0,66713.59905217003
2022,53,3.337814489453082,2.5219710863609186,2.7550364422241294,-1.2542068285993138,3806585.77175,12537,0.3804489461588673,0.46208614441019097,0.1574649094309417,643017.6,7794123.0,82500.31466016125
2022,54,3.2693703784127632,2.605578334940698,2.8829129441928214,-1.245373262894598,749690.4473666666,10955,0.4481745300334033,0.37988524633619253,0.17194022363040415,77549.1,1774122.0,43711.25548299384
2022,55,3.2856928706088397,2.6105371219241125,2.8199953830346995,-1.2306268423138533,2966456.1713083335,9513,0.44043653115431214,0.39991609288849955,0.15964737595718834,341875.2,5903975.0,57905.93625481138
2022,56,3.2924613045090267,2.583620278509616,2.9053657360745504,-1.2665400615418194,281582.97170833335,9394,0.4447519324027476,0.396162776896783,0.15908529070046945,37690.6,581978.0,64762.929182890075
2023,1,3.2554941583280974,2.616114907596192,2.883919100967829,-1.2379207688696854,2273213.3876833334,12369,0.48581413829876213,0.3631736653853555,0.15101219631588242,248313.7,5117673.0,48520.82186571905
2023,2,3.329752808467381,2.536426474079559,2.7485653017042524,-1.2405327858507675,336347.2802333333,7428,0.4131745847826866,0.42506344748111097,0.16176196773620252,54183.8,736510.0,73568.315433599
2023,4,3.3088893100393477,2.524658164847854,2.7505972937777985,-1.2421937630445585,3584493.6707249996,10087,0.4128546960550296,0.40898282225896115,0.1781624816860092,427644.0,7473027.0,57225.00400440143
2023,5,3.2586966908950616,2.61636788835419,2.8627574904916226,-1.2332559401138987,1340253.3477166668,10763,0.45770780222233726,0.3627032968737139,0.17958890090394886,141968.0,3069463.0,46251.738496277685
2023,6,3.3225305220265695,2.5186529042315566,2.7463919410424182,-1.2463204776091859,18455187.319516666,55091,0.38108063530806024,0.4439524650361575,0.1749668996557823,3204016.4,39198693.0,81737.83753453208
2023,8,3.3942632919500686,2.472757069384108,2.6516845037649195,-1.251030208664062,3134057.5765250004,8928,0.3507988339544031,0.5068289684691146,0.1423721975764823,440225.2,5901339.0,74597.51083610007
2023,9,3.3654271868561523,2.508159693319076,2.6751418537901404,-1.2409899049991169,1856869.6782083334,7228,0.3719796588297694,0.47716611880592247,0.1508542223643081,283228.5,3643023.0,77745.46029492539
2023,10,3.3047230125526976,2.545881721363076,2.788889637335336,-1.2455794387720298,490396.2950916667,7055,0.3849074149774492,0.4332314300648537,0.18186115495769703,82090.9,1036423.0,79205.98056970947
2023,11,3.659142269130479,2.2722703157901467,2.261744490619624,-1.2574474231404529,374510.8287416667,10096,0.14853404954267183,0.7465935036274488,0.10487244682987938,143179.2,687324.0,208313.98292508337
2023,12,3.294501606558534,2.5405062288534794,2.773203296963975,-1.2381999188186519,10712269.430525,29211,0.41941867827440626,0.40280245250218666,0.17777886922340713,1309392.2,22904868.0,57166.546430217364
2023,13,3.3331580014329645,2.5550745233286563,2.7975172759061167,-1.2537694769476775,5185445.154541667,13413,0.4240617964819135,0.4268362343559194,0.14910196916216714,679447.2,11064432.0,61408.23134888442
2023,15,3.2710925424657002,2.5260987695436254,2.735865475877647,-1.227280554205097,657124.1342666667,9582,0.3863226272878688,0.39684673639322426,0.21683063631890687,89642.2,1441387.0,62191.62514994238
2023,16,3.294457338869194,2.5497299920184933,2.8225993796993905,-1.2559218313636096,949188.0073666667,11651,0.429879606413109,0.4101958234286977,0.15992457015819328,95286.5,1971122.0,48341.24929862282
2023,17,3.332140841519835,2.5459447660826915,2.7389122830057686,-1.2363459683329734,6193120.119233333,17573,0.39467828901416385,0.44821957416734426,0.15710213681849194,884965.3,12642259.0,70000.56714547613
2023,18,3.272053210214955,2.604886944513838,2.8522080804421,-1.2371272051436153,3282520.6174166664,10418,0.4670072563239344,0.39177451713135075,0.14121822654471494,400369.5,6880131.0,58192.13326025333
2023,19,3.2690884512960134,2.5812073277343797,2.856964942093666,-1.2454648873390173,1647404.4684083334,8175,0.4471121780319611,0.4008091483523894,0.1520786736156495,201359.8,3218414.0,62564.91551428747
2023,20,3.3168434678773506,2.5666251283366357,2.767098744080799,-1.2346815837520346,1482351.8408249998,8245,0.4112638391032725,0.44000255242599784,0.1487336084707296,180267.5,2951500.0,61076.571234965275
2023,21,3.2551316263954235,2.6169825436320227,2.869737421072535,-1.2357854474630836,1951966.547625,6424,0.4676563141818828,0.3759576126524538,0.15638607316566336,226942.4,4550595.0,49870.928966431864
2023,22,3.276540984178702,2.5617569801779374,2.833478177495258,-1.246192689552682,1997489.9423333332,13192,0.4242425696709542,0.392442166726678,0.18331526360236783,248949.4,4588071.0,54260.14549469701
2023,23,3.3269295188975736,2.524277812113127,2.757512757686116,-1.2513973669580059,681177.091575,5164,0.3995238329402761,0.4403937387195937,0.16008242834013028,75514.0,1399646.0,53952.21363116102
2023,24,3.4146764501980247,2.4832067866937853,2.6551751763602987,-1.2535603085797995,3147276.0122749996,8136,0.31800352599396897,0.5271566792187884,0.15483979478724258,420558.0,6217062.0,67645.77866522805
2023,25,3.4116737842258544,2.445028177438497,2.62742339198763,-1.2580000429673004,3651811.5797249996,15367,0.30569513922908975,0.5379534692028013,0.15635139156810904,614786.1,7066568.0,86999.2477253456
2023,26,3.2915043520782232,2.5651261361751305,2.7780669969396103,-1.233251658819212,4891238.474683333,14635,0.4314252701154195,0.4110589250596906,0.15751580482488997,554556.2,10083356.0,54997.18546087235
2023,27,3.3472304547120104,2.5374942726991496,2.7086566517261854,-1.232525360275774,3035570.7415083335,9411,0.4011006009158196,0.46766497130667406,0.1312344277775063,389864.5,5753048.0,67766.59954862187
2023,28,3.231424840401094,2.647660495383865,2.952395401835484,-1.2441175194832652,1206388.5608416665,9473,0.49295927372530896,0.33234296534190294,0.1746977609327882,119454.2,2943172.0,40586.890606461326
2023,29,3.287266756440002,2.576181352141643,2.822330441001981,-1.2415797414715355,2988820.8266333337,9647,0.43608854040244466,0.39450094586670376,0.16941051373085156,346895.3,6208038.0,55878.411182405776
2023,30,3.3227398417775778,2.5253607339420516,2.8041946711562846,-1.2650433058904929,575927.0662916667,11434,0.3929423193640633,0.4448341034995383,0.16222357713639846,58604.9,1131302.0,51803.05524077567
2023,31,3.303436159199447,2.601656462376479,2.782369573495453,-1.2269765472515977,1024311.4454666666,8644,0.44193921541890907,0.42155269958644953,0.13650808499464143,147146.5,1987864.0,74022.41803262195
2023,32,3.2233621779332284,2.58046343842265,2.834120726356272,-1.2240323286270658,1546288.450925,8344,0.42968715942761787,0.33929318332065267,0.23101965725172946,201158.6,3214363.0,62581.17082607036
2023,33,3.353475160347303,2.5085787632117778,2.6957653956695413,-1.242794189722454,738749.4322583332,8342,0.4005293820044959,0.4682790486968784,0.13119156929862577,93645.8,1402199.0,66784.95705673732
2023,34,3.3705192864365374,2.505218876051768,2.673586267931805,-1.2386920148417775,4603591.313766667,12348,0.36538559037144874,0.4887607518699895,0.1458536577585617,662320.1,9379642.0,70612.51378250898
2023,35,3.3141213847510325,2.5423679367226892,2.774615530112509,-1.2463820928687661,915016.1228499999,9311,0.40479246872667424,0.4116469841688708,0.183560547104455,114059.2,2121164.0,53771.98557018694
2023,36,3.337913966732339,2.4878922616107073,2.669101134438476,-1.2339791082406313,9378066.486008333,23542,0.33780255694272826,0.4636137069829899,0.1985837360742818,1793384.5,19737367.0,90862.3982114737
2023,37,3.2907640193604735,2.5776300269506414,2.8069228295172413,-1.236099136076028,5075095.474325,15621,0.4374877730956401,0.4047721177819333,0.1577401091224266,643045.8,10881189.0,59097.01596029625
2023,38,3.311806357910045,2.5794959444551915,2.857347957100158,-1.2604077122028308,412141.36871666665,9883,0.43056164913061473,0.42803582125333844,0.14140252961604674,62114.7,789047.0,78721.166166274
2023,39,3.314464385427495,2.5667931140282474,2.764211199331693,-1.2337867053004095,5654442.626475,14985,0.40285374336956875,0.4460413015821107,0.15110495504832058,707996.2,11824034.0,59877.72024336195
2023,40,3.296480557972113,2.5683150198103784,2.8146712649608316,-1.243187921756514,1903060.5176916665,9695,0.44168018090568073,0.4008101097953027,0.15750970929901661,207072.7,4063882.0,50954.40763289879
2023,41,3.3321749374730802,2.518787908174579,2.753295520598864,-1.2508492655132037,2075802.198925,10297,0.3880028401023932,0.44911135444025524,0.16288580545735146,258023.4,4253653.0,60659.24982597311
2023,42,3.316847253154637,2.544879885400436,2.740506196203896,-1.232271747811778,6352089.387683333,17549,0.3974970607371077,0.45334353328336285,0.1491594059795295,789918.5,13017721.0,60680.24502906461
2023,44,3.305678896721082,2.5499634396300577,2.743295471462945,-1.229706081336797,559584.994875,5777,0.3892221217515964,0.42884122374787553,0.18193665450052818,62119.3,1103429.0,56296.59905621476
2023,45,3.2954913364195666,2.5951412984211193,2.8139123612048054,-1.2340859806532816,2461372.590541667,10760,0.4557310060372184,0.39208700542348596,0.15218198853929565,266037.8,5387830.0,49377.54160766023
2023,46,3.2647253717972187,2.600585362448992,2.852834966114228,-1.2376662768947488,483702.1419583333,8044,0.46895690786126815,0.39602351472251246,0.13501957741621937,57253.0,918305.0,62346.38818257551
2023,47,3.2978182591430727,2.5829108551614977,2.8067948652771744,-1.23789251870612,3290467.029275,10970,0.43848046383406997,0.41181493871546815,0.14970459745046188,428276.1,7148304.0,59912.96676806135
2023,48,3.3010289484751896,2.547520483148604,2.793475669672056,-1.2445058598097711,14652757.394841665,37718,0.4183775484371561,0.4124135717061233,0.1692088798567206,2137536.7,30727890.0,69563.40640375894
2023,49,3.3307461677810433,2.5406298830028216,2.7392274135693024,-1.2387133209934207,1748191.9104166667,11752,0.3968975461067732,0.4541607072292049,0.14894174666402196,226322.1,3443222.0,65729.74382714795
2023,50,3.358024841982302,2.4860011709505176,2.696394309649691,-1.2541149246329224,344228.0990916667,8983,0.3591066061180379,0.49857410976084376,0.14231928412111824,35499.4,648708.0,54723.23449071077
2023,51,3.407106097000224,2.475468980752033,2.651614066547408,-1.2524800305486001,4453667.192275,12436,0.33744859603106886,0.5117190470956444,0.15083235687328672,599261.0,8734685.0,68607.05337399116
2023,53,3.3441645012795562,2.506347902724088,2.7120123905395173,-1.2464145065063708,3869709.920266667,12599,0.367953381367851,0.480424694178667,0.15162192445348202,670977.8,7857320.0,85395.24927074372
2023,54,3.2574571070315272,2.6218693884828665,2.8834187863255463,-1.2352991723682032,744909.219,10947,0.4506276602222489,0.3766440656174829,0.17272827416026812,80364.9,1770495.0,45391.204154770276
2023,55,3.2996792106177253,2.611272765097981,2.804998207589009,-1.230033506568194,3061059.8855333333,9970,0.4439370252849765,0.40818720762560307,0.14787576708942038,347108.2,5930405.0,58530.26901198147
2023,56,3.2677224024356573,2.601016285242628,2.912183067347115,-1.2552865221860336,288859.76753333333,9324,0.4605317158579742,0.3757095967705648,0.16375868737146096,39843.2,585067.0,68100.23467397751
2024,1,3.2599900028929354,2.619114815681021,2.8852054460434617,-1.238276089466886,2267946.422408333,11295,0.4771303282479036,0.37018700100117113,0.15268267075092537,255629.4,5157699.0,49562.68289405799
2024,2,3.319099972848269,2.5469940441608134,2.7651715057076043,-1.2386197296840225,337152.43226666667,7033,0.42798100734789557,0.41717570444310487,0.1548432882089996,55945.7,740133.0,75588.7117585623
2024,4,3.327769261237103,2.530297172869531,2.730665500702432,-1.2359734701529097,3607391.5218499997,9771,0.3948805423103517,0.4317820636283632,0.17333739406128504,446968.2,7582384.0,58948.24108090543
2024,5,3.2737909951160886,2.6050146675745403,2.8386663815292352,-1.2341424752805967,1360730.129025,10740,0.45265657205531,0.37837093428228963,0.1689724936624004,147389.9,3088354.0,47724.418897574564
2024,6,3.3189645128299095,2.5124132058488886,2.7370597224121878,-1.2438326584572885,18416561.166741665,55218,0.3809449444774556,0.44231701111683935,0.1767380444057051,3306928.6,39431263.0,83865.6524900052
2024,8,3.3898783470515963,2.4826752351575623,2.681311354025064,-1.2552505971707622,3064813.2391,8576,0.3676284406747041,0.4875659462209279,0.14480561310436793,448838.5,5957493.0,75340.16405894225
2024,9,3.35464305787075,2.497760009923318,2.699445574811282,-1.2467438926025471,1867134.5513916668,7410,0.36346460175186684,0.47919143858855967,0.15734395965957346,286160.1,3675069.0,77865.23191809459
2024,10,3.3250332029104332,2.528925611420914,2.7830224516386624,-1.2556801796549084,492344.54585833335,6992,0.38364810862351545,0.4443932433976862,0.17195864797879842,85350.5,1051917.0,81138.05556902302
2024,11,3.6483788733636375,2.2692852378440915,2.2589628695034856,-1.2534102888949514,384073.03976666665,10913,0.14520187641804025,0.7480345990481742,0.10676352453378564,145088.0,702250.0,206604.48558205768
2024,12,3.3038188732496705,2.532527430532145,2.775061206709847,-1.2431851113830115,10633439.398033334,28239,0.41735275169859903,0.4017284175745673,0.1809188307268337,1352275.1,23372215.0,57858.23466025792
2024,13,3.3165660524235054,2.5514468581886396,2.795819163371588,-1.24783137327761,5277393.835741666,13358,0.43163704703196276,0.41972518593309266,0.14863776703494455,697450.9,11180878.0,62378.90262285306
2024,15,3.282683748971563,2.5209793881775835,2.747666635358016,-1.236059453339123,660264.6653666667,9515,0.39116600231190146,0.3859603521781547,0.22287364550994374,91878.0,1446146.0,63533.004274810424
2024,16,3.3092813152936755,2.55712380551504,2.827862040085168,-1.2574227936159852,974298.4207083333,12134,0.42989974919048657,0.4109785588466513,0.1591216919628621,99567.3,2001619.0,49743.38273167871
2024,17,3.3493941521196122,2.527474579219122,2.6926603621406886,-1.2306973148087037,6216282.461433333,17341,0.3934558739578999,0.46188706020784,0.14465706583426013,899125.9,12710158.0,70740.73351409164
2024,18,3.2858545973607387,2.602479755135853,2.8193233367145245,-1.2320267062879624,3283457.8225749996,10197,0.45274781192217467,0.4065439523665228,0.1407082357113025,412003.4,6924275.0,59501.30519079615
2024,19,3.2887144950282274,2.5919727785601077,2.843477818671111,-1.2445835908321785,1642044.1189916667,8129,0.4219735968636391,0.4152541971451726,0.16277220599118836,206438.9,3241488.0,63686.46127951114
2024,20,3.283743648708256,2.568498755564277,2.807460471096068,-1.238668264615613,1477128.5811583335,8450,0.42936124932355507,0.4056592304778532,0.16497952019859177,181599.6,2970606.0,61132.17303136128
2024,21,3.24689482064407,2.5974361144614835,2.862500845511485,-1.2345941485336673,2025825.8553083334,6419,0.4479293070022842,0.3831112055596649,0.16895948743805086,230966.4,4588372.0,50337.330974907876
2024,22,3.2831842142495717,2.569557592118689,2.829710785958076,-1.2442275421900968,1956396.8351833334,12487,0.42581052449520046,0.39610902157715483,0.17808045392764468,257055.9,4597740.0,55909.18581737985
2024,23,3.308712328865978,2.5279797777664688,2.7683218588389593,-1.2504680530105199,680297.1330666667,4788,0.3924377872717753,0.41949171050953554,0.18807050221868912,77758.6,1405012.0,55343.72660162333
2024,24,3.4223730665373466,2.4734095156775298,2.6331690085287986,-1.249855216462875,3106781.779866667,7876,0.32372097266423344,0.531745312541209,0.14453371479455746,433105.9,6263220.0,69150.67648909027
2024,25,3.429738618115366,2.450046010700804,2.622542928715424,-1.259397708774934,3690746.047958333,15267,0.31224300866233295,0.5357407037782745,0.15201628755939253,628786.9,7136171.0,88112.64472221868
2024,26,3.298735195389506,2.570383308983167,2.7918178256814916,-1.2389470794092625,4803404.2416,13754,0.4193847041229943,0.420338380229957,0.16027691564704874,562177.6,10140459.0,55439.06838931058
2024,27,3.3340009353055367,2.537276470769041,2.747769253251224,-1.244009916199255,3028825.0247750003,9448,0.40117158567406525,0.4494903724413672,0.14933804188456756,399253.3,5793151.0,68918.15870154256
2024,28,3.2470623564968975,2.6316682463692462,2.92122693197459,-1.2426106629458316,1242346.6287333334,9480,0.4761880558113562,0.352413421958951,0.1713985222296929,123419.3,2943045.0,41935.920109954146
2024,29,3.2824967373736693,2.5626098297354662,2.806627691507286,-1.2377590598530335,3024146.6702333335,9305,0.42602181040839326,0.39768369756415073,0.17629449202745598,353307.4,6245466.0,56570.22230206681
2024,30,3.319513825680704,2.5401898307523028,2.792824115111502,-1.254557266937432,565131.4353833334,11681,0.3996453849776413,0.44196444774403143,0.15839016727832728,60605.7,1137233.0,53292.24530065519
2024,31,3.3077839570508405,2.5847303480406003,2.7715450685804095,-1.2286466439371295,1031901.5829166666,8687,0.43416261981229365,0.4173857900275167,0.14845159016018958,148102.8,2005465.0,73849.60595173688
2024,32,3.234104938591254,2.5696241684297845,2.8156052600414676,-1.2248392833044868,1536066.8617916666,8947,0.41025590164975356,0.36325486103501553,0.22648923731523088,207351.9,3267467.0,63459.52384522935
2024,33,3.3651443450874194,2.5027213371558235,2.7031208137695986,-1.2500729979531098,737349.8979916667,8197,0.37666221892228663,0.49251133023484556,0.1308264508428678,94926.0,1409032.0,67369.65519590754
2024,34,3.3835011501612255,2.495214765484406,2.6565498037113238,-1.240058952924982,4587820.142016667,12320,0.3468013167448196,0.4990218816709868,0.15417680158419356,675897.6,9500851.0,71140.74307659388
2024,35,3.3010355659152726,2.5279506936441525,2.7484641925229365,-1.238461932111212,932190.1301083333,9202,0.3956429863193618,0.4096081993988045,0.19474881428183377,119044.5,2130256.0,55882.72019888689
2024,36,3.3501843946836,2.4796653024348165,2.6734801909293076,-1.2422073989714486,9266452.076575,23187,0.339750097510181,0.46510346994669965,0.1951464325431194,1840059.3,19867248.0,92617.7244075274
2024,37,3.314332930360534,2.565884064825598,2.8000906794315723,-1.2434995049461022,5111741.536283333,14794,0.4133773557922668,0.42285377605707364,0.16376886815065955,664131.6,11046024.0,60124.0410124041
2024,38,3.283570389831803,2.581979149707589,2.857712276524504,-1.2492928960777783,414049.4405916667,9836,0.4431013205888323,0.4101260269840444,0.14677265242712334,63366.4,796568.0,79549.26635265288
2024,39,3.3121128587057425,2.55747481090196,2.771605045704572,-1.2378533392135898,5682829.850625,15759,0.40741816427624533,0.43450422038315906,0.15807761534059558,721997.3,11883304.0,60757.286020790176
2024,40,3.2831566964449834,2.5816618996192267,2.838725105472929,-1.241371655660307,1932343.7227166668,9383,0.44847323828880525,0.3973135620493062,0.15421319966188862,210315.9,4095393.0,51354.26563458012
2024,41,3.3370284882939227,2.5069209236275873,2.711389770309225,-1.2424157664562834,2093637.4013333332,10070,0.374826264108092,0.46099385678906746,0.16417987910284057,263347.7,4272371.0,61639.70778754935
2024,42,3.3315235142701796,2.5332119865001217,2.715056465685729,-1.233504489247981,6318157.506225,17366,0.38339014348470385,0.4557175181698045,0.16089233834549166,803232.5,13078751.0,61415.07702073386
2024,44,3.3243695028313027,2.519738108468247,2.7125283364539516,-1.2372826152616891,564425.0006583333,5640,0.3695389392591606,0.4475794956640122,0.18288156507682732,63459.1,1112308.0,57051.73387227279
2024,45,3.297462629577996,2.5826644032961372,2.799317000883396,-1.234380479878759,2490358.2372916667,10437,0.44631360736976905,0.39986132237615535,0.1538250702540756,278032.8,5478831.0,50746.7377621248
2024,46,3.274400756213162,2.5856299226478217,2.827689289584597,-1.236283771855377,487608.0144166667,8250,0.44036126004063286,0.4088110299436196,0.15082771001574752,57718.0,924669.0,62420.17413798883
2024,47,3.3182941000034676,2.5876556272890774,2.806076717790017,-1.2398360911567856,3331188.7175833336,11448,0.44358203479616964,0.41420219379412293,0.1422157714097074,440200.2,7227750.0,60904.18179931514
2024,48,3.3083102781320126,2.550521529349862,2.790202333246992,-1.2449313246528801,14905327.859083332,39286,0.42238205268102336,0.41303284377633603,0.1645851035426406,2221943.3,31290831.0,71009.40527913751
2024,49,3.34793563426758,2.5274948140991227,2.7284408709948256,-1.2447695652235256,1754271.0860833332,11618,0.39459116783353737,0.4616538887188424,0.14375494344762021,234300.6,3503613.0,66873.99550121545
2024,50,3.337059890087112,2.497276425403929,2.724311690607291,-1.251584128779752,349193.2308,9483,0.365602132038829,0.49014088393976607,0.14425698402140483,36398.9,648493.0,56128.439320085185
2024,51,3.4103878724226604,2.477468088553488,2.6457543828584047,-1.2516826813102722,4427587.741866666,12398,0.3340159411036588,0.5110823109924697,0.15490174790387154,613708.7,8811195.0,69651.01782448351
2024,53,3.356510572547918,2.5034836182620217,2.7158108974886592,-1.2503555722998085,3817238.21805,12072,0.3559473911334599,0.48337494169256073,0.16067766717397933,702232.3,7958180.0,88240.31374007625
2024,54,3.250054878759093,2.6118950355024446,2.878142083436994,-1.236442677812533,747180.5059333333,11523,0.45995122956617446,0.36707133183692936,0.17297743859689615,82716.5,1769979.0,46733.040335506805
2024,55,3.303532282711511,2.6054706136684453,2.807674295141763,-1.2332398217158453,3095654.116316667,9947,0.43406067950479943,0.4199815416029235,0.14595777889227712,354382.1,5960975.0,59450.358372581664
2024,56,3.284470633063913,2.5657011005450925,2.8770350153308217,-1.2612460324730328,287624.9248166667,9108,0.4455256930854365,0.3957036561990068,0.15877065071555677,39780.7,587618.0,67698.23252521196
2025,1,3.2739282586128837,2.593009502854703,2.842273438046106,-1.2374106392578343,2329750.7603727276,10000,0.4530714278165288,0.3865113097004757,0.1604172624829954,,,
2025,2,3.3295885508764145,2.5489383567144746,2.7799357366967565,-1.248558304709822,353647.4151090909,6810,0.411323273110268,0.42422132594287143,0.1644554009468606,,,
2025,4,3.3268916056860007,2.5255280814487606,2.719351571015792,-1.2339534073116305,3709169.7118454548,8840,0.3929986021688878,0.4350109329502766,0.17199046488083558,,,
2025,5,3.232777671410981,2.6193691451308045,2.8777401532621183,-1.2284823244455152,1380274.448309091,9261,0.4664295840759661,0.35957472340293234,0.1739956925211015,,,
2025,6,3.3339732313114334,2.5019805987640806,2.7204808344380775,-1.24653861888181,18929679.812245455,47835,0.36976714450525844,0.4573001874825462,0.17293266801219534,,,
2025,8,3.3619430792639995,2.47996194276807,2.7060784119233032,-1.2565124993629673,3118928.4801636366,7782,0.3592020219974864,0.4772046188592365,0.16359335914327708,,,
2025,9,3.36343113591319,2.5008735987962707,2.692013035165525,-1.2465364750149197,1868877.735818182,6378,0.3554789846523501,0.4665062178999092,0.17801479744774065,,,
2025,10,3.325114122370241,2.5204409483773444,2.7017843860148574,-1.2325932378538518,496403.9593818182,6409,0.3709701073739717,0.45321155161008997,0.17581834101593838,,,
2025,11,3.646648845333835,2.273171921908806,2.2574380291294815,-1.2507297285177674,394615.5461636363,9903,0.15751837264170965,0.7434162557507681,0.09906537160752227,,,
2025,12,3.2908836023515944,2.5290110637008607,2.7946666408434298,-1.247444047000173,10818323.210681818,24213,0.4169560835376883,0.39435622516497754,0.18868769129733412,,,
2025,13,3.3287338586479995,2.5387690835072534,2.763854057128439,-1.2446815736052255,5291481.10169091,12566,0.42693305609514615,0.41928053491645567,0.15378640898839824,,,
2025,15,3.279908750675986,2.53147870101809,2.7572948983506,-1.2334809016611346,683537.9225818182,8808,0.4072116415088398,0.3835015268003088,0.20928683169085138,,,
2025,16,3.289478554009862,2.5554494549327122,2.840021160128243,-1.2562054458858507,976549.9050909091,10190,0.4366075193471144,0.40822970486924126,0.15516277578364424,,,
2025,17,3.3419193651419774,2.524248579790954,2.715479701591514,-1.2389157068814192,6258711.654336364,14641,0.3902017252563725,0.4628640589100675,0.14693421583356003,,,
2025,18,3.2692748155211597,2.5984975120243967,2.847211902676644,-1.2368656121716708,3394632.5807454544,8920,0.45215397515915784,0.39331858320754753,0.15452744163329465,,,
2025,19,3.257321804597095,2.599070568545578,2.861879171400559,-1.2375886319600846,1669165.6121545455,7469,0.44268091121734493,0.38362646388329524,0.17369262489935974,,,
2025,20,3.293765710865448,2.556691312951892,2.8012644450359545,-1.2448625195443142,1522061.4923363635,7661,0.42698900735937434,0.40774274073604816,0.16526825190457747,,,
2025,21,3.2624218819314725,2.5956861922458225,2.8688388499551727,-1.2434786021042412,2077898.378127273,5784,0.4574635130109029,0.3675854673637152,0.17495101962538184,,,
2025,22,3.271882633382492,2.570465306515507,2.8175055922529726,-1.2373574272284535,2003982.2254545456,11012,0.4330080114850842,0.38576213651704555,0.18122985199787023,,,
2025,23,3.3055179853154164,2.536318101182763,2.753334196934998,-1.2408633317061184,694358.5333636364,4719,0.41567018586640164,0.4298018934209402,0.15452792071265817,,,
2025,24,3.390102716469252,2.4732496689976515,2.664065376115855,-1.251763869322968,3098570.897290909,6840,0.3357394844336232,0.5024462048099713,0.1618143107564055,,,
2025,25,3.426942218799063,2.4615084515638412,2.6099729041655473,-1.2513779530873017,3790851.6628090907,13513,0.30660421250055614,0.5422608409344766,0.1511349465649672,,,
2025,26,3.3054869160232556,2.5671316294349817,2.772860756444335,-1.2342160670259514,4802633.429890909,11412,0.4192165490880656,0.4216480936413074,0.15913535727062697,,,
2025,27,3.3410864474199955,2.5337200979171532,2.7239996710318026,-1.24094360366334,3006552.4862545454,7929,0.38000844039951615,0.4598083534376752,0.16018320616280868,,,
2025,28,3.243736383745893,2.6250772502636943,2.9255612431892795,-1.2455842595459894,1241888.3283454545,8647,0.4640163947041522,0.3451515006828176,0.19083210461303024,,,
2025,29,3.3017697255494616,2.557381837770645,2.789440726785179,-1.241354110115606,3072799.562909091,8165,0.432038126430327,0.40285278735526203,0.16510908621441095,,,
2025,30,3.311780304781613,2.5297137574106143,2.768646660050348,-1.248462826823975,564780.0170181817,9970,0.39947535534920287,0.43836859193115446,0.16215605271964262,,,
2025,31,3.3138735085493565,2.5754641234118116,2.7770227676304513,-1.2349488855978974,1065700.7060454546,8509,0.41195581477687687,0.4231812609986109,0.16486292422451224,,,
2025,32,3.2359276507445878,2.551757015260716,2.8013798165432933,-1.226818688359963,1623935.8359818181,8259,0.41134675224187994,0.36900148726218274,0.21965176049593726,,,
2025,33,3.3430377107245186,2.5073584146556964,2.7183784927793178,-1.2466165750681824,742349.4192,7286,0.3778199774371687,0.47378481488480895,0.14839520767802233,,,
2025,34,3.366050197570148,2.4840561022923824,2.638744547424338,-1.2335661250986636,4645472.695490909,10966,0.3423337359972234,0.5038654633370228,0.15380080066575377,,,
2025,35,3.298811411040428,2.52860042060584,2.7744566044489845,-1.2454394712491383,929497.0245454545,9072,0.409612667609856,0.40254760020483354,0.18783973218531055,,,
2025,36,3.3536007678230306,2.4871917527275254,2.672214917108932,-1.239931240154275,9528653.361072727,20924,0.3478407740972499,0.4552440001128195,0.1969152257899306,,,
2025,37,3.309283779286851,2.5515567368584344,2.7849759916792136,-1.24249297438574,5197614.037172727,12532,0.4086829743833354,0.41798640586947433,0.1733306197471903,,,
2025,38,3.301621813239241,2.5641780381091595,2.8289683218531616,-1.250452303330602,422684.2337090909,9142,0.4492563755287794,0.40740714580431336,0.14333647866690724,,,
2025,39,3.2984352358462843,2.5604368001866873,2.7678055642861525,-1.2307180627156828,5736438.693163636,13926,0.4226213513127908,0.41532755684813644,0.16205109183907276,,,
2025,40,3.2595387520364674,2.5769259650196217,2.8449653105854633,-1.238695638534407,1940293.2343363636,8675,0.4575793073720799,0.3777252665739713,0.16469542605394882,,,
2025,41,3.3257522752449717,2.5098286500649096,2.720839587907599,-1.2433801933279498,2095586.4716999999,9246,0.36474864093790205,0.45988659750520083,0.17536476155689715,,,
2025,42,3.3347332454569893,2.5311834050884174,2.7280329723973615,-1.2375955069827973,6340352.648409092,15091,0.38567578311059897,0.45442900120917984,0.15989521568022108,,,
2025,44,3.348162606447977,2.5016138505404024,2.7112460084911922,-1.2495221822636247,570649.8747545454,5613,0.363948075115022,0.4556382316916823,0.18041369319329573,,,
2025,45,3.271095218980006,2.5779821476479117,2.816679422004352,-1.2328070187277151,2570742.558236364,9259,0.4563218781010741,0.3824794196299734,0.16119870226895244,,,
2025,46,3.2796722346184346,2.576155746480112,2.8219256616817825,-1.239830051100176,479584.12067272724,7114,0.4148089643140729,0.4243212409794974,0.16086979470642968,,,
2025,47,3.316953810839023,2.5815496636013697,2.795208737109752,-1.239412400794384,3426401.1683,10342,0.4433314839077403,0.40787145391353474,0.14879706217872485,,,
2025,48,3.313417925896526,2.539974521786296,2.7799435749692605,-1.2457601396229028,15208905.964845454,35203,0.42027153207114376,0.42052159403906586,0.15920687388979038,,,
2025,49,3.3139427451463632,2.5382113373337742,2.7575180197581086,-1.2399347265097906,1785373.4843818182,10541,0.42554706590183683,0.4299875069215467,0.1444654271766165,,,
2025,50,3.3305049334496557,2.502013613546014,2.7180910800751925,-1.2448270625289353,335774.72122727276,7794,0.3644764655611093,0.46202323132169437,0.1735003031171963,,,
2025,51,3.39591353516465,2.492273091097597,2.6803958416347,-1.2521424325834065,4290245.557763637,9960,0.35429778513216803,0.4949858677396995,0.15071634712813242,,,
2025,53,3.3424479518623285,2.5229656594708763,2.7412630180655118,-1.2492543000013696,3859269.355054545,10693,0.3721778028386376,0.46748241577038346,0.16033978139097899,,,
2025,54,3.2566164633370853,2.6090795870198855,2.878848674621128,-1.2403821573512235,756368.9752636363,10505,0.4539928014927017,0.3786570063761671,0.16735019213113128,,,
2025,55,3.30720932421814,2.5905423697396825,2.8167870332391653,-1.241184579644908,3008778.005890909,8050,0.4094165151258716,0.4361497202792723,0.15443376459485605,,,
2025,56,3.3054807239217063,2.5636682888781754,2.8718583477010773,-1.2683886822132062,280246.32174545457,7587,0.43275835878645397,0.4113948292615737,0.1558468119519723,,,
2026,1,3.2780569050730404,2.5792959575566012,2.815206576492899,-1.2341520490320566,2314405.91005,1436,0.4582201202185906,0.3801704181342169,0.16160946164719248,,,
2026,2,3.3134071210847695,2.5408340075193365,2.7493614546212193,-1.2373776729961699,369991.05505,1127,0.41782070848514397,0.4238662105943026,0.1583130809205534,,,
2026,4,3.3320731662469605,2.545739948887679,2.754602921644702,-1.2426874495380014,3524305.3203999996,1221,0.40751055841319145,0.4320771039269142,0.1604123376598945,,,
2026,5,3.2629451807391483,2.558764185652266,2.7951822291768087,-1.2303805146955749,1425876.5754999998,1430,0.4514980091841086,0.40177609358515837,0.14672589723073315,,,
2026,6,3.333412302911202,2.499109076844327,2.7115970670069274,-1.2453055614531505,18810945.105899997,7417,0.36341442543054525,0.46637756949831405,0.17020800507114078,,,
2026,8,3.3734295123900937,2.4341084044618144,2.6560729582459826,-1.2644017100989766,3002482.9809499998,1138,0.326265140271099,0.5073136858052849,0.16642117392361616,,,
2026,9,3.355225201495447,2.505106494891285,2.6844233670908464,-1.2403072092411542,1777777.3433499997,906,0.3790438665807879,0.4625685330475626,0.1583876003716495,,,
2026,10,3.392153060947569,2.506725317637307,2.6650602908512138,-1.2462954254700913,472103.50775,895,0.3599797859034495,0.5038254855372507,0.13619472855929976,,,
2026,11,3.6323245283083616,2.2533210633551146,2.2656474371389943,-1.2606708219380696,393975.194,1556,0.16297909930128007,0.7162344449875735,0.12078645571114636,,,
2026,12,3.2856130683973186,2.533292165538662,2.7716534336323826,-1.2370698016004236,10992660.13745,3861,0.41625388332207425,0.40550696655321933,0.17823915012470642,,,
2026,13,3.309575948557063,2.5374607930231234,2.7705729881728987,-1.2414808146761063,5237564.75485,1790,0.42586260837813794,0.4303852034677059,0.14375218815415608,,,
2026,15,3.2555740691861037,2.5381974684633004,2.799533731290988,-1.2384092704502652,694509.77935,1371,0.41687384154967155,0.3823044549994923,0.20082170345083608,,,
2026,16,3.29748867170968,2.5568722198301614,2.8598756582283382,-1.264134705187647,969417.96965,1567,0.43822079062684405,0.38815265413590394,0.173626555237252,,,
2026,17,3.3565658038706623,2.502808728466559,2.6945876653581546,-1.2431383223770358,6269392.7047,2145,0.3645815808613375,0.4711575445863744,0.1642608745522881,,,
2026,18,3.255749764124174,2.619943009866096,2.8455439513577643,-1.2233910452368568,3380276.8302,1300,0.48320707688232767,0.37161256705889845,0.14518035605877389,,,
2026,19,3.3081817199406878,2.592798275010929,2.8267945556444642,-1.2414143830289621,1616434.4405,1131,0.44218955809289384,0.4181888850129306,0.13962155689417557,,,
2026,20,3.2820184453611265,2.5719307454285687,2.8055530766925116,-1.2374579086934503,1489727.8254,1183,0.44855317126367106,0.38142128022459765,0.17002554851173132,,,
2026,21,3.2630143506817033,2.561880248583057,2.8331052199534654,-1.2368851527329496,2014446.2214000002,840,0.4332323110067096,0.38988113710192873,0.17688655189136154,,,
2026,22,3.2640868901510975,2.5730684237502963,2.85319917972297,-1.2448037061862487,2006557.72355,1656,0.44333757274880115,0.3753989391283911,0.18126348812280768,,,
2026,23,3.307155379178001,2.5293888742269255,2.7530464152262337,-1.2435348743884336,674671.38395,718,0.43596067033785896,0.427763520749479,0.136275808912662,,,
2026,24,3.419713104787791,2.4304769051407478,2.5831231280309854,-1.251361828622581,3014112.1240499998,1052,0.2961879624124818,0.5602491974943178,0.14356284009320047,,,
2026,25,3.4160958182607057,2.46990985616472,2.634161081342964,-1.2525265884180463,3712882.34725,1965,0.33431560227559004,0.523216076087852,0.14246832163655787,,,
2026,26,3.2797213818331787,2.557508036978559,2.756151703669605,-1.2248221369751229,4773038.9643,1693,0.41128794075891684,0.4200830058295942,0.16862905341148895,,,
2026,27,3.3379371489470335,2.5054787470630338,2.680101473029513,-1.2344181122868225,2848180.65015,1169,0.3552147335145762,0.4703120034884426,0.17447326299698118,,,
2026,28,3.242728590712803,2.6403934722559033,2.896006047252926,-1.2306796559960942,1249054.5469,1380,0.47614351330853727,0.344589604524555,0.17926688216690773,,,
2026,29,3.2980545837931237,2.5532354532967045,2.8033881655378012,-1.2452007526854652,3082831.0085,1357,0.4217248389296062,0.4232423717280175,0.1550327893423763,,,
2026,30,3.2994305599386147,2.5187810206730603,2.7580862323146507,-1.241545355539231,567643.82805,1498,0.40955584373039444,0.4249384162313297,0.16550574003827584,,,
2026,31,3.3188584673177948,2.550662014802149,2.738643863976627,-1.2320970337850357,1072218.6555,1348,0.39027984620585876,0.44036313495628454,0.16935701883785662,,,
2026,32,3.235272157954783,2.5733874407894346,2.8032680736199613,-1.2175495474923874,1630911.2611,1295,0.4171194986311748,0.37743207176937865,0.20544842959944654,,,
2026,33,3.4014763146786464,2.4887049841743183,2.694435834753171,-1.2622447471196463,761778.95155,1237,0.3630354157784614,0.47860698089871123,0.15835760332282742,,,
2026,34,3.3547185887630366,2.4964264357850436,2.646687460843127,-1.2287251873998253,4623090.20945,1731,0.37225559035400624,0.48934890926185415,0.13839550038413967,,,
2026,35,3.3061216006433853,2.509603290715744,2.7509060455909493,-1.247307551442384,900614.0808,1628,0.3729694264438268,0.4236798399001717,0.2033507336560015,,,
2026,36,3.3271914112273135,2.5030646194506527,2.6885369156154533,-1.2337749530905984,9569119.0709,3155,0.35502298459753545,0.45237088298952866,0.19260613241293587,,,
2026,37,3.326765944778974,2.5437805535744573,2.786647352546317,-1.251459819244222,5123386.1201,1862,0.40555947523018715,0.44103280555877866,0.15340771921103424,,,
2026,38,3.3228869393651745,2.50978591238912,2.7865784746580786,-1.2638182535647395,428938.01175,1404,0.3841634905272411,0.431596536181944,0.1842399732908149,,,
2026,39,3.283984586442353,2.5727838496189417,2.7640910850514073,-1.221471977920401,5688956.0992,2084,0.44052065884769986,0.4126709257858743,0.14680841536642586,,,
2026,40,3.2881965259609744,2.5799427153163412,2.839061468354203,-1.2462883783679402,1930603.1251,1378,0.4198558564650997,0.4214760374217593,0.15866810611314097,,,
2026,41,3.302347144871722,2.524796431191503,2.7406702620238037,-1.2366007498286833,2047241.07515,1506,0.3744686038792825,0.44783790931627,0.17769348680444763,,,
2026,42,3.308526409735756,2.541693137619771,2.7494734541091197,-1.2318876396113603,6463726.27265,2327,0.4002657463207624,0.44148878529793056,0.158245468381307,,,
2026,44,3.329618684066054,2.5172315109801264,2.765299605747284,-1.2555774816153047,543069.5651,819,0.3527267053411385,0.4402555886161741,0.20701770604268746,,,
2026,45,3.2983182459730935,2.552766980414173,2.7576476430987693,-1.2295951225133823,2676191.9969999995,1483,0.4277561409115819,0.41730095816049523,0.154942900927923,,,
2026,46,3.2594857827250387,2.596630786554793,2.8257349151120232,-1.22946617652833,470049.47005,1146,0.44397347903849804,0.3880441344774238,0.16798238648407823,,,
2026,47,3.313010764779823,2.6058753865569,2.846074340033776,-1.2463948761574328,3326285.9189,1494,0.43764807335932443,0.4149263063264922,0.1474256203141834,,,
2026,48,3.3074973498180036,2.538065307732579,2.772448447250465,-1.24178235716948,14967645.925250001,5123,0.4156095479466041,0.42641578318105905,0.15797466887233674,,,
2026,49,3.320602979788171,2.5188877602237136,2.7169045814600077,-1.2349003235265834,1759990.2577999998,1640,0.40696291230798065,0.4453143286098744,0.14772275908214505,,,
2026,50,3.343113036863282,2.4821099543001175,2.686015873526885,-1.2465317290424833,321167.15345000004,1096,0.3553261107309863,0.4543919145413283,0.1902819747276852,,,
2026,51,3.4113010998044366,2.4645098711939775,2.6222637488455702,-1.2455258122019957,4280118.513499999,1537,0.33238747611036545,0.5227077161781044,0.14490480771153008,,,
2026,53,3.3240231848947595,2.49221406548362,2.721275324177385,-1.2457017645402373,3820333.0765,1658,0.3757402318133306,0.4624473655868978,0.1618124025997716,,,
2026,54,3.2873772625881097,2.5683841715843743,2.7940687399876425,-1.2373688671988936,736651.3903999999,1515,0.42030308918394865,0.4173686736537945,0.16232823716225692,,,
2026,55,3.3017810884866847,2.6202021253740675,2.8360556063763234,-1.237352337407389,3001444.642,1240,0.42432898736108404,0.424954238574895,0.150716774064021,,,
2026,56,3.3184302266404915,2.585224875742149,2.8937957370174576,-1.2707314013983049,278674.7181,1267,0.4457900263994556,0.4107524071425782,0.1434575664579662,,,
