STATEFIP,YEAR,mean_abstract,mean_routine,mean_manual,mean_rti,total_emp,n_obs
1,1977,3.154335680086142,2.631457962431275,2.814612158887084,-1.1791356496102297,4896361.43,3309.0
1,1978,3.1444453435290622,2.648832048923028,2.8101533151184723,-1.1694919203586505,9409854.760000002,6545.0
1,1979,3.1356972802030665,2.6639461772990534,2.821339183608885,-1.164940353797467,9471078.31,6343.0
1,1980,3.1256331249206215,2.654658496318852,2.806929185360492,-1.1597168888577596,9192844.180000002,6953.0
1,1981,3.130621138939106,2.6619833817645313,2.787507357219888,-1.1517743010178674,9503003.77,6566.0
1,1982,3.132240073368138,2.6643685731394426,2.778575088585796,-1.1503375354639802,9796864.030000001,6453.0
1,1983,3.093780729912582,2.701467239357368,2.8423101614491664,-1.1506348040671845,9900121.54,6333.0
1,1984,3.08908635964924,2.6934896207976227,2.834305242520883,-1.1482705995530917,10179867.879999999,5840.0
1,1985,3.139887445785051,2.6614062825188007,2.7785579078779663,-1.1536453462362566,10649909.030000001,4559.0
1,1986,3.1331037088475875,2.6586649139036624,2.770096863038311,-1.1532102988277604,10684850.879999999,4032.0
1,1987,3.1310198375756895,2.6572381640819493,2.770668411541201,-1.1516776899442942,11156176.34,5205.0
1,1988,3.148435051863215,2.652322773068211,2.7641563153652267,-1.1545903602935548,11063704.809999999,5099.0
1,1989,3.1303146237374273,2.6801545969576983,2.801337807762501,-1.152569906853283,11352072.01,5024.0
1,1990,3.1186131001141213,2.677969661987517,2.810841623597866,-1.154289487940549,11107270.63,4981.0
1,1991,3.123148959665567,2.662581449943104,2.811428242555087,-1.1589967603567515,11217714.919999998,5221.0
1,1992,3.1319642305535824,2.6634768281884305,2.7819157533141174,-1.154231050100299,11514390.61,5375.0
1,1993,3.158610582809641,2.6591415634260755,2.756258871249328,-1.1544489559769286,11623645.24,5190.0
1,1994,3.159906216907271,2.650667752368086,2.746443433414852,-1.155362060311767,12033067.7575,4972.0
1,1995,3.1557554178419642,2.6425825614306055,2.739548165235138,-1.1552556110472452,12155987.5231,4837.0
1,1996,3.16252170258796,2.6386814955078264,2.7546033055360803,-1.1636257447133664,12694814.0086,4903.0
1,1997,3.161760173790649,2.621139181803597,2.7445440018961924,-1.1637170117249167,13160778.1869,5049.0
1,1998,3.18370583989459,2.591122914826072,2.678865138537386,-1.1625704903763514,13452513.197900001,5038.0
1,1999,3.208538478138735,2.5974756974073077,2.6695220279203102,-1.1635655862554308,13128550.168200001,5078.0
1,2000,3.2132376779624643,2.5918936702881847,2.684194374471921,-1.1723769829747077,12700381.066499999,5109.0
1,2001,3.2160599521111006,2.5841356618859286,2.6557107055808973,-1.1654651339592215,12976151.037700001,5949.0
1,2002,3.2419817266234383,2.6041481094762147,2.6723974089797276,-1.173472890893501,12874773.340599999,6136.0
1,2003,3.241160889564358,2.6051149295157128,2.657595599839687,-1.1661253847144875,12992205.6023,5811.0
1,2004,3.223202501195223,2.585902202556189,2.655780568442092,-1.1673395235857167,12810909.2749,5348.0
1,2005,3.2371146175141785,2.5915176124061317,2.672855432886851,-1.1749411764463498,13511057.648,4772.0
1,2006,3.2374463761073238,2.5664607481302397,2.648436643628511,-1.1752657201014467,13748917.757400002,4506.0
1,2007,3.2341589472147403,2.57392590753438,2.6808716534215007,-1.183064061229057,13759045.0524,4362.0
1,2008,3.270470571742199,2.576599468248428,2.672216579947518,-1.1918726506710808,13683753.297199998,4307.0
1,2009,3.255995786162506,2.562227629918952,2.6607091012825412,-1.1873532239573856,12816766.886,4154.0
1,2010,3.2533203231635124,2.572052937785139,2.658652698662483,-1.183310586884047,13128290.624300001,4217.0
1,2011,3.2494357481737093,2.578071090286669,2.6554061794331276,-1.1790340347370545,13252966.3408,4183.0
1,2012,3.251187156896388,2.5622451476420784,2.6328328336693043,-1.1758385719439512,13482592.0348,4064.0
1,2013,3.2591893020538003,2.5734996471862854,2.63612853099681,-1.1770372044130004,13266082.854000002,3922.0
1,2014,3.2678930532151678,2.5520708898265223,2.621477575183699,-1.181568142070922,13228267.8358,4885.0
1,2015,3.270259463133897,2.5521127719514722,2.647736803026352,-1.1900905387958114,13583463.793200001,6796.0
1,2016,3.25020002957902,2.565714427910187,2.6790870404484766,-1.1898536327194882,13270548.2178,7093.0
1,2017,3.2652255821493497,2.562936370316056,2.6538088391946535,-1.186411259562913,13082071.0595,7086.0
1,2018,3.270692174524789,2.5428033958117187,2.643329145813894,-1.191873325479452,13571993.7866,6983.0
1,2019,3.294962958353535,2.529559641389765,2.6112935057898565,-1.195038099973143,14212268.0751,7061.0
1,2020,3.3044830128565126,2.5515713809934915,2.621261811816476,-1.1933474807750133,13608125.0313,6115.0
1,2021,3.2637887583170144,2.532482679273771,2.6196238123817546,-1.1874185435246765,13642356.748300001,6413.0
1,2022,3.298885372861408,2.5525109072040624,2.6301826268980317,-1.1939535027853418,13678426.635400001,5986.0
1,2023,3.2734353659955686,2.5580507576487466,2.659276351009955,-1.1938607458814445,14284737.553599998,5797.0
1,2024,3.2922661321418154,2.5452673391225185,2.636591369280489,-1.1939975117056858,14433565.0083,5405.0
1,2025,3.2988081619279033,2.531480508517908,2.6288767007929064,-1.1970357507847298,14036361.751699999,4858.0
1,2026,3.2763749842634042,2.537965633836333,2.639367894311291,-1.195084433358624,2608325.8344,801.0
2,1977,3.264401391142779,2.532422585552317,2.651588118786308,-1.1947247397300418,454919.22,3101.0
2,1978,3.291685338643415,2.5389542795882374,2.6323979300216,-1.1946056994912189,1084219.9399999997,6466.0
2,1979,3.2849682442901758,2.5224606953471924,2.628816671453571,-1.1959477750609906,1122888.15,6302.0
2,1980,3.2964741499404497,2.5319085268666752,2.64168373994393,-1.20190430408865,1164515.05,5976.0
2,1981,3.2883041319967887,2.5487370891561847,2.641300874441504,-1.192615362825423,1220595.77,6227.0
2,1982,3.263582054305082,2.5344733701870976,2.6273492996221433,-1.1852722292933904,1116173.91,6243.0
2,1983,3.2465951575579415,2.5423208809966105,2.632515561387873,-1.180731203617692,1186450.05,6330.0
2,1984,3.2467344098658915,2.5218188124612846,2.624733966146565,-1.1851516809622193,1335301.87,6429.0
2,1985,3.2670103305740357,2.507724709350294,2.6051116659265108,-1.1909214886049002,1401628.71,6791.0
2,1986,3.2850744987125005,2.4925644944617784,2.5908861822378144,-1.1953216784161804,1487720.14,7002.0
2,1987,3.2504454792443354,2.4853652278495786,2.593735106239274,-1.188157193603621,1465290.72,6491.0
2,1988,3.2579020651225914,2.4941156481842444,2.605108386044546,-1.1904578328943642,1419927.13,6410.0
2,1989,3.26914498117134,2.5137380362108153,2.5973249225476516,-1.1842178692691283,1410055.5,6590.0
2,1990,3.269925318689682,2.499429651177873,2.602036651575414,-1.1913924972095034,1556891.37,6359.0
2,1991,3.2706535221186206,2.484110203555811,2.5867565462671327,-1.19263253715924,1544036.53,5994.0
2,1992,3.2790432177837463,2.5128720569842797,2.5812206680104075,-1.1832475529578388,1635110.75,5845.0
2,1993,3.276422082156557,2.5162930924331253,2.5781329233229933,-1.1798591560424734,1716966.44,5971.0
2,1994,3.2684863105543274,2.50654998129779,2.6032062606149804,-1.1882452464580433,1809272.3372,5507.0
2,1995,3.290089961771838,2.5125938477779677,2.5999587275379983,-1.1934276352677355,1825262.0237999998,4599.0
2,1996,3.3139258712306394,2.5140613655103974,2.584349447850352,-1.1944408921865792,1863505.1659,4494.0
2,1997,3.29230833956514,2.5408560388118384,2.6092200475962515,-1.185981033829537,1898252.7593,4564.0
2,1998,3.267602848527865,2.5193747714184984,2.612294192664742,-1.1885785969301996,1879468.2810999998,4407.0
2,1999,3.2669032933943454,2.5205647393458843,2.6201242094071375,-1.1894616066454244,1840916.1739,4565.0
2,2000,3.3183605880671467,2.5249450286106803,2.6038973292704135,-1.1969368271780993,1859278.0654,4612.0
2,2001,3.2907955778137796,2.5113025491653627,2.608640709308873,-1.1957928555738009,1947157.6301000002,5957.0
2,2002,3.283373359332739,2.5182817065506433,2.6266172965248926,-1.198076710680101,1899875.2893,6308.0
2,2003,3.2706286140317236,2.538977063100397,2.612608992170569,-1.1839504499655655,1930096.8365000002,6296.0
2,2004,3.2663671685849613,2.52659432554542,2.5976869727748033,-1.1826560266697956,1944622.2047000001,6168.0
2,2005,3.290827398113811,2.4982196747933605,2.572464490997046,-1.1900781779523122,2052035.6518,5933.0
2,2006,3.2717885472326826,2.5195308090978368,2.569212456444433,-1.1743607923617074,2027689.0289,5704.0
2,2007,3.2721898184889926,2.5100257107897646,2.566471810524991,-1.17676475412421,2030857.9462,5621.0
2,2008,3.2666062205567625,2.5043428734462103,2.5874923436176482,-1.1840284972972086,2054008.4283999999,5485.0
2,2009,3.2922453617692904,2.5136286575830917,2.5820166762741668,-1.1846788349985569,2107290.8826,5631.0
2,2010,3.2689816861537855,2.5228961800580927,2.618400776467552,-1.1888998122283008,2185682.0527999997,5551.0
2,2011,3.271686378000438,2.510023306766106,2.581269082553386,-1.1822723694061537,2100293.6629,5083.0
2,2012,3.2923490129483493,2.4834904706549303,2.5532010861221197,-1.1885987836573295,2107952.3509,4853.0
2,2013,3.2926979406999917,2.4859573420989585,2.581452983590669,-1.198681563057234,2195805.7950999998,4849.0
2,2014,3.300879014182788,2.501264549341622,2.5666462968437145,-1.19040264369068,2186217.1491,4878.0
2,2015,3.291830553696795,2.539107921227547,2.60531709954736,-1.1873279124020693,2222040.5073999995,4896.0
2,2016,3.3205283025324244,2.505644453713402,2.5639341634321866,-1.1918721163890917,2213455.3144,4981.0
2,2017,3.3084594677570887,2.4986153322510125,2.570888727665327,-1.1925651166120084,2285678.742,4808.0
2,2018,3.2843370471231434,2.539740734065927,2.615863546369654,-1.185531380233171,2223386.9663,4514.0
2,2019,3.289382465956859,2.5259681752052723,2.6084324963540255,-1.1912523274217095,2187831.8651,4392.0
2,2020,3.326982511581111,2.5024574314913526,2.5705543001412563,-1.199283878009824,2120161.5162,3841.0
2,2021,3.317633320979032,2.5092240870306974,2.5781929919515023,-1.1964166318132192,2209633.5108000003,3835.0
2,2022,3.333176557377368,2.4988522486878804,2.5681043417976306,-1.1977161063493778,2234907.9878000002,3603.0
2,2023,3.3231017924320385,2.498227012415048,2.5402064379819813,-1.1843485546935608,2221174.2402,3668.0
2,2024,3.326960590069608,2.5046777638249367,2.557004294877998,-1.1903919405469061,2239569.2333000004,3515.0
2,2025,3.3399187968202604,2.521911182447814,2.5947550824563055,-1.2007026356834702,2093659.8648999997,3269.0
2,2026,3.3189668244566124,2.5242878230759396,2.5703834767662856,-1.1889364857196572,401701.25419999997,604.0
4,1977,3.2575239782833285,2.4964706423700576,2.6331292543694587,-1.1964687024347418,2840679.33,2146.0
4,1978,3.240891369978266,2.510877884440639,2.634303893297872,-1.1887987358407495,6078090.72,4499.0
4,1979,3.253572716843635,2.5022586398507887,2.5971084104366797,-1.1838296351167599,6511447.29,4584.0
4,1980,3.2739341832188633,2.5010741702952015,2.5974187774199113,-1.1916744775466914,6910159.04,7186.0
4,1981,3.265080909945743,2.4929580452552886,2.6080604111709644,-1.1933733593545803,6915639.93,5930.0
4,1982,3.2654193676150722,2.496692146554871,2.571050481613931,-1.1819224572085176,7496337.13,5206.0
4,1983,3.1849716755363655,2.549938820301835,2.6585590691366723,-1.1709876498482885,7790412.15,5370.0
4,1984,3.2284782353165533,2.54040367599911,2.6479507391427664,-1.1850502867140587,8138761.199999999,4911.0
4,1985,3.236515635231824,2.52544055725092,2.624820743827615,-1.1805769107557968,7812345.190000001,3861.0
4,1986,3.1902424796826363,2.5432959591349933,2.631401143371721,-1.1643854980662396,8548281.899999999,3954.0
4,1987,3.229239882480783,2.5354544753039607,2.605777028931602,-1.170418055929848,9041307.88,4043.0
4,1988,3.231553901250444,2.5188981287453607,2.605953944874987,-1.1759935866424798,9713927.14,4428.0
4,1989,3.228547750953437,2.525471997175931,2.6346605901680666,-1.181986033661208,9893633.5,4437.0
4,1990,3.231353231997998,2.522937976049633,2.6260464176486273,-1.1826800077694533,10223859.999999998,4299.0
4,1991,3.248384342856794,2.5252945160555074,2.6004176775081103,-1.176618868713042,9942778.74,3989.0
4,1992,3.253322106267201,2.523868210407665,2.5821075490170227,-1.1723587795824533,10316926.190000001,3934.0
4,1993,3.254732334588858,2.522224650931651,2.574396787846432,-1.1707977099131806,10595406.51,3934.0
4,1994,3.230394275293272,2.5289996321731283,2.6000586410858504,-1.169461429963873,11270773.0135,4221.0
4,1995,3.216944522631095,2.533755196028242,2.6310510641566327,-1.1765674227316598,11880529.578499999,4770.0
4,1996,3.2049118382008803,2.546146487046574,2.6545819359220455,-1.1768306681593177,12370099.4708,5044.0
4,1997,3.1991023758240003,2.5607882601769365,2.652705778825287,-1.1692648172927418,12538147.3182,4866.0
4,1998,3.233201285245258,2.5266912290593635,2.616032639419849,-1.1780485894290709,12810884.9236,5133.0
4,1999,3.237326160732332,2.506684101671033,2.5810034416514758,-1.1741070008400454,13657137.488200001,5462.0
4,2000,3.2484282165117073,2.5287562550431457,2.60820245578293,-1.1805077206940826,13606366.783200001,5249.0
4,2001,3.2563677079234576,2.5083135622790333,2.5946778623044504,-1.1863421275224386,15129047.120299999,5348.0
4,2002,3.275045184015886,2.5003474690878282,2.604039834565603,-1.1996301270199303,15036340.313500002,5438.0
4,2003,3.269971954679585,2.495866720390094,2.56878739227694,-1.185187652361637,15852442.265800001,5736.0
4,2004,3.249160143438635,2.4979318621298305,2.585943332688417,-1.1818650777312087,16231749.5942,5475.0
4,2005,3.2801732709791565,2.4929455973532786,2.5576938918621184,-1.1836751602895017,16571151.9071,5257.0
4,2006,3.248032653826305,2.503065529936207,2.5611847711473295,-1.1701235816734963,17773978.7341,5388.0
4,2007,3.2750493762394086,2.4981188948797066,2.5517814096018077,-1.17879825944039,18068396.8346,5093.0
4,2008,3.2792730683611597,2.4964623401662593,2.5464327531879465,-1.1780074622439936,17896086.8271,4591.0
4,2009,3.2797083234225584,2.4925368977219455,2.5527047878165963,-1.1842721737044637,17912000.5641,4373.0
4,2010,3.2973501989890073,2.4951213732502864,2.5460047506364605,-1.1852596869174676,18417463.8129,4600.0
4,2011,3.29859902691482,2.4804202691149175,2.5356476147816673,-1.1861406368195713,18151611.177100003,4537.0
4,2012,3.277325214186295,2.4768739009671368,2.5399839269494806,-1.1826001542515143,17664870.1123,4530.0
4,2013,3.2865745407580174,2.5006521310859857,2.5559712878331147,-1.1799264629665478,17173016.7679,4274.0
4,2014,3.2681368153153643,2.5107884026814515,2.5844925438850948,-1.1834355336117959,18621998.568699997,5112.0
4,2015,3.265892980193339,2.517203062310714,2.5840183206363703,-1.1782545175788095,18981346.6034,5867.0
4,2016,3.2770853170894743,2.5076021209088566,2.5579647146133855,-1.1755001551154756,19927968.0087,6224.0
4,2017,3.3162300028252947,2.4798842658641647,2.5268820929357814,-1.188114357105187,20241329.967299998,5625.0
4,2018,3.3108452494386675,2.487625775850039,2.553787626674339,-1.1919686732483397,20413578.5401,5619.0
4,2019,3.300688573820471,2.5019592183692856,2.5416310303607337,-1.179640721462879,21284647.1155,5694.0
4,2020,3.3230399890094295,2.496895512667097,2.541250102113798,-1.1875279069416567,20859591.7452,4916.0
4,2021,3.319139786713069,2.501399758233619,2.5515770028120306,-1.1880813240886587,22798249.8785,5104.0
4,2022,3.3187919222981423,2.480950007735819,2.5351605607285888,-1.1891134108084815,21243610.6177,4551.0
4,2023,3.308736250866925,2.476542194065738,2.5471202676057363,-1.1949572496191816,22678403.6291,4721.0
4,2024,3.3588896417569716,2.4831577484708904,2.5190443130594944,-1.194381113529307,23862080.5655,4773.0
4,2025,3.350056919719292,2.488823823305242,2.5273082362174355,-1.1916866362931378,22225198.032399997,4205.0
4,2026,3.321618889128776,2.5190476291062094,2.5885212183389377,-1.1950866871231938,3803424.0631999997,656.0
5,1977,3.1157941591696057,2.613780281994242,2.798970723578178,-1.171310412736149,2382747.98,2066.0
5,1978,3.1339316787140015,2.640893634149646,2.801433557744752,-1.1664886991635197,5049104.04,4029.0
5,1979,3.1276011633679537,2.6324167698396286,2.767060262809497,-1.157321605721708,5390027.6,4122.0
5,1980,3.1635735894636694,2.6185530632364182,2.754372207790759,-1.1686563593285142,5600357.449999999,6627.0
5,1981,3.152443090125225,2.6133519599646897,2.7552709896607186,-1.1661582011857485,5790941.2700000005,5519.0
5,1982,3.137861636688107,2.621227076091182,2.7717803348917025,-1.1656489171670377,5688184.23,4885.0
5,1983,3.1105637450405252,2.6648182409262406,2.805809297048238,-1.1559947850225603,5441538.54,4831.0
5,1984,3.1226684367535853,2.657140546501857,2.8151432046296945,-1.1650700612288454,5594707.319999999,4524.0
5,1985,3.1465951049495433,2.6493363542898076,2.7721096934180465,-1.161801414111198,5880866.2700000005,4829.0
5,1986,3.141903848761829,2.64931320597383,2.7669301369296524,-1.1585340666414858,5982838.14,4881.0
5,1987,3.1346766985909826,2.6525371451117628,2.7791075044963653,-1.159439036821539,6250156.54,5203.0
5,1988,3.124436442657508,2.6731100939222223,2.785633978161173,-1.152139059339736,6546678.32,5437.0
5,1989,3.1435072061200406,2.6528129956879445,2.768082835318805,-1.1586827573940752,6753067.25,5376.0
5,1990,3.1386160857206855,2.6633722374695257,2.785854521959297,-1.1608685327051718,6782522.74,5559.0
5,1991,3.153984660057785,2.6610906721500873,2.7913710028420873,-1.1647699768408304,6595140.29,5479.0
5,1992,3.1569317122415868,2.655413220790654,2.764823296940309,-1.160703064015329,7029632.77,5573.0
5,1993,3.1557822154628665,2.6763156458560435,2.803130070829849,-1.1648512287854575,7181242.3,5416.0
5,1994,3.15555313574032,2.692596275971192,2.8085686665536493,-1.1618538782278676,7555449.3313,5328.0
5,1995,3.1674342151009625,2.636215091911737,2.7509964259789093,-1.1671355117788622,7331120.6403,4794.0
5,1996,3.167433302596793,2.6395650534349793,2.748359452696237,-1.1655515298284052,7470840.0892,5069.0
5,1997,3.1914483176668638,2.646796925461306,2.7367908363732516,-1.166697540012474,7303242.1127,4879.0
5,1998,3.179353204630552,2.6313726706974263,2.7528087750489267,-1.170414070825862,7448680.137200001,4831.0
5,1999,3.232017977626745,2.6246064591053186,2.726332997044266,-1.1807045162511167,7574504.3457,4806.0
5,2000,3.218969793560133,2.632966591129076,2.7161334732601397,-1.1711568194139537,7547712.476100001,4722.0
5,2001,3.207282310187185,2.6165287916166178,2.7183147611621146,-1.1728012997353812,7825938.5629,4805.0
5,2002,3.198601818453622,2.600570285489516,2.692230231048196,-1.1697162523883027,7563477.9481999995,4637.0
5,2003,3.2130953669924183,2.621505970360357,2.693930364901531,-1.1675632966885048,7762538.881800001,4545.0
5,2004,3.216867080493288,2.6118797438285353,2.6942660079635337,-1.1689668695790214,8065801.512499999,4666.0
5,2005,3.195981120129296,2.601806410384803,2.6942124159620207,-1.1684068649690442,8316043.3724,4683.0
5,2006,3.2105878862402912,2.6087175344100304,2.6913940044224542,-1.1681774124890714,8517152.445500001,4419.0
5,2007,3.2408123647313274,2.5836598313533283,2.6930095360673554,-1.1888631701980825,8795833.995299999,4610.0
5,2008,3.252576661701619,2.5609607817266427,2.68493670745297,-1.1977302205959064,8675732.580000002,4473.0
5,2009,3.2250746262028103,2.5822768633874773,2.6825760289801903,-1.1816477269811265,8368110.741800001,4259.0
5,2010,3.2299987039557605,2.5826152535288966,2.6725335922408004,-1.1788029843028422,8343954.4914,4118.0
5,2011,3.2395678274091524,2.5856947266580157,2.649723777372073,-1.1730022788899392,8377102.8445999995,4052.0
5,2012,3.2342863723951853,2.595723115685985,2.644565538667992,-1.1655337257057303,8610759.7232,4226.0
5,2013,3.218368194322493,2.5864323178160435,2.685872289856515,-1.175846108962958,8391566.758499999,4234.0
5,2014,3.2181249977064446,2.6003516134993263,2.6643925333066347,-1.1665039317852062,8403938.7089,5105.0
5,2015,3.249547639486322,2.5777635204987965,2.6569255792571713,-1.1799414253974498,9038939.1087,6828.0
5,2016,3.2554677978461366,2.5641663901787215,2.655932967119623,-1.188525056754916,9190240.846199999,7208.0
5,2017,3.2590493696567076,2.5817450892202825,2.6453400544043726,-1.1806265940543172,9225394.3596,7341.0
5,2018,3.2729208492710113,2.580713953386612,2.6533865608513145,-1.185930286157257,9067850.718899999,6964.0
5,2019,3.271189300264243,2.5799646308737927,2.6565939561183387,-1.186718696036981,9468728.7912,6999.0
5,2020,3.2992221412184866,2.5619967318981836,2.639153044874087,-1.1932535003239741,9112156.3106,5607.0
5,2021,3.270676446704757,2.578926669530025,2.670783139889091,-1.1913941890683863,9250261.9666,5861.0
5,2022,3.2786081795365103,2.5716826319001242,2.6605350357104447,-1.1918026541713609,9221307.6003,5602.0
5,2023,3.2724546951204285,2.5748114551616963,2.658807247005046,-1.1878081391473765,9444885.1083,5675.0
5,2024,3.2891159291313774,2.573665791629084,2.6349889394788373,-1.18636264780409,9561520.4318,5637.0
5,2025,3.250049987319399,2.5764593542137986,2.6610152737339807,-1.18069434371663,8718002.3114,4648.0
5,2026,3.2549027996174273,2.517459955205251,2.598166984267581,-1.181243513050234,1711399.6486,857.0
6,1976,3.2188885763822803,2.5407381058773106,2.655655066365327,-1.1804292307850168,72131451.64999999,43506.0
6,1977,3.222767460164112,2.5365149181775477,2.6539897349636954,-1.1828355363924832,67255874.30000001,40501.0
6,1978,3.225677054176269,2.538162706711378,2.6353903325676074,-1.1756001878018947,61259805.26,36053.0
6,1979,3.2347711493842994,2.530762450745293,2.631225429823368,-1.1798183440523151,63082275.6,36354.0
6,1980,3.2368834899354866,2.5381065680910866,2.623845941613969,-1.1753318423444774,66132120.34,37354.0
6,1981,3.2441801243627775,2.528982566257043,2.6068646012923367,-1.1745867724230266,65798375.43,36788.0
6,1982,3.244616578703547,2.5324228764220824,2.6035034111253457,-1.1726979348905338,66374488.62,35942.0
6,1983,3.2026630371752245,2.556854081776357,2.637429682820377,-1.1659759313311324,66432113.099999994,34964.0
6,1984,3.204250536234181,2.5520093989086474,2.6285089415587692,-1.164303953492573,68879142.55,34847.0
6,1985,3.2252256936025727,2.543655169634604,2.6229437021230337,-1.1710500618015116,68895145.74000001,31941.0
6,1986,3.212727045394196,2.561793524830268,2.6353744324473194,-1.1656783033975682,72090475.63,30643.0
6,1987,3.2159201731498683,2.5544765427214666,2.6303787167504007,-1.1673814548988832,77043451.34,31674.0
6,1988,3.236254412440398,2.5386682632441,2.609902346127117,-1.1720272281188395,80499051.02000001,22720.0
6,1989,3.2375270627946224,2.5382086660175,2.6151483716149215,-1.174186746107014,81403925.13000001,25582.0
6,1990,3.210150699530288,2.5553426917280944,2.639227720952665,-1.167988616328235,84647844.93,33595.0
6,1991,3.216171955491142,2.5496830875252896,2.638242994842213,-1.1708160359941504,83279423.41,32686.0
6,1992,3.212480739997214,2.5627398426743646,2.6372426866217076,-1.1651112636983687,83398754.22,30530.0
6,1993,3.2124058786231497,2.555726667586897,2.630266891206843,-1.1654181407969975,84130910.37,30187.0
6,1994,3.2167060928432716,2.543083441365505,2.6121858371347972,-1.1647303979401278,84953737.59330001,28835.0
6,1995,3.2348712324062636,2.533062104160315,2.6060737111792065,-1.1722823264363633,83343158.6092,26928.0
6,1996,3.239705306954446,2.531898852309743,2.603532435657909,-1.1732005286534253,83484024.6217,26347.0
6,1997,3.2297974978783133,2.526547114681552,2.6090566021159507,-1.175091423858179,86909637.9105,27439.0
6,1998,3.2330773041762604,2.5242003808406692,2.6139466647659377,-1.178896736436406,88729140.48570001,27858.0
6,1999,3.2465718148272527,2.51706598638296,2.585732548662243,-1.175089180948839,91097283.5199,27875.0
6,2000,3.23364881157809,2.535035139788539,2.6019795733576627,-1.1707685490084858,91340435.08080001,27962.0
6,2001,3.246021191447028,2.5308701379863887,2.607518052565591,-1.177384100494443,92809664.1277,27365.0
6,2002,3.2510573510829777,2.512246486011185,2.596722782613373,-1.181924718946433,93069775.2232,27606.0
6,2003,3.2534937857459414,2.5236329091992205,2.580187315876326,-1.1722189526966513,101043224.6886,27440.0
6,2004,3.273779253906717,2.517394640962259,2.5591205803933867,-1.173518627909894,99618504.1422,27427.0
6,2005,3.2627489522441984,2.501410303065051,2.556024767793237,-1.1746858703608782,101536991.86039999,30775.0
6,2006,3.255846357719566,2.503249343090042,2.5586176952760913,-1.1727420655463168,101461164.6437,31836.0
6,2007,3.2768847527713025,2.492825094520687,2.5504971637778926,-1.1801057055732163,102675698.55770001,31562.0
6,2008,3.273584117820868,2.4980402452418513,2.565449655320121,-1.1827288907679283,102604200.78999999,31628.0
6,2009,3.2721457538965217,2.4937301248653183,2.562382301738035,-1.183340281234134,100611405.01519999,31416.0
6,2010,3.276527692822247,2.498792387588202,2.5694740768051894,-1.1855952218673156,99031686.4991,31266.0
6,2011,3.2711786949861574,2.503303928095284,2.565748519094604,-1.1806508136544676,97967879.9975,30629.0
6,2012,3.2731410293406067,2.505225720269398,2.562446158533865,-1.1780837882001987,101609599.4073,31186.0
6,2013,3.280637207958605,2.4929338815173416,2.549515046518106,-1.1813314273075466,104867214.8782,31992.0
6,2014,3.2745791514358875,2.48649657823754,2.5476279104136954,-1.1803554907793283,106414049.80870003,32320.0
6,2015,3.2799374615133927,2.493072093356455,2.5534811707870304,-1.1820711434285687,108271729.5942,31589.0
6,2016,3.2895438966146178,2.483868918493667,2.5461632349941734,-1.185408760847851,109365370.29749998,31184.0
6,2017,3.282999682738693,2.495864998754702,2.555678338410584,-1.1825492497362422,110115390.6963,30750.0
6,2018,3.2937104528480887,2.4922082687596774,2.5468321260142295,-1.1840786097763882,111882341.51339999,30123.0
6,2019,3.2865453688578663,2.4889362281065965,2.5448983741175955,-1.181432228005612,110526105.18180001,29004.0
6,2020,3.321805702217401,2.488375340906996,2.545404985128549,-1.1915547590342026,100043303.11309999,23099.0
6,2021,3.299787571359666,2.4823379254125184,2.542145724321805,-1.187297736522202,103164040.2612,24013.0
6,2022,3.306959096013233,2.4778970772036093,2.5499688658230975,-1.195208890581461,106614452.5563,23953.0
6,2023,3.3209781355660914,2.4736286190398413,2.544167929509956,-1.1980117750714294,107716223.58469999,23579.0
6,2024,3.3143847329475906,2.465836666081307,2.5341647504142393,-1.1951467660889694,108151201.3337,23653.0
6,2025,3.3323195984879947,2.452308557791781,2.520224242859592,-1.2007721070998432,101383179.1288,20124.0
6,2026,3.330993967764791,2.466249631171816,2.535001518635564,-1.2004970319368942,18668056.7883,3661.0
8,1977,3.2163843805449654,2.5043347142824044,2.616178393195828,-1.1795644595425558,4134080.51,3548.0
8,1978,3.1874483487371204,2.538119989371943,2.6812505093510404,-1.180527250707909,7501067.029999999,6787.0
8,1979,3.2392056567211,2.5184966845439463,2.6258992895691033,-1.1846073279555165,7912865.220000001,7003.0
8,1980,3.2719134993312506,2.5031295282320434,2.5893121775442216,-1.1873383284960946,8562675.77,7378.0
8,1981,3.2398557102522942,2.500653585881606,2.5668979278500226,-1.1713604548500112,8433086.459999999,7391.0
8,1982,3.23375301580193,2.498795830650187,2.5898125288738303,-1.1774458206591676,8538529.549999999,7478.0
8,1983,3.206516499599699,2.51797762906521,2.6129337424886354,-1.1736216132695687,9013352.39,7519.0
8,1984,3.242534431422878,2.5233956900434804,2.5876628948239198,-1.1714604867428584,9329673.53,6801.0
8,1985,3.2200382765961737,2.5219521364068487,2.5901784464247686,-1.1638622630054374,9652617.2,5181.0
8,1986,3.234754615240497,2.5096318380934037,2.6003427504904915,-1.178547924105188,9534821.15,4609.0
8,1987,3.2357604537095592,2.508448488748543,2.598111488366516,-1.178389548041384,9628455.03,4626.0
8,1988,3.2223560328673915,2.524757622886824,2.604958004773089,-1.168335330869238,9763181.489999998,4580.0
8,1989,3.24025114452251,2.5561698980733665,2.6040695490452896,-1.162553983214124,9299234.88,4383.0
8,1990,3.252412088438365,2.5393513245627948,2.60408109605629,-1.1734755711886136,10375698.18,5019.0
8,1991,3.2653929728593334,2.5331562680091944,2.6118120111239556,-1.1832841361777242,10218353.040000001,4872.0
8,1992,3.236249872261537,2.5455459238301694,2.6190619271935116,-1.17113806223895,10199838.27,4819.0
8,1993,3.233670327152296,2.516086572005394,2.5925790169085934,-1.1736379517127615,10695841.45,5084.0
8,1994,3.2274704155935763,2.5047380066959852,2.590479608852093,-1.174469347889259,11573553.8704,5281.0
8,1995,3.2534803529873533,2.5058014555187036,2.5876257480677007,-1.1841562809040034,11764536.743299998,5241.0
8,1996,3.219138654887406,2.528458822487629,2.615118359957475,-1.1734588106935395,11592601.1491,5067.0
8,1997,3.2283869543699355,2.530727667535573,2.6155115256423285,-1.1744990494421739,11907365.8129,5288.0
8,1998,3.2692817965082677,2.5228250143926463,2.6011069953297397,-1.1842204018599483,12515764.5786,5509.0
8,1999,3.276554687072064,2.498232361762841,2.5787870714861856,-1.1880026839292614,12305001.3655,5504.0
8,2000,3.2554377175897704,2.5057813046887922,2.5823102769825086,-1.1817203349581311,12460645.6748,5093.0
8,2001,3.2542884988638847,2.506219535181586,2.594952349689758,-1.1842477647066656,13079211.7355,7306.0
8,2002,3.2657480877727068,2.490366323417733,2.573557701057129,-1.1866196651617547,13360778.3127,8673.0
8,2003,3.274577374199618,2.5057397890211117,2.5676445758632327,-1.180129737541245,14076378.045699999,9096.0
8,2004,3.283192260561771,2.490434643158982,2.5556908511176424,-1.1854832878840378,14644805.334900001,9092.0
8,2005,3.266065917089145,2.49671960334409,2.5677168493597584,-1.1819295403672407,14925298.5183,9041.0
8,2006,3.273216725358899,2.5000946450150363,2.5674915801256026,-1.1826173460004619,14950839.2682,8972.0
8,2007,3.2904008396187243,2.506686745040222,2.575991914664579,-1.187568725052621,15763874.8618,9224.0
8,2008,3.2998309077979746,2.4919857287188725,2.568597294974198,-1.1925460014000506,15822701.650200002,8960.0
8,2009,3.2960054370701513,2.484540807545583,2.5435698172858707,-1.1862433657124576,15476694.185700001,8933.0
8,2010,3.3097109306882357,2.467147993881051,2.5312827789306005,-1.1919823850908897,15045407.1043,8664.0
8,2011,3.3164549210919794,2.477670370956442,2.5459901235657303,-1.197126373058347,15531755.556400001,8824.0
8,2012,3.314387322082638,2.4772661895091854,2.5495519221558642,-1.198445914463531,15387623.7815,8885.0
8,2013,3.303946841967478,2.480506143848343,2.5478726166068726,-1.190472173059052,15813851.4481,9054.0
8,2014,3.3190483817739858,2.467564624961175,2.538387541442256,-1.1963379441527644,16523814.9101,7942.0
8,2015,3.33149078659201,2.4850487129964867,2.5652525747026393,-1.2054485400568367,16055404.419200001,5445.0
8,2016,3.31533460026596,2.493002881948349,2.5787395020099413,-1.200840334546675,17091493.6236,4843.0
8,2017,3.335267744771735,2.451620212203982,2.502605447985785,-1.194097281026811,18052819.1165,5011.0
8,2018,3.354143614942203,2.4390393060189495,2.495845027065084,-1.2046874850488027,17804895.031099997,4801.0
8,2019,3.3451149345086506,2.4284381476968906,2.490822976480103,-1.2034940998097492,18264687.086499996,4611.0
8,2020,3.3606030900315536,2.45050431758762,2.5097211838952522,-1.206400102510504,17233850.7479,3996.0
8,2021,3.3683634810388474,2.436631781014164,2.4907381349572937,-1.205869320671657,18310477.7746,4318.0
8,2022,3.3891854737223666,2.433760329717881,2.4748898137376156,-1.206562864598929,18487049.3887,4339.0
8,2023,3.379410790038845,2.446670113786903,2.4939164905109097,-1.205361249774825,18886642.838999998,4018.0
8,2024,3.389836611975078,2.4304727640066055,2.4767400770644175,-1.2059567792889438,18217505.973,3804.0
8,2025,3.3675220168736564,2.4316413131128596,2.4945897836678954,-1.2056906791627622,16872242.085100003,3365.0
8,2026,3.3575691081067673,2.410391395675088,2.502640128042672,-1.2214332672187347,2966354.5376999998,563.0
9,1976,3.240982222479982,2.5349627378180775,2.6369005669067724,-1.183471521749567,8398814.889999999,5157.0
9,1977,3.256669984656922,2.526276566093537,2.627957160453629,-1.1883199751656233,8601123.100000001,5379.0
9,1978,3.2628334905616274,2.5363765965400784,2.6187505873988743,-1.1818598207800275,9250471.54,5504.0
9,1979,3.2603697591422924,2.537860914992067,2.6334445916038027,-1.1866934178158506,9420859.57,5676.0
9,1980,3.274648154192179,2.542209890336008,2.6080857901936727,-1.1801365176469685,9732878.66,6351.0
9,1981,3.250811816689712,2.556718069530432,2.606276156851063,-1.1675124022958374,9447486.530000001,5718.0
9,1982,3.2874485944855265,2.5285372025032458,2.582864492206181,-1.1797989750917481,9303188.55,5300.0
9,1983,3.258395678423304,2.5613443194852517,2.6027918534961154,-1.16971471081557,9564950.91,5378.0
9,1984,3.2629379989692353,2.553756871881869,2.6018842072913664,-1.1734656787106066,9784485.989999998,5489.0
9,1985,3.2606948253621217,2.5536381678586197,2.583259581100729,-1.1661846862754197,9989109.52,5536.0
9,1986,3.2488133295349493,2.546151732425156,2.578183898801947,-1.162629267370367,10237069.97,5356.0
9,1987,3.2363810662941903,2.570088484097763,2.599529411930098,-1.157382448454629,10347538.0,4855.0
9,1988,3.2541181144932256,2.54335546774894,2.5909885777998474,-1.168538549944543,10124904.04,4290.0
9,1989,3.289430963405785,2.526577283126406,2.5579708939622487,-1.1737270978436405,10532598.49,4414.0
9,1990,3.296446784615245,2.5177219156758404,2.5381916460354303,-1.1712467842113565,10738461.530000001,4548.0
9,1991,3.282152738341504,2.522309997760398,2.5438708167687616,-1.1670999759259364,11299191.429999998,4634.0
9,1992,3.258223451699878,2.519372144321071,2.533531988301004,-1.1565875490277149,10497214.23,4305.0
9,1993,3.2550680099592477,2.530157622751484,2.5607467012717735,-1.161392956370859,10868939.32,4377.0
9,1994,3.2659597533874942,2.5374344019199,2.5602087142867043,-1.1622433772073872,10778165.422399998,4239.0
9,1995,3.2782424959644425,2.503008536927519,2.5245312336022714,-1.1653970272326235,10605856.511,3907.0
9,1996,3.3032903468381716,2.4894891103115553,2.5400833596438024,-1.1835959828554676,10333225.966899998,3853.0
9,1997,3.2414289769144324,2.524273419090836,2.5597565193296687,-1.1611132046196406,10448682.5778,3982.0
9,1998,3.3012502104945125,2.509752692214222,2.5405243873220704,-1.178133761156507,10454532.632900001,4048.0
9,1999,3.3495306531681734,2.4918015178613158,2.5170648263115614,-1.189222282082872,10727302.6017,4165.0
9,2000,3.3147682325212964,2.5138253233651704,2.5655736768269555,-1.1887654910486254,11488379.2389,4293.0
9,2001,3.315189191771297,2.4911975267367787,2.543913378326435,-1.1899904467559628,10810522.3042,6432.0
9,2002,3.3168540400332893,2.485461666691983,2.533449188421922,-1.1911042123546098,11177694.1089,7952.0
9,2003,3.322079112105092,2.4911987669684206,2.513796562080255,-1.1818955980008206,11191895.592,8092.0
9,2004,3.3234557989672124,2.4854066742843375,2.5157113324554583,-1.1844761281780978,11219131.0288,8717.0
9,2005,3.3329017825075136,2.4779913151536843,2.5127940233668746,-1.1875048687786112,11203411.739599999,9522.0
9,2006,3.323221955185243,2.4763764709894893,2.5150530294350535,-1.1858228775596518,11260785.919900002,9625.0
9,2007,3.3373918659310426,2.475399522365884,2.5183428224017748,-1.1915664959679833,11700850.3933,9721.0
9,2008,3.349632720812248,2.4666194467894504,2.516724748758207,-1.1982476392774508,11453846.0629,9802.0
9,2009,3.3549647424589364,2.4663230523643667,2.496221066399578,-1.1937768489928435,11904833.4128,10461.0
9,2010,3.3574744494064768,2.4658240186592626,2.4878333475101773,-1.1906141201753497,11581667.8858,10252.0
9,2011,3.3585226866361793,2.463160517810764,2.4921306072074545,-1.1934290379783588,11473063.773699999,9820.0
9,2012,3.356642649882749,2.477672969288055,2.5040405023355325,-1.1915439744337857,11681161.2699,9631.0
9,2013,3.3514366582978954,2.4752987441372665,2.49457101291367,-1.187201839038883,11725439.435899999,9498.0
9,2014,3.352863684113972,2.473531729966613,2.5033684558940466,-1.1921510964815383,12216996.8593,8083.0
9,2015,3.3621885990424345,2.465423905438868,2.49139312087532,-1.1951552339428557,12090127.3052,5337.0
9,2016,3.362348020615394,2.4486632108882977,2.490016198337366,-1.2003391810032047,11819008.1935,4333.0
9,2017,3.326816847307528,2.450264988849039,2.4960342673517975,-1.1896585156751127,12327731.6891,4399.0
9,2018,3.367443440584911,2.434188871495405,2.4830098809733347,-1.2040884098995175,11955023.250599999,4067.0
9,2019,3.3831931934653054,2.4348581496220887,2.4771110749511527,-1.206491336461797,12020040.9697,4017.0
9,2020,3.3868405395414483,2.456817795695175,2.4939108392457543,-1.2064341148403606,11591028.6436,3538.0
9,2021,3.388709654873203,2.445662783810623,2.4739766307496076,-1.1992463361210952,11262153.885,3397.0
9,2022,3.392090088800721,2.453100023958065,2.4809067866414463,-1.201729395822818,11806416.448399998,3359.0
9,2023,3.390352630778478,2.4596834072798233,2.5089439284269948,-1.2100763993603796,11996701.386300001,3461.0
9,2024,3.403163605709226,2.4386101579890447,2.4769794311300863,-1.208199090078628,12123765.246100001,3610.0
9,2025,3.4072092100763376,2.433259448065878,2.4749555648223165,-1.2127008023113994,11324070.8714,3103.0
9,2026,3.366395213897842,2.4537223847239504,2.5096031026342644,-1.204525452337578,1993051.6234999998,512.0
10,1977,3.236358686759401,2.591820106374068,2.678863665964169,-1.1709657291503843,892629.0900000001,1642.0
10,1978,3.2775967052672543,2.578229718735008,2.646317805206128,-1.179365736438714,1842668.6700000002,3051.0
10,1979,3.262429288102857,2.5730480895087173,2.6415819009036143,-1.1741422133415922,1937014.98,3219.0
10,1980,3.2401650428706907,2.5948131370545493,2.6860306838209462,-1.1758720354170005,1952898.37,6376.0
10,1981,3.2671310338056383,2.5782646824122186,2.6652215039541702,-1.1834764273587601,2035345.09,5454.0
10,1982,3.2572689374728334,2.5949710487537176,2.6508612320704628,-1.1692723738307704,2058911.7599999998,4999.0
10,1983,3.215138772073865,2.598080405857971,2.681742884773986,-1.168783598387673,2018185.4699999997,4965.0
10,1984,3.2132619184599567,2.5866078553734364,2.6621454988539806,-1.1668423512053157,2142406.86,5385.0
10,1985,3.2193045323379796,2.6234271470934063,2.6661426515515454,-1.155684453778357,2178362.63,5429.0
10,1986,3.2081407169444542,2.638248444415778,2.6754787273792564,-1.1507770516200333,2300903.7600000002,5376.0
10,1987,3.2094204556511055,2.6269535263932093,2.6676815936654585,-1.1505465457483228,2407091.84,5445.0
10,1988,3.2304166618958083,2.5993942704862274,2.6410752696546242,-1.1591931285214159,2520204.1100000003,5717.0
10,1989,3.246185332179416,2.639353436707212,2.669603668921388,-1.1583076029286528,2584684.58,5473.0
10,1990,3.217378510893571,2.650418412386119,2.7060101450531646,-1.1580743671863387,2428389.31,4945.0
10,1991,3.2473346887211516,2.6178619322157135,2.660639667764944,-1.1638394255765638,2397807.67,4485.0
10,1992,3.2540069448406386,2.5691533454385875,2.5818265311323016,-1.1530318762322445,2573443.1799999997,4453.0
10,1993,3.2449272353403678,2.5815350216958457,2.6239306114953553,-1.1586923760134624,2573149.57,4358.0
10,1994,3.253669769429192,2.581931941845625,2.6347444744143607,-1.1656677883113573,2576666.4154,4289.0
10,1995,3.265547855554379,2.5676024676020703,2.6039508973506726,-1.167250128578043,2686482.8255000003,4401.0
10,1996,3.2872520005183756,2.551254931726756,2.5889434090854344,-1.1743996912184245,2643772.8052,4453.0
10,1997,3.2726427050588587,2.5719546582184356,2.591410580948287,-1.1615269099304444,2680797.9861,4388.0
10,1998,3.282304808895113,2.5700693907572094,2.6069294834298273,-1.1708208836346043,2780530.4927000003,4687.0
10,1999,3.261934662059167,2.5640826067500795,2.600586293744114,-1.1670709427307402,2658707.5229,4441.0
10,2000,3.296381735756285,2.5538093596249043,2.5861876397436627,-1.1763882872015892,2780004.0123,4480.0
10,2001,3.311601690817189,2.5582447849087404,2.599462114925906,-1.1829103016719116,2830517.7169000003,5722.0
10,2002,3.2920108680916056,2.5487155992300803,2.5786365799572017,-1.1717121495276215,2800815.813,6321.0
10,2003,3.2704574773940327,2.55933660415477,2.5578895660744614,-1.1523413775052787,2840580.5152,6289.0
10,2004,3.269226989194902,2.5618059657307453,2.5896890458924853,-1.1622694801318068,2862834.3487,6528.0
10,2005,3.285557996254263,2.548150105241986,2.590711218900234,-1.1769559610957432,3032025.6237000003,7344.0
10,2006,3.2821069089928048,2.563007657924496,2.5924483377553997,-1.1700154137663792,3027598.5443,7517.0
10,2007,3.2715328148128044,2.544673440810863,2.578535004674948,-1.1694117419527847,3074143.4744999995,7485.0
10,2008,3.2819504607680265,2.532445049731149,2.585830437307814,-1.1785025624943017,3023220.1026,7072.0
10,2009,3.278685089419459,2.5408065989333957,2.5813095169556655,-1.1723596601585302,2888814.5842000004,6875.0
10,2010,3.280413953800215,2.553877289283195,2.58460723314112,-1.169487378913159,2892544.6108,6880.0
10,2011,3.284139679448811,2.5509824276822033,2.5915347595051834,-1.173785833423404,2956531.7168,7045.0
10,2012,3.283844209480862,2.5352998277643404,2.5662554596223783,-1.1704131634771424,2981539.4317999994,6761.0
10,2013,3.30428237316895,2.5288944751348406,2.544781391070847,-1.1726193865462222,2976320.6743,6769.0
10,2014,3.299801611529883,2.5202050215958445,2.5576758471742695,-1.1778356702499022,3122155.7479999997,6462.0
10,2015,3.3149915908384973,2.5253495180218324,2.5564276968916735,-1.1789864251694806,3215040.7271,5242.0
10,2016,3.294782338557161,2.5199026777696667,2.5637327228145685,-1.177374213199371,3235826.6986999996,4899.0
10,2017,3.310377667255341,2.5488586599697283,2.5782217329031565,-1.1755858214150898,3193311.4541,4544.0
10,2018,3.3120785815683136,2.5236024222750095,2.5754060590784595,-1.1876811909783733,3365724.5803,4756.0
10,2019,3.3094568403220954,2.5143424657362514,2.5828746055223775,-1.193210320799457,3497710.4002,4370.0
10,2020,3.329637522338842,2.525354885911806,2.579242664619157,-1.1933767275276368,3199994.0299,3598.0
10,2021,3.300991763130224,2.5799656609866486,2.617214916098312,-1.1787192073106114,3211436.1644,3813.0
10,2022,3.3284396442308433,2.5427391630482954,2.5784270281270247,-1.1856811963752631,3186119.0438,3487.0
10,2023,3.33165158760432,2.5247910182061846,2.590883580146135,-1.199247144006395,3470341.0069999998,3716.0
10,2024,3.354486337053036,2.4879182942724727,2.5705824442604883,-1.2123549474976834,3462448.9477,3651.0
10,2025,3.348141039758403,2.4932287040266266,2.527213745546836,-1.1942205804069168,3292467.4924999997,3397.0
10,2026,3.4080329403985203,2.5034092780254307,2.5408566687331775,-1.2118002363366571,570905.7318,530.0
11,1976,3.2908025676927175,2.5448266843283114,2.5115992256887836,-1.138767722490168,2332779.5,1300.0
11,1977,3.2912333075339157,2.56650559139305,2.5399714791245236,-1.1418120561100793,2161245.4699999997,1862.0
11,1978,3.30061929762347,2.557827981468889,2.515525163003185,-1.1400213208172678,2415975.5999999996,2606.0
11,1979,3.3192453103753947,2.550811683934269,2.526546170328159,-1.151822727468176,2337200.16,2623.0
11,1980,3.3300117451207965,2.5160722788725622,2.45798845203868,-1.1413001522606099,2319506.9499999997,6472.0
11,1981,3.3488259004594854,2.504460764066949,2.468544720531107,-1.154561614017353,2055909.3,4785.0
11,1982,3.332507587939848,2.5215674057208846,2.475341517704915,-1.1455157327998025,2098182.9000000004,4358.0
11,1983,3.307388200769578,2.523301201325035,2.490304588694248,-1.146227869234346,2101352.84,4457.0
11,1984,3.315783011477383,2.506230166910675,2.4787222360846846,-1.1499174279463176,2088229.88,4637.0
11,1985,3.319832051251561,2.5133334315046367,2.4806759144421062,-1.148397387045086,2083921.9300000002,4930.0
11,1986,3.325825483015179,2.505749381454953,2.4645889995037074,-1.1476804437732442,2079499.9699999997,4800.0
11,1987,3.337443174732359,2.4945771551905622,2.4407018027388765,-1.1470299105344326,2239824.31,4931.0
11,1988,3.349156784603619,2.4886479847217866,2.444172040602279,-1.1528781824477286,2201651.44,4939.0
11,1989,3.367438052118979,2.4907615372524035,2.438933396659751,-1.1555500800773182,2035358.95,4253.0
11,1990,3.3386642469577654,2.491251484139386,2.46631921717612,-1.1583409997395904,2051712.0400000003,4143.0
11,1991,3.338801454055525,2.473624707269531,2.432370310662547,-1.1518859202625384,1957023.5600000003,3818.0
11,1992,3.3759341201463333,2.4378061624156633,2.3997576487610224,-1.1630819258343323,2031224.9700000002,3866.0
11,1993,3.3937764344705506,2.45771434946782,2.4004661287293523,-1.161502939160815,2048419.91,3859.0
11,1994,3.4077590156900355,2.4297950230941985,2.3909282971453414,-1.1723019877794676,1962546.5820999998,3978.0
11,1995,3.408738951325223,2.4308282696216397,2.3805256309253426,-1.1722719132937174,1854984.891,4120.0
11,1996,3.405077305744858,2.4430072885706395,2.4195513892134066,-1.180567752201048,1697358.2229,3696.0
11,1997,3.3981192034397787,2.4304469782860854,2.4152471571766276,-1.1819247008269003,1671286.088,3488.0
11,1998,3.3982500936587012,2.4287569389907517,2.3929830425250116,-1.1734478862202984,1614549.126,3480.0
11,1999,3.4089717010616334,2.4241310488261907,2.4111397537302186,-1.185014010604419,1730892.6330000001,3645.0
11,2000,3.4196332641580676,2.4328083365402384,2.4467449048715033,-1.197141158338762,1884916.8637,3775.0
11,2001,3.440746758610249,2.415606582833398,2.413674216332007,-1.197809427653973,1775226.1139,4234.0
11,2002,3.4269739651886213,2.401483946305104,2.3637697497381858,-1.178814320418733,1861094.3361999998,4416.0
11,2003,3.459550151604608,2.394346296708645,2.3343584561290567,-1.1826335189536947,1886288.5406000002,4246.0
11,2004,3.463631524759349,2.3818816870984993,2.3032614864475507,-1.1751281057824359,1803833.3721,4509.0
11,2005,3.4728270983269423,2.351371148003959,2.3168618954423597,-1.1956225343701252,1831150.451,5342.0
11,2006,3.4667941713797763,2.362028977229273,2.3033180736037364,-1.1827221511333506,1742962.1797000002,5409.0
11,2007,3.469077642304169,2.3521685739004514,2.308961469853475,-1.1906365723351813,1920670.4287999999,5669.0
11,2008,3.4468021024678954,2.374181114389137,2.3272892921221295,-1.181679891420252,1994074.7952,5788.0
11,2009,3.4808593056979316,2.3306030352989526,2.276767176209708,-1.1903714833440344,2002593.9182999996,5808.0
11,2010,3.518808657138693,2.3049350001073847,2.2517244042585336,-1.1999353978377163,2039329.1456,5846.0
11,2011,3.510971388297689,2.305995491533139,2.242089586692024,-1.1946122404960826,2040191.5405000001,5983.0
11,2012,3.4967088919711276,2.3136274985756464,2.2652234580054498,-1.1956375928080827,2222019.1413000003,6262.0
11,2013,3.511287752007874,2.323924556224344,2.2711824307299717,-1.196795087312265,2320421.4348,6478.0
11,2014,3.54984061711706,2.291473193167687,2.240953741535832,-1.2084637052530434,2318404.1063,6697.0
11,2015,3.5332258654292255,2.312710637192181,2.2538927936678284,-1.2005222510087163,2398097.7715,7336.0
11,2016,3.550530889655212,2.305343130176455,2.256435778840024,-1.2095457974950254,2382688.4339,7488.0
11,2017,3.5498128221982754,2.3098224166516217,2.269833719465512,-1.2138700072819968,2372188.4562,7162.0
11,2018,3.559213613456411,2.296241327553221,2.2540337132418915,-1.213797468730966,2382524.9244,6557.0
11,2019,3.589105851407509,2.2822859922628984,2.2413198322655408,-1.2243395584802081,2548087.2887,6120.0
11,2020,3.653865153081072,2.2591483659601512,2.176869646322726,-1.2252254989085758,2411146.1523,5437.0
11,2021,3.63690967809411,2.2542803147080934,2.1879477649318293,-1.2299249745947975,2429311.0378,5388.0
11,2022,3.631961254167498,2.2477793524454084,2.1883405385666204,-1.23032455918234,2203756.9495,5186.0
11,2023,3.6575746435626213,2.2490421095583017,2.194418581148432,-1.2393272028984859,2395770.4885,4862.0
11,2024,3.6451628013833313,2.2554630141330994,2.1899279112916576,-1.2305202518516658,2490846.5114,5261.0
11,2025,3.6325218533999672,2.2604200305508693,2.1828864850527743,-1.222781499101319,2330485.5200000005,4713.0
11,2026,3.602703950765605,2.2355637304998264,2.200443391033531,-1.2342870487897635,416189.7024,828.0
12,1976,3.1898913212611437,2.56248504528842,2.710608528377584,-1.1805236415554514,19665112.3,11769.0
12,1977,3.2039256979626187,2.5582449431620513,2.686158982536746,-1.1775266117570158,19852109.78,11865.0
12,1978,3.1903540686266942,2.5704548925639523,2.686753639658746,-1.1697635552418744,22247606.93,12311.0
12,1979,3.2050706308629513,2.5586586365239876,2.690130366613964,-1.1801381451212671,22578133.17,12497.0
12,1980,3.188253840357998,2.558419029166348,2.6847736559180433,-1.173725645279414,23839906.860000003,13145.0
12,1981,3.202044805752199,2.5464559239697966,2.6668498879278713,-1.175765783670439,24811933.21,13300.0
12,1982,3.2113255031207713,2.5572629306363495,2.670664384606718,-1.1770915941052325,27790535.07,13475.0
12,1983,3.161693813199839,2.57895587296521,2.686863476305949,-1.1630818645338659,28474760.259999998,13634.0
12,1984,3.184061703133763,2.5703310238223986,2.67141021608723,-1.167366497045788,29821382.75,14157.0
12,1985,3.1790916938631355,2.5611871858352653,2.6831590372775094,-1.172148677053143,30580458.939999998,17012.0
12,1986,3.1860021248218224,2.551980789345626,2.6538812047239944,-1.1687348390511654,32541801.869999997,18073.0
12,1987,3.196031888314807,2.5533611301094776,2.6374060680193483,-1.1641186236529935,34035119.43,19135.0
12,1988,3.210418792504496,2.5547860377032277,2.639969376015464,-1.168838830482521,34920316.08,19399.0
12,1989,3.2171303665882025,2.551724202238007,2.642938432733032,-1.172701676197691,36896349.510000005,20169.0
12,1990,3.201934108828758,2.5583745388496504,2.6458486196986613,-1.1666893004060723,38569772.7,20252.0
12,1991,3.2028926793958523,2.543903484509029,2.65346338380787,-1.1754910500671931,38585589.760000005,19072.0
12,1992,3.2015598865852968,2.551102074464716,2.6505635424810303,-1.171067020789987,38350680.14,17924.0
12,1993,3.2029304748107723,2.539348137322907,2.6302838838661353,-1.1689298653869356,39535083.8,17845.0
12,1994,3.2240754263451796,2.537175924303054,2.6081715009675928,-1.1681074322930616,40798286.489999995,17553.0
12,1995,3.2348095682891347,2.5345373596725103,2.602426221476998,-1.1708080791579119,41471068.53660001,16414.0
12,1996,3.222033899470681,2.5285775876064847,2.6130235499320897,-1.1733894455536775,40586490.2369,15743.0
12,1997,3.225216172536137,2.5236247675280934,2.6109174814322915,-1.1749107070027758,41967823.6417,16061.0
12,1998,3.2296210862128345,2.537987737130896,2.6237195939506965,-1.1768225650468216,43088252.80749999,16576.0
12,1999,3.213620287410563,2.526042055637712,2.610785461935722,-1.1723187615373687,43609206.1405,16785.0
12,2000,3.2218483395372672,2.5112050497002523,2.6051377885618745,-1.1783715792064613,46194642.2583,17040.0
12,2001,3.227608436489948,2.511012545971084,2.605984358135126,-1.1797780382353062,45420681.5975,16408.0
12,2002,3.248139189280337,2.5104619480918813,2.590128763469129,-1.180295975547483,46344488.576000005,16378.0
12,2003,3.2613327908143477,2.52480500951311,2.597361866331589,-1.179763350304506,47715841.336600006,16953.0
12,2004,3.257671264925746,2.5165190744378694,2.5800544248952195,-1.1763238402412037,51267489.082,16853.0
12,2005,3.2581126165455596,2.517749066074473,2.586373642605605,-1.1791909307381083,52316955.7976,16970.0
12,2006,3.275547989040639,2.512946454858949,2.5748102581488643,-1.1822316665385724,55530787.92,17608.0
12,2007,3.2710866907501637,2.5089907594716667,2.5728098387914247,-1.180749785706108,55272688.9406,16686.0
12,2008,3.263893430131866,2.510297788345626,2.577781657537557,-1.1797099540481752,54985612.9622,15866.0
12,2009,3.278656045542219,2.5118078780058775,2.5707971592837517,-1.1807675845119354,52952277.9685,15257.0
12,2010,3.2807090437694315,2.5013403150295166,2.577125366326025,-1.1885191357389775,52579874.7719,15015.0
12,2011,3.2818180426884433,2.4890626346658142,2.5576108548229484,-1.1871862163924924,55237274.446600005,15244.0
12,2012,3.2781900479851904,2.4984018454759322,2.569678932775639,-1.185480151214631,57139547.5855,15406.0
12,2013,3.2765272200706885,2.506216001566174,2.5781288560391213,-1.1858757075992292,57625683.0378,15457.0
12,2014,3.279324534349876,2.496049373998977,2.5532353851201512,-1.1812109280369254,59496486.974999994,15989.0
12,2015,3.2818473920284132,2.497202746916436,2.5607202626809005,-1.1840994056990655,59987895.854,16526.0
12,2016,3.2702494352226927,2.5005113952415843,2.561387335866383,-1.179900612310638,60509688.5072,16528.0
12,2017,3.2588029202628133,2.504686077140581,2.5646229160544354,-1.175530233692143,61704283.72049999,16308.0
12,2018,3.2826262625952625,2.49417829995301,2.566726433497977,-1.1874603406329742,63360170.738800004,15900.0
12,2019,3.2874135358065035,2.5059360061019293,2.5811859086368796,-1.1888395827387979,64269178.6152,15769.0
12,2020,3.32194477331838,2.5033886300786143,2.5615398910001526,-1.1950160531621088,58386524.758,12339.0
12,2021,3.3016647701559023,2.5040957094284235,2.566759032998508,-1.1893039246689472,62246534.3619,13923.0
12,2022,3.3003267313928175,2.4930218280840175,2.5593521368749,-1.1894422490442738,64509963.41,13895.0
12,2023,3.3125863217673626,2.492758459653981,2.551647963818969,-1.1904144458969281,66766924.064500004,13503.0
12,2024,3.320592164353058,2.4903335715933674,2.5389919416178586,-1.1894408106801893,64386288.3429,12632.0
12,2025,3.3006342411585834,2.492697257903693,2.5675535866286014,-1.192524071954632,59095968.1646,10541.0
12,2026,3.2860944077196734,2.503599950575003,2.5531891816282353,-1.1781850065833757,11278755.0622,1979.0
13,1976,3.1689637598570197,2.6515996262681343,2.795216842363922,-1.171686713853913,14859504.91,9032.0
13,1977,3.169259155911719,2.6564463362394606,2.8077352283746446,-1.1750599240779227,15159035.040000001,9291.0
13,1978,3.1586436761006373,2.651856713397719,2.777672594243617,-1.163025097493721,14619971.97,9053.0
13,1979,3.185335764060858,2.6329853143645243,2.7671556721902726,-1.173189567516784,14770551.540000001,8875.0
13,1980,3.180798069862385,2.629235813541816,2.7657675993017152,-1.1731791316531175,15487520.36,9383.0
13,1981,3.1809736051901436,2.6289773559425553,2.74360795487812,-1.1651558330963163,15695681.179999998,9168.0
13,1982,3.1764143216459733,2.6134562644804045,2.7383280472407434,-1.1665409264220716,16657608.600000001,8926.0
13,1983,3.1412542936241103,2.653283079698535,2.7899934372049184,-1.1619945557291889,16480728.11,8642.0
13,1984,3.1312598372899547,2.6658931166207616,2.796038853315736,-1.157174920232652,17236187.07,8127.0
13,1985,3.1514085897540243,2.664782614126239,2.787357183798063,-1.1617707062981923,17310889.330000002,6125.0
13,1986,3.1387128814993237,2.6516458217197707,2.7686710194868427,-1.1530909124362425,18157697.4,5405.0
13,1987,3.1538974590530064,2.6453152955045747,2.769149161354445,-1.1595085700437435,19280293.33,5512.0
13,1988,3.1720346057411613,2.626726365698649,2.7420463367555583,-1.1649355161848547,19691503.66,5585.0
13,1989,3.1909313192604056,2.6244711827945015,2.743476664865425,-1.172466564586746,20001267.73,5341.0
13,1990,3.1945861544963754,2.619909472399435,2.723110923190992,-1.1683583822507337,20732407.369999997,5077.0
13,1991,3.182307732541497,2.6232755835003005,2.716695923481574,-1.1613263405940695,21045856.679999996,5050.0
13,1992,3.1825197988800498,2.6414893063569553,2.7319109876879994,-1.1616976809318527,20305693.34,4934.0
13,1993,3.209963574182471,2.6124474601720795,2.681929844101208,-1.1614625589126226,21312976.43,4957.0
13,1994,3.1936231085298816,2.618993669713885,2.6936355704946426,-1.1584640032623006,22215804.5489,6291.0
13,1995,3.1811159487668443,2.6343439661048684,2.7183264156299733,-1.1603462656254104,22074068.1347,9506.0
13,1996,3.2235530439157114,2.6014248209261357,2.6756126655341386,-1.1699325990498428,22641648.7725,6430.0
13,1997,3.22142260913001,2.5959817881992455,2.6701103409252416,-1.166994497564866,23673563.998400003,6674.0
13,1998,3.214547094796409,2.606838114051223,2.700789240829736,-1.1724567810147895,24060067.9137,6639.0
13,1999,3.2088952436433402,2.606293793844117,2.6837982568159258,-1.1653263308582404,23968582.397,6361.0
13,2000,3.2016579771160343,2.5974463714408587,2.7111444837500387,-1.1765239578276274,23803780.237099998,5854.0
13,2001,3.227695635566088,2.5976937290300737,2.677090143595237,-1.1711102788082748,24241470.227800004,5627.0
13,2002,3.2537240917502324,2.575324757313769,2.6751965783273057,-1.1883764125381286,25697747.7089,6092.0
13,2003,3.247052699455103,2.56753361568305,2.6456581231831526,-1.1766739444841983,26882076.997300003,6170.0
13,2004,3.2652869435179968,2.5716552312651313,2.6371422981831403,-1.178645275593512,26703709.972000003,6680.0
13,2005,3.249792096156924,2.5682368604562353,2.641204662918145,-1.1770868159714156,26967942.9207,8242.0
13,2006,3.2522133717755195,2.5574695507845036,2.6394956310562403,-1.1801411584614805,28448660.0098,9002.0
13,2007,3.2547663531153463,2.556733242460159,2.6295618458606635,-1.1784152529256535,29635354.171,9051.0
13,2008,3.2782862385157614,2.518258607741226,2.576450496341122,-1.1810423528160345,29244445.9683,8518.0
13,2009,3.276428184521153,2.515945088229931,2.5968350739016652,-1.1871515741926886,27886390.8208,8121.0
13,2010,3.265160541707568,2.524166636669295,2.610598743603307,-1.1853980194578007,28245826.6007,8433.0
13,2011,3.257426084726404,2.5213279681361085,2.607048396702665,-1.1834876070634046,28112661.142799996,8061.0
13,2012,3.2621300849713037,2.536391564955771,2.6176387662149296,-1.1823833804502368,28349577.7696,7980.0
13,2013,3.264699109064157,2.543095250220099,2.62251164183316,-1.1839728025902865,28520878.573,8213.0
13,2014,3.2552131561021995,2.5545055748916696,2.6255408417747694,-1.1777123009988035,28826399.2273,8298.0
13,2015,3.266023684764402,2.5559821460758005,2.625296253698679,-1.1812081524398224,28729595.9547,8240.0
13,2016,3.2752469652501683,2.538209484337735,2.5988580125073817,-1.180612401987287,29798623.3742,8229.0
13,2017,3.282404565761439,2.530002242507226,2.6013905952348573,-1.1868994628413856,31162945.2411,8638.0
13,2018,3.298919134964126,2.5414636370517254,2.6159465747606148,-1.1918358836359344,31339393.9262,8478.0
13,2019,3.2902168051571197,2.5180521975063135,2.5875669928475977,-1.1878613781203964,31094157.8263,7962.0
13,2020,3.321731061306907,2.52544179679362,2.5811665812195863,-1.1937449704639955,29719396.348800004,6513.0
13,2021,3.30676521398993,2.521829936933668,2.5831932380300677,-1.1904201535660914,30729676.815,6790.0
13,2022,3.3332764518974694,2.5128660129090465,2.5712870299624133,-1.195699296556045,31200554.2789,6164.0
13,2023,3.330339971456661,2.518841281889981,2.588080800803399,-1.2012507139309678,31703665.498900004,6089.0
13,2024,3.3155290614116453,2.5028793075099607,2.568620626223037,-1.1937928407856606,32406069.6595,6107.0
13,2025,3.3260608183071967,2.485790696152875,2.553375575179951,-1.1967585871185618,30048470.2379,5643.0
13,2026,3.3290824415594775,2.4715271596093804,2.5519038886832908,-1.2043236537945659,5546100.6906,957.0
15,1976,3.1544702227459225,2.5444528025139608,2.655677554820154,-1.1585793529997943,2153698.5300000003,1246.0
15,1977,3.1681492249167085,2.53044747199985,2.6460120973428407,-1.164463029960069,2352624.27,2373.0
15,1978,3.171008928117086,2.544435516312182,2.6818885292743215,-1.169487291355393,2524140.5700000003,3567.0
15,1979,3.169035364299793,2.537197669510153,2.6685783393514253,-1.162568405587213,2425043.44,3497.0
15,1980,3.21914768464235,2.5255496251580163,2.6517876532709086,-1.1801200042283795,2976210.25,5725.0
15,1981,3.216293447913689,2.5262431680917503,2.6336163940850805,-1.173414400548955,3090327.57,5483.0
15,1982,3.2382069302326926,2.5197316722391627,2.593606541238822,-1.1684822016425471,2966620.51,5268.0
15,1983,3.179526556329755,2.558488006370389,2.659858637874155,-1.1647351913147548,2843070.58,5029.0
15,1984,3.157071437050195,2.553239120692158,2.6733148616684828,-1.1625977222045403,2911676.73,4801.0
15,1985,3.1811918359959215,2.5381000865825016,2.613694642440275,-1.1544117570952568,2994349.2,4485.0
15,1986,3.1938231396321215,2.541826731354528,2.6233828168719113,-1.1603048829667792,3108991.6,4515.0
15,1987,3.1770598596957127,2.5504686152945024,2.6501254635915337,-1.160068283164379,3185258.75,4630.0
15,1988,3.2337807493221162,2.5144252304357284,2.609452368132534,-1.178819381286901,3227209.39,4540.0
15,1989,3.2345416479065983,2.505232485422402,2.596196954647122,-1.1772268092443663,3206497.3200000003,4380.0
15,1990,3.2221997819835555,2.522224821247215,2.6064020895773274,-1.1713389777373544,3419536.2399999993,4494.0
15,1991,3.2688598335939223,2.5133042324544603,2.6027305454124523,-1.1875976660154663,3565906.23,4542.0
15,1992,3.2096121759563467,2.539610286569092,2.604472845003444,-1.1606471452554856,3601438.37,4426.0
15,1993,3.22576121351197,2.528468303454896,2.5887205181880537,-1.165722603743077,3485991.87,4065.0
15,1994,3.2227517622139015,2.501092566349756,2.559572833685729,-1.163661776986229,3520745.3011000007,4008.0
15,1995,3.205056153008614,2.527307801108439,2.5803794747965534,-1.1560137342542847,3508034.4935,3950.0
15,1996,3.176818700369717,2.5392690508572255,2.610967952222168,-1.1543611817562596,3456522.4655999998,3786.0
15,1997,3.172794375723844,2.5305595130621112,2.5994786241929035,-1.1522772573577487,3605120.4126,3818.0
15,1998,3.1820447483754286,2.5353203092028953,2.596078954878325,-1.1519762410004952,3614194.5137,3700.0
15,1999,3.2047926655668366,2.506081556882655,2.575536643575955,-1.1632094999895177,3830770.1322,3943.0
15,2000,3.162861041678322,2.5193039309130816,2.5633681855261554,-1.141269768120537,3798294.8348000003,4031.0
15,2001,3.1789857899494116,2.524215069523956,2.6003177680839498,-1.1568058754939312,3624553.7083,5145.0
15,2002,3.240401860807866,2.492964449162322,2.570822705665536,-1.175296745909343,3540780.0799000002,5378.0
15,2003,3.224544997356812,2.5354228657660127,2.604782927405431,-1.1653146044997775,3582895.4303,5315.0
15,2004,3.2100876881308733,2.514449452721968,2.6067456134781724,-1.1732321837123136,4001060.4087,6053.0
15,2005,3.241794727824116,2.4943656927168587,2.5776630500640123,-1.1814373797099968,4053191.9236999997,6607.0
15,2006,3.246309814341327,2.486053634238159,2.5611862313813027,-1.1772735566693975,4179412.3281,6647.0
15,2007,3.237699843879154,2.4979509246817124,2.5696302338590575,-1.1727721978095214,3997810.3548,6483.0
15,2008,3.2098220385811187,2.514026049007288,2.582670493989595,-1.1634899485450887,4122978.1015999997,6606.0
15,2009,3.2111725585526485,2.5010058323609794,2.5810475266606705,-1.1673455823875598,3872950.1798,6298.0
15,2010,3.2226817113306843,2.5072907244934513,2.5732006889156605,-1.1692845313335876,3886149.7221,6435.0
15,2011,3.2187997762005,2.512225833650018,2.580394137377081,-1.166803063975944,3785128.2246000003,6193.0
15,2012,3.2380892111720083,2.4964399481523047,2.5735964935498403,-1.1759686908874876,3795998.4909,5932.0
15,2013,3.240017273657872,2.4850427183538235,2.571734863165365,-1.1793963514329866,4135333.3477,6362.0
15,2014,3.2349539837641776,2.5069623130953937,2.6048530857489234,-1.181571304750705,4267903.799799999,6356.0
15,2015,3.2281189901059864,2.5010205767813947,2.5771826123991897,-1.1714996459590352,4255377.2673,6171.0
15,2016,3.2128652275259233,2.4922650315275057,2.593433314277061,-1.1740930730186994,4384904.2476,6075.0
15,2017,3.2549836466936566,2.473479762290222,2.549809969936863,-1.1816414420630343,4357256.744,5907.0
15,2018,3.2757705830845936,2.458050192211608,2.5388612548320624,-1.1877650454845,4389894.2626,5628.0
15,2019,3.251417877644219,2.4787337082495116,2.5762116115862126,-1.1854970276407777,4289852.8777,5191.0
15,2020,3.2986253265225556,2.4836902603646935,2.5778608845217588,-1.1981427720556121,3968234.3998999996,4352.0
15,2021,3.2755379346424784,2.488561912584066,2.552363273075352,-1.1816577865919207,3866752.749,4317.0
15,2022,3.298545859571512,2.478712861644362,2.531351128159624,-1.1859592532839214,4205962.560699999,4583.0
15,2023,3.27095948248724,2.495057417215487,2.5606134058395664,-1.1819005846719153,4342234.7515,4701.0
15,2024,3.291470338041598,2.4606343533278587,2.547307232253034,-1.1947316254551974,4323022.8865,4616.0
15,2025,3.2856960009890863,2.4699032593415713,2.5540233308163796,-1.191563022270451,3984565.8765000002,4071.0
15,2026,3.2513268658606274,2.459820884076398,2.5611762744300326,-1.1893367522038423,751294.7727999999,728.0
16,1977,3.1762482117828137,2.557865102138714,2.7104589839117783,-1.1818511856088145,1076367.76,2199.0
16,1978,3.1819231761960216,2.548805219500021,2.715279025038395,-1.187217640939879,2281137.84,4446.0
16,1979,3.1775850324494526,2.559992835598264,2.7187660107281433,-1.1813426876925524,2357404.45,4447.0
16,1980,3.1885736044578703,2.5431605887955175,2.684465360914443,-1.1800204933088023,2283012.58,6026.0
16,1981,3.2021853596977095,2.5367791824575368,2.6772843000110234,-1.1868464905250582,2390074.16,4994.0
16,1982,3.1969795274465977,2.543026447860848,2.6820862079247703,-1.1847388507557461,2452228.8499999996,4810.0
16,1983,3.1686687322478866,2.567635395455466,2.6829153663893304,-1.1677823094149713,2498513.9000000004,5065.0
16,1984,3.17205945836675,2.5488308151208723,2.685736585796431,-1.1770253763690643,2558101.2800000003,5060.0
16,1985,3.1685172925020897,2.559508648450301,2.6950892206861825,-1.1766982059689264,2687150.55,5344.0
16,1986,3.1424185963444597,2.5666448305999867,2.6910371936734574,-1.1630544540808254,2677840.44,5133.0
16,1987,3.1426973388547226,2.5987560062135064,2.7506980967334673,-1.1716224968848923,2617967.5100000002,5109.0
16,1988,3.1651693178913582,2.603612713168677,2.735009158662431,-1.1724428154441209,2793930.67,5353.0
16,1989,3.19014935989116,2.5723697125774874,2.694374736111044,-1.1757915943640649,2755890.25,5268.0
16,1990,3.1810966108074687,2.58544446847085,2.689027171816218,-1.16487680507077,2748170.7399999998,5355.0
16,1991,3.1808728316476733,2.591178501002286,2.698469958043346,-1.1668962452975657,2919387.96,5282.0
16,1992,3.184349431610479,2.5964923141317517,2.6851948738882396,-1.1623854701200251,2948080.4,4996.0
16,1993,3.2049337924077106,2.5954384422167305,2.6801380031572255,-1.1687300359204285,3020111.92,5149.0
16,1994,3.2025320886925606,2.5550806839904396,2.667961096029767,-1.178752626841745,3359136.3736,5599.0
16,1995,3.2144940856956534,2.554658332038937,2.6825947793221787,-1.1878206290383546,3484530.2937,5277.0
16,1996,3.1994570401949516,2.563254370319021,2.697626639484796,-1.1854742150310167,3527810.0884,5251.0
16,1997,3.1938537921457666,2.5624616587206113,2.6911242515531906,-1.181381953349236,3619754.63,5386.0
16,1998,3.1867271524305836,2.574162797687863,2.70073817397304,-1.1794496012696922,3648707.0096000005,5389.0
16,1999,3.1888170623583747,2.569426801416967,2.7108574590799503,-1.1841360259141607,3609816.9941,5284.0
16,2000,3.1938169953384583,2.541864028078264,2.6798373180310144,-1.1847047657984273,3584293.5101000005,5215.0
16,2001,3.196776822262808,2.5389578468783593,2.659107095268369,-1.1801662322639335,3814052.659,5432.0
16,2002,3.2081345971494986,2.5336621079830595,2.6540370016369206,-1.1820677031612665,3845352.3895,5430.0
16,2003,3.193508346696249,2.5436586990144425,2.6594727837180434,-1.1751877352965852,4020247.6068,5377.0
16,2004,3.218972279462639,2.5431071535473877,2.6412831668868333,-1.1772308342850195,4168786.2342,5006.0
16,2005,3.2357573815838347,2.5188516626338915,2.621700001223367,-1.185067237101711,4367861.294,5045.0
16,2006,3.254647528474271,2.5210754690656834,2.605659827875582,-1.1833323641972087,4403027.4186,4851.0
16,2007,3.240865643173323,2.5323012968549747,2.6372676879053984,-1.184730698638929,4521681.8284,4838.0
16,2008,3.226435139052218,2.5310933251379764,2.6503391552210362,-1.1878969600690767,4568466.9065000005,4638.0
16,2009,3.2209394275148395,2.5288792840554883,2.6431541337477817,-1.1843624896006448,4507400.6555,4521.0
16,2010,3.229212367934806,2.5417900249230363,2.6397477150655724,-1.1834943636808999,4403078.179900001,4313.0
16,2011,3.2609384055236066,2.5327441696918744,2.626394136401151,-1.192807124747234,4363979.0548,4305.0
16,2012,3.2647149807532054,2.544548935724636,2.6404603313699964,-1.1921126666343584,4577883.3274,4369.0
16,2013,3.254010803068069,2.53750982437588,2.637694203804583,-1.187044908956944,4675347.0692,4292.0
16,2014,3.2723043467402815,2.5208017892283605,2.5918305371981996,-1.1828571849985559,4604118.3871,4817.0
16,2015,3.2732650173819127,2.5187726264998576,2.6015300518465545,-1.1890901038492567,4763267.7461,5644.0
16,2016,3.2409324549502,2.5430988359232916,2.6296987835460564,-1.1801251977750769,4941572.4743,6292.0
16,2017,3.2617066640242935,2.5281452151986747,2.609527362479162,-1.1839605425000919,5120820.4921,6301.0
16,2018,3.2709390253425905,2.5324371168608013,2.614079785224336,-1.1863007086979458,5134516.7344,6012.0
16,2019,3.2635080898481235,2.523562331487515,2.6197162347028335,-1.1896866944366702,5432446.165000001,6162.0
16,2020,3.290210940678137,2.5320958202557295,2.5976451250996675,-1.1861409789381776,5363865.5726,5482.0
16,2021,3.273127587757693,2.5332043550265113,2.6220999219612358,-1.1903751372308604,5560676.2731,5677.0
16,2022,3.310440780280689,2.493000472373742,2.557764267347701,-1.1951360440395715,6071493.112199999,5687.0
16,2023,3.3021961487646414,2.5172952166945057,2.5967768807266642,-1.1979761277340317,6135629.7548,5654.0
16,2024,3.306657008363588,2.528371947639041,2.6367417549256094,-1.2073156610550198,6083119.9942,5656.0
16,2025,3.2899645120198873,2.5239964540683864,2.6265415548887576,-1.2001936311488364,5461021.4517,4608.0
16,2026,3.3024878724058753,2.522482228725746,2.6348473928264515,-1.2087586834980222,988085.4267,805.0
17,1976,3.209123537854995,2.5844076316505014,2.691503101650496,-1.174197362655567,28909376.95,17464.0
17,1977,3.2226865013343895,2.582492066209513,2.6762807575294927,-1.1729237645105204,30044102.96,17662.0
17,1978,3.1998999065814333,2.602993721983222,2.690856443321754,-1.1644040772511517,30589052.640000004,17122.0
17,1979,3.2081951766573744,2.5866647454716762,2.683793613589958,-1.1700361275514766,31156065.76,17198.0
17,1980,3.2177087288308686,2.586647216800611,2.6792935745112425,-1.1710362486820909,31921752.790000007,17620.0
17,1981,3.2265438829116846,2.5915843785551775,2.667198352329923,-1.166279601463225,32426513.469999995,17225.0
17,1982,3.2254055834644517,2.57418844758334,2.668029828708216,-1.173298640059108,32683271.509999998,16809.0
17,1983,3.209178964843856,2.587440857122826,2.672344397495503,-1.1684620180125374,32272706.85,16056.0
17,1984,3.2132028343746386,2.581060387043011,2.6502771986399085,-1.164278713162887,32712508.77,16335.0
17,1985,3.205846271717822,2.5957418554436247,2.6602176439300496,-1.160628706136473,33179560.42,17913.0
17,1986,3.2140929061048746,2.595139655477683,2.6461807069750565,-1.157314309477638,32937103.57,17535.0
17,1987,3.223535122327103,2.581719459347495,2.636139814112401,-1.161232994256463,33217120.779999997,17557.0
17,1988,3.223288408773657,2.5700617489205198,2.621024740122053,-1.1605209803217438,34316707.13,17941.0
17,1989,3.218678502902333,2.5927204202832743,2.6483475100963445,-1.1598099947707148,35281645.43,18585.0
17,1990,3.2350630098886923,2.579250077253114,2.6356273868148112,-1.1656112431330286,35165575.33,18821.0
17,1991,3.241774752883466,2.575592185873777,2.6287366481410555,-1.166929303536196,35696566.199999996,18853.0
17,1992,3.227611314521933,2.575351793212256,2.6170592468020732,-1.158432201250711,35364302.699999996,18171.0
17,1993,3.2315813408758727,2.577741503657449,2.63304492335845,-1.1651889020360469,35278398.53,17591.0
17,1994,3.242626540514133,2.5905879578010587,2.642393860054692,-1.165846950791986,36158601.3539,17431.0
17,1995,3.257983056930122,2.5665657721465407,2.625565813516188,-1.1747002440806855,36288501.42,17576.0
17,1996,3.239543617048386,2.5620083374790004,2.606432813977054,-1.1641395958066139,35342049.9049,15206.0
17,1997,3.2423561513152435,2.563728206945257,2.6119483435954973,-1.1653585384118132,36404230.5033,15496.0
17,1998,3.2463096245069405,2.561097979721532,2.6122701500299295,-1.1680138565734868,36415899.663100004,15270.0
17,1999,3.253453695973567,2.5517148666264124,2.615380631219487,-1.1744777576264591,37146754.5375,15551.0
17,2000,3.2494813879185687,2.5485948149851794,2.6048481273856976,-1.1705945874479093,37563421.2911,15642.0
17,2001,3.2625565251445217,2.54458011439449,2.590593735369293,-1.1705466054676572,36716972.6237,14962.0
17,2002,3.2437558839119682,2.5463022246227567,2.620011711604603,-1.174872024800285,36632737.986200005,14757.0
17,2003,3.266872542028962,2.5432290837519638,2.5982649871931325,-1.1753275097813747,36988427.1027,14493.0
17,2004,3.2659434606479762,2.542247343932422,2.5996111567120765,-1.1763757020361514,38215673.1732,14289.0
17,2005,3.2830611831021015,2.5148356487489494,2.5673469230964976,-1.1787069585545245,38614559.239099994,13233.0
17,2006,3.27741588410818,2.5239024458833095,2.569019115543588,-1.1739519442427166,40112759.8886,12879.0
17,2007,3.2654430290089937,2.5305507918727983,2.573758678347729,-1.169053370290157,40728057.8168,12951.0
17,2008,3.260617928560546,2.5245177933298724,2.573309636554993,-1.170536728921349,40535154.8964,12893.0
17,2009,3.2871489685699617,2.510482021561487,2.5688956984513363,-1.1832592283956604,40020337.98449999,12969.0
17,2010,3.2833506883920593,2.530093125527751,2.5842415479700587,-1.181521569160773,39836417.5088,12785.0
17,2011,3.2700167055494083,2.5289559457493103,2.5769225847248354,-1.1738009494998347,38693264.4289,12144.0
17,2012,3.2896094547290895,2.5130102037038844,2.5575118361437683,-1.1784545307736065,39189517.3803,12550.0
17,2013,3.272808136623826,2.51165240313322,2.5670519970734427,-1.17800214794099,39023030.351900004,12223.0
17,2014,3.2899828001602107,2.510717839799702,2.5685604091913703,-1.1835341557301193,39306203.713,12296.0
17,2015,3.3045613127462605,2.495930062597362,2.542084703977566,-1.1831067033192069,40862020.430800006,12218.0
17,2016,3.3069719566656306,2.508448335540299,2.560845691325458,-1.1850704622218793,41131547.6676,12251.0
17,2017,3.308388568877468,2.50931944336135,2.5774469878375847,-1.1931940289212073,40476518.2523,11583.0
17,2018,3.335408972562983,2.4966307035707054,2.5473030861697734,-1.1944604086400874,39676960.04139999,10816.0
17,2019,3.3409507696367062,2.495418990872824,2.5363378579880616,-1.190842811211538,39615514.6777,10001.0
17,2020,3.356270865508059,2.4967275461432403,2.5332862449540716,-1.193123914249984,36647644.998500004,8442.0
17,2021,3.345981947131251,2.4944200069007776,2.5374191867042875,-1.1925973607822158,38704763.3174,8849.0
17,2022,3.3419435404721876,2.4924362678091057,2.5314626392594293,-1.1896030953439596,39152424.3317,8381.0
17,2023,3.345416245759235,2.5005204656387074,2.550841975197475,-1.1973798737074013,38408161.2433,8150.0
17,2024,3.3651002012113667,2.4725936446977808,2.5137419596124073,-1.1983452995029857,40547040.201,8419.0
17,2025,3.375350556989307,2.463423465529798,2.5184850969952004,-1.2080939195477045,37018434.8079,6949.0
17,2026,3.3875796054211036,2.446171504354276,2.5148566989637526,-1.2154080428044602,6663077.4559,1142.0
18,1976,3.1432468681718926,2.6013850172330177,2.740240766610173,-1.1644666608308862,13222456.969999999,8206.0
18,1977,3.1674991173625577,2.588662693178003,2.7260855358177625,-1.1726830618957964,13035456.620000001,8353.0
18,1978,3.1605340641192496,2.586557208042378,2.722660727613773,-1.1697607209734369,13314877.98,8380.0
18,1979,3.1508756920180256,2.6016035070391137,2.745271970966728,-1.1683117450274454,13518376.030000001,8286.0
18,1980,3.1712992319598445,2.5907400965226284,2.7170103513178367,-1.1685171671197212,13715065.639999999,8093.0
18,1981,3.177381109118356,2.5845925138908665,2.700457963085654,-1.1683530958309838,13548367.849999998,7827.0
18,1982,3.1633050293494165,2.592225459124807,2.7085725844070176,-1.164533967601019,13689595.66,7818.0
18,1983,3.1239933442559296,2.60647676300773,2.742832918852873,-1.1621040800805649,13485521.059999999,7433.0
18,1984,3.139057863435716,2.6022403302360773,2.7178222908851626,-1.1593345095059395,14076162.850000001,7343.0
18,1985,3.153624249385107,2.597655569628284,2.7109586779876644,-1.160418249945215,14917253.000000002,6722.0
18,1986,3.161314068304299,2.6068708420018014,2.7101403903917114,-1.1601580584103057,14983008.02,6238.0
18,1987,3.14534348314808,2.6076026764140487,2.7114472319258853,-1.1551972761159175,15060674.51,5978.0
18,1988,3.1526298931534096,2.6003086364826338,2.7201822553508443,-1.1627959717343157,15800983.180000002,5240.0
18,1989,3.1543011359854622,2.59110853250031,2.697572368774896,-1.1600099583218444,15906219.049999999,5008.0
18,1990,3.165196174967261,2.5906861838680424,2.6900174113706448,-1.1622252706038498,15206806.91,4693.0
18,1991,3.1679780187025166,2.625232475319312,2.7322324715822033,-1.1645245565099933,15464976.240000002,4624.0
18,1992,3.160038214236078,2.629422531530414,2.7060212768653127,-1.1509345201584646,15442149.99,4426.0
18,1993,3.162545941444931,2.613669274526189,2.6971823278549993,-1.153717760285543,16243040.709999997,4664.0
18,1994,3.1690650871398613,2.6083452671455136,2.684377521106558,-1.152148954301658,17099508.3471,4819.0
18,1995,3.1412342127732016,2.6087043409207467,2.6995821881586424,-1.1480721247319416,17467081.5092,4736.0
18,1996,3.1764784958047523,2.5982263300494246,2.6978700647150737,-1.1630752382915797,17186391.1736,4851.0
18,1997,3.216273212594519,2.582564180909181,2.6807312827148917,-1.1764580722907336,17605746.6915,4953.0
18,1998,3.219788257685412,2.5636274407368016,2.6542666879851815,-1.17294595924958,16833507.115900002,4717.0
18,1999,3.2400950948202514,2.5301012658656354,2.6219391255602913,-1.18416151324373,17296099.960699998,4737.0
18,2000,3.2479501843344387,2.5413081289923802,2.647659702770452,-1.1911221962397955,17374558.6836,4802.0
18,2001,3.235392714853043,2.550113922641052,2.645517931070621,-1.1794252664654665,17634402.5793,6656.0
18,2002,3.238660480888098,2.5342054693390903,2.6457659671321214,-1.1875013571201611,18348153.085100003,7792.0
18,2003,3.2202050232092616,2.5700062296246586,2.6593175673210276,-1.1722892860091343,18431400.2328,8103.0
18,2004,3.242982817666552,2.5676692186987085,2.6535517979568533,-1.1782740973878711,18227947.5743,7483.0
18,2005,3.225795503788819,2.5778413831564486,2.659922862266267,-1.172735077235054,18719338.058799997,6897.0
18,2006,3.211330242994095,2.5442541448768106,2.6460278658798813,-1.1763382234720605,19152016.0304,6410.0
18,2007,3.2336085248190547,2.5515038715723892,2.62082925475044,-1.170485519168563,19028783.2623,6247.0
18,2008,3.229988563160581,2.562286443915399,2.6399870068328113,-1.1728452664948161,19786175.3205,6526.0
18,2009,3.2263565030770183,2.5358749929887754,2.6409036336072487,-1.1831199562487495,18762975.9798,6244.0
18,2010,3.2341430669537528,2.542332684222394,2.649337771822085,-1.1842939246688924,18168664.163200002,5909.0
18,2011,3.2110390836139278,2.5361271951218636,2.6450563013233497,-1.1798428694075684,18149110.156,5738.0
18,2012,3.2348256640080852,2.5395389323442847,2.6310473443753097,-1.1786144242535874,18602523.0748,5790.0
18,2013,3.2497794378835425,2.549736047661789,2.6099146022193134,-1.1712975383303508,19262442.0535,5979.0
18,2014,3.2350001099265273,2.5581398412000658,2.6402907895760133,-1.175150736486462,18775263.2141,5905.0
18,2015,3.255707782021171,2.5348907383992527,2.622842827647077,-1.1851551086979963,19482028.501100004,6194.0
18,2016,3.2815013623364546,2.5207107714280994,2.623747454434653,-1.1965971602294572,19695127.774299998,6388.0
18,2017,3.2748110832259063,2.534659769597116,2.6197185881401484,-1.1882639003676034,19672446.2031,6267.0
18,2018,3.262290027230383,2.5412944707181615,2.6211998132098717,-1.1832642219124925,20604491.8724,6377.0
18,2019,3.2733108457857916,2.5508472527724146,2.625264536372329,-1.184025974283501,20758485.3242,6007.0
18,2020,3.303159149720195,2.5210737770636693,2.5897730187663663,-1.190590046222172,20305127.849799998,5282.0
18,2021,3.307807941249274,2.5015981916166536,2.5906683840433944,-1.2004652925319077,20478380.443,5386.0
18,2022,3.2861248533894716,2.5565766827288905,2.615359183741338,-1.1843858325061023,20901860.046699997,5014.0
18,2023,3.3100120290512414,2.517713386193325,2.5798133430994055,-1.1902145328116005,20056195.079799995,4744.0
18,2024,3.322980531249576,2.5280627880737487,2.579607402006882,-1.191985596681766,20311647.7599,4701.0
18,2025,3.296122963011883,2.527111403188642,2.612239964695909,-1.1938500194290742,18920176.335300002,4021.0
18,2026,3.236303202768973,2.5556142029269053,2.633641515581294,-1.1723923238274845,3494263.6255,663.0
19,1976,3.218676269731958,2.5473875438018103,2.713738118856921,-1.1982950415779996,6296650.05,3929.0
19,1977,3.195662180670573,2.5747316183778115,2.719833688720212,-1.1846301354619155,7197682.05,5158.0
19,1978,3.1734926735054856,2.584124976469225,2.7299247143773613,-1.1792470905360897,7815262.199999999,5844.0
19,1979,3.1790485765312626,2.5858226983626373,2.7222000248602347,-1.1795118088543384,7852237.83,5890.0
19,1980,3.181877753543512,2.5781451087254603,2.7001300649698545,-1.1718210233837227,8469474.22,8058.0
19,1981,3.1760744247910964,2.5680463704112713,2.6785935664285865,-1.1664239480057546,8390333.549999999,7283.0
19,1982,3.175606847326984,2.581145056054212,2.694038841739504,-1.1672814852976874,8187299.149999999,7063.0
19,1983,3.1538935642581767,2.609251102290374,2.732257084501156,-1.1660573295064707,8480867.89,7164.0
19,1984,3.1694965062120533,2.6070289979700885,2.7241595353088606,-1.1689362934749425,8498453.18,6697.0
19,1985,3.1655648552132294,2.5887042866592362,2.7133581467681083,-1.170787285748467,7959454.2,5526.0
19,1986,3.1612140329617535,2.578698333983534,2.6990561328095355,-1.1667684231791657,8084679.909999999,5422.0
19,1987,3.1865790061891244,2.5789932304544125,2.697321968024775,-1.1736249664142122,8314489.79,5576.0
19,1988,3.172417334179708,2.6012690941409438,2.7153380273789645,-1.1677483121809646,8695971.93,5737.0
19,1989,3.188623970142695,2.599489780186088,2.708789942155541,-1.1701956457622091,9044545.83,5899.0
19,1990,3.2197407842535015,2.5958433238890506,2.6828174392139275,-1.1728101770017454,8793145.9,6027.0
19,1991,3.215401530259618,2.5897501234661933,2.652304599039758,-1.1626648244569862,8785244.07,6172.0
19,1992,3.1906608905306086,2.5700901571996173,2.6559616334959255,-1.165636740535165,8977213.149999999,6253.0
19,1993,3.1874238825092767,2.571377084861581,2.641014264105873,-1.1573052221865443,9232103.809999999,6243.0
19,1994,3.1935021064399782,2.5791546311240587,2.6606258674188124,-1.1635815902650033,8907705.571099998,5595.0
19,1995,3.206948342263259,2.5876662879752663,2.677560341740781,-1.1723149043494205,9213987.2989,5333.0
19,1996,3.220790698611038,2.5766973118670364,2.6448725428050555,-1.1679174941646533,9481282.2204,5372.0
19,1997,3.2131392931188527,2.5802325754634405,2.6689955360649527,-1.1714095998849645,9499848.9084,5252.0
19,1998,3.206534288742793,2.5903766966781006,2.6720212738482156,-1.1672835063088152,9530727.5453,5335.0
19,1999,3.229683326322335,2.5748683488031907,2.6418266681139064,-1.1690488641195447,9483679.424299998,5235.0
19,2000,3.2615100714420926,2.5770826171072962,2.632141491269545,-1.1728268903120411,9730504.84,5349.0
19,2001,3.2611529006251976,2.5688149727029814,2.6292248406967897,-1.177245271913825,9868337.3787,7325.0
19,2002,3.2470152124254446,2.5750089391551954,2.6341389055452904,-1.1738416478962022,9916137.9016,8338.0
19,2003,3.237348643473713,2.592047317409477,2.637062109800677,-1.1642328359068133,10230021.5848,8342.0
19,2004,3.214008557243613,2.6009718859534927,2.666962598795105,-1.1632386849732514,10024712.893000001,8209.0
19,2005,3.2498326355476235,2.584474794930149,2.641011177580002,-1.172123760940805,10464335.8171,8731.0
19,2006,3.240789224701348,2.5704605988836495,2.6446372118237305,-1.17532570451027,10853122.8796,9152.0
19,2007,3.230730473905465,2.582521518228987,2.6518797683836506,-1.1689967769701526,10704931.102699999,9211.0
19,2008,3.248854050581785,2.5772999460164248,2.633003287231906,-1.169328971157643,10741471.477,9183.0
19,2009,3.244400861354371,2.5963380902750393,2.6700980573458977,-1.1739320572569574,10695555.4517,9066.0
19,2010,3.2204296764791636,2.573414704802476,2.6618334186109,-1.175069298319953,10367640.0211,8734.0
19,2011,3.2319604265684965,2.5846169581567233,2.636413016650857,-1.164498899538739,10374810.4216,8641.0
19,2012,3.2514896394143777,2.597022442358001,2.6564014485134755,-1.1728613888594388,10687111.8016,8813.0
19,2013,3.2462548026707823,2.594595710261966,2.6698730262284696,-1.1771104880152714,10987704.941,8980.0
19,2014,3.2527296522234885,2.5735400029041062,2.626747730694501,-1.1698152976564165,10858367.9643,7634.0
19,2015,3.2679460521003096,2.5390928069126244,2.601260966547538,-1.1791410725190243,10702125.6975,5477.0
19,2016,3.234525721447051,2.565004556914415,2.648477309015476,-1.1742420621600254,10307623.827300001,4800.0
19,2017,3.257916786368787,2.55352578940574,2.6055326006710584,-1.1676648549813649,10554256.3663,4822.0
19,2018,3.278999695127125,2.555555604756564,2.601143810735969,-1.1743982326221578,11187684.8534,5013.0
19,2019,3.2812008052468906,2.5551818855479107,2.5990748201299025,-1.1741341365528914,11012300.7125,4927.0
19,2020,3.289655326365108,2.5440365991383356,2.6166972220110236,-1.1873792052737724,10517292.926399998,4219.0
19,2021,3.2807166746371386,2.5459483079191383,2.6244015662105538,-1.1875858316606336,10292740.0699,3973.0
19,2022,3.2767468783100293,2.578538708511514,2.65610210275404,-1.1849349426446298,10610948.1456,3779.0
19,2023,3.290899467957225,2.5329385646196094,2.6085004324947993,-1.1864701372259525,10106496.1307,3734.0
19,2024,3.297807952427786,2.566975018840613,2.644277681095851,-1.191241984028627,10775784.961600002,3979.0
19,2025,3.2655181630106718,2.567204691900561,2.640101478952888,-1.180924040707401,10120402.1908,3644.0
19,2026,3.3221343322583454,2.537456130706197,2.5680987144832095,-1.181302540570703,1854625.3651,652.0
20,1977,3.2289124768169506,2.5584859449931274,2.67470911780747,-1.1821987297090608,2988684.08,2716.0
20,1978,3.175922863454708,2.580846890501245,2.6873023106075413,-1.1619925131775417,6787739.67,5543.0
20,1979,3.221256061633443,2.5606446226607598,2.6627626357936154,-1.1752148317281903,6988407.359999999,5599.0
20,1980,3.2194166121827767,2.5687594766190616,2.670538389743799,-1.175783777284209,7368400.69,7378.0
20,1981,3.213610623669542,2.5923208471661177,2.6833843546311833,-1.170284667517797,7229727.52,6249.0
20,1982,3.2220647050637172,2.575406256153127,2.6634428290207084,-1.1728654837153478,6878525.640000001,5654.0
20,1983,3.2028034726523202,2.599882799098852,2.6835309300049714,-1.1683381146690988,6908416.15,5633.0
20,1984,3.214282075151047,2.588323883082779,2.675888105795428,-1.1709542965248396,7072890.57,5727.0
20,1985,3.1944339305830907,2.571684366404908,2.6736258357736054,-1.1688909953044035,7287309.850000001,5556.0
20,1986,3.206658320034324,2.5983165918994464,2.674382954304373,-1.164965121489002,7203947.55,5407.0
20,1987,3.221691304309809,2.5785060873483348,2.66420884828456,-1.171989530490461,7215234.19,5424.0
20,1988,3.2126327022485595,2.5911561883081076,2.6679214959729105,-1.1664123581783234,7408224.800000001,5461.0
20,1989,3.221048764568276,2.575209874682394,2.651585609178546,-1.1681540985238794,7708445.640000001,5741.0
20,1990,3.2319774365134015,2.561574364238655,2.657398147853828,-1.1797948515289394,7904733.199999999,6065.0
20,1991,3.224332839953744,2.5644794431710065,2.6558021751485867,-1.1759692869823228,7858160.41,5976.0
20,1992,3.228254944445931,2.5623211571429043,2.6416149077565416,-1.173555215680859,8168129.52,6075.0
20,1993,3.2232159109558505,2.554484675017798,2.6333178896348612,-1.1707130094848632,8088647.539999999,5811.0
20,1994,3.234234988604012,2.5574541559258694,2.6172847445996514,-1.167099079186273,7843961.5711,5209.0
20,1995,3.2176664704609594,2.5435908679817607,2.6217977330254483,-1.1695440466367164,8434702.8706,5517.0
20,1996,3.2379384033537635,2.5377375789917367,2.6201604897079815,-1.1754560249163788,8263299.7529,5257.0
20,1997,3.2523448923222955,2.545685787657997,2.628949254001063,-1.1825432989945681,8363901.433,5279.0
20,1998,3.2405105346631093,2.5557788985045318,2.6213981709125536,-1.171082931664402,8330871.728699999,5310.0
20,1999,3.2448635227831506,2.5456675112212155,2.6100334487980543,-1.1719875952642318,8543597.7867,5294.0
20,2000,3.2422553065027593,2.5178156874064244,2.5929619763836507,-1.1762973495152862,8703885.3769,5392.0
20,2001,3.254601353573997,2.5313060920058974,2.6251960864189416,-1.1858778111087966,8723771.239100002,6844.0
20,2002,3.280426742010629,2.5274683660030255,2.627134757698294,-1.1966363079976166,8895795.842799999,7772.0
20,2003,3.2688336758482293,2.5387503808817695,2.6115065258962056,-1.1832786832560653,9025258.116700001,8045.0
20,2004,3.2609413062830153,2.531029212920893,2.594458826163143,-1.1774308128459574,9247987.6758,7834.0
20,2005,3.2678649906350077,2.5371817806078285,2.614935415658968,-1.1840432049801137,9313314.0997,6971.0
20,2006,3.2655331313796805,2.5319465843984474,2.6080710956285635,-1.1830842807044002,8993680.9829,6400.0
20,2007,3.26282086946918,2.5292921741447794,2.5904694195849776,-1.1789069916757318,9111071.0232,6560.0
20,2008,3.2616482441840327,2.5036703720353475,2.59318273132742,-1.1899149097296333,9336632.565499999,6555.0
20,2009,3.2887507795376067,2.494878816902193,2.580094088460727,-1.1950952268747375,9499350.862699999,6559.0
20,2010,3.286893835367372,2.506283874633173,2.587672957640444,-1.1911776014064461,9463160.904,6515.0
20,2011,3.289625492044682,2.5155433887170857,2.5933091025858257,-1.191127698355149,9420634.24,6461.0
20,2012,3.330223539064869,2.5136982414257254,2.573293045565059,-1.196916051044832,9426126.769,6294.0
20,2013,3.2861076942956595,2.5173363701550064,2.5830012570456606,-1.1850634603091095,9207196.5051,6219.0
20,2014,3.29571677763821,2.518707433568605,2.580293606831481,-1.187318407147953,9480787.990899999,6224.0
20,2015,3.297693520609079,2.5298782876766017,2.5913356953023157,-1.1879973157764714,9494143.778,5360.0
20,2016,3.278324649235965,2.5358355860697355,2.632831005863135,-1.1951683292385806,9564509.3339,5359.0
20,2017,3.2625357747404724,2.573908494621624,2.655114467701219,-1.186190506279079,9471856.5245,5311.0
20,2018,3.3112992514674326,2.525669871893972,2.59235727727722,-1.1957089412903372,9220373.8528,5061.0
20,2019,3.2916413541732847,2.5344597082068017,2.5880882015126234,-1.1849161545635012,9420039.6316,4963.0
20,2020,3.294214150855285,2.551484768907446,2.603764689502629,-1.1848135283033017,9466673.7156,4547.0
20,2021,3.321882644912525,2.5129525029930715,2.5657178753740726,-1.1927980877469748,9530187.934799999,4544.0
20,2022,3.324267154182357,2.479028039054206,2.550801836851516,-1.199002238311366,10001106.224100001,4276.0
20,2023,3.333302026819943,2.503640273242624,2.5615811089710245,-1.1960933169429053,9694635.0117,4039.0
20,2024,3.2864790005308424,2.5074139186470332,2.611258567021116,-1.1987876549964243,9192049.7502,3945.0
20,2025,3.2963905489376595,2.5235955462653994,2.5970333283403315,-1.1925503440637355,8943620.5098,3601.0
20,2026,3.2817862937321545,2.514211488635136,2.5927694058862047,-1.1929288164982803,1565475.5735,620.0
21,1976,3.185941581922745,2.6036336134701874,2.724727250004368,-1.169946282566954,8774066.86,5371.0
21,1977,3.1816554818966245,2.6002636354595534,2.7232773137775883,-1.169993861019972,8874606.469999999,5471.0
21,1978,3.1846464022320555,2.602524890989925,2.702116043865062,-1.1604655110415598,8335383.17,5257.0
21,1979,3.187154837001767,2.6068511832687893,2.7074662616407017,-1.1625726791935165,8356341.699999999,5299.0
21,1980,3.181327515449979,2.6225940548650524,2.721368683101943,-1.1606857737960568,8744931.28,7005.0
21,1981,3.1872887486559764,2.6255999835405976,2.7200403952558423,-1.160605269772779,8930805.4,6059.0
21,1982,3.2211516424059226,2.5756899947362406,2.6702682702734264,-1.1726706455230145,9244955.649999999,5681.0
21,1983,3.1731052784541602,2.6059743187406874,2.728906450091778,-1.170071859109672,9319970.94,5599.0
21,1984,3.152426093959293,2.6033912132891985,2.738839074480669,-1.1684873312963164,9411321.45,5242.0
21,1985,3.1594010206199328,2.607369114764405,2.7152874008951287,-1.1589286286796436,9021901.559999999,4547.0
21,1986,3.1566140047083984,2.603401503951464,2.7377609477946767,-1.1669529313079485,9394605.32,4523.0
21,1987,3.17659445878795,2.604611412478294,2.7279954482548945,-1.1701703398801035,9338752.23,4558.0
21,1988,3.1861787472206538,2.5847481487649917,2.694885708652201,-1.1684935277229211,9731499.57,4612.0
21,1989,3.174422610937462,2.5813558708141953,2.6814996405341898,-1.1631488885794055,10076367.61,4633.0
21,1990,3.1850317417676526,2.600821198651886,2.7076353052695694,-1.1688479467016184,10337312.28,4690.0
21,1991,3.185450881709756,2.5916453775691344,2.71338960147525,-1.1718495696467488,9848185.91,4630.0
21,1992,3.1802854771246176,2.5992048182392455,2.6784508920989243,-1.155182047836318,10167594.56,4891.0
21,1993,3.1966190531345995,2.5987805573194476,2.6771532594634886,-1.1613591430474322,10587852.66,4898.0
21,1994,3.18898427769981,2.5982997764678695,2.671153103216592,-1.1587372299358474,10697501.472800002,4676.0
21,1995,3.2014305626649433,2.60244940908053,2.685595474752887,-1.1638203293983604,11152162.9835,4626.0
21,1996,3.1943647934328823,2.607126562281599,2.6657639233252044,-1.1547024064145097,11272936.1617,4579.0
21,1997,3.201816423013042,2.573991468885857,2.6697623208468424,-1.1698427397520457,11577411.9854,4674.0
21,1998,3.223443010378568,2.546351561816961,2.622385114831663,-1.1717477351402399,11479650.7317,4679.0
21,1999,3.2224648195209875,2.555878468879413,2.6288947228977273,-1.1678576670738174,11293306.215100002,4688.0
21,2000,3.2347557332993713,2.5312516720892226,2.6348875250076076,-1.1828926322990392,11959543.183400001,4789.0
21,2001,3.2697021838048115,2.5360065026501393,2.6246971746008487,-1.1888803632244036,11543253.735,5278.0
21,2002,3.244313051694673,2.5404730381079736,2.629806476363228,-1.1812349510180031,12220647.8462,5987.0
21,2003,3.2215343147555675,2.557852376286128,2.6287808299693904,-1.1686815058126285,12540824.4077,5824.0
21,2004,3.2336135154444388,2.5568706992841177,2.617135804376553,-1.1699340614377196,12012391.6122,5739.0
21,2005,3.2460218534027483,2.541120342830324,2.6218016875826766,-1.1804529155545398,12430113.328699999,5888.0
21,2006,3.248188470976575,2.550696336849063,2.6171567411846257,-1.1712167577918677,12532903.2147,5820.0
21,2007,3.244964095312251,2.525858498151184,2.5996860337527137,-1.1734108360052502,12459259.8551,5830.0
21,2008,3.2256066071040497,2.5440214117036146,2.60333174823864,-1.163086464462321,11799754.463,5523.0
21,2009,3.2247049062037227,2.5498190288340545,2.620490148358666,-1.1674679742318033,12214066.8211,5637.0
21,2010,3.248794672220164,2.5465270596670786,2.620132202817733,-1.1778672599749247,12292026.323100002,5666.0
21,2011,3.2604680899745313,2.565186281910151,2.633759645080444,-1.179018044263516,12261645.3922,5535.0
21,2012,3.2513704057941557,2.5577635443737194,2.628851151603808,-1.1758051493768331,12833550.3611,5769.0
21,2013,3.2361910196903567,2.5579383415398858,2.622612402363543,-1.1680627035606217,12497038.6274,5556.0
21,2014,3.2438915617892463,2.551581952506743,2.6176972018530593,-1.1730694530552717,12341398.351300001,5346.0
21,2015,3.262227954640722,2.551252853265946,2.6008599529729146,-1.1720364365636182,12471230.1164,4834.0
21,2016,3.2424956156665163,2.541819501235229,2.6051530818507196,-1.1733207055722255,12915283.1479,4818.0
21,2017,3.2577507317204364,2.542647766335564,2.616900951151547,-1.178536946944262,13055527.473000001,4864.0
21,2018,3.2678729387612497,2.5462326593832287,2.6253695914708772,-1.183994349115453,13043243.7284,4523.0
21,2019,3.273304535102521,2.5662933542109188,2.6357406834745682,-1.1824432077552132,12506590.3641,3921.0
21,2020,3.3100452225668966,2.5805685071636604,2.613459586031625,-1.1815578683441876,11741965.1177,3315.0
21,2021,3.3024900375676265,2.5568851233137972,2.625259092250584,-1.1907753519612938,12349117.860299999,3555.0
21,2022,3.276143426032123,2.5410057101335273,2.642185141698283,-1.1931398130002393,12717333.7377,3393.0
21,2023,3.275776721351242,2.5550542358410064,2.6322237236782633,-1.1891392869803776,12439259.211799998,3075.0
21,2024,3.2440719406724625,2.550475980433342,2.637980761667379,-1.1784901981655485,13021836.8708,3095.0
21,2025,3.2584528502419956,2.5547384685739045,2.650992142442413,-1.1848426968770644,12103832.5985,2710.0
21,2026,3.2951981978375593,2.510130478109552,2.647021652332618,-1.2036278890273047,2195225.0862000003,461.0
22,1976,3.218886829297417,2.5487114021354986,2.712850985981145,-1.196067866391191,9516296.03,5801.0
22,1977,3.204745378847881,2.5597528517379415,2.6862693166415825,-1.1797085645700156,9566503.98,6115.0
22,1978,3.214736966408209,2.5603192882838304,2.6982266987375136,-1.1849345016649206,9343925.31,6005.0
22,1979,3.2128380522030566,2.5814708179318715,2.7027099729814106,-1.1794968313261536,9826499.08,6286.0
22,1980,3.227763643094824,2.5659562574982715,2.6668874953292963,-1.1767499231555312,10008694.280000001,6342.0
22,1981,3.2263316380719353,2.5691701887783136,2.6620590174270284,-1.1741161146316568,10135029.59,5892.0
22,1982,3.2339634867769855,2.5654112411564407,2.6831882445575554,-1.184370864751341,10328189.89,5493.0
22,1983,3.1780243394846743,2.5954595570488226,2.704824312041933,-1.1653064912580187,10817424.37,5596.0
22,1984,3.167321347486719,2.595933528933108,2.6966151660588764,-1.160227374844198,11006690.389999999,5298.0
22,1985,3.1775548365158657,2.602607931250033,2.6720540220549767,-1.1527076502967066,10877900.06,4738.0
22,1986,3.190220228522307,2.5995782376944425,2.676467746339254,-1.1591780166321142,11094640.95,4290.0
22,1987,3.231689933650176,2.571878781427111,2.6749449453170495,-1.1792334186267932,11543003.209999999,4202.0
22,1988,3.2112416247089284,2.5766532117208634,2.6556084111734672,-1.1652746474900797,11393703.919999998,4221.0
22,1989,3.2108938251649537,2.5567419627703947,2.6382639526199148,-1.167529271832667,11319061.149999999,4090.0
22,1990,3.2230346503980014,2.5770203042231077,2.6402359975659397,-1.1655004960308026,10870088.34,4097.0
22,1991,3.2420082901300384,2.570406448401554,2.658948627104378,-1.179932781271134,11684258.030000001,4423.0
22,1992,3.2385129758752473,2.564812172991046,2.651811717226289,-1.1784182434359332,11574611.21,4197.0
22,1993,3.233468244096745,2.539436208716211,2.6228864762405943,-1.1757278173573154,11245962.4,3857.0
22,1994,3.2315735969515536,2.5520203977648084,2.643996378246539,-1.1771367963875234,11628236.440500002,4141.0
22,1995,3.2042098018399776,2.575624093325809,2.6447784681194175,-1.160194013770081,12130480.0075,4661.0
22,1996,3.205038598297489,2.560968485856298,2.6677237939879497,-1.174568069932684,11980383.634399999,4583.0
22,1997,3.2001590894635594,2.5811476530738098,2.674278278634484,-1.1710838803846484,12129496.856400002,4727.0
22,1998,3.19908661011462,2.596401774743461,2.6793477292234513,-1.1637940349652187,12843013.1689,4809.0
22,1999,3.197769661417383,2.5984193687937447,2.6875658947115806,-1.166655490419734,12991691.862399999,4974.0
22,2000,3.2334059939500315,2.5628026411990423,2.633520554909098,-1.1735207222017967,12410841.641800001,4571.0
22,2001,3.224621463332957,2.559900590740981,2.670858020183549,-1.183999392564929,12334491.889600001,4352.0
22,2002,3.2545810179316104,2.54858369124061,2.647029169405818,-1.188552958408796,11731968.4921,4321.0
22,2003,3.2111298528594343,2.5567203355900014,2.635305710998604,-1.169048759600805,12679462.4286,4445.0
22,2004,3.2538065948518997,2.560040642432335,2.623225611186622,-1.17613130399245,12799573.1102,4331.0
22,2005,3.238781030079292,2.566696180204877,2.648877402945197,-1.1773966531633144,13216456.6083,3940.0
22,2006,3.213860911223486,2.539531298143115,2.6300525377242328,-1.1710909438023682,12352156.1823,3754.0
22,2007,3.2690856008477946,2.5175758251823215,2.5865628019634657,-1.1797425508181494,12648610.075299999,3709.0
22,2008,3.2582496403462264,2.5150211280945514,2.5919055787009446,-1.180972229144078,13074379.454099998,3835.0
22,2009,3.2598072764068236,2.528241560547066,2.610950598932865,-1.183798432238062,12742670.5071,3822.0
22,2010,3.2491781608630985,2.5487911461916175,2.611469301279267,-1.1723816779837626,13144140.8111,3800.0
22,2011,3.2486120784614045,2.5619101876485675,2.6473839554185794,-1.1788959028883774,13192426.9495,3784.0
22,2012,3.2364376067963483,2.573350726239897,2.617418293609043,-1.1614440603485476,13037865.6158,3762.0
22,2013,3.2377078466730618,2.552418180089703,2.6165024602028155,-1.170635740628408,13022002.0459,3985.0
22,2014,3.252666137251251,2.533070532288835,2.610213100269029,-1.1801631039219547,12633655.7289,5288.0
22,2015,3.2530083008902344,2.5336533984056064,2.607390254268874,-1.179824434290655,13629118.044699999,8298.0
22,2016,3.259866680152424,2.526262503372409,2.611906942416489,-1.1855118743714337,13835646.5766,8930.0
22,2017,3.2646674312556874,2.5146990913304967,2.60053234314753,-1.1866497092024784,13365942.116400002,8382.0
22,2018,3.266450076458378,2.530417270941961,2.6268663654731705,-1.1892330855564384,13560535.633499999,8255.0
22,2019,3.2800647846638715,2.503787666083763,2.584051345809965,-1.1894749434878782,13519482.4816,8082.0
22,2020,3.28806949319155,2.5145969142656095,2.591573292552274,-1.191039338305893,12869190.9014,6731.0
22,2021,3.290793645726299,2.5362336277018795,2.6194540575834604,-1.1932578875418323,13172419.6732,7040.0
22,2022,3.295100067296877,2.5433795455476362,2.6299307380173502,-1.1969198120668794,13278212.859500002,6691.0
22,2023,3.294293642231206,2.5097773695325243,2.606143882059072,-1.198173859482383,13358801.592799999,6543.0
22,2024,3.2981754753918637,2.5278565325893227,2.6151322856116037,-1.1954582133993883,13213455.401300002,6243.0
22,2025,3.3018078557842263,2.522861553737473,2.5943693779173223,-1.1929270098709128,12464106.771199998,5435.0
22,2026,3.3056137637767216,2.520144539596522,2.5945177332981677,-1.1926426974794255,2176010.9602,886.0
23,1977,3.1978026525506755,2.6089391193905307,2.8285747244437363,-1.2071470545788547,1514118.79,2200.0
23,1978,3.1780942779191474,2.6024860268343604,2.814118476771364,-1.1990722096958601,3251252.78,4451.0
23,1979,3.169243023599463,2.6150081535262135,2.7864574164170617,-1.1831853937166406,3171155.71,4399.0
23,1980,3.1625731624761393,2.647503107674072,2.7994907144694956,-1.1742845737222893,3228405.71,6971.0
23,1981,3.155006723002817,2.645487930159112,2.8185905604990014,-1.1783554318447187,3278285.3200000003,6275.0
23,1982,3.1620271779833047,2.643786341090204,2.7952150152992736,-1.1736953852487666,3327891.23,5946.0
23,1983,3.148279400703719,2.655244829982583,2.8211331788953258,-1.1770591150427003,3487842.67,6150.0
23,1984,3.1573991548808737,2.636385817450763,2.7885024036219215,-1.1765498006432147,3719438.13,6075.0
23,1985,3.153713981301272,2.621051981275871,2.7442247642164035,-1.1630954680805763,3571749.91,4966.0
23,1986,3.1658699618383572,2.6277956387039203,2.776067535763418,-1.174541715066449,3512264.0,4675.0
23,1987,3.1702607748320677,2.630781812623968,2.764280088285106,-1.173593226589962,3796410.17,5195.0
23,1988,3.180228277240727,2.6130499785414942,2.7397375718665526,-1.174197196447587,3953685.7800000003,5250.0
23,1989,3.198769398472005,2.60567780339556,2.7147742237585497,-1.1732354689864208,4056733.99,5285.0
23,1990,3.1954841912192067,2.5980347145000895,2.7363509679476343,-1.1819890405392905,4110301.4699999993,5103.0
23,1991,3.2070335903561635,2.581520553309015,2.7091157855014223,-1.181624093772129,4182397.11,4939.0
23,1992,3.1835258189196365,2.620253481509919,2.7501680440940004,-1.1741945398518456,4220699.17,4968.0
23,1993,3.170967454893964,2.6005322108112074,2.714320107803791,-1.1661213032750366,4031345.3699999996,4624.0
23,1994,3.166187176776723,2.564493589740908,2.681916545259713,-1.1690440912451403,3880690.2698,4390.0
23,1995,3.188626817334629,2.5699992216915915,2.6999235657467886,-1.1813749056741405,4050897.9582999996,4362.0
23,1996,3.2026854995204195,2.5990858884850843,2.7110562233586535,-1.1760770451222355,4234374.799,4453.0
23,1997,3.206015335174828,2.5899970844356752,2.701591863764468,-1.176518438390666,4256197.1081,4467.0
23,1998,3.2030065878040284,2.5729709111140555,2.6639343686054486,-1.169089432203265,4147612.4206999997,4448.0
23,1999,3.2350345661755417,2.5902449744585843,2.682295628886383,-1.1803922314029127,4228392.5645,4450.0
23,2000,3.215423511644211,2.5880587132795845,2.696264450456387,-1.1796926538448904,4394250.489999999,4546.0
23,2001,3.241293476855966,2.5575627518133706,2.673167208721115,-1.1894377375311427,4574779.2659,7065.0
23,2002,3.2545149050192923,2.533149591631912,2.6166293917758674,-1.1832829759935357,4571356.1956,7969.0
23,2003,3.219461985643266,2.5629384272025577,2.637335864851631,-1.1680342050774004,4501422.1003,8223.0
23,2004,3.209710406381254,2.569002381454177,2.668263197257229,-1.1737685011746728,4645802.7231,8681.0
23,2005,3.244989127817948,2.536942901079058,2.6206248848699127,-1.1800873519575443,4631826.3981,9123.0
23,2006,3.2438158764227643,2.530572084203882,2.601756692956568,-1.174753547582217,4586433.112600001,8834.0
23,2007,3.2342851326530524,2.542381699622247,2.618963810390353,-1.1738482031959117,4499735.2919,8670.0
23,2008,3.2594755884763953,2.5329008510290163,2.620084508683123,-1.1840866215364294,4510254.2567,8445.0
23,2009,3.28879627602391,2.5209408194207357,2.6003518985474328,-1.190215721072463,4291875.225199999,8305.0
23,2010,3.262973789378889,2.5221435792117015,2.587335634120205,-1.1783138033273417,4393325.9011,8495.0
23,2011,3.2735509062499046,2.508840723098396,2.586304646316145,-1.1851673831228289,4365206.8211,7924.0
23,2012,3.2649099385363862,2.5166809671747497,2.617551033295508,-1.1909652234087498,4501135.8113,7886.0
23,2013,3.2782481339364007,2.522043515007145,2.6136941591114944,-1.1929219021511075,4696146.3445,7826.0
23,2014,3.305005705906057,2.502737027138508,2.5810151032726725,-1.1959635690065715,4513761.311,6331.0
23,2015,3.2761987839547166,2.5111300010711988,2.5929612531759827,-1.1873760315464907,4417658.7006,4182.0
23,2016,3.2819311231175403,2.499035623792397,2.5690523472081224,-1.1871498796387563,4432498.111099999,3659.0
23,2017,3.27747138094263,2.506636016344097,2.5809203496621707,-1.1883962634095804,4472646.0421,3774.0
23,2018,3.30688989243699,2.5101330705373566,2.611743682414662,-1.2059789059567732,4600570.195400001,3481.0
23,2019,3.3006369038115353,2.5269796913686626,2.6032279093547634,-1.1940134304125143,4396772.6656,3122.0
23,2020,3.3275050167672693,2.5045589735177525,2.5650762596054197,-1.196395173921958,4339600.756899999,2771.0
23,2021,3.3172069381369775,2.50295805461539,2.5559348625394867,-1.1895484025702132,4379323.724400001,2599.0
23,2022,3.3105235674095037,2.4934677847879168,2.5591931716699685,-1.194109958287247,4398835.1252999995,2533.0
23,2023,3.3314766430265625,2.494685228271543,2.577011357761425,-1.2051879308008688,4499739.828,2557.0
23,2024,3.3252361313592074,2.4697674821882583,2.5661164003769836,-1.2134981362616457,4468149.4253,2345.0
23,2025,3.313367526034343,2.497934529609482,2.5649352365409515,-1.197544005339312,4368929.2815,2424.0
23,2026,3.330861131504973,2.4970174041016073,2.5581565375581024,-1.1973819898917903,804053.6832999999,422.0
24,1977,3.276647040782439,2.563451287059855,2.637471996884543,-1.178359650666428,6751811.38,3959.0
24,1978,3.2879836866537313,2.5623626380499576,2.633685837450445,-1.182038982072103,13945641.719999999,8411.0
24,1979,3.273357440746768,2.5691456422675385,2.627146055664661,-1.1735269487709372,14022509.549999997,8409.0
24,1980,3.2924149002278056,2.5532319541864483,2.595782040116443,-1.1739453913069606,14612435.559999999,8850.0
24,1981,3.2791696733042817,2.558072074605378,2.6133690486476553,-1.1741183250653395,14506794.830000002,8637.0
24,1982,3.285896653512307,2.553699074240377,2.5999259300745843,-1.172815097327063,14352598.419999998,8730.0
24,1983,3.257619956994958,2.566548848363649,2.622158980922746,-1.1698378986605424,14505560.330000002,8777.0
24,1984,3.2866982606146053,2.532014633632183,2.5900437949847115,-1.1799264451532088,14969430.620000001,8686.0
24,1985,3.30056640013894,2.5406831855191285,2.598111600160248,-1.1825302131324456,14700790.55,7789.0
24,1986,3.2820131432045256,2.5656614037662453,2.630040771626441,-1.1805849168556104,14969636.48,7148.0
24,1987,3.2697392872917406,2.5651201169874067,2.6359055880319002,-1.177714392471695,15312407.909999998,6913.0
24,1988,3.30823485597993,2.556124306176638,2.6150707532319646,-1.1870659330606486,15564881.149999999,5526.0
24,1989,3.297157001970987,2.5406745492250433,2.5916400385700746,-1.1788314774335795,16638439.600000001,5191.0
24,1990,3.2872879974486877,2.562512957788777,2.616501080670918,-1.177911528889429,16895946.89,5166.0
24,1991,3.295489112123732,2.539741545382818,2.6065184868266074,-1.1840321175478365,16473279.06,5079.0
24,1992,3.289559782398857,2.5372578178394867,2.6090341693467978,-1.184370877905888,16895206.310000002,5050.0
24,1993,3.292969986540276,2.546271298076226,2.594865539280877,-1.1781707107256898,17652157.0,4950.0
24,1994,3.3108438893520304,2.540370474307344,2.5814990906999067,-1.1821356146951174,17473102.6862,4697.0
24,1995,3.3492922739058617,2.5194725669963147,2.573708297097848,-1.1991542397160315,17833124.5063,4990.0
24,1996,3.3320938830957827,2.5079132115124274,2.553369457725057,-1.1892845930762446,19062881.2623,5265.0
24,1997,3.314239534089281,2.4928899793076336,2.5284952817234396,-1.1815870558517285,17646746.501199998,4741.0
24,1998,3.3595491975902436,2.484840420648174,2.527994840488614,-1.1982836935990993,17709772.986700002,4681.0
24,1999,3.349579384941368,2.494502953558112,2.5357330512546605,-1.1949977705231773,17912314.994900003,4653.0
24,2000,3.3302076473625637,2.5059909410888968,2.561603845021799,-1.1931905158305314,17630871.226800002,4719.0
24,2001,3.345271337306217,2.488881282270156,2.539286799196306,-1.1963063558472162,18198330.679,6881.0
24,2002,3.337624561575587,2.4934559064154267,2.555946130610996,-1.198787263930983,18100162.708400004,7699.0
24,2003,3.337965254588245,2.499023020767237,2.5309227829062335,-1.1875589367299297,18987544.9157,7637.0
24,2004,3.3536457805482205,2.487827498180296,2.5308611795349507,-1.1965660500625874,18882282.058399998,8522.0
24,2005,3.3531024530540523,2.496710890933857,2.525616428860688,-1.191491036765842,18785175.6897,9890.0
24,2006,3.359442308443557,2.483202125092176,2.5200733854878283,-1.1943210900584613,18787322.026499998,10529.0
24,2007,3.370152942021606,2.469101825070234,2.5030388757794966,-1.197366118611364,18952839.1996,10517.0
24,2008,3.3503058392971132,2.4809325761459484,2.5174530974500473,-1.1922692974071538,19134999.9076,10795.0
24,2009,3.368492752427965,2.46051522659992,2.4963312003181057,-1.1983540393276597,18867257.465099998,10772.0
24,2010,3.3640957552397466,2.4739840147889565,2.5023470780067347,-1.1947861959537773,19145143.9986,10678.0
24,2011,3.378753262722956,2.4476159609640162,2.4829371712317534,-1.200636729149394,19094743.595200002,10735.0
24,2012,3.376305139401203,2.469172315262532,2.490211940868538,-1.1942092453021285,19645114.678400002,10587.0
24,2013,3.3577593393005642,2.479458912003342,2.5037533238635135,-1.189752451098555,19869038.8933,10688.0
24,2014,3.376640399740393,2.4554176262664904,2.4960761346484523,-1.2015222161921877,20032314.905,9096.0
24,2015,3.3882285433487196,2.4705481466950103,2.5110905659109855,-1.2045902761399043,20228900.3202,6291.0
24,2016,3.388483858385279,2.465769968047144,2.515497285230565,-1.2081675161744803,20260949.411000002,5450.0
24,2017,3.3957389263660738,2.440866177707452,2.4831506779430854,-1.2073473583004724,20217085.6001,5390.0
24,2018,3.3873853606504305,2.4366066965616966,2.461648656735212,-1.1981748626096755,20303558.9647,5372.0
24,2019,3.395468220757385,2.4469332549531932,2.4870545224583784,-1.2052257225014447,21098176.446999997,4962.0
24,2020,3.4166661063339387,2.439401284678654,2.485272046567156,-1.2155291995268214,20072754.2718,4361.0
24,2021,3.425326137648614,2.444084712970223,2.4740290444178097,-1.2106581449218803,20195060.7257,4455.0
24,2022,3.427462381451644,2.4326600131689355,2.490578858526077,-1.221247662734884,20070327.0424,4088.0
24,2023,3.4259187731911758,2.4504251512644126,2.5002726449086285,-1.2182844691178982,20142141.7876,3846.0
24,2024,3.430154298268897,2.441545458993742,2.4775505385366574,-1.213944662015293,21090490.1557,3932.0
24,2025,3.4220279122218686,2.4379975711133253,2.480527501378871,-1.2166287587269926,18262554.5181,3204.0
24,2026,3.425532767842264,2.40467890428696,2.4513795143838095,-1.22399138735383,3210305.0137,565.0
25,1976,3.20924607051726,2.599753340212515,2.7035463147115295,-1.17305907866044,15577722.44,9551.0
25,1977,3.2116230519907534,2.602002970301929,2.6990811514493527,-1.171538862816317,16359235.25,9789.0
25,1978,3.199593254000332,2.582005763146804,2.67111728978992,-1.1655029658778835,17732254.400000002,11410.0
25,1979,3.204317192465016,2.5842214906636882,2.6761510455169346,-1.1670514907416862,18369054.6,11633.0
25,1980,3.218010696450691,2.571299165764656,2.6792214767524833,-1.176507624254714,18640109.45,11673.0
25,1981,3.230549359849463,2.572919980706684,2.6480959337345347,-1.1697619615103543,18519378.53,11428.0
25,1982,3.2323050908279716,2.574251996696609,2.6544304913482297,-1.1719841067639185,18390825.78,11332.0
25,1983,3.2113533585178677,2.6043962236713547,2.68989362354565,-1.169684626767097,18706765.1,11531.0
25,1984,3.2121692332025646,2.5898509028192622,2.6799573577827953,-1.1710738590150989,18742985.57,13864.0
25,1985,3.2111748751384805,2.5748324188845486,2.6501076308857616,-1.1664050568354523,19270097.02,18208.0
25,1986,3.230001082734428,2.5637144632973823,2.628433424535746,-1.1678350612379935,19010854.73,18963.0
25,1987,3.2479133490266294,2.5615337951401367,2.6180919880386244,-1.1695170258962773,18968789.910000004,18683.0
25,1988,3.2614709899013703,2.565165162013955,2.6121718807994716,-1.170138508815912,19431330.9,18557.0
25,1989,3.2634472950626128,2.5494409851144235,2.5988137738594217,-1.1725014838184022,19750880.900000002,18831.0
25,1990,3.2716398454990894,2.542853806557085,2.591999931537907,-1.1748538717393995,19750312.03,18385.0
25,1991,3.2717300093982633,2.5429811843951273,2.5925627121686246,-1.1742078346331772,19529407.6,18312.0
25,1992,3.26488103239318,2.536989015213434,2.586188847640464,-1.172146203242245,19585700.46,18216.0
25,1993,3.2831268809081293,2.5149740161206644,2.5630267887606903,-1.178099432506664,20141503.86,18365.0
25,1994,3.272645015652332,2.5350155788007034,2.5731714219886785,-1.1701869356278312,19922472.6725,18116.0
25,1995,3.27801735487958,2.533952143723172,2.5824563799893103,-1.176956720351321,20119623.171899997,18225.0
25,1996,3.2807191567964704,2.5447278717209656,2.6034721752994994,-1.1805904746323093,19638851.8661,9119.0
25,1997,3.282003171321533,2.5251767224022044,2.5910674536646927,-1.1830074139513005,20074934.638,9427.0
25,1998,3.27383829382198,2.521573908222759,2.587948162394826,-1.1815709484849952,20629258.7312,9693.0
25,1999,3.2756821352537626,2.507655481874001,2.5688604348429176,-1.1790126220537274,20184177.7777,9592.0
25,2000,3.2977613864829056,2.5159379150340455,2.556960272162161,-1.179431607540523,20414655.0567,9011.0
25,2001,3.294707524639387,2.4959484612771217,2.541468644564625,-1.1803797333590744,20649938.248099998,8808.0
25,2002,3.3049379367736527,2.479381485205489,2.5432613039042056,-1.1904062479075044,22045346.0405,9293.0
25,2003,3.316949762813539,2.5025637082546406,2.5380035007689687,-1.1838769496185166,21851562.5907,9191.0
25,2004,3.323397515743213,2.4985523371552953,2.5385253033732647,-1.1875705477895289,21655449.6184,8419.0
25,2005,3.3332614655125425,2.4791078806243365,2.5304549159788126,-1.1952332046781553,21918809.1086,7512.0
25,2006,3.327712420738334,2.4838961120007172,2.5238791739751862,-1.1887413716625086,22156872.4499,7030.0
25,2007,3.339528769757376,2.481434853761332,2.5272844503956833,-1.1949787597984134,21934855.401100002,6803.0
25,2008,3.3381538475218924,2.4720727904127964,2.5409511103668243,-1.2009454487521953,22146872.0148,7013.0
25,2009,3.3553193421255783,2.4759122930166355,2.5224308341780004,-1.1991647538454488,21724604.8433,6801.0
25,2010,3.366067920312303,2.4601565010919164,2.506473615680101,-1.202839257344109,21895366.930699997,6766.0
25,2011,3.3565408809371844,2.447158068883678,2.475948367612259,-1.1921393340234445,21990832.2977,6721.0
25,2012,3.3618196680266506,2.469507951382477,2.498144138067978,-1.193846005485746,21819518.4743,6587.0
25,2013,3.3709791562120364,2.4584290030711125,2.4927063126517996,-1.1979862030500572,21635126.7575,6301.0
25,2014,3.356593319486987,2.457039488799312,2.481985438573537,-1.1920410188891433,22991062.721199997,7212.0
25,2015,3.384258667187904,2.4496358813788253,2.4692047472737473,-1.1980232515077904,23060417.1735,8213.0
25,2016,3.3834766208428704,2.442604199247552,2.4673421497465213,-1.1979148015574823,23276065.733000003,8941.0
25,2017,3.3993061749392246,2.434467458841273,2.4793003726859886,-1.21217997718868,23455778.383199997,9074.0
25,2018,3.391911768644718,2.454976328378068,2.5107630340606666,-1.2143167345903936,24688685.5717,9056.0
25,2019,3.3752096422760864,2.450556803448695,2.4827113575468975,-1.20040917892166,24756377.745300002,8585.0
25,2020,3.417293768508767,2.4531986583865337,2.474593120807993,-1.2067887557943955,22287991.729500003,7193.0
25,2021,3.4201885565293253,2.4315652824292546,2.4478883775137765,-1.2057609918075884,22710779.8191,7376.0
25,2022,3.3895605939988167,2.4394375746580645,2.454537903400411,-1.1968220398168394,23154321.6626,7390.0
25,2023,3.43171857084493,2.395546702753177,2.4287251218401997,-1.216620266792491,22945105.0656,7263.0
25,2024,3.4465799462043005,2.403416718661035,2.4372053489220162,-1.220701289867988,23481011.7172,7274.0
25,2025,3.457314905150849,2.4132432669781543,2.436726530107148,-1.219949610448633,22356796.0893,6390.0
25,2026,3.4580859426031587,2.4115659134417173,2.4441202998520475,-1.2209790951569772,4194041.7423000005,1102.0
26,1976,3.1869707619394823,2.5363786431961417,2.6832906236866716,-1.1831314045730605,21474694.45,13163.0
26,1977,3.17851457985061,2.55496842842666,2.6970906655630986,-1.1786722017262499,21437840.59,13377.0
26,1978,3.177527038586834,2.5583463175611243,2.6898190334965553,-1.1743703737365285,21337768.49,13055.0
26,1979,3.1711217893930908,2.567013936986821,2.6915595870411027,-1.1696751036772004,22451023.48,13470.0
26,1980,3.1955535389919927,2.55226172558611,2.674723522074934,-1.175906843786899,23369786.270000003,13635.0
26,1981,3.2044415305539795,2.539541298060691,2.649229180246106,-1.17468795937426,23423458.65,13152.0
26,1982,3.1965837269819217,2.5320434379263084,2.650955447686393,-1.175833470136582,22352922.53,12793.0
26,1983,3.1680041959422836,2.5725934794797203,2.692496480615551,-1.1697671089284367,22603245.5,12948.0
26,1984,3.1496452574282356,2.5748300720376487,2.694156824917052,-1.164935298925394,22827718.4,13481.0
26,1985,3.153358071014449,2.584019720514301,2.6883647210403634,-1.160003035963492,22986141.459999997,15337.0
26,1986,3.1642171444917855,2.5750032318516043,2.674293356891801,-1.1606774416549244,23061260.71,15583.0
26,1987,3.1702430668127426,2.56623784845537,2.6649127308232505,-1.1622278293089134,24375854.009999998,16456.0
26,1988,3.175414315948227,2.573735182326562,2.683785146740433,-1.1676094730645743,25088464.41,16767.0
26,1989,3.1861375669247787,2.5688322828600145,2.6702767563605008,-1.1676254765953935,26175396.39,17209.0
26,1990,3.1763783795784386,2.5778246626725836,2.687752261042844,-1.1684118834084523,26122179.64,17816.0
26,1991,3.2029503394394863,2.5733145296164364,2.657151267350435,-1.166775643030246,24837999.25,16916.0
26,1992,3.2030411223875954,2.56139612311991,2.6365248522235123,-1.163751262042061,25463267.08,17059.0
26,1993,3.199560462604601,2.5575336601735152,2.633739682243103,-1.1630541254786309,26137243.53,17035.0
26,1994,3.200029036960942,2.5566505185751067,2.6366461087122857,-1.1642143022063745,26613380.478600003,16825.0
26,1995,3.2140540477394213,2.540006747895477,2.626430643530605,-1.1724167041752172,26383638.5761,16914.0
26,1996,3.2072624628365007,2.544759173550946,2.632723142107052,-1.1711443449279524,26336247.385500003,11935.0
26,1997,3.210267012153762,2.546720922053028,2.635537759091028,-1.1711498364980126,26224109.906799998,11824.0
26,1998,3.19895941673805,2.5498687891814362,2.6338747372903994,-1.1665509914633658,27499187.059399996,12037.0
26,1999,3.20748110343629,2.5467171664752093,2.635204786436834,-1.1704034677271407,28271922.702000003,12302.0
26,2000,3.2200006331372006,2.5361350690046036,2.6170949749299797,-1.1711336140412338,28422477.1241,12170.0
26,2001,3.2400924317772817,2.522125094259213,2.6012492390508917,-1.1778151116164848,28812437.9775,11629.0
26,2002,3.2421846632141866,2.5228985181271186,2.6131871655155336,-1.182327660741058,28107244.014700003,10951.0
26,2003,3.2234683521761367,2.54608876391453,2.626670640723442,-1.1731659354015056,28600205.976499997,11384.0
26,2004,3.233490663863091,2.5310887468065544,2.5993591391527557,-1.1720393261995852,29454788.1839,11183.0
26,2005,3.229710517633964,2.5213490534651744,2.604902712571752,-1.1775725924310227,29206525.349799998,10312.0
26,2006,3.237717720049909,2.5279310784893845,2.5929213987957183,-1.1737136875796144,28433800.627000004,9480.0
26,2007,3.2379180134032146,2.527804695524882,2.594080278296802,-1.1720814193192015,28838412.1098,9317.0
26,2008,3.2406107174653043,2.5235775858985305,2.594429182562643,-1.175508638317388,28141899.6901,8967.0
26,2009,3.250135277675146,2.521391988538225,2.6004472973020936,-1.1805824564908365,27417755.8642,8891.0
26,2010,3.252582036814534,2.528140016878539,2.5759281385523534,-1.1714591556607135,27749272.677699998,9023.0
26,2011,3.23931809149631,2.5331740921394212,2.5904445459550542,-1.1701906445944623,27230590.5697,8720.0
26,2012,3.2494913104765515,2.5311317743051345,2.5886237545788897,-1.1736162207101697,27599607.7134,8837.0
26,2013,3.266899678007456,2.531056171057237,2.5881695777546625,-1.1778333979810922,26712308.028300002,8385.0
26,2014,3.2507717444744246,2.539892544146143,2.604410018562165,-1.175707521202017,27222717.5256,8267.0
26,2015,3.2633383416024677,2.527267451138639,2.589205337907723,-1.1789766487264959,28283333.4958,8166.0
26,2016,3.240436925693365,2.5250805651353136,2.607593334505283,-1.177585079160538,28306383.3335,8222.0
26,2017,3.285864335996509,2.5121147172130303,2.577781939168078,-1.1864470181464906,28849837.2699,8402.0
26,2018,3.3003082997012685,2.489777342094419,2.5649984117778795,-1.1944555922067353,28936563.309,8162.0
26,2019,3.287326681687821,2.512035622607261,2.5897293766471154,-1.1914358768483253,29530456.6506,7960.0
26,2020,3.3362886448188482,2.512489034472513,2.5815548251707425,-1.2028103013526483,27588600.6144,6807.0
26,2021,3.3215620568597064,2.511027622306785,2.5508175387453624,-1.1892658606395157,27382880.9876,6742.0
26,2022,3.287980215091507,2.5249948042141535,2.5797974793012717,-1.1816447531367553,27947262.348300003,6353.0
26,2023,3.293890244306304,2.517961903295237,2.5826052296739355,-1.1876029474127292,28916320.328,6489.0
26,2024,3.3129921832693623,2.518202700672053,2.5795633171171994,-1.192322198234385,28725262.299500003,6119.0
26,2025,3.306359623240055,2.514013142498996,2.5680890612664804,-1.186585943394348,26896510.6399,5172.0
26,2026,3.2727741779224697,2.5060757509524407,2.5774478758631774,-1.1825984683512618,5043882.8913,891.0
27,1977,3.1822084878101475,2.542632148477842,2.6544903935446977,-1.1693003909727444,6020028.4399999995,4103.0
27,1978,3.1898906724938034,2.541537110017776,2.6508661091245096,-1.1706087324691976,12097243.72,8085.0
27,1979,3.1703480406419713,2.557691004297653,2.6735918994281103,-1.166159524798772,12082750.25,7823.0
27,1980,3.1952606316072725,2.552596143179787,2.665429880436583,-1.1734611388577985,13285328.9,8411.0
27,1981,3.2097800046597373,2.528214261401256,2.6243871628876736,-1.172771901542096,13768018.430000002,8677.0
27,1982,3.221911897783613,2.5396628517538113,2.63358623476447,-1.1754729207472852,12959337.9,8426.0
27,1983,3.189674350464107,2.5600972542079474,2.649941984297802,-1.16729849918132,12642094.879999999,8361.0
27,1984,3.1809510976148485,2.570486904085709,2.659006750760988,-1.1629439797718488,12713649.03,8337.0
27,1985,3.173845025437985,2.5679603793558967,2.653418185606896,-1.1577123261457685,12759788.69,6454.0
27,1986,3.175665584870644,2.567758609943493,2.6435283712720463,-1.156375933691295,12873304.639999999,5489.0
27,1987,3.1963415258537298,2.5706493836084814,2.6397425080515746,-1.1596523608602374,12513474.090000002,4990.0
27,1988,3.2110257044606825,2.558525895960884,2.637397021906698,-1.1680685494876892,12986586.77,5097.0
27,1989,3.229100343504014,2.561975742784463,2.6126645862666966,-1.163439276682112,13788974.809999999,5132.0
27,1990,3.233038503566842,2.568748133980947,2.61508142563878,-1.1613708304410977,14302102.67,5343.0
27,1991,3.2183815024253066,2.5723991209229466,2.620398453057325,-1.1582213206705854,13957932.26,5096.0
27,1992,3.1980356098705065,2.5775436700260306,2.628813112811423,-1.1523247768096487,14002829.99,5138.0
27,1993,3.2153903106131225,2.567494159757306,2.604424361285695,-1.1530583708754951,14611692.700000001,5284.0
27,1994,3.221906736775999,2.547201631384363,2.5780770358456992,-1.1519336709512595,14764799.685500002,5131.0
27,1995,3.2332722799006164,2.5479361854997724,2.591566676838317,-1.161789671598157,14646501.3063,5190.0
27,1996,3.218503091723015,2.553490759757702,2.6188549027394066,-1.1656351780907435,15006315.4753,5573.0
27,1997,3.2607547322602963,2.527166569190464,2.580200942686532,-1.1718857797923492,15234555.3881,5738.0
27,1998,3.273052507123571,2.535319785008723,2.5938468487937723,-1.1808426819774183,15907046.0485,6019.0
27,1999,3.2642234504193834,2.5282365734967245,2.5908010149449288,-1.1791197321511384,15942736.588399999,5911.0
27,2000,3.2479181136206234,2.5375773658998044,2.5938949804474674,-1.171438414038323,16284049.536999999,5852.0
27,2001,3.272371221559255,2.5284097041144733,2.572800940510972,-1.1756241642877308,16603385.796200003,7840.0
27,2002,3.257704475653389,2.515289112093253,2.5717301978921037,-1.1740497159688463,17631713.2897,9295.0
27,2003,3.27842482658774,2.5093011538414256,2.562264623895187,-1.1766632845514067,17683972.249700002,9208.0
27,2004,3.284110076951289,2.5054318411589227,2.5452483756265654,-1.1745286145828189,18034178.0834,9640.0
27,2005,3.283303112443385,2.523263444752459,2.5583558498960275,-1.1730196552914893,17924914.3174,10957.0
27,2006,3.2707365698800004,2.5318530871972182,2.5526075530463364,-1.1636937375106984,17877050.0973,11076.0
27,2007,3.2720879502315845,2.511316651458642,2.547199629407102,-1.1712037965183704,17817876.9396,11174.0
27,2008,3.290056073996269,2.5130350849665146,2.5613530604117365,-1.1797425218211874,18021850.0719,11210.0
27,2009,3.30855254092705,2.502815461527708,2.538973541869221,-1.182318683764085,17691207.1381,11022.0
27,2010,3.3151243692530903,2.5034238133954965,2.5529468864642757,-1.190013444989927,17580034.5116,10839.0
27,2011,3.3014090521464317,2.5083184449711338,2.5610336982616277,-1.1859862438116948,17519021.6283,10771.0
27,2012,3.329711504981869,2.5042028808243484,2.548818011586506,-1.190568346016393,18051791.069799997,11024.0
27,2013,3.3184695923824354,2.4992615195312786,2.540701983042315,-1.1854621339133897,17995722.5722,10638.0
27,2014,3.3127676183876393,2.499895597262474,2.5413897724324923,-1.1846955352062836,17988333.2729,9165.0
27,2015,3.303364884861437,2.4852314108112616,2.526383051634732,-1.1821180076093216,18378657.1719,6417.0
27,2016,3.3101346705247385,2.478361035822263,2.5107461206846646,-1.1826443120501797,18350968.180999998,5577.0
27,2017,3.314441439713434,2.4987727829409896,2.5281761700634053,-1.1817242189520538,18930701.368100002,5632.0
27,2018,3.3155314393662048,2.5082496679254738,2.55580923858088,-1.1865522270124587,19266789.8452,5580.0
27,2019,3.33365786047351,2.491228475443864,2.5291232536683976,-1.19017137026003,19461645.017399997,5438.0
27,2020,3.3662175239088588,2.4784522873942305,2.506758042057885,-1.1992334964432463,18186664.955399998,4674.0
27,2021,3.360822453224156,2.473448385246051,2.4869421905321567,-1.1893589922562664,17742116.7115,4346.0
27,2022,3.333932465725611,2.4965962061109677,2.526735588305379,-1.1834212925386438,19006891.0612,4599.0
27,2023,3.355636284062081,2.5108980938886862,2.543371460225028,-1.1903968764344404,19130170.5748,4467.0
27,2024,3.3526943550740027,2.5189346489419355,2.549540766555311,-1.1912412781634079,18193428.1131,4210.0
27,2025,3.3457799791663287,2.5154517157898786,2.544511933212189,-1.191383802933685,17489664.4857,3680.0
27,2026,3.344061804022121,2.479542978952595,2.5233645958858126,-1.1905228608336047,2995884.5048,613.0
28,1977,3.1419844888211137,2.6468500643849158,2.82164236983878,-1.1714749195825258,2811635.92,2395.0
28,1978,3.1390818482838516,2.633541565083989,2.807726262071056,-1.1705255385866373,5552735.23,4590.0
28,1979,3.1698622745249763,2.582451239737323,2.7470394704773544,-1.1779735136666964,5623586.1899999995,4730.0
28,1980,3.1889772636716613,2.5808892938407397,2.747267341147991,-1.18544400290229,5947141.37,6852.0
28,1981,3.2172451124917942,2.5944472166765657,2.740948720122226,-1.1857626216763264,6024853.869999999,6125.0
28,1982,3.217300125812282,2.5803250641855158,2.7228168529700993,-1.1850590688424247,5970114.59,5461.0
28,1983,3.1662511379643616,2.6225581151809916,2.7415314155804054,-1.1673381972173515,5817279.58,5163.0
28,1984,3.143664180597873,2.643690983308689,2.7570290269237083,-1.1566882285332891,6105527.48,5038.0
28,1985,3.1173841298661187,2.666758648123066,2.7899601635356293,-1.1511218317713796,6271000.949999999,5079.0
28,1986,3.164170412865515,2.6400150277301897,2.752738082127083,-1.1633070093592572,6293205.890000001,5007.0
28,1987,3.1717045427111055,2.6437453508442026,2.7839192604669782,-1.1739622198268305,6460870.14,5035.0
28,1988,3.161971865362102,2.630735558360253,2.7614759145266383,-1.168209510069622,6516369.6899999995,5095.0
28,1989,3.13988804060345,2.6235948958163284,2.7615224538146816,-1.1627768585236247,6890902.21,5312.0
28,1990,3.1447348832080575,2.627087652464771,2.7515012590227443,-1.1597195576430315,6979299.62,5594.0
28,1991,3.1656342712610663,2.63702931581669,2.74906015466444,-1.1602311685675295,7050609.27,5595.0
28,1992,3.17422359376517,2.6272755641850036,2.7402808398591154,-1.165291009433382,6843743.449999999,5473.0
28,1993,3.1758280559776026,2.6093636547724364,2.702106516835233,-1.1590342143978978,6824758.76,5235.0
28,1994,3.1775579819133615,2.612236986446372,2.692842954869171,-1.1557723034445473,7112934.084199999,4954.0
28,1995,3.1904435804097164,2.619849408311207,2.7167041003806394,-1.166103290050505,7564192.270299999,4461.0
28,1996,3.1873979233128438,2.640662389738434,2.730682322113493,-1.1635026792148697,7571287.2303,4303.0
28,1997,3.2087242450092206,2.6206898251411435,2.7033302069505787,-1.1661402856359748,7881960.2101,4493.0
28,1998,3.2324797363150917,2.587232688109125,2.6633471030318683,-1.1724400252031133,7815621.9371,4274.0
28,1999,3.216298382009517,2.5948307395555124,2.6920175880538735,-1.174599446743744,7909048.6777,4203.0
28,2000,3.2059532062667526,2.596410143510539,2.654860888747724,-1.1578419316328754,7956465.571,4045.0
28,2001,3.2305834554200685,2.6161335070238603,2.6825798395633274,-1.1692764608487034,7958988.9301,3947.0
28,2002,3.2184913975898803,2.6108530141953294,2.6910855136848992,-1.1683649373735625,7623733.911900001,4004.0
28,2003,3.209290352523764,2.60255631544819,2.6862862323197954,-1.1701397351362395,7818436.6572,3954.0
28,2004,3.239079798635945,2.592289656016286,2.661668858369411,-1.1734240335924278,7665816.8415,3910.0
28,2005,3.246851186351523,2.5732722119824047,2.6362717340058404,-1.173218158080268,7708643.0538,3612.0
28,2006,3.25057484425129,2.577142309912533,2.644427810079433,-1.1771261184507413,7194590.1186999995,3253.0
28,2007,3.2473584393077632,2.568421617153861,2.641217262043298,-1.176858446745053,7561655.9805,3343.0
28,2008,3.256121684886182,2.547754586051701,2.6373225216728726,-1.1862803689220538,7858084.048400001,3470.0
28,2009,3.2680204078467163,2.553028656696144,2.65721672770944,-1.19457284464212,7430353.8574,3278.0
28,2010,3.2611402281735926,2.572661172328448,2.6270876248863537,-1.1723447248641723,7613438.2715,3375.0
28,2011,3.2561760599364105,2.5602495523381266,2.6362910917623923,-1.1800674294364968,8178621.7286,3574.0
28,2012,3.2426125033051254,2.5691467487422734,2.6518163441811624,-1.1781432885059073,8264148.323800001,3441.0
28,2013,3.270976515101842,2.5581882058527032,2.636518786670905,-1.1876499277106318,7581547.4281,3148.0
28,2014,3.2671410738026374,2.554546713462057,2.613969706854417,-1.1787252759893165,7450323.6533,4302.0
28,2015,3.223090491490898,2.5792399353086295,2.6721659286154877,-1.1771244635246587,8145824.8964,6447.0
28,2016,3.21819903500635,2.559979580740089,2.6668228067355044,-1.180552905267748,8152011.8061,6744.0
28,2017,3.243336463692849,2.557640987408579,2.639433368006688,-1.1796483592613654,8015207.5454,6474.0
28,2018,3.2508591793831108,2.5627980316115457,2.659926381722317,-1.18655736127694,7874400.387800001,6091.0
28,2019,3.249980959538953,2.5682807423598546,2.660860737266175,-1.1833581602082905,7795116.2369,5783.0
28,2020,3.272465694356939,2.5560425215611864,2.6444483595109793,-1.1905190242042918,7760142.1748,5171.0
28,2021,3.2719853511363834,2.552630318645224,2.6391041661104837,-1.1906586222273183,7657487.7942,5090.0
28,2022,3.2713322349588143,2.543390500328525,2.650345390809025,-1.195539509665732,7815710.4738,4887.0
28,2023,3.268447707371963,2.5684565220573368,2.685383427454685,-1.1981842677754575,7960906.5907,4674.0
28,2024,3.2716565441063548,2.5632932683537826,2.6622222389523817,-1.1915273050092932,7928495.8813000005,4498.0
28,2025,3.284890289158577,2.5521373040087822,2.6580481493349724,-1.2000956810034258,7051659.325099999,3939.0
28,2026,3.2597797417996004,2.580171752530747,2.6543687738261563,-1.1821056178603704,1390914.2354000001,769.0
29,1976,3.1857195681507453,2.5603442798776865,2.6985128110972356,-1.1770827038119063,37719162.910000004,22738.0
29,1977,3.1779121652121884,2.563647571225361,2.701460031386001,-1.1744481639845183,26295701.54,15677.0
29,1978,3.187951819572024,2.5586744519870535,2.691020675059562,-1.1760435966306755,13500424.33,8008.0
29,1979,3.2189896418978523,2.5589410256237266,2.6624435738312373,-1.175457147106361,13716816.04,7886.0
29,1980,3.218607365172137,2.5688694286380556,2.667558880501345,-1.172435680977384,13961020.99,7951.0
29,1981,3.1875704723820064,2.570325095931137,2.686169034661804,-1.1687675808679492,13729879.690000001,7794.0
29,1982,3.2246418743795116,2.5456702381766645,2.662974253816669,-1.1814325712475076,13224864.14,7616.0
29,1983,3.189303447217659,2.594064627861523,2.70441853719876,-1.169931853832328,13013080.77,7520.0
29,1984,3.1580341996830237,2.5945695792619867,2.7088682851213646,-1.1610752186633149,13127891.64,6993.0
29,1985,3.1747844478067897,2.6202811621041233,2.7171474352309395,-1.1618947599502296,14008452.189999998,6662.0
29,1986,3.178404459578047,2.6120343267142196,2.7162528968910635,-1.1657405845989124,14980901.209999999,6520.0
29,1987,3.1867488246069957,2.6193938264536443,2.7192207714471968,-1.1659076422279953,14907077.83,6167.0
29,1988,3.1871386211171857,2.625604309513934,2.7133545199958156,-1.1619427523970287,15460431.41,5413.0
29,1989,3.179919932686343,2.61216951696659,2.7038344642182928,-1.1608364605782568,15446180.5,4951.0
29,1990,3.1829488093973892,2.611531699617547,2.713677668538045,-1.1645836752896384,15546640.12,4953.0
29,1991,3.198068852995594,2.583032306397914,2.6706250502164917,-1.1662297024969466,15798228.690000001,5002.0
29,1992,3.2026394094121358,2.5838074718727104,2.6843102298005483,-1.1725841570076223,15372196.159999998,4926.0
29,1993,3.192637114555949,2.5840500242577282,2.6712936633174937,-1.163047720676702,15279499.6,4722.0
29,1994,3.2020332093584494,2.5910169991323633,2.667880939544449,-1.163342022646789,16303656.8547,4558.0
29,1995,3.241193139839824,2.585250250436924,2.6713928548178316,-1.1796190437354437,16878207.3851,4542.0
29,1996,3.253701787534649,2.5561446631910454,2.6142565749422646,-1.1727184165284317,17255015.042999998,4753.0
29,1997,3.2400578374511166,2.549584967411585,2.602119431873615,-1.1673268694860233,17323339.859300002,4723.0
29,1998,3.2611171368584833,2.558984701383669,2.5998146418392114,-1.1683665352628574,17440015.1394,4713.0
29,1999,3.257479616257632,2.562727448067728,2.612020280692625,-1.1707260836192803,17492024.669400003,4641.0
29,2000,3.2619100647901496,2.5435325880677713,2.609051865931259,-1.1772721883649462,17620873.4639,4740.0
29,2001,3.265696688942115,2.5411369762878477,2.6221687523022625,-1.1854225489613937,17569388.0946,6284.0
29,2002,3.256984170420364,2.5446645895453477,2.6030919797062944,-1.1733261224902833,17927163.7683,7122.0
29,2003,3.2387300134215327,2.551019385928899,2.6266106745261286,-1.1740880138403498,19131001.203900002,7383.0
29,2004,3.2435977350201113,2.5399034674775245,2.599850675801967,-1.1698496967518262,18546846.7375,7152.0
29,2005,3.2494738456643817,2.5420024486027746,2.6060756013778863,-1.1742955000271196,18737459.768299997,7622.0
29,2006,3.2511211801768263,2.5457850826664528,2.608242723209193,-1.1742980375022805,18782189.7789,7392.0
29,2007,3.2403602086764396,2.545055505016228,2.6073974311733714,-1.1717603174625617,18328806.344499998,6957.0
29,2008,3.2280822020918354,2.551508863343376,2.6153391444938006,-1.167753268289626,18504634.612000003,7046.0
29,2009,3.23438009831659,2.5491802774833556,2.609556739014137,-1.1684786265829825,18050637.3711,6979.0
29,2010,3.230461407377167,2.553704663165134,2.6126046565251935,-1.166766177010572,18860963.5704,7344.0
29,2011,3.2681507031178474,2.5428415643601814,2.616247678385906,-1.1838030647768025,18357058.8121,6815.0
29,2012,3.277924801679416,2.523655564587325,2.5875916104550556,-1.1833648122564457,18842498.1167,6892.0
29,2013,3.2757470163892854,2.5400253378943254,2.604437014911239,-1.1791696912367156,18748524.261,6757.0
29,2014,3.2625078173463318,2.544164159275642,2.6100436363737054,-1.1774022392230084,18433692.027,6294.0
29,2015,3.269207171126714,2.5458934381292817,2.590228980537969,-1.1733949456487256,19435908.2826,5996.0
29,2016,3.2603903430522068,2.549372005221015,2.6156321896462145,-1.1782590137847302,19179176.1124,5692.0
29,2017,3.2913653592811,2.5420569379945603,2.5945461770655345,-1.1807793136783276,18445736.2688,5593.0
29,2018,3.2793910679950007,2.52325941042404,2.5812921429897133,-1.1810339545690023,19087088.2597,5445.0
29,2019,3.318104392919596,2.518437569275522,2.5765116332996496,-1.190273973365524,19833839.6405,5331.0
29,2020,3.327990764216024,2.5344639935844424,2.6012873969250125,-1.1945976360620496,19633110.7502,4777.0
29,2021,3.327193672075013,2.512963381826363,2.5880412282405656,-1.198689621378993,18998013.8891,4755.0
29,2022,3.299342251694498,2.517287762272729,2.6053439084912213,-1.1923953452264584,18653924.000299998,4513.0
29,2023,3.306513108373053,2.5313212310087567,2.6042602283103005,-1.1932049413457415,18414498.957100004,4409.0
29,2024,3.3024706574074205,2.5182868204172038,2.5930529399526527,-1.1902883543414016,19319561.232899997,4390.0
29,2025,3.3276048206861124,2.507191969755457,2.5859359558170745,-1.202377557498297,18348245.1714,3880.0
29,2026,3.329508402940831,2.495763430698183,2.5964817006652865,-1.2106904087494854,3400044.4512,728.0
30,1976,3.218430517403184,2.5194393280154794,2.6554469111571675,-1.1868961991194604,24814450.560000002,14583.0
30,1977,3.2205681473983887,2.5035068345230567,2.637523082970869,-1.187146881284655,13718809.649999999,9757.0
30,1978,3.2095531844542378,2.4861396373726374,2.6490691714308676,-1.1942900717544167,1991482.06,4602.0
30,1979,3.2217005692043363,2.475493168698972,2.6326211723888164,-1.196710034789531,2075508.87,4428.0
30,1980,3.2290048640085662,2.4940339938879275,2.633639393211537,-1.19347703009343,2086163.3400000003,6406.0
30,1981,3.2379081765165005,2.4950529710030693,2.612890593971524,-1.1886761170087499,2160464.42,5970.0
30,1982,3.2421618975980464,2.481767388779765,2.587557237508829,-1.186224714488634,2135733.29,5712.0
30,1983,3.174997996086052,2.4916118515607497,2.6241047832946034,-1.178389253271656,2070659.4700000002,5385.0
30,1984,3.1768762917732465,2.5099389921651234,2.647341464510681,-1.1789746363174889,2195663.09,5590.0
30,1985,3.203596068391871,2.4903561082225267,2.6305718980941215,-1.189809390934073,2319350.7199999997,5608.0
30,1986,3.2154621384599618,2.489573660636586,2.5945622764424248,-1.1809243192279073,2369196.48,5858.0
30,1987,3.2148547854370433,2.506070886274434,2.6179028133270643,-1.1817822468420032,2365796.04,5916.0
30,1988,3.215631136290676,2.5134834223072073,2.620282406418933,-1.1798466944106822,2381350.77,5939.0
30,1989,3.201894836190441,2.516630215216854,2.6227592444357932,-1.1745008765182865,2264637.01,5549.0
30,1990,3.224336255985084,2.50651365955849,2.6261594995759037,-1.1856467467370906,2335596.35,5704.0
30,1991,3.2161118167967797,2.4903942744087644,2.6141228130514507,-1.1849708665434229,2292698.4499999997,5569.0
30,1992,3.2149918892172296,2.489023977895349,2.581816842627429,-1.1755257620000994,2445657.87,5694.0
30,1993,3.2074514635918274,2.4919356285446743,2.590407185732696,-1.1735673747521735,2456789.25,5657.0
30,1994,3.214982191872047,2.5001621214799905,2.612677214382339,-1.1807270227686641,2517965.1694,5296.0
30,1995,3.197704369681374,2.5157019690896596,2.6358277326436523,-1.1803283305150023,2500890.1778,5180.0
30,1996,3.213194234585369,2.4955341893259044,2.6160423235925294,-1.1845868616294226,2613813.3328,5208.0
30,1997,3.2344722212654395,2.477845661021788,2.562210563768363,-1.1805879273373068,2619249.7626,5125.0
30,1998,3.238531511141098,2.489181873164802,2.5754440385680395,-1.180851475933077,2702001.9795,5388.0
30,1999,3.26798292550023,2.487566019051989,2.5802583392820484,-1.1893873108250375,2700840.2728,5462.0
30,2000,3.216207377106497,2.5035000045143905,2.6235785485159093,-1.1843236416844816,2756981.5631,5237.0
30,2001,3.1936549739029023,2.5095002232316754,2.6339809945955466,-1.180067626363133,2738799.5165999997,4881.0
30,2002,3.2408845094642795,2.506057432100235,2.6145583113054816,-1.1895251743294242,2676000.298,4686.0
30,2003,3.242878675019857,2.500325666425419,2.5751141529698294,-1.1779147884006522,2696689.4386,4695.0
30,2004,3.2312011857230964,2.4994655163771333,2.618501416272081,-1.1887377702384943,2870853.461,4611.0
30,2005,3.2030780005052866,2.486969695262539,2.577833971251613,-1.171712890482067,3016629.1908,4484.0
30,2006,3.2329247419489477,2.5015452617883085,2.5946612810731544,-1.1771887718933431,3063147.4614,4359.0
30,2007,3.247114202937533,2.5147659123653856,2.5893814321669764,-1.1770427618810866,3080987.8441,4338.0
30,2008,3.2230912889554233,2.516584982748244,2.5916707354835173,-1.171367308442619,2934698.4505,3979.0
30,2009,3.23012028046951,2.4883405746260636,2.572277829525809,-1.1770364413677599,3001722.8383,3829.0
30,2010,3.2350298314355794,2.496427391105208,2.616781684145996,-1.1914518523269715,2951554.5548,3696.0
30,2011,3.2248949665207025,2.4983499630445785,2.5713002492416757,-1.1681762709511896,2981928.1362,3696.0
30,2012,3.240514462289774,2.494466277335546,2.5598396218975745,-1.1697899287049704,2915593.2548,3650.0
30,2013,3.241033183996452,2.5074357480472123,2.595457616871402,-1.177565507514372,3045662.3312,3828.0
30,2014,3.2188695542313637,2.4888092774100357,2.5914819098336865,-1.179054652093862,3122208.9948000005,5223.0
30,2015,3.2768048263240734,2.496387571297944,2.577288111998495,-1.1876500780010526,3142067.8478,7402.0
30,2016,3.276894846480058,2.50062920435091,2.5820556109276724,-1.188004078150892,3165619.6744,8002.0
30,2017,3.282644762245231,2.4835422176158604,2.5703338027653384,-1.1926811675792388,3212793.2090999996,7599.0
30,2018,3.266974671820949,2.5004555902023413,2.581662406338492,-1.1854993634859994,3192694.7707999996,6815.0
30,2019,3.2630310876779838,2.4880672100069368,2.5848116538338917,-1.1889408735851061,3181775.6653,6349.0
30,2020,3.277590022464619,2.469676132519256,2.5761722917492462,-1.1968096410679427,3065995.3553,5583.0
30,2021,3.295817315161423,2.4833105198544234,2.565400623719315,-1.1945780563428643,3338212.1212999998,5712.0
30,2022,3.305634330003081,2.493777437184267,2.5859238610817403,-1.197880167691843,3403530.0722,5077.0
30,2023,3.3111732882081317,2.4983390704242945,2.6003301882046133,-1.2067115090522214,3456334.5598,5160.0
30,2024,3.304720523951835,2.50916858244662,2.586471464688843,-1.1937703360852565,3511492.1935,5428.0
30,2025,3.306284634961299,2.4927971877347836,2.5675219050949787,-1.1949147337206003,3219740.1663,4570.0
30,2026,3.2876767950772563,2.484109298501845,2.5352988916515686,-1.1747156938860381,582467.7372,771.0
31,1977,3.170198038558695,2.569751776788265,2.6974902784064896,-1.170313313259065,2226175.69,2202.0
31,1978,3.191608470423771,2.5599428694022968,2.694098361869388,-1.1796130250825416,4616931.300000001,4226.0
31,1979,3.1929720489923685,2.568074945113118,2.7032783079480507,-1.1792400186371883,4535194.5,4071.0
31,1980,3.2061631920064566,2.559882574746367,2.687675757290775,-1.1797441552240535,4592134.0,6938.0
31,1981,3.211187620148152,2.55768499496121,2.6531713068977423,-1.1704779080781522,4632010.37,6296.0
31,1982,3.2220460834290168,2.539222554858141,2.641019703931087,-1.175209934189132,4584012.28,6051.0
31,1983,3.178768907404875,2.5680134076489836,2.6953596444926404,-1.174414623967509,4519144.960000001,5822.0
31,1984,3.179777884177171,2.5760085237511796,2.7040053531008934,-1.1750834755921546,4577894.18,5632.0
31,1985,3.17086845137567,2.58619771718471,2.6729663825797343,-1.1572570988539903,4754863.62,5570.0
31,1986,3.1612478879277885,2.586558615537165,2.678014590869154,-1.1559688179328151,4889621.6,5681.0
31,1987,3.180240403689031,2.5968045086473164,2.6734954230882826,-1.1582906907821033,4782309.96,5796.0
31,1988,3.207755538857613,2.5879446098235266,2.677923714188708,-1.1701675885865879,4891323.22,5770.0
31,1989,3.1944747425549123,2.586327048748616,2.677600329164684,-1.1670594743028702,4836443.640000001,5659.0
31,1990,3.200529919364928,2.5937977598600344,2.6879999304826234,-1.170782194154294,4955820.89,6089.0
31,1991,3.2176599280033074,2.576915258169181,2.6747944060099673,-1.1769362361272382,5055403.449999999,6277.0
31,1992,3.1975362916039796,2.5792759997129235,2.6700987491775288,-1.1683677265342656,5027868.02,6389.0
31,1993,3.1762199058479994,2.592934663950603,2.6743383415879993,-1.1591430870986905,5221147.04,6331.0
31,1994,3.196199107015915,2.5586868495035144,2.6217127662845945,-1.1570113974410698,5340378.390400001,5907.0
31,1995,3.2315265760028113,2.5639967321862973,2.638992826866581,-1.1725296298943062,5443567.1963,5626.0
31,1996,3.2248681021356562,2.5771120291022864,2.636567318637154,-1.1674501138038826,5297377.549799999,5270.0
31,1997,3.215261870919991,2.578531538621805,2.6466648671106543,-1.1687266873722335,5342710.447299999,5282.0
31,1998,3.2132783096835706,2.578317638981258,2.6383030690927987,-1.1640108402949754,5521005.798799999,5516.0
31,1999,3.2196353147045715,2.5888345740009164,2.6472931688174337,-1.1656961784018673,5425492.1171,5492.0
31,2000,3.2334590443905324,2.583454077522679,2.640857500116303,-1.1683078055691096,5495735.710700001,5491.0
31,2001,3.235641517114942,2.560112220600833,2.6301625696977746,-1.174154983270264,5601576.4684,6836.0
31,2002,3.2490856415753058,2.5544604982149313,2.6184463457999643,-1.1745561096667916,5857552.738,7895.0
31,2003,3.2484938397628573,2.566445371693057,2.6150117383651517,-1.1675501998926796,6105199.9732,7972.0
31,2004,3.221438047218832,2.5743791768999844,2.6318710066254245,-1.1634068189380482,6211987.0359000005,7941.0
31,2005,3.2265344165729672,2.5814773145923504,2.6359680834455066,-1.164210933696573,6350348.4737,7579.0
31,2006,3.2370038403735566,2.579027106799563,2.6304356862666793,-1.1654686925651756,6389879.663,7290.0
31,2007,3.2562353257198606,2.5570264087122294,2.5906108894112623,-1.165182665339003,6578621.954399999,7530.0
31,2008,3.2554779022844245,2.5629500379282004,2.609681992731889,-1.170103752511438,6453053.8181,7487.0
31,2009,3.240671310223124,2.602589765552328,2.6543852027254005,-1.1671160550117474,6543937.4373,7732.0
31,2010,3.2603037555883247,2.591041983864567,2.6381611598943886,-1.1728570135378493,6544863.857899999,7629.0
31,2011,3.2728429316148056,2.597317637524059,2.6232080228424937,-1.169824204403948,6590804.1113,7602.0
31,2012,3.2561573328413513,2.6166632125820963,2.64065412384814,-1.163447410810025,6623469.527799999,7528.0
31,2013,3.272766650482329,2.596427523321454,2.6412418830493634,-1.1774186691845339,6520284.266500001,7080.0
31,2014,3.272337963004672,2.5768938180852325,2.6281716024226247,-1.1779719433897669,6692038.9434,6625.0
31,2015,3.2531319181839424,2.5646459660517733,2.60983382546481,-1.1707442682813434,6275274.643300001,5579.0
31,2016,3.2503546541439303,2.549120316128743,2.6091083784050553,-1.171449861952071,6459143.0363,5635.0
31,2017,3.2917056653844963,2.5584306411975777,2.6087798945204494,-1.1815215345413144,6536968.234999999,5487.0
31,2018,3.2760627126563606,2.5738871349387322,2.614578601393367,-1.1736574855588737,6620797.682399999,5399.0
31,2019,3.262230587622044,2.576296852629878,2.6265783382571515,-1.17129719600289,6548993.4326,5263.0
31,2020,3.29690716107704,2.5801895204893768,2.6304211042298125,-1.1822122908610355,6587405.2097,4867.0
31,2021,3.3108065481965494,2.556659368568308,2.6018316926309684,-1.1847145339792544,6596987.2622,4805.0
31,2022,3.2996800054498414,2.5725659775504224,2.615711949603014,-1.1821082324372765,6642292.4984,4322.0
31,2023,3.2957580105787154,2.581160714046173,2.616612586456513,-1.1793570234780206,6882609.21,4332.0
31,2024,3.307820242019692,2.551731227667668,2.5785480576689683,-1.1786291207459807,6882292.3791000005,4377.0
31,2025,3.300637127747788,2.5597003269951486,2.5944845424986207,-1.1779142150844226,6457028.709100001,4109.0
31,2026,3.3203194125519118,2.536521212210587,2.5671018416917155,-1.1805458448558797,1166097.9249999998,734.0
32,1977,3.25612334023591,2.471312477370079,2.6576431210310814,-1.2160854576201479,842605.01,1676.0
32,1978,3.2211642235243017,2.4997257136513857,2.7085494843528473,-1.2138042945016725,1572664.0799999998,3290.0
32,1979,3.185494431884733,2.4747224641335634,2.645251015233211,-1.1921892702769956,1645051.3699999999,3128.0
32,1980,3.235672916713051,2.4791853753572313,2.6341720241385933,-1.2000788886996636,1778554.19,6856.0
32,1981,3.28052742355898,2.4572795086562462,2.5993664926453777,-1.2095604170125436,1938696.15,5007.0
32,1982,3.273043328079048,2.4722375652586974,2.5948790409805462,-1.2005694198864794,2179643.1,3770.0
32,1983,3.206108120647877,2.5220664317843284,2.6565850127117527,-1.1879216292446693,2247689.86,3736.0
32,1984,3.2046181695322997,2.5029427516865943,2.6313798464808187,-1.1868800566710136,2251952.23,3572.0
32,1985,3.18642111625363,2.529930303611435,2.6382766750718267,-1.1715625794170237,2346036.44,3412.0
32,1986,3.204232544204328,2.5223104975318873,2.603868845089809,-1.1663943342127734,2564255.3000000003,3524.0
32,1987,3.2133861376830537,2.536889083847819,2.625133741050401,-1.170517537801328,2754434.3699999996,3634.0
32,1988,3.203306417452434,2.556923025854477,2.6676191310140935,-1.174360413734995,2699412.0500000003,3777.0
32,1989,3.223183482532076,2.5436772492374287,2.666238578968256,-1.1861245588196296,2738950.99,3707.0
32,1990,3.23832522798339,2.5312688068362723,2.622429518844313,-1.1793484346309682,3105271.52,4088.0
32,1991,3.2522645105888706,2.506068334731169,2.594688053211828,-1.1822122331086835,3236542.11,4129.0
32,1992,3.220679532076333,2.5152438840124844,2.598884708752196,-1.1720132735145237,3396340.1,3963.0
32,1993,3.2153094739120363,2.5239761027651726,2.6071675269695267,-1.1726632172610552,3507797.33,3841.0
32,1994,3.1843056866601605,2.539437762831165,2.6412499035304227,-1.1694227114292213,3508005.2418000004,3497.0
32,1995,3.224580796109886,2.508156331762426,2.6117437309202742,-1.1824242151403823,3744319.9228999997,3333.0
32,1996,3.254972728962528,2.4977293539395813,2.5670958074746397,-1.1782112071840523,3886426.4841,3434.0
32,1997,3.2265046535846453,2.483924725674576,2.572063263961065,-1.177731432140348,4281690.6348,3835.0
32,1998,3.2251949596647322,2.5224564530682207,2.6054121238663703,-1.1735418182032993,4521322.5574,4053.0
32,1999,3.2498406227273566,2.519463244719312,2.5888361330634586,-1.1752480601652868,4466856.7017,4135.0
32,2000,3.2377938844264285,2.5214946975867054,2.6036028696050892,-1.1765780976037856,4951396.6305,4279.0
32,2001,3.2319581185801773,2.5021058872074833,2.5976290009584475,-1.1807538855696567,5086148.8959,5626.0
32,2002,3.2251490661435076,2.503473920296361,2.624736680984331,-1.1874950387442151,5299982.1223,6818.0
32,2003,3.244912231998095,2.516193505791696,2.600025459064781,-1.180450318654493,5309490.492,6895.0
32,2004,3.2389606084722113,2.507682673077319,2.601947358896372,-1.1843256214486824,5740783.544600001,6040.0
32,2005,3.2225133511016306,2.5086566449138537,2.583245017379136,-1.171893681345113,6168436.5748,5351.0
32,2006,3.2298443209305177,2.5229928978548597,2.5931093367772227,-1.1711570556656405,6557254.931299999,5641.0
32,2007,3.2372674621719093,2.5257942310731063,2.5761342984962643,-1.1670542264297665,6642343.0204,5516.0
32,2008,3.242773867368243,2.49920867729196,2.5733361874849763,-1.1758946582875975,6843752.5327,5419.0
32,2009,3.2517239597546608,2.504581157418631,2.552633944014515,-1.1681759430472298,6532386.7333,5217.0
32,2010,3.2314644477812857,2.503686547854218,2.570438970224249,-1.169461318582167,6129429.7385,4865.0
32,2011,3.2098356479792485,2.498263780046923,2.577696494093777,-1.1695886813678342,6537875.792099999,5056.0
32,2012,3.2267957919924384,2.50458619224623,2.5792847652155166,-1.1736693460324654,6899881.9198,5059.0
32,2013,3.2092101891030054,2.5188937283639286,2.5998028720825146,-1.1689255954279703,7007684.553900001,4853.0
32,2014,3.1969229778213943,2.5221864561495244,2.6115215488824246,-1.168220680332268,6978032.1828,4603.0
32,2015,3.2195425716492148,2.5260356168639624,2.629413221157378,-1.1788216292814848,7357574.108700001,4237.0
32,2016,3.2346060206250598,2.5347267242377063,2.622334502041319,-1.1811838501333312,7183544.5559,4006.0
32,2017,3.2078181799109164,2.5370500846691697,2.6187520183233866,-1.1686298540546587,7497697.1875,3963.0
32,2018,3.187225728186578,2.5356537331830333,2.631448835094252,-1.1666358662471275,7789869.9512,4039.0
32,2019,3.2511493975745513,2.4926180775868914,2.5729130599215138,-1.1816729339798941,8006459.6894000005,4056.0
32,2020,3.307678463247853,2.4901408524295188,2.5697637759282146,-1.1972044328517901,7870902.468,3562.0
32,2021,3.2509781480973245,2.483024009209671,2.576055083983004,-1.188265608691403,8216891.238,3782.0
32,2022,3.2516480470303915,2.508394133296654,2.5873521667558768,-1.1820813776080767,8047517.3278,3451.0
32,2023,3.2547507674713394,2.510551667028949,2.5991129018895247,-1.1835886450396012,8412856.460500002,3367.0
32,2024,3.2607210096425887,2.5182323105500575,2.5977201554896645,-1.1830579942173833,8408472.0977,3581.0
32,2025,3.276561449650268,2.485429272141117,2.5578787716383906,-1.186640465195162,8312436.6605,3333.0
32,2026,3.2668383663007474,2.502296237042951,2.578446629246405,-1.1836121113397042,1510977.5458,597.0
33,1977,3.2092584512116455,2.592346043708368,2.7598790617726405,-1.1955946633464076,1271698.75,1858.0
33,1978,3.210730582868067,2.613725705860528,2.7600118938839193,-1.1873309518070279,2767222.01,3961.0
33,1979,3.2315355096076113,2.589314478915747,2.70093054285452,-1.1822847194923445,2755791.71,3641.0
33,1980,3.2333546545679916,2.5680177252519227,2.6650818609693903,-1.1788758248913622,2792050.59,6419.0
33,1981,3.2276816293078423,2.552298560018506,2.664223423302065,-1.1819046341128185,2810562.09,5125.0
33,1982,3.234002042039654,2.5590142024061397,2.6503734926446283,-1.1751635008038586,2776465.97,4595.0
33,1983,3.1591898822339193,2.5910593041392604,2.6984303452615213,-1.1615292933289547,3006207.97,4674.0
33,1984,3.1818854669756433,2.5799370581866956,2.6853410546833882,-1.1694496751481265,2980444.44,4196.0
33,1985,3.175552154251672,2.6071379186899057,2.7101645089495183,-1.1661054814958658,2934563.29,3746.0
33,1986,3.1810565295367157,2.5879634500489326,2.7003590523035688,-1.1727992230701243,3005480.8,3691.0
33,1987,3.2018614576223348,2.5753077715711923,2.668100829261107,-1.1722821124530876,3232906.6600000006,3995.0
33,1988,3.2148342196856996,2.588243661895622,2.687123856604029,-1.1758295981945175,3335585.08,4061.0
33,1989,3.21754662424916,2.5881326597413046,2.6866147972922216,-1.1761149991731203,3597570.32,4169.0
33,1990,3.222231416607938,2.5507807710767505,2.650728917060578,-1.1797246712738176,3478421.19,3926.0
33,1991,3.2135999003313067,2.552612762628454,2.634151155568187,-1.1695761246425187,3454889.19,3665.0
33,1992,3.234306375495353,2.543455684268937,2.6126417055925706,-1.1723550605959716,3298232.2399999998,3469.0
33,1993,3.2238348029107415,2.556551151163657,2.6179416800590074,-1.1672631729973593,3520263.8099999996,3695.0
33,1994,3.23988400354664,2.5500227231659287,2.6210792593486167,-1.1759971207022366,3643969.2261,3536.0
33,1995,3.2488612573619498,2.5277401499466174,2.595597573689656,-1.1783340464123502,3684557.239,3666.0
33,1996,3.241202942354882,2.5659052967302682,2.67591129422625,-1.1884640622137093,3634337.2467,3749.0
33,1997,3.2321886363283476,2.569691690351549,2.6787018490695593,-1.1866181696437998,3791505.0472000004,3850.0
33,1998,3.247509555292691,2.5460071796096164,2.635892979474488,-1.1830473944881996,3976323.5144999996,4238.0
33,1999,3.2461728978428583,2.5349271680669876,2.6009388659323114,-1.1737134831610294,3929490.8495000005,4233.0
33,2000,3.227536457704414,2.5375613971064164,2.6337053820144933,-1.1803677579315748,4037532.2773999996,4181.0
33,2001,3.2260434414031036,2.547987385012959,2.643746693088921,-1.1775903451435896,3967360.5033,6353.0
33,2002,3.2458534467926894,2.5236711537070398,2.6161948154323538,-1.1838673626429164,4271831.2177,7944.0
33,2003,3.284757948894026,2.495918128474701,2.5674219777225145,-1.1878755307341824,4220125.3849,8234.0
33,2004,3.2978928826113796,2.493764273730325,2.559307264326336,-1.189885567971618,4294744.002699999,8601.0
33,2005,3.303155603756951,2.4852730725487415,2.5495428072144746,-1.1915282183884401,4534494.3462,9513.0
33,2006,3.286745985458533,2.4969704420810084,2.5694072095701657,-1.1886866594904386,4525837.117,9868.0
33,2007,3.3009157741728625,2.49471739003357,2.5672758542822627,-1.1921969383487634,4592084.2632,9819.0
33,2008,3.287098652016152,2.5071152033782824,2.567249862200692,-1.1838234944532242,4686849.2853,10307.0
33,2009,3.2809825353741617,2.504356434577334,2.586688321593096,-1.1917000226851204,4662063.9805,10268.0
33,2010,3.2999417308324137,2.490971112005661,2.5694410645909644,-1.1967567397033936,4690282.8469,9937.0
33,2011,3.31269582490986,2.4861697821858946,2.548421924981106,-1.1941224283127783,4614183.090299999,9699.0
33,2012,3.3158652585022446,2.474705276347368,2.51941771138969,-1.1868716195089584,4595318.6788,9557.0
33,2013,3.313470098969847,2.4795408879156615,2.5262938972041415,-1.1883037310663596,4620015.361200001,9315.0
33,2014,3.2950024566588167,2.502310235055211,2.5639361455172445,-1.1871350739693884,4518083.5356,8145.0
33,2015,3.2983638323958484,2.4918384217515017,2.5518912191668193,-1.186681098923508,4631767.934900001,6386.0
33,2016,3.318415380708962,2.47602535112068,2.5480146667297405,-1.1973030710383636,4748437.139,5980.0
33,2017,3.3152073437396763,2.479716605878712,2.5513325959549755,-1.1973783364137707,4607489.9496,5786.0
33,2018,3.3343890538425653,2.4725769727603955,2.5333879247017936,-1.1988320510347994,4608637.9862,5617.0
33,2019,3.3245012711535513,2.4851261499276625,2.5367764420561736,-1.1930519305604543,4773546.5253,5642.0
33,2020,3.337309303773347,2.4909625746284156,2.5443194210506173,-1.1980261557031087,4466924.7127,4730.0
33,2021,3.334328915591633,2.4705134975978145,2.528134957076548,-1.1979988845197633,4621597.8849,4490.0
33,2022,3.3555192479035787,2.4607592615591236,2.5210474464680814,-1.2046981465781528,4691715.0135,4221.0
33,2023,3.348452476561603,2.4689481158516973,2.5217509840922046,-1.1994643425197924,4482667.1415,3850.0
33,2024,3.3830216648540192,2.4453765135314502,2.5108007646368464,-1.214807302034681,4614513.954600001,3861.0
33,2025,3.3573133026054958,2.4607387566421317,2.5088283156105153,-1.201223502064228,4407182.883099999,3538.0
33,2026,3.3969824090735226,2.4529365959551312,2.5487392817372907,-1.2286204604095203,834588.6693,687.0
34,1976,3.2352712305685745,2.5705061878871702,2.6600145175547816,-1.1748838571607199,20206967.73,12208.0
34,1977,3.2150996326155203,2.598537806534707,2.70582322389857,-1.1752469452722687,20864725.189999998,12548.0
34,1978,3.221711592995196,2.590305295664519,2.6783172565658675,-1.1720677121930974,21415503.84,12665.0
34,1979,3.223997790296138,2.6041982959133665,2.669463545643745,-1.1642785013703127,22225895.990000002,12749.0
34,1980,3.228285826583257,2.5974536858134805,2.662367110506579,-1.164277154260539,22421523.33,12830.0
34,1981,3.242406885983506,2.5910390879732237,2.6676747250568225,-1.1716291288626999,22596958.86,12870.0
34,1982,3.2452364281377637,2.579466666659707,2.6580884728546423,-1.1732598423234748,22382061.31,12685.0
34,1983,3.225859804394227,2.6096509529170167,2.673396978713767,-1.1658836097158694,22501414.52,12281.0
34,1984,3.2200890251162657,2.6007335928638273,2.6590300472484367,-1.1620087911234278,23672650.66,14600.0
34,1985,3.235850606181012,2.5954681183231183,2.6458344148670614,-1.1647939697676633,24132705.76,18384.0
34,1986,3.235607932861579,2.5906533950291464,2.6537157709620613,-1.1674230722716765,23984206.34,19232.0
34,1987,3.248041295932239,2.5776517725619854,2.6314718042658427,-1.1673843484993414,24899382.29,19240.0
34,1988,3.254550573488844,2.570112697636901,2.6306352040462904,-1.1724217424656578,24816828.14,18770.0
34,1989,3.2685249735759236,2.567123085457043,2.6300725010731436,-1.1775978630885755,25096798.189999998,18927.0
34,1990,3.270204457971767,2.563914279192192,2.6260543873364495,-1.1774456215959412,25244580.51,19414.0
34,1991,3.270262384041685,2.5668641665169094,2.62725786514373,-1.1765908131212688,25103683.060000002,19928.0
34,1992,3.272598303907843,2.5678707237261724,2.615745884001583,-1.1730120238696702,24412506.04,19488.0
34,1993,3.2726346184489348,2.554108770220871,2.598742823252029,-1.1727586181793699,24489070.759999998,18791.0
34,1994,3.2813375674927068,2.551598720063474,2.5942216787609214,-1.1744751271306373,24777084.8308,18448.0
34,1995,3.27775295166437,2.549897488071874,2.601421815962668,-1.1770069609396976,24967562.130099997,17845.0
34,1996,3.2711596192187433,2.542643051863909,2.592414575100353,-1.1745900126082114,25535922.4279,11757.0
34,1997,3.2596269192727836,2.5538036793150227,2.6052933259828612,-1.1720980803405456,26501661.4648,12103.0
34,1998,3.2791069284200325,2.5357669954087814,2.588916982762024,-1.178595304055105,25733392.113099996,11649.0
34,1999,3.279977448757736,2.536691330854474,2.5944632194900588,-1.1795813211895154,26540832.186899997,11892.0
34,2000,3.291869295519183,2.5309105698926824,2.5774839404705028,-1.1799746287034756,27245988.0354,11827.0
34,2001,3.301373404144727,2.512678180550599,2.555937698893708,-1.1817476977150838,27439563.969800003,11633.0
34,2002,3.3084323287908717,2.5025130460904697,2.545274182037592,-1.1830046902597826,28347714.2437,11639.0
34,2003,3.3224413981674235,2.5026266506803405,2.5280158229064704,-1.1813659824101173,27493474.835,11422.0
34,2004,3.320127752742868,2.4982543814625884,2.5271658352549093,-1.1829661570737997,27987163.8179,10804.0
34,2005,3.3239635691766027,2.4915525241723575,2.5254487143250275,-1.186123254263648,28451141.1885,9477.0
34,2006,3.3409976605883793,2.4792816153482113,2.5323186574227208,-1.1973742902695323,28476121.068400003,9278.0
34,2007,3.3438004084800257,2.4616386066801628,2.5083647491635084,-1.1970465560121255,29078817.1719,9296.0
34,2008,3.3194885316003897,2.4815337132485666,2.516447461904358,-1.1842247507115027,28512592.107600003,9286.0
34,2009,3.3349238874007097,2.476544750753593,2.495649042131783,-1.1847987229109038,28062262.063900005,9301.0
34,2010,3.3404073966272994,2.4911053924374005,2.522758691191573,-1.1915874373813102,27855606.8037,9004.0
34,2011,3.3356735958385446,2.5078946631898438,2.5360918757185034,-1.1864561164175984,27719939.032,8709.0
34,2012,3.3360872416452017,2.498724412681745,2.5456401215706244,-1.1927386693813917,27774237.0857,8492.0
34,2013,3.308915821916659,2.5135481760985456,2.5608559167857807,-1.1844538288611637,27555563.876799997,8082.0
34,2014,3.319465032397861,2.491082706675237,2.5257325432343998,-1.1837960541095092,27743366.779999997,8412.0
34,2015,3.3460170691984206,2.475000943217074,2.514210994466956,-1.1929693782007669,28779304.881800003,8776.0
34,2016,3.3516954594719195,2.4796843973638967,2.523040478294048,-1.1973822362943012,29059734.8714,8597.0
34,2017,3.3696459242780232,2.49145552261525,2.5041902330698815,-1.1921554136678532,28421020.4987,8001.0
34,2018,3.3753377783258873,2.4587153193360978,2.476895179377212,-1.1939737521389615,28576677.774499997,7708.0
34,2019,3.376107230544165,2.4638956607563154,2.5019560707660555,-1.2000318046656915,29309487.9763,7785.0
34,2020,3.407306633843799,2.457310042199487,2.4855455128624335,-1.2061927043865948,27134695.9265,6303.0
34,2021,3.4060387796499607,2.4661117857739585,2.4997992710148127,-1.2082756797251237,27182842.1343,6037.0
34,2022,3.375243867178485,2.48476443172737,2.5110300483727506,-1.1951361504338218,29799072.1411,5873.0
34,2023,3.395051345456705,2.4625034306927667,2.4905646276068576,-1.202068598020107,30179485.4929,6023.0
34,2024,3.4004073639528873,2.456375631988813,2.481686404826361,-1.203762486969536,29790765.2978,5942.0
34,2025,3.377206574421569,2.4522613103384483,2.4858580080286607,-1.1997690509547987,27865175.720299996,5341.0
34,2026,3.3758362439409413,2.459309928047549,2.480404885385333,-1.1964998400430598,5253069.6099,991.0
35,1977,3.2458701810607686,2.5043479408462876,2.6264110442665123,-1.1911976559492805,1424421.23,2307.0
35,1978,3.213294349690803,2.533427392094821,2.654460832730063,-1.1791941504399945,3240732.62,4561.0
35,1979,3.252011449957707,2.5141577352170397,2.6448001989837606,-1.196693209615203,3178585.23,4435.0
35,1980,3.2552121090424855,2.5004476953345263,2.608809350999214,-1.188907938851085,3200583.73,6472.0
35,1981,3.2612724013989514,2.5017654600647172,2.5859970240719043,-1.1823877134003677,3321004.38,5436.0
35,1982,3.2596947410118373,2.492232281083177,2.6017535874924698,-1.1931935772559756,3366670.55,4840.0
35,1983,3.2213804960789227,2.510549835888416,2.6405651206477248,-1.190227049886699,3387278.97,4869.0
35,1984,3.241625221417173,2.5080577865987035,2.607803250725092,-1.1843109803188279,3675037.38,5059.0
35,1985,3.232032064659131,2.5166441801135626,2.6006566837861236,-1.1757412801975249,3839403.1899999995,4979.0
35,1986,3.214941677530384,2.5248589854488293,2.6119808738605257,-1.170808876318857,4015174.4000000004,4867.0
35,1987,3.2024287117617094,2.505903723168145,2.6245965701313576,-1.1791868331240163,3833646.5799999996,4726.0
35,1988,3.21074598282961,2.514439293919745,2.630619528549607,-1.1823989139782163,3783913.3,4470.0
35,1989,3.1737415543719645,2.5437161460854143,2.6538797623063686,-1.1661743219740799,3943494.64,4755.0
35,1990,3.1806071707462844,2.548962873875838,2.6623161066789063,-1.1702816629547645,3996276.42,4675.0
35,1991,3.200859931870371,2.5222963341879305,2.6404833374900782,-1.179438820399132,4149652.8600000003,4535.0
35,1992,3.2051041437689265,2.5147462514095156,2.6313931382405182,-1.1809828304358927,4281415.5,4418.0
35,1993,3.2327490027301606,2.5018689852786546,2.590762601897336,-1.1768676700251692,4363224.4399999995,4268.0
35,1994,3.2559485462364015,2.496130166659633,2.5949680920293576,-1.1869986470233573,4386865.6606,4246.0
35,1995,3.2411326817333643,2.501052679669356,2.5948341810216364,-1.180416792837774,4577788.063999999,4687.0
35,1996,3.236726092508577,2.4743161247973977,2.5562938666570916,-1.177139603151303,4453757.7123,4670.0
35,1997,3.215732988821225,2.5068979215493363,2.616108405742635,-1.1795254266859976,4815567.6956,4986.0
35,1998,3.2321114927994663,2.50947379629619,2.6257034619503177,-1.1878946562427681,4885354.4032,4973.0
35,1999,3.247415563616715,2.507024839559207,2.618657674367736,-1.1903844776718082,4803156.580499999,4900.0
35,2000,3.2318972983777656,2.5088034573055054,2.61452455961181,-1.1839527035612496,5337706.802300001,5002.0
35,2001,3.2148296288955223,2.5093231805972254,2.63413158116841,-1.1864293623639166,5194491.0155,4720.0
35,2002,3.2294381704785278,2.532213048467197,2.6518464196636375,-1.1885336032294849,5282264.1677,4817.0
35,2003,3.252864815602962,2.492712173460838,2.590321295403407,-1.1889548188422474,5313615.845899999,4635.0
35,2004,3.2853779064534616,2.4558606517604438,2.5501034379034264,-1.1982880933416786,5496344.3036,4551.0
35,2005,3.2668095486894777,2.4882965657661114,2.579789710055325,-1.190926149660454,5508841.079100001,3982.0
35,2006,3.2624929440145944,2.4846061571292672,2.575420766649849,-1.188775629788714,5459765.8571999995,3770.0
35,2007,3.2730640144229057,2.4739434853767603,2.5833270675810613,-1.2003763392333984,5460479.1965,3676.0
35,2008,3.3085688595679077,2.4813135557189194,2.567006536812407,-1.2021961392070928,5683907.2197,3551.0
35,2009,3.3130669194557916,2.4928840879979566,2.553360403601193,-1.192704241559164,5504239.249600001,3314.0
35,2010,3.3168029892815767,2.483763638315029,2.5536552323735635,-1.1966052081526235,5526822.3469,3227.0
35,2011,3.2853625319287874,2.475846457935289,2.5481643605576965,-1.1903865965653118,5600149.7939,3119.0
35,2012,3.2738359307870706,2.4285042626895503,2.5342750025684353,-1.1966450896583123,5812607.3046,3062.0
35,2013,3.301068008312822,2.4341638349862347,2.5376693767446175,-1.2069969569780097,5615334.6972,3010.0
35,2014,3.302805293117248,2.4947389276406065,2.559070986826215,-1.19051233084614,5601866.6103,4068.0
35,2015,3.2655215961493282,2.5089703919542927,2.590346604962056,-1.186063665399458,5757219.355799999,6191.0
35,2016,3.2360860387375965,2.4924993119243486,2.5915980395829474,-1.1825371662251198,5799777.233,6837.0
35,2017,3.2379955377309635,2.4948758002878053,2.579043313761312,-1.1785423851941348,5780034.7414,6357.0
35,2018,3.2709057330034894,2.479343122138007,2.5820302664306576,-1.1939647836686813,6031337.4964,6154.0
35,2019,3.271162876986766,2.513664930803226,2.6050042293000892,-1.19050843496022,5881107.9331,5753.0
35,2020,3.3237932628082203,2.4970375768475437,2.56391027787273,-1.1990828327701262,5666692.7612,4859.0
35,2021,3.287236599829366,2.4800890075502418,2.562423515025008,-1.1938711952344356,5848827.9,5040.0
35,2022,3.2904596502605954,2.504802552230224,2.5888440588673185,-1.194472956195385,5654302.9402,4576.0
35,2023,3.3029530141140633,2.5111748873880564,2.603775516572248,-1.2002481828462324,5999089.462300001,4476.0
35,2024,3.289532060518095,2.4899969120694916,2.573378088613359,-1.193573568292637,6251251.972099999,4542.0
35,2025,3.2923618140222084,2.4803132537535384,2.5750384149482497,-1.1984142757220306,5658656.2411,4426.0
35,2026,3.282912620068572,2.4545844401564745,2.5699680295301643,-1.2016272753983894,1029489.2908000001,922.0
36,1976,3.224338649112025,2.5767305067662987,2.6641721071316935,-1.16996572866776,44222536.830000006,26685.0
36,1977,3.217478249866152,2.5742268608268577,2.665491361627557,-1.1683621276042075,44595943.660000004,26403.0
36,1978,3.2166319442253584,2.575149326497781,2.6550092587272087,-1.1653616525703738,48126525.48,26310.0
36,1979,3.225812728159242,2.5745600644771622,2.6514769295435343,-1.1672083462685243,49616837.51,27800.0
36,1980,3.2239990138110635,2.568380608498662,2.6378528490844784,-1.1641080970714413,50415913.17,28037.0
36,1981,3.232336202196028,2.562787117056315,2.623651331952689,-1.163762493834063,50342297.510000005,27391.0
36,1982,3.242983252630058,2.5629628875162305,2.6210035492325843,-1.1658773039376482,48602216.88,26228.0
36,1983,3.2084801789076134,2.578840636602171,2.643784170230664,-1.1601819852752135,48926347.04000001,25643.0
36,1984,3.2153283768438374,2.57454181043313,2.6360726071931304,-1.1622391130752687,50507851.43,27027.0
36,1985,3.2293133726115535,2.5662614126878385,2.630861417075241,-1.1664135999760532,52058352.120000005,30331.0
36,1986,3.2366302479019002,2.5583748280055936,2.61500070864979,-1.1654794874713175,52242249.95999999,30398.0
36,1987,3.2444319519522353,2.552234558082496,2.613618569763204,-1.1695221156127829,53543012.71,30305.0
36,1988,3.254240845848478,2.5516732383801486,2.616359002345483,-1.1740847604001081,54248357.31,22541.0
36,1989,3.2562836980941436,2.551502308411541,2.606806177809139,-1.1704204033190706,55338417.11,25750.0
36,1990,3.255008454303845,2.543517861791708,2.605393011647586,-1.173087455890392,56460358.150000006,32614.0
36,1991,3.260929507516899,2.5443969511333933,2.5957061987185135,-1.1709467144595793,54793041.85999999,31199.0
36,1992,3.269034690542352,2.5362152677323926,2.5888869769373857,-1.1747575789459153,53611755.4,29963.0
36,1993,3.2623373582448587,2.5312289052413783,2.582158653570114,-1.171754566022641,54634360.480000004,30056.0
36,1994,3.264699184224638,2.5342488695780334,2.5917263043011785,-1.174580473453958,54647045.412200004,28863.0
36,1995,3.2519854236645815,2.530031893541416,2.591883817820171,-1.1722325560885114,54358492.756799996,27750.0
36,1996,3.259217433030292,2.534395184581326,2.586708390352956,-1.172265392936703,54479433.96720001,23240.0
36,1997,3.256996272236666,2.5327588762369304,2.5872314486335637,-1.1725382758403304,56082184.5167,23845.0
36,1998,3.255221434660165,2.520939130131878,2.581201628540639,-1.1738353256106042,56409834.3453,23952.0
36,1999,3.2700669086679515,2.5059586760946266,2.5687586326518885,-1.1800390837513834,56575900.5766,23484.0
36,2000,3.259944196563667,2.511235544465402,2.576756186622447,-1.1777598490117398,58046151.7852,23323.0
36,2001,3.2765597701891265,2.5068791242037385,2.5639432599156313,-1.1788906691944916,57250542.4658,22439.0
36,2002,3.2749590577516314,2.5013506108899253,2.5548216522784846,-1.177776852168668,58989174.3132,22543.0
36,2003,3.278029532962094,2.507413045267883,2.569097058827212,-1.181970443386267,60028480.19679999,21388.0
36,2004,3.286081413507997,2.4998204925746537,2.551546928341543,-1.1798595424568432,61152237.436900005,20273.0
36,2005,3.2846055702652612,2.4953599534284603,2.5529150522145665,-1.1815102225039127,62888023.4093,19617.0
36,2006,3.296024262522529,2.4931615280216524,2.5464096060890364,-1.1848510106605903,61858754.5838,18761.0
36,2007,3.298712492705764,2.4902825320313764,2.54821714878631,-1.1860457443703198,61311723.7053,18063.0
36,2008,3.304169154539728,2.478927718821147,2.527210900316142,-1.1832372007256935,61705608.1302,18100.0
36,2009,3.3020266643422604,2.485081334910264,2.5328019586516346,-1.1826770307366277,61689335.9277,18340.0
36,2010,3.287819503033539,2.493571591933767,2.546818305717847,-1.1800269946454696,62070999.760699995,18492.0
36,2011,3.3056768940782164,2.4807816928125375,2.528951553994248,-1.183914995053305,60651794.1507,18000.0
36,2012,3.2963472104785323,2.4882439685497397,2.533428180904729,-1.1803479927699374,59326340.91770001,17297.0
36,2013,3.296092510224684,2.4872469881083457,2.5345031296562843,-1.1813126521547115,61277706.72469999,17098.0
36,2014,3.320571216106112,2.4773955650889845,2.5148634906354506,-1.1842281566958581,61203274.234500006,17065.0
36,2015,3.3282498570473664,2.470660862627596,2.511463445209788,-1.1881085315521955,61789656.94240001,16491.0
36,2016,3.3265267303683155,2.4676345508352457,2.5034202187361214,-1.184907178619024,63079752.998600006,16595.0
36,2017,3.330762010796284,2.4670226987573898,2.504185868832535,-1.1862634943670376,62640243.5937,16446.0
36,2018,3.3360624742672798,2.4617912589062483,2.5174283952586864,-1.1963925419285844,63102864.772099994,15793.0
36,2019,3.335358886179433,2.464077087163088,2.5151181377856986,-1.194077075391488,61292150.17919999,15181.0
36,2020,3.3740017877344988,2.4558073873756383,2.4818626190842275,-1.1956236341733846,57832821.9036,12535.0
36,2021,3.36128655659888,2.462342013405432,2.5044482955091913,-1.1962366353943608,58380750.276300006,11747.0
36,2022,3.357014319169403,2.4717437832036464,2.504956464228169,-1.1927763697269163,61019065.476799995,11810.0
36,2023,3.349115982859954,2.452561458048122,2.488504020477726,-1.191347704371395,62969289.9455,11742.0
36,2024,3.367417997947772,2.4449213872637574,2.4960549570985755,-1.2031287615333028,62568606.1139,11692.0
36,2025,3.3649521280375962,2.448997245003866,2.501118360106422,-1.2023618635317443,58123720.93010001,10214.0
36,2026,3.3258913228853806,2.4621691155244894,2.5235643490929314,-1.192918987239986,10714276.4141,1771.0
37,1976,3.182699546351764,2.658234831561015,2.7893317465772673,-1.1726317298876585,40169598.39,24362.0
37,1977,3.1621882944406243,2.6861722351901025,2.8159125540291825,-1.1655595637584641,29439046.94,17338.0
37,1978,3.1320273405194166,2.732489993951825,2.871222199943731,-1.160331162182444,17377620.369999997,9798.0
37,1979,3.1418789404381777,2.7009371514902893,2.8437178928365565,-1.166218529150117,17278435.99,9760.0
37,1980,3.1673047755347015,2.665200964950675,2.819312668187084,-1.1770657197458723,17842851.08,9774.0
37,1981,3.184616869557477,2.6674718069580585,2.797950607538484,-1.1735804300561252,18404186.69,9453.0
37,1982,3.1980719740498254,2.6517904683954456,2.779232899821967,-1.176153266637346,18228698.85,8873.0
37,1983,3.128843062991015,2.6999956127505897,2.8399270391494653,-1.1617956563979144,18010387.18,8811.0
37,1984,3.109282177819369,2.700611639146186,2.835869207629357,-1.1547311525201638,18512139.759999998,9868.0
37,1985,3.132003129250511,2.69407288274909,2.8068604846825185,-1.1538920933217716,19044020.64,16630.0
37,1986,3.1300002381376744,2.6895729829363795,2.8137230701242983,-1.1563335740015945,19413899.020000003,18314.0
37,1987,3.125903152239345,2.7072895109650714,2.8200465230011798,-1.1508396276280215,20440807.890000004,19293.0
37,1988,3.1441859965948034,2.6857767392394005,2.7987121725532202,-1.1576470756688066,20805031.260000005,19757.0
37,1989,3.1544656787034935,2.678589041629345,2.8065997390258004,-1.1657367304376414,21705954.650000002,20411.0
37,1990,3.154911268963263,2.6784688582229403,2.8038417734040917,-1.164740700411416,21644468.259999998,20006.0
37,1991,3.1569782766390384,2.6840160954345964,2.804352373169016,-1.1634255060517424,21435767.47,19122.0
37,1992,3.144897861772688,2.6837950107132342,2.7818331678645647,-1.152170592562644,21862538.15,19188.0
37,1993,3.159345513194524,2.664906053063986,2.763235554405633,-1.157078238822382,22403177.840000004,19173.0
37,1994,3.1734103531264877,2.640553400168988,2.742624951678781,-1.162806963001548,22490627.531999998,18086.0
37,1995,3.1821179742066725,2.6471932470277144,2.7397677002210776,-1.162494778526188,22470785.407500003,17096.0
37,1996,3.1900018958025176,2.637843934328801,2.7227684661426674,-1.1620709773055313,23200967.1369,10058.0
37,1997,3.1968595559135986,2.6265394201431946,2.714402713993446,-1.1673191123424385,23699737.708499998,10278.0
37,1998,3.217222032348235,2.6067262835636584,2.707365424410391,-1.1779403162307225,23712625.069799997,10103.0
37,1999,3.2186512731814476,2.593764960554691,2.705927371734281,-1.1806198400226016,23733527.2042,9960.0
37,2000,3.2116689824747113,2.6115892493701707,2.7066853274014666,-1.1738493962878662,24368393.5191,9462.0
37,2001,3.2295302983432093,2.5890695821348704,2.6899219152423886,-1.1811232055536274,24476718.104900002,9149.0
37,2002,3.2203067376327703,2.5840351565783215,2.6706137813791364,-1.1726640698464206,24138662.5044,8807.0
37,2003,3.2491485833413574,2.573253434655093,2.640018580048973,-1.1751948757322965,25170379.921899997,8998.0
37,2004,3.255897012965888,2.5719539407529592,2.6255748686172202,-1.171854541968594,25527422.766599998,8929.0
37,2005,3.2272865729106823,2.5716369723400643,2.642547309488751,-1.170026367621083,25790880.2124,8347.0
37,2006,3.2448740188238396,2.570772836423155,2.635222832045294,-1.1716962490489913,27130641.882200006,8290.0
37,2007,3.2648640243059392,2.5368077980548334,2.6209770171543125,-1.1857111695475808,28021349.9949,8305.0
37,2008,3.2672193330352624,2.5158986581098843,2.6130569656809657,-1.1915828032277804,28108732.354199998,8264.0
37,2009,3.2927083327730977,2.5175626549721084,2.595870537152518,-1.192599020856513,28365023.8264,8344.0
37,2010,3.283777929245604,2.5299206110938286,2.6082464780379104,-1.1907051638948767,28337234.1017,8172.0
37,2011,3.287763245197163,2.531412358601502,2.616930621756698,-1.19320355813876,27667700.4226,7736.0
37,2012,3.260016837522063,2.525472614965111,2.5939347294955977,-1.1778896918238404,28360588.0669,7769.0
37,2013,3.2609864435023743,2.5434691988852816,2.6167618947075053,-1.1821548043918677,28673894.802699998,7882.0
37,2014,3.263942900398695,2.5450240284658325,2.6153020478661753,-1.1807186414952526,28568372.8789,8093.0
37,2015,3.256278548865589,2.558193665286711,2.6285107105057506,-1.1773799131762988,29167472.505500004,8573.0
37,2016,3.2674467894365016,2.537611863235293,2.60915883194879,-1.182211239624831,30362145.397,8822.0
37,2017,3.308261910508375,2.5379752772150805,2.608535999711055,-1.1940304186167228,30743511.1717,8677.0
37,2018,3.31181943976041,2.5358780705859543,2.6110847632019496,-1.1947638173795827,31252202.803900003,8252.0
37,2019,3.306152689993096,2.521319015528243,2.5817826505101675,-1.1882474956244025,32210874.9573,8323.0
37,2020,3.3137549781425015,2.5357041855034494,2.593228409657922,-1.1906749651529,30376538.9035,6676.0
37,2021,3.3088020201814063,2.535928884505497,2.592965955492447,-1.188074284779148,31477931.781400003,7544.0
37,2022,3.3303515789902467,2.505969505526664,2.5585397271051553,-1.194079118553355,31103879.8016,7152.0
37,2023,3.2929412229043415,2.5370142305483285,2.584467150085752,-1.1796416148686386,32773936.4157,7466.0
37,2024,3.325321766272082,2.525545171105188,2.5835515151379256,-1.1937868603201243,31156324.655199997,6663.0
37,2025,3.293342638408151,2.513020699950562,2.58807761311719,-1.1887654977566928,29923946.2527,5749.0
37,2026,3.345787979022757,2.4925562644545987,2.58593028535541,-1.212480690142315,5565620.9481,996.0
38,1977,3.1958450403886745,2.4996857305027445,2.67461603803849,-1.1921250228364162,776294.75,2279.0
38,1978,3.2335518925277746,2.496742054602919,2.6455030310844645,-1.195603767871782,1635574.8,4620.0
38,1979,3.2334948159351433,2.4756442683062936,2.6176008648207207,-1.19324561806049,1741625.3,4807.0
38,1980,3.224857417319269,2.4968749441429763,2.6206222396401766,-1.1838176133261769,1726175.31,7016.0
38,1981,3.243863046365225,2.491562612534015,2.6213315555852823,-1.193575703668337,1817234.73,6393.0
38,1982,3.2407983596738488,2.4828649350259018,2.5937352880617244,-1.1867325489547094,1771606.2200000002,5919.0
38,1983,3.2211521539576244,2.500616820887034,2.605324172614107,-1.1838450415538526,1753277.79,5589.0
38,1984,3.213620894214862,2.5113781740284473,2.619138586183919,-1.1812196156739694,1781205.77,5500.0
38,1985,3.189105236892542,2.52729767270114,2.6400472274502933,-1.173736525547757,1894477.21,5945.0
38,1986,3.1938771594583857,2.5428310991100243,2.6622665426988203,-1.1771356476975567,1937023.0399999996,5921.0
38,1987,3.2064062621412206,2.5071358034102205,2.6228040666130243,-1.1814698331133326,1917757.99,6069.0
38,1988,3.2278233347383782,2.5129133117869675,2.6036206603567065,-1.1773795508606615,1986212.1300000001,6298.0
38,1989,3.2399246322773947,2.5063414081249085,2.616278801031574,-1.186013307010752,2031875.25,6349.0
38,1990,3.2290181736980585,2.5090701208184516,2.6292915143597675,-1.187317706281382,1983807.2400000002,6266.0
38,1991,3.2191155036415138,2.517678671903777,2.6115445779473028,-1.176735475129032,1955269.67,6199.0
38,1992,3.200164074898649,2.5340778610708403,2.6334313671208704,-1.1724542572597343,1903276.13,5929.0
38,1993,3.198985925123506,2.5217367752087485,2.6290010834240856,-1.1745060926026882,1979366.0499999998,6103.0
38,1994,3.221575329047169,2.5050060271809587,2.6142976052980695,-1.1819643643582238,1972277.7244,5824.0
38,1995,3.21792847443436,2.5220809815006513,2.624611144333284,-1.1788689716225786,1963283.1435,5209.0
38,1996,3.218970806264678,2.528850625272225,2.6382546984146673,-1.1807800730020346,2053226.1282,5164.0
38,1997,3.2170595563271682,2.522827987018403,2.6138359628714474,-1.1754503354073602,2052293.6121,5106.0
38,1998,3.214564850018524,2.513041590316595,2.6152132883907133,-1.1776276173328424,2061294.2012,5215.0
38,1999,3.2355086960559776,2.5063866698013584,2.606937037516192,-1.1833878590120452,1998824.0884000002,5084.0
38,2000,3.241382885873503,2.507403093354288,2.6138541409471525,-1.1867092197152342,2108017.369,5264.0
38,2001,3.2280786186865593,2.516718321601078,2.617085887625236,-1.1824696671774122,2099193.364,6200.0
38,2002,3.230350669135322,2.527837282584451,2.6534779754484896,-1.1910023100554326,2165527.5522000003,6561.0
38,2003,3.2218123486498573,2.5323337047567755,2.6287655465546402,-1.1793003692896182,2231352.9543000003,6683.0
38,2004,3.2659386569444733,2.522089779741948,2.596404214249948,-1.1827973246054344,2136593.2279000003,6361.0
38,2005,3.2693913726648653,2.520337190406921,2.5913761221016562,-1.1824390821022384,2161403.6265000002,5801.0
38,2006,3.2620580523631237,2.5232330801490725,2.5784100071886917,-1.1755275980966984,2250099.3614999996,5976.0
38,2007,3.245877997513383,2.521933314082395,2.5969669057542837,-1.1783305480506554,2198058.3247999996,5805.0
38,2008,3.253848920725977,2.512778428124135,2.595503019966118,-1.1845169589031717,2332955.5449,5978.0
38,2009,3.265199390329122,2.516445452862368,2.6034951216714215,-1.1876816043955276,2239455.6599,5706.0
38,2010,3.2689051001728715,2.5170101138567453,2.57742194870025,-1.1784431402561382,2252700.9450999997,5890.0
38,2011,3.2653708376332498,2.5151667552170736,2.583592487114985,-1.1796647124669106,2265291.8865,5674.0
38,2012,3.29685327160688,2.4998370821970237,2.586367802707762,-1.1947781719451176,2403257.9721,5831.0
38,2013,3.2836412067766934,2.5219915651918883,2.582369898679123,-1.1836142309845905,2475723.4020000002,5905.0
38,2014,3.2485139958240334,2.5288158013993853,2.5913241338727335,-1.1751775537217224,2461522.8401,6067.0
38,2015,3.2618188013096407,2.537433302625475,2.6032957207211047,-1.1795055564621337,2428893.7907,6168.0
38,2016,3.258622647650126,2.521072171414365,2.602626399584607,-1.1829904249325915,2530688.3626,6304.0
38,2017,3.2859661598958545,2.4987050095414216,2.5701297598316626,-1.1873715653806405,2339678.3314,5868.0
38,2018,3.259481135769237,2.525841234087426,2.622653041552558,-1.18968261911366,2329073.6311999997,5548.0
38,2019,3.299891253278576,2.501594128697914,2.5813430456271456,-1.1947086133418585,2422981.3013,5803.0
38,2020,3.3274406759444597,2.49765039258769,2.5907186264733504,-1.2084197965522563,2411844.7567,5553.0
38,2021,3.295959535737449,2.4999983370520917,2.592423945360179,-1.1976070763769635,2475697.8438,5615.0
38,2022,3.314567929014909,2.508969905472084,2.5845679301203317,-1.1988192945378997,2585833.9102999996,5254.0
38,2023,3.3393833367427352,2.5207265681646542,2.59533665134758,-1.2044101571688255,2579345.5756,4720.0
38,2024,3.3052311430965253,2.5229544530392762,2.595112284079278,-1.190876475054169,2579360.2111,4634.0
38,2025,3.3185120241365333,2.5074662467303033,2.5902082352480305,-1.1975817931453816,2433062.2010000004,4271.0
38,2026,3.346899175248311,2.4583009777999996,2.5813769006036766,-1.222274996685515,464262.2085,746.0
39,1976,3.1810014755778027,2.594402543126001,2.721497112788773,-1.173431275295738,26467857.42,16433.0
39,1977,3.1773123032434127,2.584867936304789,2.712018316040062,-1.172069695012047,26983257.95,16561.0
39,1978,3.1723451066404116,2.597982160313111,2.7275708824848905,-1.1715809993518227,27913466.560000002,16633.0
39,1979,3.196587059948376,2.585828774449669,2.705183626639513,-1.175954115847159,28386659.74,16551.0
39,1980,3.207192764293474,2.584827249138433,2.687082480198967,-1.1716582195267156,28510420.54,16258.0
39,1981,3.1988966274914867,2.5849593598195777,2.675342645801752,-1.1650765530500733,28986326.57,16300.0
39,1982,3.208151080765461,2.578050655167477,2.6590045882915483,-1.1658269945881234,27926082.619999997,15736.0
39,1983,3.1844252124745998,2.598784577238266,2.695422775373378,-1.1657855911425925,28065629.47,15538.0
39,1984,3.1909984364234503,2.599032614598372,2.6998061591714007,-1.1693813191524682,28514449.06,16195.0
39,1985,3.1915663785445583,2.594786533857114,2.6886076182860523,-1.1668007909881692,29356176.380000003,17314.0
39,1986,3.1995893197493657,2.596444312797742,2.687571919743257,-1.1687106263858855,30420045.46,18232.0
39,1987,3.1999969920570694,2.5916625418315635,2.6906175917074373,-1.170413306760887,30366180.770000003,18281.0
39,1988,3.2028615866158527,2.594717707051942,2.6970118850191596,-1.1724837575301026,30485052.650000002,18153.0
39,1989,3.2050801497762618,2.592179396808898,2.679909240482798,-1.1677749089046756,31649937.630000003,18966.0
39,1990,3.2089791593188814,2.591297264295237,2.6765532123420104,-1.1684503316075758,31337599.42,19127.0
39,1991,3.215215684273994,2.597536177406389,2.673923764627954,-1.1667474831326359,31707760.780000005,18997.0
39,1992,3.2328367103693854,2.5825598974515334,2.652851649409974,-1.16937464717697,31405606.09,18897.0
39,1993,3.2290393388766963,2.5734902573997473,2.6501380383844704,-1.1711392974813692,31650599.62,18675.0
39,1994,3.210874837594325,2.579514986310227,2.6521164124485845,-1.1643283406145057,32792428.556099996,18259.0
39,1995,3.1984540253276292,2.560875096888396,2.6481426108536774,-1.166517674376628,32895179.593499996,17811.0
39,1996,3.209166253499778,2.562837794787088,2.6462112353155014,-1.1682038166213773,33919870.8496,14075.0
39,1997,3.203978912387797,2.5758599101408133,2.6536643874282433,-1.1652090948408866,34165514.4526,14061.0
39,1998,3.2253843132576043,2.568333981315002,2.635887939431972,-1.1670634044372818,34459810.435600005,14191.0
39,1999,3.2436489283618566,2.553340752697216,2.6234023211281836,-1.1737353996651179,34252558.8003,14282.0
39,2000,3.2445879144816803,2.543946876887196,2.601522546119225,-1.1696417214557242,33680853.7358,13992.0
39,2001,3.2404825092168728,2.5446868230520323,2.611657227573395,-1.1711328039452982,36118200.0985,14291.0
39,2002,3.2362526136668834,2.5413851929099223,2.617151659292273,-1.173254960429889,36974212.3572,14412.0
39,2003,3.234359075291926,2.5528484996396807,2.624735574645574,-1.1725718492342971,36673372.355,14186.0
39,2004,3.2309116171251713,2.549251162094567,2.6136825000613615,-1.1681259183410901,36041443.402499996,13138.0
39,2005,3.2326585132550956,2.5492214254609715,2.620898153896701,-1.1722597533452737,36916491.1873,12790.0
39,2006,3.247889498310961,2.5593199240481384,2.6223337075644753,-1.1718930585405352,37436700.264800005,12470.0
39,2007,3.242916976557411,2.564320072632587,2.633175849539086,-1.1733029798238315,37517613.3344,12162.0
39,2008,3.2556537574106112,2.5480450880151855,2.6153098633257197,-1.176150788691509,37390909.619,12172.0
39,2009,3.2231905985321516,2.55281916822023,2.6354005631126203,-1.1703829612572458,36174844.3598,11952.0
39,2010,3.233766307349282,2.559447331539939,2.629254627773955,-1.1713577176885805,35542178.7056,11581.0
39,2011,3.2379363799004643,2.5560306877805177,2.6432117480124266,-1.1785627664863645,35064997.3729,11065.0
39,2012,3.2412512543828687,2.5588867537179736,2.6290208852656343,-1.1740900839357267,35452587.0307,10894.0
39,2013,3.243057137908559,2.5517601356855883,2.6242038516563446,-1.17450768987159,35011637.3448,10911.0
39,2014,3.2703118932492927,2.54586269926446,2.606056244022945,-1.1778141232944508,36026620.6632,11028.0
39,2015,3.268764670377545,2.5512815743225734,2.607434282874378,-1.1749091966482166,36141272.08939999,10545.0
39,2016,3.266224892929252,2.5412367126117084,2.609775270265842,-1.1793545868532669,36343100.5448,10658.0
39,2017,3.2733160003548614,2.542032744245251,2.6226170627934913,-1.1857963435530874,36846419.6673,10575.0
39,2018,3.29170192215872,2.5337878304798913,2.608283089560702,-1.1903961907413292,37122659.9594,9944.0
39,2019,3.3109779748330226,2.5317544333096027,2.607645632423683,-1.1948475187550542,37719973.8917,9371.0
39,2020,3.3125196267289456,2.537857823779468,2.605916756930523,-1.1924495481746105,35307994.8992,7869.0
39,2021,3.281616242094369,2.539518391061139,2.611576763366088,-1.1855758991796306,35438211.8616,7865.0
39,2022,3.2877898477818785,2.5411553873472856,2.6111830629997157,-1.1871894651624435,35946011.1793,7272.0
39,2023,3.333837900918223,2.5067018914262498,2.5774287941380014,-1.2013573660931602,36732624.6756,7264.0
39,2024,3.3299564612762893,2.505901067094722,2.5848357464285425,-1.2029999770742468,37850627.9444,7786.0
39,2025,3.310405378908106,2.511819472559594,2.5899155498239117,-1.195088976439808,34552870.3565,6721.0
39,2026,3.286388342220259,2.5141784287222793,2.572015797378303,-1.1809394196490741,5925414.377900001,1084.0
40,1976,3.196105590240168,2.563786331274252,2.6874443708434663,-1.1733666302891874,10987397.66,6718.0
40,1977,3.1883619440885527,2.5677904765128154,2.7115850289520966,-1.17796924870907,9581573.92,5590.0
40,1978,3.2121186422540657,2.572952697850097,2.676917206026005,-1.1697648066136361,7181855.28,3826.0
40,1979,3.2440051137776096,2.5515258194057435,2.6279086055579763,-1.1708934485408746,7454587.33,3788.0
40,1980,3.2170391934880205,2.5604188712236615,2.6595491416791295,-1.1704862620483885,7733545.569999999,6817.0
40,1981,3.2196296664713424,2.5470888145500963,2.66479933487804,-1.1777392695466036,7826413.060000001,6184.0
40,1982,3.2087334203139983,2.5467601493695184,2.6577367857986665,-1.173013581477213,8010509.92,5812.0
40,1983,3.1692708624074513,2.564864225614849,2.6690990257514398,-1.1634051856306462,8302612.240000001,5865.0
40,1984,3.1693761465754413,2.57567359494342,2.6793274305322896,-1.1636777260422622,8615580.1,5883.0
40,1985,3.1753205431300606,2.5813759062291193,2.6926073362519527,-1.1664748314191,8789875.52,5551.0
40,1986,3.1751494557270292,2.5657664191800067,2.6581857061993874,-1.1595679462828148,8964907.84,5197.0
40,1987,3.1962578618694746,2.562261987742472,2.648632131845569,-1.1639365097437355,8669560.649999999,4759.0
40,1988,3.1919799421659527,2.5686356630119835,2.6734532173513825,-1.1676090069215366,8606298.29,4744.0
40,1989,3.1921597261032773,2.568775572627492,2.6731780644818994,-1.1666841546423405,8805833.6,4796.0
40,1990,3.213683600310013,2.561446754250636,2.664757782407083,-1.1752039774640388,8571018.129999999,4887.0
40,1991,3.233133864060127,2.5350425743978864,2.6231492640208587,-1.1751134372917065,8535399.77,4746.0
40,1992,3.2048815933764843,2.557803896964359,2.644764910361369,-1.1671457598791293,8724398.14,4912.0
40,1993,3.2185655358969623,2.5506181042171514,2.65318889044404,-1.1755379467208622,8562371.05,4963.0
40,1994,3.2068391377214605,2.5511784817027863,2.6422481265607183,-1.1697348116388047,8710805.6265,5005.0
40,1995,3.2206475523027507,2.5637283144230225,2.640778541376327,-1.1704892729237037,9099678.0847,5245.0
40,1996,3.2058042419366157,2.5646204609673005,2.654324606985245,-1.1701762130764615,9328285.597,5280.0
40,1997,3.2326593895268254,2.5570714489747086,2.641556393769529,-1.1758732891926778,9243452.9485,5168.0
40,1998,3.2250146132425823,2.547786437847841,2.6490398755197107,-1.1786245012986531,9601466.4577,5352.0
40,1999,3.2340166966487707,2.5392134510253377,2.6392820286510354,-1.17997016447561,10126555.808199998,5589.0
40,2000,3.23009419623467,2.5470721168729895,2.6291197424362123,-1.1746190822084157,9743892.0056,5279.0
40,2001,3.2442614094561186,2.5361441415576857,2.644977212125319,-1.1883801445374447,9749108.493800001,5361.0
40,2002,3.2347665172637314,2.5335416363748533,2.6278474766535096,-1.1784599863992442,10112542.2408,5491.0
40,2003,3.253097615867042,2.5394266813815736,2.6182627686112214,-1.1802734816669145,10022748.8392,5093.0
40,2004,3.2423816622980097,2.554954067568057,2.6071114613889113,-1.1682344832772054,10653221.467,4880.0
40,2005,3.2512006173923504,2.5422589039300982,2.6063020893470346,-1.1738816230719742,10617982.561,4861.0
40,2006,3.2324764626924867,2.5467866411306734,2.608414675890908,-1.1674584894181423,10573641.198099999,4957.0
40,2007,3.2620935557250754,2.5268748317331373,2.6051276414580324,-1.1826572101761417,10984754.919300001,5065.0
40,2008,3.2730460221805258,2.5293430354766366,2.6373984856539723,-1.1967306965635265,10898712.569,4889.0
40,2009,3.248816007800192,2.5374794418231756,2.6288063908213375,-1.1828535768372872,10460204.8232,4792.0
40,2010,3.2448435366234745,2.531940985455521,2.622506553542398,-1.1797846333159951,10650394.3617,4877.0
40,2011,3.274676637621342,2.5231143856647464,2.62929052146665,-1.1975089068175946,10488817.0277,4528.0
40,2012,3.289625335618136,2.5206469198943235,2.628762761403189,-1.2017944876182118,11151834.3948,4531.0
40,2013,3.2456010542535325,2.5222524764553573,2.606065720055581,-1.1811059587074997,10952484.548300002,4445.0
40,2014,3.262758785692077,2.5397449724838026,2.620336708551239,-1.1837480234766373,10722419.8759,4910.0
40,2015,3.2552991477242497,2.550972668618928,2.63842841222461,-1.1822343922452223,11369986.3604,5705.0
40,2016,3.271021161340663,2.5296339951128015,2.6173930063917643,-1.186073175502168,11237799.4679,5565.0
40,2017,3.288863722087411,2.5273460758737962,2.6009107980094606,-1.1883067491332284,11343592.4046,5570.0
40,2018,3.27936679867042,2.5489950241697024,2.62070713700604,-1.187098277057152,11099354.4029,5299.0
40,2019,3.289766642223048,2.542664973878503,2.6461715694960977,-1.2010557354166596,11406946.8063,5195.0
40,2020,3.289529916960978,2.516400432734341,2.6374331906641695,-1.2078121882030677,11170115.3342,4553.0
40,2021,3.2424037710194584,2.55330620007925,2.6421747775605477,-1.1803024824876667,11477942.2398,4563.0
40,2022,3.304812319071395,2.5176587880316816,2.582644529010628,-1.192027039626978,12083913.423799999,4522.0
40,2023,3.3128868526345583,2.5140374241598726,2.574253250153286,-1.1888221285090668,12439196.1363,4681.0
40,2024,3.309078058643771,2.529838511158392,2.6230175580587898,-1.1983848803100166,12829718.472299999,4587.0
40,2025,3.271288142628325,2.5388564199047416,2.6297689030296634,-1.1866974597512236,11332679.0027,4026.0
40,2026,3.3033785137412726,2.51915591129265,2.6118900366694486,-1.2009594767885543,2051954.787,723.0
41,1977,3.1744903170678445,2.516568726882757,2.692922261967183,-1.1883827483052958,3239671.1,2225.0
41,1978,3.1945924535302797,2.531692978989056,2.684442065147138,-1.1865194194374322,6648218.91,4527.0
41,1979,3.1935916317056736,2.5477813718241005,2.675262169102902,-1.177177082616824,6582448.98,4614.0
41,1980,3.2369273550359177,2.5193673103761918,2.6235762604272668,-1.1831845678348256,7087912.72,7465.0
41,1981,3.2251729966042864,2.507325058369359,2.6162672515817884,-1.1799426618756228,7393517.15,6424.0
41,1982,3.242867661102536,2.492839375364873,2.5839885351997807,-1.1823454321866853,7018113.72,5257.0
41,1983,3.1833492356747697,2.5457518679189577,2.6389018424649384,-1.1674194373922955,6954696.5600000005,5324.0
41,1984,3.1766811242124553,2.547060635927214,2.647625553274865,-1.16573877917401,7045839.21,5139.0
41,1985,3.16463679349724,2.55456766573157,2.681709075372198,-1.171112726581546,7479870.5200000005,4213.0
41,1986,3.1785991360562056,2.553152728240524,2.6534411167660386,-1.165634882233239,7584568.02,3960.0
41,1987,3.1934473221134927,2.5533020885582998,2.641089077658645,-1.1660186948853446,7885519.03,4236.0
41,1988,3.2118642098418833,2.5655331728399746,2.6700803320413597,-1.1757687177797134,8082297.73,4280.0
41,1989,3.209943243182193,2.5545059835573953,2.6794438244877585,-1.1828477157306807,8389986.06,4534.0
41,1990,3.2364446193292578,2.5451461360629737,2.631411285237515,-1.1796297906029867,8335812.31,4501.0
41,1991,3.250623598906011,2.5118389857748746,2.6165547087502663,-1.1884199202817827,8424282.18,4541.0
41,1992,3.2471870577092665,2.524648243933359,2.6099682050289332,-1.1801948776922786,8707561.17,4515.0
41,1993,3.2502154953413944,2.5147269787950286,2.6085216627416896,-1.1834470941785151,9235784.66,4573.0
41,1994,3.2508075500883495,2.5385500240199095,2.6066357659999966,-1.1747911353569493,9544622.785500001,4532.0
41,1995,3.2428725414143336,2.5352702412898585,2.6101109101806013,-1.1757833945859042,9537677.601599999,4411.0
41,1996,3.2226532301350717,2.5569492062743464,2.660849050716431,-1.1802605632676453,9233874.181499999,4170.0
41,1997,3.2076862564572033,2.560441634759983,2.646538801883835,-1.1707137426280454,9251755.181699999,4143.0
41,1998,3.235611875639501,2.510508172109916,2.619510259331767,-1.1869138569515323,9492446.8533,4318.0
41,1999,3.2329997135494555,2.518329790708435,2.6102594071136154,-1.1810653070232093,9352759.6805,4338.0
41,2000,3.246884269548187,2.525757904378459,2.606919366509497,-1.1812602937760677,9639959.8983,4228.0
41,2001,3.2362190405556914,2.5346757687305943,2.6219956899345127,-1.1779551387352396,9598833.3746,5568.0
41,2002,3.2311095617954906,2.5353172146464193,2.6143217852858833,-1.17452325780545,9993157.6262,6347.0
41,2003,3.2241272998416783,2.522866814740392,2.5973791597829226,-1.1707430232106122,10201382.176000003,6455.0
41,2004,3.238936214029891,2.5199443042786305,2.6182850609473043,-1.182580633276126,10243126.7203,5825.0
41,2005,3.2599143458541744,2.5062318905326366,2.5965595860631816,-1.1872609735682806,10569573.494900001,5489.0
41,2006,3.242825388564345,2.5151894980995064,2.600729475134475,-1.1801343246518865,10623682.2687,5343.0
41,2007,3.2542658886113176,2.5013897644067145,2.5788069690160103,-1.1787387633070334,11054911.1352,5414.0
41,2008,3.276849998814957,2.503100512008442,2.565236580931487,-1.1822639052646868,11138595.7139,5527.0
41,2009,3.2552024119248824,2.5172928403030395,2.5845159835639997,-1.1767076192779624,11077767.083700001,5685.0
41,2010,3.2357794058792595,2.5069371388378503,2.609435544329226,-1.183709743330601,11271981.8654,5635.0
41,2011,3.2492789890863683,2.4964415055408415,2.5709701974574672,-1.1769514158966083,11396406.5829,5710.0
41,2012,3.2744025410010287,2.4907734873683576,2.5716850786619005,-1.186980825522029,11189164.1084,5496.0
41,2013,3.26056276034162,2.507323895887748,2.580437573625604,-1.1795806097307873,10845321.1401,5219.0
41,2014,3.2718199671130823,2.5111568874658676,2.589263245689691,-1.1845084824593828,11360727.5066,5458.0
41,2015,3.2694558473943127,2.4983352066464577,2.6000276788171974,-1.1942190748515698,11836416.1777,5775.0
41,2016,3.2649553269023266,2.4746657278071575,2.5638762942694737,-1.1889410341946207,12504796.3031,5970.0
41,2017,3.2937804568036104,2.4757494329141974,2.5603159569046285,-1.1954159455467968,12595788.5953,5717.0
41,2018,3.3053685835912394,2.481826660544971,2.5616549578202834,-1.1974541218481418,12578723.824500002,5390.0
41,2019,3.3141962131894314,2.502238303389103,2.57951604368519,-1.1987143873351962,12512283.2482,5456.0
41,2020,3.35060271882697,2.4761601187718014,2.5628099301328633,-1.2119382555241078,12540401.0986,5076.0
41,2021,3.3409684699253686,2.4943528202321428,2.5689674083350442,-1.204120342470727,13061555.625,5344.0
41,2022,3.3486755599290277,2.4708521878977896,2.5454288392717284,-1.208233572930886,13121810.814399999,5085.0
41,2023,3.3284344843916025,2.4780854726738695,2.544773343920906,-1.1962694367020583,12432329.7767,4593.0
41,2024,3.325309515521715,2.485292946546784,2.5626344277363042,-1.1980818464887695,13046726.082,4668.0
41,2025,3.3213360289179823,2.472634317105676,2.5570710034310737,-1.201286638479806,12065737.186,4336.0
41,2026,3.3223536190480027,2.4755994735803033,2.5365734016719257,-1.1937771010322138,2159077.24,799.0
42,1976,3.146442237458542,2.6154963218718095,2.765059529523636,-1.1685725442449413,29859208.65,18137.0
42,1977,3.1502241282139565,2.610405566737618,2.7620710015542063,-1.1696731069379542,30119427.11,18244.0
42,1978,3.1588159771594784,2.612570750364611,2.748430873903767,-1.1662333360291568,30389882.69,18189.0
42,1979,3.1684653979522595,2.6177343349773436,2.730172026058411,-1.1617913132447544,30608555.0,17784.0
42,1980,3.1847533270442896,2.5919672136641143,2.700370726865283,-1.1661592432905619,31877207.929999996,17858.0
42,1981,3.1740035148139163,2.602344700494724,2.717837671108601,-1.166389656189011,32553326.92,17678.0
42,1982,3.185072888505794,2.5984379119216188,2.711427055233514,-1.1690606770401488,32797167.96,17456.0
42,1983,3.165431268165199,2.6226631399394176,2.7079863981156143,-1.155355179152785,31957890.72,16536.0
42,1984,3.1606797508573443,2.619772210231553,2.717095526479146,-1.1583969045079614,32247418.99,16709.0
42,1985,3.1776115225265995,2.618855630076906,2.717163634407571,-1.1627495639484378,33292055.369999997,18221.0
42,1986,3.1716903660402913,2.6081828232181135,2.707146048310285,-1.161431992328109,34144249.15,18662.0
42,1987,3.1742774281237764,2.6107929186537624,2.7024842354546212,-1.1584832276085373,34218327.76,18011.0
42,1988,3.180380191112665,2.6150018272096567,2.697992343620503,-1.15801073156574,34997434.77,18347.0
42,1989,3.1890596910916975,2.6269310580078513,2.7161285521641485,-1.1628515891893374,36033426.67,18769.0
42,1990,3.203981482930948,2.6189898342121927,2.705684404037121,-1.165692178157284,35130815.769999996,19019.0
42,1991,3.206168012068538,2.6011796738762603,2.6807705785967473,-1.1646560594817201,35718015.95,19419.0
42,1992,3.197279262040838,2.5892881944911035,2.6627909880169582,-1.160796202348518,35775275.54,19626.0
42,1993,3.195368936328536,2.598229984582678,2.6762304294070485,-1.1615935984683683,35957772.95999999,19126.0
42,1994,3.2087087524307427,2.5890684103481316,2.663946141398097,-1.163444705892983,35942948.4283,18545.0
42,1995,3.2186211332058705,2.574867237584695,2.6556632909715,-1.1692106263207385,35383005.0485,18170.0
42,1996,3.2288150272549476,2.570278675368428,2.6501309933208526,-1.1731362270560821,36610970.091,16121.0
42,1997,3.2463607418787697,2.5581442553385836,2.632279317685528,-1.1760877468839814,37251424.2926,16063.0
42,1998,3.2370731822874537,2.569352976074631,2.632536958062608,-1.1692225270788175,36652006.665300004,15981.0
42,1999,3.227178540573861,2.561400070462504,2.629194118392228,-1.1676020065868375,37599025.8759,16229.0
42,2000,3.2400215946640567,2.545953334006853,2.6225533046324645,-1.1749154210004673,37825141.4242,15762.0
42,2001,3.2623496469515727,2.525452398337376,2.5998588534064426,-1.181636769828263,38102145.5775,15893.0
42,2002,3.256145957223964,2.541577826694113,2.611766486487648,-1.1782223370929288,38997594.9308,16318.0
42,2003,3.267516570451601,2.569302756865602,2.6119991343793103,-1.17201063696755,39109601.5319,16373.0
42,2004,3.266660675262118,2.563380215858532,2.6148160129123275,-1.1741295327757777,38739585.701299995,15369.0
42,2005,3.261373993019534,2.552012169236909,2.6023708321196057,-1.1731835918847637,39170367.367699996,13919.0
42,2006,3.256354817201751,2.548221898984165,2.610360135775434,-1.175308730741396,40033336.3045,13426.0
42,2007,3.2692249382177496,2.548328718826446,2.6032001616372917,-1.177966568089018,40754737.5623,13330.0
42,2008,3.281415009388837,2.5430540940560844,2.5938048279780594,-1.1798696279272511,40587582.8919,13531.0
42,2009,3.27339541060118,2.5347046827139637,2.5976871553862524,-1.18054326017529,38841733.136,12876.0
42,2010,3.2715727691416157,2.5285813133640773,2.5925027004232795,-1.1802687513519836,39187727.073599994,12601.0
42,2011,3.2493316454278673,2.548804135812247,2.6085937525703824,-1.17217136367155,39297194.9393,12426.0
42,2012,3.2613400257386664,2.545981964338586,2.617310827092258,-1.178551982615845,40651626.5675,12706.0
42,2013,3.277981251218248,2.533978836853078,2.595960121249888,-1.182077354568785,40166528.14749999,12520.0
42,2014,3.285679153743958,2.5490372934781926,2.6148882997887877,-1.1845398471539321,40725088.163,12402.0
42,2015,3.283627783084273,2.5420410853898434,2.5887135949967695,-1.1772120248963036,41483912.472,12042.0
42,2016,3.285299397970966,2.5444417115004008,2.612067635369805,-1.184639554711979,41247588.6691,11848.0
42,2017,3.2934850579845274,2.546117095784879,2.6144733708629353,-1.1873591621081985,40970759.980100006,11293.0
42,2018,3.3167705963018417,2.5313791371629812,2.588406016237043,-1.1904403172025466,41119144.77159999,10774.0
42,2019,3.308017256324488,2.4999383851471446,2.5701889791391004,-1.192688865432196,40736408.2819,9946.0
42,2020,3.324809472049041,2.529564455459981,2.5999957343496196,-1.1987167899286726,39198773.5733,8556.0
42,2021,3.3127708037214405,2.536500538763253,2.5841155115448426,-1.1861404539574893,38953601.5829,8734.0
42,2022,3.340686938599973,2.5287891674331857,2.5640967089029205,-1.1887513714561242,41519020.3071,9034.0
42,2023,3.341656563536188,2.5042082666139645,2.5571433178140537,-1.1960578067325733,42667764.62149999,8776.0
42,2024,3.345555356066937,2.5027456966995913,2.561391788161781,-1.201183738479923,41967349.39,8555.0
42,2025,3.3532915386336413,2.493321326096302,2.5487425818878555,-1.2012999607114045,37260771.9384,7149.0
42,2026,3.32218543882553,2.500314817423368,2.5708237932904896,-1.1956807043227236,6991461.6704,1262.0
44,1977,3.1822590182008814,2.6176323223052593,2.763404698524051,-1.1786156236457486,1332150.88,1465.0
44,1978,3.192721890820293,2.5912555652248463,2.7242393247040244,-1.177335412739685,2551768.37,2835.0
44,1979,3.237813191733342,2.6033330340629086,2.68611835537333,-1.1754118736518557,2756711.48,2895.0
44,1980,3.191505668913879,2.619147545316886,2.702273985294907,-1.1603395513587305,2854403.0999999996,6284.0
44,1981,3.172373905101915,2.6099890923415683,2.716684476840221,-1.1634218541504637,2831965.8,5094.0
44,1982,3.1987303939355782,2.5908796203572435,2.6885419066861926,-1.1687271879476644,2787627.6100000003,4357.0
44,1983,3.181161945889069,2.6040487443700524,2.6990136244963083,-1.1659072145709546,2789715.85,4445.0
44,1984,3.1837803436696865,2.608200465080156,2.6951765616411127,-1.1648518220653983,3047200.33,4653.0
44,1985,3.2033451121640826,2.6155190450610832,2.6838852532208364,-1.1622181741269773,3126901.92,4457.0
44,1986,3.204144970891802,2.60248970313335,2.6824629886898954,-1.1657740971927444,3235386.6899999995,4599.0
44,1987,3.2371956024117603,2.6065333537866726,2.6722363429372695,-1.171745667183809,3202123.69,4326.0
44,1988,3.22161793561922,2.579170703178563,2.6620817207996157,-1.1694588519134925,3352108.4600000004,4520.0
44,1989,3.194106148994364,2.5971087790023244,2.660408493935787,-1.1542848906502048,3262604.25,4427.0
44,1990,3.2234513164486387,2.5720868835758486,2.62553993483625,-1.1624008003266417,3110710.74,4262.0
44,1991,3.2477108610258623,2.562690028880867,2.627642400217899,-1.1756226724154681,3164693.31,4044.0
44,1992,3.254949152531276,2.5645559712167394,2.607010231259196,-1.1692965074807247,3206489.3200000003,4131.0
44,1993,3.2572433449025433,2.563168170572684,2.649810578770701,-1.184771547324947,3057608.8200000003,3979.0
44,1994,3.2221640263000877,2.538717364606693,2.627227742103639,-1.1752879652283108,2925953.3978,3712.0
44,1995,3.263517299417428,2.536731317838416,2.627813059662404,-1.1883187780159845,2957483.7851,3792.0
44,1996,3.231580349668972,2.5491973211602463,2.636571595031229,-1.1741824824658338,3085704.5994,4057.0
44,1997,3.2617014846716117,2.5580181079347866,2.617085953450435,-1.1766701644814548,3143777.5525,4033.0
44,1998,3.2786298392714874,2.5507083576843605,2.6137199979947163,-1.1830794265181053,3095789.5048,3995.0
44,1999,3.249772056501764,2.5456217438616866,2.576061135184845,-1.162270209890012,3294058.0394,4361.0
44,2000,3.274424891071793,2.5032282423024985,2.557699143651598,-1.1797841863333716,3364520.7563,4040.0
44,2001,3.272982136252069,2.5284587529042786,2.5725747620004955,-1.1744092390391592,3394470.0697,6749.0
44,2002,3.2656901006727694,2.5237126971073582,2.593721918927635,-1.180959353639149,3557979.559,8398.0
44,2003,3.234171526984623,2.5308252309527925,2.6109765658868023,-1.174590505607849,3726585.2473000004,8651.0
44,2004,3.2508913375513777,2.529385176052804,2.600640890294859,-1.1759149379018061,3717779.2985000005,8503.0
44,2005,3.2572865740060917,2.536850615253413,2.5984663925262654,-1.175510493719339,3732018.5462999996,8131.0
44,2006,3.2673982310139915,2.5228955951585728,2.571260224018412,-1.1745620086440456,3730847.1982,7952.0
44,2007,3.289136464914269,2.5099883249786266,2.5655346357465914,-1.1832109746098696,3736267.5485,7808.0
44,2008,3.267850783398467,2.510111297881763,2.58821547842633,-1.1830887154090117,3591167.8714,7552.0
44,2009,3.2891507040578816,2.5056081971337445,2.5638390331293723,-1.1834688372559377,3522529.4666999998,7532.0
44,2010,3.303565873205474,2.4846901122419465,2.538020025044267,-1.1875202480641112,3552664.8172,7685.0
44,2011,3.286563782587537,2.4961049602468526,2.5385370012967083,-1.177521404966265,3473492.6959,7227.0
44,2012,3.288441686281643,2.5065611923526445,2.5713529118386287,-1.1864139528942834,3480642.6557,7245.0
44,2013,3.3100188973899094,2.479516910648888,2.5321324853013567,-1.1877209259599237,3407467.5698,6887.0
44,2014,3.31687672080341,2.493569813886703,2.518181791525532,-1.1801218754077074,3539541.8349,6169.0
44,2015,3.307224633242152,2.507213241139726,2.5573022457820236,-1.1850277928572672,3676802.3733,4702.0
44,2016,3.292238212290358,2.5165966816785077,2.5610509412083253,-1.1808113987180604,3619577.4234,4020.0
44,2017,3.324953108470707,2.487864724577817,2.5468496163984087,-1.196471288138195,3718031.149,4014.0
44,2018,3.3383452603383366,2.482712599283184,2.5598824630312693,-1.2068528358733175,3745553.4167,4063.0
44,2019,3.3365134500342353,2.4699915242918653,2.532485728416234,-1.2004235809461419,3734255.0569,3831.0
44,2020,3.3927375829661095,2.4745061228237355,2.534491140054998,-1.2153639887030634,3492202.747,3152.0
44,2021,3.3847138638163914,2.473931170524261,2.5259127891368314,-1.2108598438438465,3767712.0851999996,3188.0
44,2022,3.340918293502477,2.4836909171060584,2.5185196873161564,-1.1877564684384017,4056844.1735000005,3136.0
44,2023,3.320094813840896,2.5002167978175387,2.548789957266046,-1.1880883808148064,3836221.4751000004,2995.0
44,2024,3.3475205350633437,2.4612426531959106,2.5227043344646143,-1.2046294160345945,3847530.5852999995,2882.0
44,2025,3.3780550833597807,2.4458987465138966,2.5034894115742072,-1.211660204371519,3662380.7213000003,2919.0
44,2026,3.370858670790891,2.467125336854672,2.509093138921128,-1.2012452852160067,573037.1634,432.0
45,1977,3.1105445001255694,2.686304253793043,2.8348330866175915,-1.1576362227701205,4149344.1000000006,2229.0
45,1978,3.123479600029861,2.7028454104686372,2.8443249774131685,-1.1568526817347387,8284295.68,4374.0
45,1979,3.14758525958178,2.679625601405786,2.830376015112906,-1.1657675407883807,8696385.16,4564.0
45,1980,3.1544221747435093,2.6671722120226615,2.8041925109118395,-1.1647873181261443,8592943.19,6311.0
45,1981,3.143714065280336,2.657959617622232,2.8176329226938104,-1.1692074665076535,8647078.53,5731.0
45,1982,3.105480622603794,2.6640266679676943,2.850066710101129,-1.1662509721049399,9053294.21,5226.0
45,1983,3.068459032328117,2.691592867205131,2.8674740960207643,-1.1537561681405337,8815140.15,5047.0
45,1984,3.089214140803728,2.715970656683131,2.849208565182829,-1.1456197848324494,9109993.35,4917.0
45,1985,3.1270843531934593,2.717822440115032,2.810076105560059,-1.145168894802125,9766697.0,5764.0
45,1986,3.110029783992453,2.722110562284952,2.837933969549694,-1.1469275152765082,10553961.129999999,6325.0
45,1987,3.117170907766295,2.7056278036495907,2.82384874686391,-1.150287968898635,10569521.010000002,6542.0
45,1988,3.133249711299148,2.6843093104180324,2.8028210271011402,-1.1570044274496039,10969323.34,6639.0
45,1989,3.147078288329729,2.6770406140568115,2.8006449682415515,-1.1627525855704917,11189138.68,6760.0
45,1990,3.14864803559964,2.70464228412077,2.806829482971309,-1.154895647676296,11450969.559999999,6953.0
45,1991,3.151171852360788,2.7001477175008444,2.8084941702492445,-1.1568461639788603,11708284.47,6637.0
45,1992,3.1551870249296,2.683033284569493,2.7818703481619402,-1.154678309527174,11659606.639999999,6237.0
45,1993,3.1552301216550727,2.6524525975208695,2.73752670798003,-1.1504865599631264,11447444.889999999,5887.0
45,1994,3.1468266507237557,2.659223872718441,2.7510336984679054,-1.1493732680240119,11766117.5912,5287.0
45,1995,3.1545102625569994,2.661443472982148,2.7707233532256152,-1.1582888602292638,11838829.9172,4363.0
45,1996,3.1769614636674683,2.6293890630072516,2.7184883873143613,-1.1611778111620952,11432018.5717,4037.0
45,1997,3.2129909502404113,2.611451824036016,2.716867544277258,-1.176085490710682,11770187.465,4283.0
45,1998,3.21596803130157,2.5926032646098207,2.6851248121958333,-1.1733293762709396,12313287.437100003,4412.0
45,1999,3.2459028217996804,2.601642518129443,2.6756581094617315,-1.176005292862573,12186975.258,4183.0
45,2000,3.2216472171828006,2.6058974938748016,2.6996791676884175,-1.175035685772247,12163571.2376,4036.0
45,2001,3.228704684962781,2.5676973198080573,2.6345807178291825,-1.1686553669308444,11855358.2757,4642.0
45,2002,3.2578946345596185,2.5552821150889873,2.650116394413409,-1.1867912888021666,11845326.3203,5163.0
45,2003,3.2058984571297713,2.563225703822941,2.673445847703965,-1.179098181150622,12609310.6073,5358.0
45,2004,3.1986038729050703,2.5747170567120206,2.663833853022768,-1.1691214115132418,12918341.191499999,5447.0
45,2005,3.2278062804054075,2.581658170073914,2.655254599336766,-1.171815879735589,12825581.9985,5383.0
45,2006,3.230491778627781,2.5689453209329565,2.6666226106122757,-1.1797984947377045,12747422.713299999,5350.0
45,2007,3.214427030811487,2.577117965590033,2.6762965608328164,-1.1758092816858865,12876652.3826,5278.0
45,2008,3.226268693410514,2.554298847777386,2.639594959736543,-1.17375805388041,13090976.170799999,5274.0
45,2009,3.2208008046377383,2.531423596248003,2.6186476439299047,-1.172714051459783,12943200.1316,5205.0
45,2010,3.2333484191520125,2.554385589211968,2.634045903299653,-1.1767113291557483,13149370.466200002,5165.0
45,2011,3.2346148807007027,2.569876809151122,2.6339516316967115,-1.171294859954502,13062378.7708,4929.0
45,2012,3.2229778335515418,2.5418283307369705,2.6129435474851213,-1.1689015093185329,13618382.06,5066.0
45,2013,3.2420472987244544,2.5665750461641466,2.636556126406651,-1.172677360823101,13529462.8596,4905.0
45,2014,3.2390745409189425,2.5863769434558503,2.6591726772913393,-1.1753268257213558,13661049.954,5019.0
45,2015,3.257525236267046,2.5358833039263633,2.6370581751462865,-1.1894695565032967,13968614.889000002,5732.0
45,2016,3.2712609690151537,2.5227004214757027,2.5966403451172506,-1.184649844116443,14484128.3458,5855.0
45,2017,3.2947276119158686,2.53021512418657,2.6090483997928446,-1.192527232991746,14548261.6599,5810.0
45,2018,3.2813902690793566,2.55009277733236,2.640427011994518,-1.1917296394154209,15082306.3287,5809.0
45,2019,3.2996604102297207,2.5422574196040326,2.61585040743137,-1.1924284637546074,15228641.8497,5726.0
45,2020,3.333106974208939,2.5276269663192514,2.601461300762114,-1.202356292899277,14998615.3158,4895.0
45,2021,3.2795354054118704,2.5438653008933567,2.6334096641874734,-1.1922466141471988,15181355.4022,5128.0
45,2022,3.297040948251064,2.5315889653785604,2.624325929339896,-1.1981791636023185,15246493.824400002,4871.0
45,2023,3.316131357308763,2.5345761816006083,2.607562874704243,-1.1958623025353812,16474276.4291,5373.0
45,2024,3.3032362426665673,2.526634365475046,2.584451380717466,-1.1877455956951055,16599276.423299998,5169.0
45,2025,3.2858371036439893,2.5264750260687503,2.592645268088896,-1.185218235142703,15027332.106800001,4338.0
45,2026,3.3069927282323914,2.4959361209853497,2.5619676542201573,-1.19186116927635,2882057.1747,798.0
46,1977,3.169783528200367,2.5386055123956726,2.7069037619479834,-1.182559581832069,850517.3899999999,2521.0
46,1978,3.1583048379629197,2.532876111853326,2.683118087784817,-1.173845930246241,1797361.3099999998,5108.0
46,1979,3.1721517385507214,2.529944850805112,2.6758259981950823,-1.1767500195384468,1860473.25,4982.0
46,1980,3.205859317767041,2.5179716584176246,2.656373727338339,-1.183628381515128,1998997.55,7784.0
46,1981,3.179829619434849,2.516121309311209,2.660305231409534,-1.1794485168649123,2009040.0499999998,7350.0
46,1982,3.1920456669339465,2.5043842064612174,2.6530032042832414,-1.1851807353353156,1829693.9900000002,6818.0
46,1983,3.183972035170484,2.537109000522434,2.645215773445185,-1.1706424770535813,1876554.2200000002,6618.0
46,1984,3.16562958964528,2.535172980794718,2.663768325149022,-1.1732285851815962,2032190.7699999998,6828.0
46,1985,3.1647482638328612,2.554904418447244,2.6788011253159585,-1.172259679318419,2024030.0699999998,6472.0
46,1986,3.170499722454418,2.54619823303124,2.6459875326517146,-1.1646016505675734,1997003.63,6304.0
46,1987,3.1612782491413025,2.549022078763535,2.6572468959150415,-1.1637277332016205,2064333.06,6691.0
46,1988,3.1979144191571405,2.5408416576303248,2.6642480309484577,-1.180441760301804,2071137.3800000001,6499.0
46,1989,3.2102533623704907,2.5401381728586045,2.64497446506385,-1.1775797641178984,2089759.39,6517.0
46,1990,3.2149934279316255,2.552971332700752,2.6347050342548872,-1.1705275078297026,2025794.2300000002,6483.0
46,1991,3.219055826810175,2.5483360709399037,2.6431259197419292,-1.1767115385727787,2067566.53,6380.0
46,1992,3.2164916901522136,2.542011331609702,2.633858654409505,-1.175638299871581,2098177.26,6411.0
46,1993,3.1755045008166487,2.570573768264061,2.6619256316195847,-1.1629346492831185,2119539.16,6723.0
46,1994,3.1837023612583146,2.567163468019983,2.6555659051845386,-1.1651910260610778,2158452.5402999995,6211.0
46,1995,3.202566932746637,2.5519891734030917,2.6308178792240255,-1.1681157107942601,2177057.9015,5368.0
46,1996,3.1988672384635293,2.557253939496707,2.6529684457368954,-1.170458524584734,2307932.6072,5506.0
46,1997,3.2052345881041178,2.535738088553597,2.6281437508382672,-1.1710978337418443,2274125.842,5353.0
46,1998,3.2036011610945376,2.539402556407198,2.6122007118034656,-1.1646914206044354,2315418.7956999997,5253.0
46,1999,3.22796897264784,2.5475373853725434,2.621872266639492,-1.1741319803669041,2434610.1699,5464.0
46,2000,3.242007142282416,2.5390896494863613,2.596414616114188,-1.1707498634555584,2516995.2586999997,5643.0
46,2001,3.2323594799763296,2.5541202367931035,2.6212065852290722,-1.170340535453811,2561786.3633000003,7014.0
46,2002,3.236563159356506,2.532259391870136,2.5992933554181574,-1.1716861469042814,2658439.1281,7869.0
46,2003,3.2392909661144973,2.539375116908869,2.60010206434907,-1.1691408556767797,2695736.3828999996,7626.0
46,2004,3.2141299223812,2.5462915555627688,2.601194769930439,-1.1623800469322434,2707641.8030000003,7570.0
46,2005,3.220931589147475,2.565380845191587,2.6011015916253,-1.1565443077166708,2718557.9347,7577.0
46,2006,3.232975619751189,2.549376117565261,2.591363330348686,-1.1615644556183493,2641929.2987,6979.0
46,2007,3.244934807351337,2.55893569081321,2.5909682965775587,-1.1597320304505725,2682953.4697000002,6939.0
46,2008,3.2465350053161988,2.5566195402485974,2.5913305982799484,-1.1605212925139061,2846232.5894,7185.0
46,2009,3.236828746986506,2.5330607742397677,2.5704550920775797,-1.1595494674947882,2781905.4809999997,7223.0
46,2010,3.240186212088781,2.5463879834274326,2.590779892641564,-1.1627982981407636,2753830.3219000003,7291.0
46,2011,3.2504077287835305,2.5517796297295128,2.596508836956211,-1.165503155640048,2720341.2942,6990.0
46,2012,3.2499339540175693,2.5543956712002123,2.604656541916251,-1.1679791999880216,2678294.0185,6678.0
46,2013,3.2611247047925693,2.558498290002895,2.5877346470140985,-1.1657584017675795,2726026.0804000003,6618.0
46,2014,3.265436509657511,2.542290537959178,2.5807380990750466,-1.1690309128253542,2736369.0820999998,6219.0
46,2015,3.2833416605305765,2.5303736583190264,2.577104976371234,-1.176822374448668,2800129.1278999997,4905.0
46,2016,3.2533101130577067,2.5455354179220175,2.624301718594877,-1.1793856743122921,2880921.9259,5025.0
46,2017,3.248639458465142,2.5403246340591084,2.6056418833022987,-1.1715741866726086,2932384.3647,5036.0
46,2018,3.2552513458711987,2.566680719466531,2.6028675996839756,-1.1647773984183936,2866184.8869000003,4806.0
46,2019,3.269881870016484,2.551902919503258,2.6004605795776836,-1.1728846053270379,2897416.8251,4525.0
46,2020,3.268204031737234,2.5587162216041115,2.6053238385463837,-1.1717911079945862,2798809.5307,4001.0
46,2021,3.2865078706731703,2.5582100114795017,2.633140778142863,-1.1871863323244913,2863515.6552,3983.0
46,2022,3.281317950862747,2.5325366849375333,2.593564110348091,-1.1829293948138064,2987628.3717,3912.0
46,2023,3.2855949524030543,2.562753148201967,2.6237279107422253,-1.1811716565238297,3022465.4485,3789.0
46,2024,3.3039783418934094,2.538088401036617,2.6085061556305327,-1.1911592814048635,3037687.753,3878.0
46,2025,3.2879312678831165,2.533563556150648,2.5969005249321975,-1.183691431346853,2880737.6147999996,3426.0
46,2026,3.24310427373558,2.55027815566472,2.637794720807025,-1.17886077294217,553011.7445,669.0
47,1976,3.151581064967114,2.6391828622243394,2.8114304258752196,-1.1756676921105218,26228543.74,15634.0
47,1977,3.1631834401661023,2.642407653218109,2.809890087596608,-1.1771509464991077,19342992.32,11279.0
47,1978,3.1385501787920074,2.6842980735113957,2.851452740638614,-1.16974032681257,11722519.659999998,6545.0
47,1979,3.14477175846016,2.6669997019941003,2.8516530718088426,-1.1779492005497243,12296361.940000001,6846.0
47,1980,3.17732868122149,2.644532131626743,2.78684884450557,-1.1728484779759012,12415433.329999998,6582.0
47,1981,3.1552677731086596,2.651382135816423,2.796499199631609,-1.1655349586306794,12372912.14,6308.0
47,1982,3.1598209458013677,2.6352421977721434,2.7856979701171274,-1.17097771054458,12321597.01,6285.0
47,1983,3.1360727607222847,2.6668456991333227,2.7919846921892004,-1.1590367698934356,12338097.75,5993.0
47,1984,3.114925955126469,2.676550632082308,2.815858404331411,-1.1558019343608572,13049375.350000001,5698.0
47,1985,3.1259917664182266,2.6703726356070625,2.7970401780320175,-1.154838527624916,13536431.91,5467.0
47,1986,3.1272997339287087,2.663455908330847,2.7781699403390765,-1.1501160231110492,13838037.899999999,5276.0
47,1987,3.1376737947331286,2.654772276029008,2.7862828625880978,-1.1583849987332369,13744393.379999999,5189.0
47,1988,3.1356957522387625,2.677007743896993,2.796028106781317,-1.1536345030925161,13861266.299999999,5132.0
47,1989,3.141879345800403,2.669826096757462,2.7755871588291976,-1.1530459912294353,14083612.549999999,5148.0
47,1990,3.154685090572688,2.6549936326802466,2.7578902946288757,-1.1561016156266184,14639170.870000001,5398.0
47,1991,3.1506812432232154,2.6589198205247753,2.758348220083308,-1.1530568027913335,14488307.19,5367.0
47,1992,3.147270098528163,2.645059723580893,2.728246297802878,-1.1456849940903402,14895303.56,5642.0
47,1993,3.126324398452512,2.652139586107545,2.765853735731317,-1.1479118082348554,14928567.2,5383.0
47,1994,3.1518447135992544,2.649657850157966,2.763757238221722,-1.1593511142824673,15762918.5773,5039.0
47,1995,3.1911860113817925,2.6351714146089864,2.720865147935399,-1.16370587021383,15718672.3945,4496.0
47,1996,3.184690046927944,2.606510336784267,2.702077870752666,-1.163071287703753,16365208.9532,4704.0
47,1997,3.191119904471284,2.5900238733506162,2.673794433757947,-1.1629763956591068,15696794.397400001,4530.0
47,1998,3.206245007268551,2.603684950622893,2.690457176908957,-1.168952072390555,16119858.9562,4604.0
47,1999,3.226678468304526,2.575329009337248,2.6629050263204435,-1.1757042196468803,16357990.3286,4880.0
47,2000,3.2309008829369845,2.56146502773545,2.6341751386825285,-1.17142535403414,16591346.924700001,4801.0
47,2001,3.21398861894687,2.579917890790121,2.6759929119980437,-1.1728249143765537,16480459.9537,4808.0
47,2002,3.2200227640732173,2.5684480352993675,2.650275414547342,-1.170644620157421,16953160.9822,5180.0
47,2003,3.24195197399876,2.564083182014437,2.635199558410336,-1.17344120373166,17330086.2324,5176.0
47,2004,3.233589794202986,2.5570794963338015,2.6143502230971576,-1.1677545186533835,17743211.1283,5359.0
47,2005,3.2472897542145676,2.566974401616276,2.6622557544551606,-1.183585386994874,17578912.918700002,5724.0
47,2006,3.238367580988436,2.5610932547344136,2.6247853769852068,-1.1695151017957142,18200157.621200003,5651.0
47,2007,3.2408678962717548,2.5645739183250322,2.6384879037178175,-1.174387534633052,18403280.5783,5528.0
47,2008,3.233061617959956,2.534563627015168,2.593574803601907,-1.1669683889143052,18437087.8824,5264.0
47,2009,3.249341187032157,2.512227427307401,2.5964906580768035,-1.1806714387694024,17649452.503700003,5202.0
47,2010,3.246401916126025,2.5180407024733076,2.5965028639021583,-1.1793965957354144,18159226.4595,5301.0
47,2011,3.2534729989842663,2.5557784774656587,2.636676451902772,-1.1814969570973917,19057313.844,5218.0
47,2012,3.2437585898777987,2.550137623565926,2.622057109844522,-1.1771078712691048,18996175.6073,5306.0
47,2013,3.2440509333565353,2.5318230186558264,2.5964865679143054,-1.1728872841083493,18080059.632,5036.0
47,2014,3.2324960161456997,2.5351877723604113,2.610960636684277,-1.173495729698795,18560884.7901,5808.0
47,2015,3.267879520847177,2.525079985751288,2.610522653010967,-1.1877316242447753,19016022.6044,6709.0
47,2016,3.2737670291065295,2.5172795575939286,2.6005330665291484,-1.187650267024212,19605101.171099998,7171.0
47,2017,3.2735430807015233,2.522276884128791,2.5868567968155998,-1.1806841411058573,19687635.7986,7176.0
47,2018,3.291680049061185,2.528692875984715,2.587685458400795,-1.1851669261300823,20559415.885900002,7223.0
47,2019,3.2875567219113164,2.5133187965683805,2.5745382306788596,-1.1850450362944052,20647737.2142,7093.0
47,2020,3.3129163195249323,2.5166221355200395,2.5680258276151897,-1.188715292767337,19482922.3641,5781.0
47,2021,3.2961511763913616,2.539101341421564,2.6040188990278503,-1.1865766941631415,20174890.963999998,5896.0
47,2022,3.31284018563461,2.523822930768375,2.5679864748103545,-1.1852698408079076,20075531.869599998,5324.0
47,2023,3.3235095061058266,2.522078094602717,2.5729840064497345,-1.1923507921869834,20998203.8375,5213.0
47,2024,3.3461512510640574,2.5283545039749695,2.58320240791795,-1.1971835929088595,21176155.0935,5410.0
47,2025,3.3110785416683264,2.5387965004551676,2.6015754061479814,-1.1896796155806324,20274061.717100002,4958.0
47,2026,3.2896109087660164,2.5941357486066448,2.6553626186698427,-1.1806913349088093,3537240.4396,800.0
48,1976,3.203395268081687,2.5603800193873036,2.690102143582793,-1.178270520617492,31847751.81,19147.0
48,1977,3.1994273350387603,2.5638644393808545,2.695307100215818,-1.178083824475585,33025517.5,20004.0
48,1978,3.207200814036397,2.571383636490157,2.687578200382874,-1.1753636883531429,34586142.37,19553.0
48,1979,3.2097910198670627,2.575224125086048,2.702202565114707,-1.1798245296064656,35216173.93,19578.0
48,1980,3.2227314029973435,2.5683302521798934,2.66624919929731,-1.174031377310849,36581590.0,20033.0
48,1981,3.209512498748377,2.569284762111981,2.659474381565351,-1.166449331597073,37266445.35,20258.0
48,1982,3.2207666541405953,2.5636767236310662,2.6498127994973966,-1.168928294535835,39399711.739999995,20080.0
48,1983,3.177122927158378,2.586316990164395,2.6826932833688533,-1.1621365132772967,41514977.61,20386.0
48,1984,3.1811251148109165,2.580487880070003,2.686781121598185,-1.1671686149400495,43822474.7,20307.0
48,1985,3.173427230754663,2.5773031117257523,2.668948495631453,-1.1595666064627674,42636043.47,19401.0
48,1986,3.190558062493793,2.5759692682940907,2.6680767653817834,-1.164329423507129,44019989.75,18930.0
48,1987,3.194470840759718,2.5883524247568195,2.6711368795296653,-1.1625981380275094,46859990.81,19050.0
48,1988,3.199562106813359,2.5694290323795195,2.6528618158042407,-1.1646252615155908,47372232.7,19765.0
48,1989,3.206990902650015,2.5733169729326093,2.653786229798281,-1.1653083938134774,47385573.49000001,20239.0
48,1990,3.20261426093937,2.582870085693973,2.6647384163117547,-1.1652065135453453,48654024.25999999,19748.0
48,1991,3.202543508228334,2.575934054226979,2.6603318758417225,-1.166099298288804,49601444.379999995,19247.0
48,1992,3.2085491621843003,2.576529973466378,2.654185661591068,-1.1654510024513298,50804867.59,18893.0
48,1993,3.2175628236322047,2.5516546597280776,2.629378726961968,-1.1687516042621304,52557119.47,18871.0
48,1994,3.207585358288992,2.561361352667978,2.6396414235688614,-1.166025805178557,53101631.9684,18175.0
48,1995,3.215847625577832,2.5689046453530007,2.655246726396725,-1.171924460859548,55378805.2712,17564.0
48,1996,3.214950007137443,2.5613267568535765,2.6476427001664615,-1.1719700601326166,55633532.444000006,17353.0
48,1997,3.2346731872606145,2.5483503721794603,2.6294870844089564,-1.1771666243684116,55860897.702599995,17050.0
48,1998,3.2248298341947215,2.553279837310832,2.639179742096077,-1.1755341894835196,56887008.1471,17205.0
48,1999,3.232301160360735,2.5356244908333627,2.628199128060435,-1.1811057220991297,57943457.138000004,17799.0
48,2000,3.214601651999979,2.5421549073358616,2.635588736102765,-1.1749795678518273,58325540.352699995,17754.0
48,2001,3.216527818969629,2.5481000158316123,2.6455095543244513,-1.175913264043214,59691913.968600005,17285.0
48,2002,3.235909345837618,2.5357068650546997,2.6129013954903884,-1.1751731001985541,59905516.2107,17149.0
48,2003,3.231948671097769,2.54223071141965,2.61830119456765,-1.1738944303760046,63038950.1315,17681.0
48,2004,3.24625638540752,2.5278879339496108,2.6118672582102773,-1.1804241691748956,63619210.986099996,18124.0
48,2005,3.2348773612426944,2.5384158265988592,2.607904380149713,-1.1714558938089659,67421477.91870001,20168.0
48,2006,3.2420531412477196,2.529338267843291,2.602080955624601,-1.1750491692730614,67825395.8241,20298.0
48,2007,3.2330340040612406,2.5253446039442773,2.5972849624376138,-1.1720774311312958,67778660.0268,19630.0
48,2008,3.2453901050911176,2.5204446343333697,2.5912118031484273,-1.1755051425244043,68854199.2481,19830.0
48,2009,3.2494041726190006,2.520573299664045,2.6029468493638324,-1.1816227241943682,70184848.9639,20631.0
48,2010,3.2482298554292606,2.5322365011712265,2.618560775315477,-1.182669986362629,70939456.3563,20717.0
48,2011,3.247651423635692,2.5213858634820445,2.5957214814979666,-1.1783740306650892,71580584.6402,20655.0
48,2012,3.2531191929760803,2.5167743722838694,2.5757114061145123,-1.1739537066595473,73259838.02329999,20586.0
48,2013,3.250465214279521,2.515279276378148,2.5872191265213265,-1.1769088851887357,75646689.9023,20760.0
48,2014,3.2560523982311254,2.5164656164405566,2.5990207548502653,-1.1826834750217632,76971251.5065,21093.0
48,2015,3.270332110956756,2.513990839059772,2.5858644321043744,-1.18318945425632,78077012.6436,20761.0
48,2016,3.267895803590535,2.497975743516732,2.5613043303782024,-1.1795313972918706,79315386.5233,21237.0
48,2017,3.283694486250277,2.487501975409751,2.5612110631091425,-1.187782462158113,81033062.8609,21362.0
48,2018,3.2891676681042137,2.4925937322749547,2.5601037028295197,-1.186768326607026,83477155.32259999,21027.0
48,2019,3.285951622899795,2.503350570767532,2.5738158918965257,-1.1865157464035272,84421911.2591,19767.0
48,2020,3.328965870708157,2.496532259855973,2.5464371981869767,-1.1924232770403733,82640393.061,16840.0
48,2021,3.312309145168004,2.4973937231798358,2.562605214861368,-1.1923036848412771,83580810.80699998,17481.0
48,2022,3.3155009672946774,2.486102685771854,2.556984307076237,-1.1954122458259604,86450288.3327,17009.0
48,2023,3.3014488523897056,2.4924420008999895,2.571666367897605,-1.1942197814120328,90477387.19790001,17171.0
48,2024,3.306571124218652,2.50051126893579,2.5742449477157474,-1.1941195517057264,91261285.50549999,17693.0
48,2025,3.3187858919521824,2.4819196199563893,2.5546504492708695,-1.1969866754709442,85490318.04179999,15693.0
48,2026,3.2988794540889668,2.483617728129611,2.5465065367490305,-1.1878570004029143,14942970.138300002,2558.0
49,1977,3.211662643642989,2.5272280266482015,2.656591998579655,-1.1807586764080293,1601222.3199999998,2713.0
49,1978,3.200064050698315,2.5435617145740275,2.700450438392634,-1.1862915125058136,3355949.7199999997,5736.0
49,1979,3.230009655568413,2.533523917106716,2.6482700969363724,-1.1805495661765564,3514454.6100000003,5638.0
49,1980,3.230892516402236,2.547356664116219,2.635195024727374,-1.1737297218078697,3725096.37,8747.0
49,1981,3.2349139463518672,2.5328871233281296,2.644985632449803,-1.1818290416662578,3840426.1099999994,7452.0
49,1982,3.220609802988259,2.5346154809484758,2.6463952360774594,-1.1779164991009061,3941809.92,6555.0
49,1983,3.1791583151352523,2.5612015602242795,2.6592711414507053,-1.1641293747625017,3846165.6100000003,6314.0
49,1984,3.2041787565113835,2.5659418373819425,2.6651683645656585,-1.1710248155588772,4266892.2,6175.0
49,1985,3.2008883709610436,2.5592773691466046,2.675378685650813,-1.17529294644102,4623693.870000001,5201.0
49,1986,3.189510370674809,2.550769118575767,2.636979077574306,-1.162412181490651,4495818.34,4850.0
49,1987,3.2192539496219,2.532605470064715,2.6195269122571467,-1.1724800159546167,4731840.23,5125.0
49,1988,3.238772457695739,2.5312497702554815,2.6298224795178204,-1.181077143573677,4917646.029999999,5424.0
49,1989,3.232529603919047,2.544020512722797,2.641820667794708,-1.1784760108505126,4930134.55,5305.0
49,1990,3.2133385303981052,2.577445921885505,2.669713183753673,-1.1711922662132361,4963779.84,5258.0
49,1991,3.2315851581854185,2.5411175720174657,2.630106304117108,-1.1752279528726792,5139146.850000001,5344.0
49,1992,3.232441845855678,2.567711982107848,2.6460033295355254,-1.1730843788146847,5382497.369999999,5227.0
49,1993,3.2412810164725427,2.5639608830608154,2.669828149066828,-1.1855034355289245,5704848.84,5145.0
49,1994,3.2429829668929124,2.5536812476757955,2.6463966291020884,-1.1797385770311664,5890254.4399,5228.0
49,1995,3.247458595645884,2.5683986741614384,2.643927581619064,-1.1790178741231423,5767383.4244,5175.0
49,1996,3.248214691913085,2.5451343308787426,2.6269684831381865,-1.1788644784987836,6130970.0764999995,5528.0
49,1997,3.2351418583697806,2.5241500830422905,2.5923115447134117,-1.1714229131033116,6316079.5636,5637.0
49,1998,3.256245041861752,2.5273884156956914,2.5794249211128815,-1.1727109463257364,6355863.2415000005,5434.0
49,1999,3.275658640315793,2.506810065896686,2.559413659213796,-1.1797532507119413,6375950.6043,5538.0
49,2000,3.280343363782624,2.520117529078305,2.5786740619897555,-1.1822395200255778,6483862.0186,5132.0
49,2001,3.2573693451116066,2.532656849611283,2.609959838831202,-1.1821942013830817,6460274.951200001,5531.0
49,2002,3.2420573363741516,2.560388560854502,2.6232384845495917,-1.170664864541787,6669424.3722,6282.0
49,2003,3.268048263195011,2.5394226317754742,2.6004271802726073,-1.178280973818982,7205387.703500001,6248.0
49,2004,3.261206234356669,2.50892070259142,2.5814277474508915,-1.1794741305464687,7093101.035499999,5958.0
49,2005,3.2367999562088703,2.514906533258304,2.5778126487678037,-1.1694896670203947,7110138.1066000005,5746.0
49,2006,3.275017553422409,2.5126266081611384,2.5549322015958813,-1.1733207220390132,7493332.725399999,5489.0
49,2007,3.272672998102396,2.5204555338059533,2.549035138854925,-1.169268813798313,7858043.630100001,5372.0
49,2008,3.260266402832173,2.5143220931102683,2.549100757227685,-1.1649965739876542,8330859.257100001,5285.0
49,2009,3.2847176127400437,2.506676200310039,2.554346824118849,-1.1790352648615017,8058927.476799998,4842.0
49,2010,3.2760091401296565,2.5181244488000907,2.57628534834064,-1.1815267659954884,7983969.2009000005,4778.0
49,2011,3.2293702205097903,2.5422162529283634,2.60435584259124,-1.1691681127580202,8022844.8407,4738.0
49,2012,3.2659744778246167,2.5450197820037848,2.6010788093939423,-1.1770316594094128,8039698.0415,4868.0
49,2013,3.2652704179335723,2.5231454940432085,2.5830334341467296,-1.1788488607084813,8622228.984900001,5216.0
49,2014,3.271724624183514,2.534586001858449,2.5781576961162465,-1.173291081473831,8388507.635300001,5166.0
49,2015,3.2871638076392196,2.5106602344361164,2.561168424627929,-1.1805544913932178,8812190.0279,5914.0
49,2016,3.300771198862263,2.5110174308640456,2.558140210626297,-1.1839936029481009,9125666.3273,6140.0
49,2017,3.3163832870686982,2.5060359041651132,2.564133045111526,-1.1918636906249993,9267833.570799999,6030.0
49,2018,3.3209983737281097,2.507412775269075,2.5478718701234824,-1.1854182979605117,9259315.1867,5919.0
49,2019,3.3198803617625035,2.51850220340289,2.5621209150022928,-1.18847844992726,9856450.4542,6274.0
49,2020,3.3087237112687746,2.517690616683911,2.549467662858969,-1.180174002901364,10030458.7348,5623.0
49,2021,3.32594530455673,2.494699474250594,2.5378283434213387,-1.189500606096081,10220348.1254,5850.0
49,2022,3.3141495766232496,2.502491848588823,2.568760084173315,-1.1944739892021203,10557548.6708,5604.0
49,2023,3.326085343934101,2.499614758497806,2.5497873269487212,-1.1916654253825694,10690702.958500002,5389.0
49,2024,3.3431762870806403,2.4913541980747818,2.5435691021532936,-1.1981157688514221,10604137.547400001,5293.0
49,2025,3.3151353774190726,2.4920938860999042,2.5583338808499487,-1.1919526732772363,10306652.1986,4909.0
49,2026,3.3105018880325017,2.4763352675156676,2.516744321082314,-1.1831136168316303,1754110.0044,812.0
50,1976,3.1999134385406935,2.589759740079484,2.75334565412175,-1.19074701677662,9281064.42,5699.0
50,1977,3.1926680049405998,2.5906902480875726,2.7741016226004915,-1.1961667030236804,5855354.899999999,4950.0
50,1978,3.2204252014659045,2.50974861243751,2.633358720869846,-1.1854796887644512,1385753.61,3554.0
50,1979,3.2344230329043007,2.497450801214733,2.641028154627589,-1.1974288017279167,1362880.02,3306.0
50,1980,3.24085186792423,2.5040096747706615,2.6491506408434446,-1.1987500360429488,1418546.2200000002,5836.0
50,1981,3.2577773520631306,2.5057999483504765,2.624070196783232,-1.193897417874732,1435414.67,4785.0
50,1982,3.219883479839781,2.545201426544032,2.6643853067065706,-1.182515533473065,1507199.8800000001,4520.0
50,1983,3.1669363897027076,2.5811736057583468,2.693800909921234,-1.1679069933743869,1498994.9,4531.0
50,1984,3.1805932160379244,2.553315608377161,2.6978898316733653,-1.182127279681072,1606897.94,4497.0
50,1985,3.1813285552576365,2.549319336528608,2.6738029112746515,-1.1754423401570753,1637192.29,4233.0
50,1986,3.209656821571412,2.548488369439742,2.6410822034170054,-1.1730056417109,1653549.25,4161.0
50,1987,3.228452224270052,2.53513316810855,2.6362370558419945,-1.1829569645857565,1635877.53,4085.0
50,1988,3.2508940322387345,2.5125817568279656,2.585467062249209,-1.1770445589682401,1662122.73,4003.0
50,1989,3.2425661681432665,2.524529076836323,2.603923313735196,-1.1787680003262029,1768033.7599999998,4136.0
50,1990,3.231051223213794,2.529408828575576,2.5969201240883955,-1.17146214699167,1748478.77,3972.0
50,1991,3.2471919097828525,2.5035191367929546,2.5563716491728936,-1.1706933775836117,1757449.22,3855.0
50,1992,3.2413244886277126,2.501148688924471,2.561493314100546,-1.1692537999618096,1817091.26,3792.0
50,1993,3.228959698102341,2.5177552430416643,2.5760537039847176,-1.1667328634374674,1832933.03,3503.0
50,1994,3.249880414744505,2.525113457750747,2.5968571181642264,-1.1767645382517604,1803866.8157000002,3605.0
50,1995,3.246549914501944,2.484753991803154,2.5554384468492892,-1.1777097729789914,1881926.2687999997,3975.0
50,1996,3.2292407292706287,2.506266476231349,2.606344296112404,-1.1806292510331036,1938669.9038,4089.0
50,1997,3.243091161407446,2.5057505685779535,2.5967143020272085,-1.1821500597477215,1895510.7041000002,3887.0
50,1998,3.2546610144238786,2.49175883420577,2.5656529126438468,-1.1786813204872526,1953476.3851,3973.0
50,1999,3.266269335198331,2.480589560419244,2.5569169888587786,-1.1841615203255123,2043610.1658,4083.0
50,2000,3.2596368387736008,2.500710571289111,2.569138787476766,-1.179332618695546,2034178.3146000002,4063.0
50,2001,3.274948530890791,2.49251183365899,2.5670413604700126,-1.1872036338542789,1988643.1779,5858.0
50,2002,3.2709802317465426,2.491019128486276,2.572691372526266,-1.1878662794773163,2097038.4504,6929.0
50,2003,3.294482420309191,2.496301844063028,2.5577688373435277,-1.1879775348348331,2083249.1579,6957.0
50,2004,3.2989819875874327,2.495837031549184,2.573754117351848,-1.1965933646215623,2227582.3218,7364.0
50,2005,3.3187007537284865,2.4767532436253235,2.5497710226804666,-1.2000355149166484,2258138.4606,7038.0
50,2006,3.31372126067851,2.481604109070529,2.5640048756333043,-1.2010065140777197,2292181.4502,7069.0
50,2007,3.3054032682202314,2.4755550911906776,2.5336158204233543,-1.1897974458504719,2224370.4468,6765.0
50,2008,3.3056224820021654,2.484488711378227,2.553782505197433,-1.194918593465663,2201554.0652,6845.0
50,2009,3.310544488027654,2.4709009786224136,2.5333438600451825,-1.1946441765352933,2281153.4648,7284.0
50,2010,3.3081162567369855,2.4804242955120395,2.543191924146899,-1.1920423195161798,2245536.1632000003,7076.0
50,2011,3.3068759755630075,2.4912996237826412,2.559218326444724,-1.1931903920049287,2201154.4968999997,6657.0
50,2012,3.3093782441487836,2.4880837252200805,2.556503333674696,-1.193900880540247,2237005.0034,6809.0
50,2013,3.336226470810707,2.476725772938705,2.526615774150836,-1.1960674175079986,2227222.0637,6570.0
50,2014,3.3270417896073265,2.482258153645056,2.549028905154454,-1.1990235179589501,2151261.4727,6108.0
50,2015,3.3203720154973517,2.4933981614346026,2.5377867543729447,-1.1908393699219344,2202216.1961,5989.0
50,2016,3.2900950839750966,2.500681365744563,2.5707663075225904,-1.187565214730341,2259801.2508,6136.0
50,2017,3.299714908830011,2.4999957307147085,2.5651058856159255,-1.1896557349775698,2230937.8195,5761.0
50,2018,3.3152991897505095,2.4670293940492614,2.5255689991275716,-1.1941016212482498,2152325.5504,5568.0
50,2019,3.3428252222281385,2.4714726197783614,2.5161181396728,-1.1977028651503052,2145738.3056999994,5301.0
50,2020,3.394101494807847,2.4458761955788773,2.4778832973884874,-1.2039245000131606,2071163.8904000001,4666.0
50,2021,3.3731702862586275,2.4662813182182086,2.524845260583249,-1.2081953726164443,2075003.4734,4676.0
50,2022,3.3651867156853315,2.4707052451232188,2.5102987496739444,-1.198135414888076,2262774.7601,4528.0
50,2023,3.379798440752814,2.457705796074924,2.5023162099125855,-1.2077942621471964,2246855.0949000004,4374.0
50,2024,3.367392178336756,2.4563441475068446,2.524796256980591,-1.2104903228540043,2274890.8772,4641.0
50,2025,3.346236658008296,2.4524291000553102,2.5360793151671874,-1.2070539498507138,2104756.8037,3952.0
50,2026,3.3796822180814554,2.434733217952018,2.491740475419557,-1.2103274174076113,367867.3693,625.0
51,1976,3.2299403095079073,2.5917544493844646,2.6838117401231534,-1.1713274779951535,14444729.16,8765.0
51,1977,3.2393138738933844,2.5939728202737773,2.6929278646346084,-1.17707951321283,15621384.590000002,9138.0
51,1978,3.249434240789693,2.5909991454542602,2.674316133562403,-1.1759243664189623,15948675.35,9195.0
51,1979,3.2514910393340095,2.593374162581695,2.6865153936235844,-1.1803765195275153,16243046.549999999,9283.0
51,1980,3.245316423827521,2.6017455045519955,2.6789586948786597,-1.1721311914577126,16717800.200000001,9260.0
51,1981,3.255728618531887,2.586901351644858,2.668366143470556,-1.1763169987984257,16814018.169999998,9300.0
51,1982,3.2692811877545638,2.568823100474905,2.644715309473148,-1.1790619807757563,16768338.060000002,9145.0
51,1983,3.2418463238619646,2.590605394189198,2.691579447978619,-1.1821206835685083,16846667.5,8966.0
51,1984,3.2379541300664534,2.5891834598996186,2.6713808410146225,-1.1741441361609586,17732490.55,8440.0
51,1985,3.234603790627878,2.576104660546973,2.673621898275765,-1.177963928874481,17881083.55,7243.0
51,1986,3.208191783808158,2.614877081641749,2.6976771722453505,-1.1638599625699222,18073818.9,6872.0
51,1987,3.2262627660494374,2.6026722177228514,2.683817966188538,-1.168237407481364,18390242.19,7016.0
51,1988,3.2469380866935063,2.5623690741778415,2.6566870466361094,-1.1776895693374814,19296203.9,7195.0
51,1989,3.255293931235487,2.5641733310140986,2.658612430330419,-1.1831948962884997,20121362.08,7393.0
51,1990,3.2710503389847347,2.573757275304637,2.6609754113076467,-1.1871991686082917,20212528.2,7303.0
51,1991,3.253888115130917,2.5665367018954006,2.6727631097571796,-1.1877049669623487,20322852.03,6876.0
51,1992,3.2621128786000284,2.560412325743723,2.6222276551845045,-1.1745240119486056,20464951.15,6554.0
51,1993,3.259987644737068,2.5474710937210525,2.60897076666349,-1.1725479040162075,20802039.34,6399.0
51,1994,3.247608662995577,2.5557652014520413,2.616071153406601,-1.1704788635433738,20560401.540400002,6862.0
51,1995,3.2697147550938648,2.553860651389915,2.6178000130137766,-1.1781157360069148,21556732.7855,9807.0
51,1996,3.2566681315800796,2.5410947777752004,2.6070156881947604,-1.1738318979187372,21561996.209300004,6051.0
51,1997,3.2746501710610394,2.562120095453065,2.615566086681498,-1.1754474406970539,20613375.452,5753.0
51,1998,3.2772956528719757,2.5335617888020288,2.616876897721306,-1.1861477958686528,21147299.232699998,5834.0
51,1999,3.2914397077981072,2.5297046164756023,2.602721722321118,-1.1876149127079876,21365155.9174,5915.0
51,2000,3.3019777653227007,2.5224632821974935,2.59024325263703,-1.1885023965434325,22259020.495399997,6083.0
51,2001,3.3127051700024692,2.5169687453983105,2.5972627770682406,-1.1967700129831926,22296485.0876,7163.0
51,2002,3.2933409094578763,2.5097783998925944,2.5937520866318007,-1.1931059739786938,22551013.1669,7760.0
51,2003,3.298473927652549,2.516438302661734,2.5762561050653225,-1.1856597512505875,22943163.7444,7487.0
51,2004,3.288182258343595,2.5270864489232414,2.5924664448978,-1.1836456937438824,22841335.7647,7634.0
51,2005,3.286160651892996,2.521712190897884,2.583821927427987,-1.1815418778873206,24323216.0665,9284.0
51,2006,3.2767188828423426,2.528098646818919,2.5788812547449,-1.1758096215167277,24822589.997500002,9646.0
51,2007,3.313249288687833,2.509870487476714,2.565670117027617,-1.1899810272294513,24928810.0,9398.0
51,2008,3.302103081053028,2.4981812030207102,2.565608502106808,-1.1893114236117603,25514609.513,9232.0
51,2009,3.33175960455198,2.479517830012413,2.5327190400285415,-1.1927875881401042,25076120.5024,9080.0
51,2010,3.3266069431968104,2.4926960963648215,2.5339123384119975,-1.188352047979788,24751830.2281,9092.0
51,2011,3.302217311679177,2.5011109072169804,2.5430639216913313,-1.1787424428667899,24729090.3916,8971.0
51,2012,3.3284759459075883,2.4991433892254133,2.557660086436639,-1.1934369391590338,24593186.7563,8725.0
51,2013,3.3414115248804857,2.4902061471364365,2.552541531984934,-1.1983387238929784,25282986.349699996,8838.0
51,2014,3.346669524277047,2.468340928352211,2.5359366545659636,-1.2026555271966908,25874374.3064,8725.0
51,2015,3.3598187156503214,2.464032050001238,2.5433972170697796,-1.2104449963832182,26060636.4525,7961.0
51,2016,3.3331595005835712,2.463520539728406,2.540309681105756,-1.2021831399274092,25408757.7909,7167.0
51,2017,3.3491461382058896,2.4700793684643307,2.526343304179207,-1.1984481492473067,27236011.477799997,7598.0
51,2018,3.338145061213147,2.468737838483603,2.537471759251945,-1.1986671782321596,26018699.413399998,7036.0
51,2019,3.3688744683677765,2.444701761776911,2.5012095804074526,-1.2034122473914386,27192696.780199997,6939.0
51,2020,3.41986903369113,2.434106609025331,2.4680770717505074,-1.2108392446546594,26796503.0204,6061.0
51,2021,3.387387882407422,2.4476451326313944,2.5041453283971875,-1.2110139001345903,27055643.7615,6117.0
51,2022,3.389494224279126,2.4310514912911625,2.4818822344817195,-1.2068414800280662,27652269.536799997,5960.0
51,2023,3.4062984567473613,2.4240788562105258,2.481598190282574,-1.2159398126887881,28946970.0858,5981.0
51,2024,3.4188695322936202,2.4280761811204474,2.4737329092015607,-1.2160632747424445,27916443.2486,5831.0
51,2025,3.3899645616840846,2.466037279702413,2.522542028862837,-1.2102377579837944,24469121.582900003,4548.0
51,2026,3.4133240888428786,2.4214583898108635,2.4887200157421776,-1.217925527669156,4665076.2864,849.0
53,1977,3.1995214121414173,2.5225348408079467,2.675165649055186,-1.1896161496007844,4526797.210000001,2671.0
53,1978,3.190939951758377,2.5249242219367174,2.6668661706549206,-1.1813337646819198,9310181.66,5434.0
53,1979,3.195294269480744,2.525239102233872,2.665853977826742,-1.1813861937164498,9875172.14,5562.0
53,1980,3.2174006834644473,2.510423256776881,2.642780458677122,-1.1878701234179883,10803035.299999999,7056.0
53,1981,3.2214684390187944,2.540903452393577,2.659860954855171,-1.1828158778157802,10981118.72,6318.0
53,1982,3.2296596279992054,2.518060467256649,2.655321663138546,-1.1913075946793725,10988867.129999999,5798.0
53,1983,3.200924131275983,2.5418183643821552,2.6768128204255546,-1.1836188783863357,10930836.44,5852.0
53,1984,3.2151187890035726,2.540111667486376,2.6530215655390754,-1.1794816466868292,11415968.21,5561.0
53,1985,3.2231671104862922,2.5078704697630076,2.6071441439841028,-1.1804537368283086,11741637.08,4641.0
53,1986,3.2153863843520183,2.518666294334287,2.5990098576821583,-1.1713115886307068,12107085.49,4431.0
53,1987,3.2157408976232387,2.5241245431343136,2.589515432942412,-1.1641907520991641,12366566.02,4632.0
53,1988,3.2063288436615953,2.524899203477849,2.5998286684778953,-1.1629253079328339,13157351.8,4839.0
53,1989,3.2095774497925875,2.5423280399133485,2.6306001944000963,-1.1689708363419085,13290893.82,4938.0
53,1990,3.18859986905511,2.5555681742592506,2.628404926968291,-1.1579658425707253,14498875.239999998,5281.0
53,1991,3.2026858493749506,2.537177656272461,2.6173409548923416,-1.1648866906786968,14356837.73,4863.0
53,1992,3.2306887305300465,2.5233904016442,2.5875948612981436,-1.1681505469998612,15196929.75,4701.0
53,1993,3.246681389627432,2.5384943578756896,2.599077025073788,-1.1735077104092384,16059504.650000002,4797.0
53,1994,3.238192193600023,2.5243454553081586,2.6156493899469875,-1.1806562070813043,15919377.519899998,4551.0
53,1995,3.2084005278591787,2.523057424309733,2.63726754043948,-1.1813676519616456,16163700.964,4540.0
53,1996,3.2266266978868936,2.522853995390056,2.6146390721447452,-1.176993362379831,16116350.514599998,4528.0
53,1997,3.2500636176946456,2.503290076253059,2.5784397683023452,-1.1783625128418347,16877645.8899,4709.0
53,1998,3.2420018513032485,2.519445031811782,2.604648216589376,-1.180896971398097,16988710.787900005,4759.0
53,1999,3.2637952354695408,2.517921695105309,2.5967490948791943,-1.1836744746409067,17076869.1482,4794.0
53,2000,3.242231798723334,2.5213628854329824,2.592912961684989,-1.177367325719739,17002023.7251,4584.0
53,2001,3.238224316462911,2.516889947533361,2.5962149087998574,-1.1773129941244551,16901343.988700002,6146.0
53,2002,3.2501154594203667,2.5115725015276356,2.5941355802116126,-1.181752824405591,17205923.3116,7211.0
53,2003,3.2451564273538107,2.519437684130193,2.5711879309937853,-1.1692573360790108,17599399.5069,7384.0
53,2004,3.254034289604325,2.520961412108337,2.5980111696513095,-1.1790882845626358,18301380.1822,7346.0
53,2005,3.255600747561127,2.5248460985285104,2.592956233491864,-1.1754510571144232,19165240.886099998,7401.0
53,2006,3.2660446695244203,2.516684301852665,2.5940023136431827,-1.1830508046973813,18973596.5159,7015.0
53,2007,3.2606280563225822,2.5342925257533286,2.6055703662248777,-1.180087634441823,19436340.6919,7133.0
53,2008,3.261424862069823,2.520459348355248,2.597289883967676,-1.1788981654511763,18996904.674399998,6789.0
53,2009,3.275338142965768,2.5048496982749087,2.5712609756983618,-1.1815050202752386,19044291.2984,6732.0
53,2010,3.2718490256340105,2.517352877681109,2.578628789663373,-1.1792667181037908,19538945.9319,6715.0
53,2011,3.275038121639471,2.5094775849482853,2.5890246383921234,-1.186958992250964,19287468.1269,6663.0
53,2012,3.255610243621606,2.494157598106402,2.5678713535550703,-1.1786829107219707,19153925.8097,6551.0
53,2013,3.2764199297914924,2.4947568683101604,2.5547695273472493,-1.180997809690382,19360768.2242,6596.0
53,2014,3.292938730831642,2.517181486346909,2.5818341885498017,-1.1849887282743687,20055074.6136,6753.0
53,2015,3.29335565489044,2.5013996852904037,2.6037469376060973,-1.2014663695565173,20088191.2795,6442.0
53,2016,3.2919075259515886,2.492343461088964,2.5673631531115886,-1.191174012180982,20793704.802899998,6393.0
53,2017,3.2704265143118523,2.500125927632856,2.5836971623111644,-1.186336434390696,20943103.3556,6624.0
53,2018,3.2833140440040234,2.502460726776898,2.574395579550809,-1.1876693835022663,20725578.3487,6306.0
53,2019,3.290375995530513,2.4916683657451135,2.568883414608461,-1.1907785831067839,22080793.804,6566.0
53,2020,3.3188715678188303,2.4957546098218466,2.5600121223305874,-1.1945106160511676,20735546.974,5668.0
53,2021,3.316497819411988,2.501564085961656,2.5593604745758456,-1.192466504839004,21474712.9395,5634.0
53,2022,3.3456110787823,2.481881963858552,2.539992791909614,-1.20183433572715,22703390.6266,5499.0
53,2023,3.3233720678032372,2.4638691522788254,2.5241650080106255,-1.19625967121853,22760590.4848,5495.0
53,2024,3.3316372270913273,2.475003679602824,2.5331445756720097,-1.1952550797465356,21659382.3605,5099.0
53,2025,3.3209593519897185,2.4975461247478403,2.581025954813099,-1.2022946357091318,21013650.8658,4674.0
53,2026,3.294295125367683,2.4659142212771705,2.5729200168946242,-1.2017427418501676,3793202.875,826.0
54,1977,3.1681966870813145,2.6145528146587567,2.8086896413670868,-1.1923423094619614,1711939.54,1514.0
54,1978,3.167442195906818,2.6086621034181032,2.790963733310483,-1.184523099692387,3833627.8599999994,3189.0
54,1979,3.1679184733472527,2.602265208664616,2.7491709835767084,-1.1727768929881002,4045248.5100000002,3385.0
54,1980,3.1638746132098,2.6035185111175503,2.7414043117490863,-1.1698410055518027,3986626.23,5489.0
54,1981,3.186693221322894,2.590185438090073,2.718177543276349,-1.1744171980298925,4106737.28,4815.0
54,1982,3.1935223983586116,2.5907740907581376,2.7123230065106902,-1.174298431909963,4050633.3200000003,4167.0
54,1983,3.1435854839420814,2.6252930887547703,2.758273747651506,-1.1642741420174436,3930951.7600000002,3982.0
54,1984,3.1532507386464745,2.5923339080532277,2.757546777821382,-1.1793096936277232,4209324.03,4192.0
54,1985,3.1667091152112077,2.572277362573048,2.712976318446023,-1.1733317872721123,4391197.38,4329.0
54,1986,3.15823487237531,2.587432629401781,2.706882418514126,-1.1635394168982987,4264290.22,4202.0
54,1987,3.159804631004276,2.5968479893148886,2.7331654325177395,-1.1689378337568312,4369772.029999999,4339.0
54,1988,3.152912769617149,2.6063808073093697,2.7437614627230626,-1.1686892977174343,4328589.720000001,4267.0
54,1989,3.137515587812393,2.636825296495296,2.7669877055406826,-1.1606741180507991,4521394.48,4492.0
54,1990,3.1524895695150947,2.626112442323399,2.75572698687121,-1.165640492062412,4572891.75,4654.0
54,1991,3.162272078649961,2.6168706521015204,2.7394483800811398,-1.1680624311367234,4565928.15,4560.0
54,1992,3.159183339556863,2.6149814521620165,2.71395387098517,-1.1584658389124143,4471713.55,4308.0
54,1993,3.1570836356421705,2.6196688472497187,2.718421871382427,-1.1561669349199073,4868129.720000001,4481.0
54,1994,3.18531920719107,2.57470036888129,2.6767977516644006,-1.1669346025175862,4755022.973,4367.0
54,1995,3.2188899566063167,2.568861958434619,2.6670387524630397,-1.1752677924014938,4837222.6313,4542.0
54,1996,3.2128412137419793,2.546067722980639,2.6485331135856915,-1.1774372326304274,5082849.4856,4789.0
54,1997,3.2167655202027783,2.570577025456208,2.666072083898443,-1.174417090698642,5135004.0087,4733.0
54,1998,3.207604786919249,2.580426325967889,2.661901760255549,-1.1678302242964465,5129498.5638999995,4600.0
54,1999,3.2028228645538444,2.5724094431655193,2.65242554070724,-1.165719504732525,5201563.0776,4659.0
54,2000,3.2189572378726177,2.5495354777521126,2.6366964562659816,-1.1731061568424184,5094276.7179000005,4635.0
54,2001,3.2248343922776384,2.559741397824053,2.65775084747841,-1.1780247740954213,4996488.352899999,5286.0
54,2002,3.237525074036911,2.5568960063445916,2.6658069615975633,-1.1866899561128805,4821496.2633,5589.0
54,2003,3.214515427894263,2.589581483309655,2.6885472579420027,-1.1752345374714122,4978970.2127,5566.0
54,2004,3.204910665572045,2.58623818918325,2.6821613759129,-1.1730082853252242,5098048.0013999995,5344.0
54,2005,3.223233817489976,2.5627673612610686,2.6385198191176493,-1.1712769187690433,5213660.880799999,4830.0
54,2006,3.229625316977579,2.555653813163679,2.621677347379732,-1.1685083586886642,5060977.5177,4510.0
54,2007,3.2465022407449786,2.5314569644035188,2.6107616844556336,-1.1776066032918633,5344419.257,4740.0
54,2008,3.2376817020761055,2.5563171845626176,2.6482076221100037,-1.1819111291593778,5314034.6841,4558.0
54,2009,3.270911464719917,2.5408898300960265,2.6183709295899407,-1.187391249455787,5170222.2283,4319.0
54,2010,3.289609627260792,2.515759180913865,2.592570007659537,-1.1917647909569709,4953901.4696,4026.0
54,2011,3.2503924977727405,2.5375794784730323,2.6235023983677035,-1.181750894568194,4870795.948,3884.0
54,2012,3.264238200851769,2.5360131096548506,2.613532438959665,-1.1832431927537825,5221359.728,4076.0
54,2013,3.2814428706049545,2.5420236998298655,2.6258138640845656,-1.1901221473590198,5128431.6832,3944.0
54,2014,3.2951087784708957,2.5310671752486584,2.6118526623133103,-1.1955282835557781,5212166.593099999,5506.0
54,2015,3.2665164692343582,2.559928597220803,2.652008832042892,-1.1886535568200622,5148327.2879,7515.0
54,2016,3.2728172718369346,2.567339234091027,2.6464663723055404,-1.1851571893490707,5134953.616,7761.0
54,2017,3.266920122820117,2.5691958473986722,2.6451565505664845,-1.1825861611644117,5043941.1785,7760.0
54,2018,3.241180315016771,2.5758224260948617,2.6636965503491825,-1.178210630836609,5066342.1417000005,7508.0
54,2019,3.2545260801468885,2.5835941991960474,2.6829487725230994,-1.187350038315104,5197519.5437,7219.0
54,2020,3.2708490205817733,2.5588886359856797,2.6529515226972853,-1.1904954245215325,5051658.2967,5926.0
54,2021,3.2838959386211255,2.5173357016420277,2.6179002303280186,-1.1947347531103643,5101337.668199999,5740.0
54,2022,3.2662285745311492,2.55606804431512,2.661344947583878,-1.1929443132725768,5179454.09,5741.0
54,2023,3.2761620861236187,2.5754249799735245,2.6659629248871393,-1.1900484572385412,5121267.2807,5670.0
54,2024,3.261081920122928,2.549641910953362,2.6300824422894102,-1.1832779630620867,5069869.2051,5916.0
54,2025,3.2795728276614367,2.5544254955815346,2.648250267094965,-1.19381785936285,4811718.0446999995,5357.0
54,2026,3.2944615444263743,2.5322750719722644,2.6106326306646275,-1.1959639613026432,870300.3677999999,901.0
55,1976,3.1560321770098394,2.590765375974912,2.739478472860231,-1.1742784685047187,12195276.63,7588.0
55,1977,3.1650295156757258,2.5942283693687727,2.7653806539286836,-1.1847802280958273,12608111.36,7680.0
55,1978,3.161717480898051,2.6075883877448467,2.7853164412765024,-1.186487047344033,13722451.790000001,7732.0
55,1979,3.171135744242857,2.6208567185346654,2.7571263784029556,-1.1741387592265093,14360973.89,7960.0
55,1980,3.159031352806794,2.6055840813076703,2.7257838945460326,-1.1639782230179982,14187259.34,7937.0
55,1981,3.1779304487105815,2.6005080653784445,2.723747397827603,-1.1714526538892005,14163834.04,7659.0
55,1982,3.1901452305246543,2.580885539189228,2.6946221322364323,-1.172187463192729,13898929.879999999,7490.0
55,1983,3.1712983505365684,2.57534019721666,2.70371076471379,-1.1747171325519674,14471957.120000001,7541.0
55,1984,3.1561761641594903,2.606804807358815,2.7370669987574514,-1.1703612159010388,14296678.16,7126.0
55,1985,3.1586046225245137,2.6125771477740263,2.7309367948355803,-1.1655849658965751,13637319.08,6119.0
55,1986,3.169260171506888,2.588120028459214,2.7125568877635393,-1.1703115374554425,13974385.44,6062.0
55,1987,3.1682153097026085,2.6001954682002544,2.709254002384563,-1.1653616841876815,14560924.75,6377.0
55,1988,3.188461672735088,2.6020964162495774,2.7034867763976824,-1.1687083607312698,15664488.09,6699.0
55,1989,3.196074100891752,2.632968775610608,2.731022689516408,-1.169945132733176,15991345.190000001,6774.0
55,1990,3.1948370433989703,2.620228714315312,2.714990882149591,-1.1678520320019845,15945811.329999998,7003.0
55,1991,3.2056797019046184,2.620531663440989,2.708179516502111,-1.168914186703408,15487782.100000001,6810.0
55,1992,3.187937535072412,2.6190061331966663,2.7064398594178254,-1.164434874497234,15489180.89,6677.0
55,1993,3.198108159992703,2.6046980703373106,2.6872713418217953,-1.1651347148653064,16384186.95,6911.0
55,1994,3.205993201864834,2.5971896736270605,2.686926451668898,-1.1688879394289053,16517568.802,6299.0
55,1995,3.2344731317165882,2.593064546856049,2.678050550567832,-1.1764005216532147,16690718.356200002,5909.0
55,1996,3.2358504268435575,2.567794938116606,2.6461353187982777,-1.1762063703730505,17115965.036,5933.0
55,1997,3.235017565218109,2.585370250207478,2.6738376167194065,-1.1787898971892679,17493015.7315,5915.0
55,1998,3.233297230940135,2.5818352382172316,2.64481128427898,-1.1688417170373988,17422500.3192,5814.0
55,1999,3.224280801186487,2.5870315033875486,2.680963410004353,-1.177826412852608,17473147.8308,5707.0
55,2000,3.2307251554930563,2.5997277079016743,2.685317416499714,-1.1760890902667225,17227455.5138,5649.0
55,2001,3.216937263951136,2.6113388920952727,2.692647515341001,-1.1700539578293332,17717011.3781,8122.0
55,2002,3.23491270372905,2.584827823881491,2.6591847084337954,-1.1722043876645034,17845401.797199998,9183.0
55,2003,3.225153801091419,2.5922251616678964,2.669954510592139,-1.1727482092478327,18576571.203500003,9602.0
55,2004,3.2214622395466512,2.589508508836121,2.6675667511831307,-1.1721567745290256,18667168.678099997,9234.0
55,2005,3.231781753447331,2.602799415318831,2.657712628565009,-1.164839855608398,18112198.605499998,8553.0
55,2006,3.2378909353447214,2.582111535033177,2.6490648019981515,-1.1728776804338956,18526896.2903,8466.0
55,2007,3.259643988619517,2.57267539075674,2.650013046969956,-1.1832195922255602,19038175.9239,8591.0
55,2008,3.2486198996755915,2.576374560597396,2.6408503025014265,-1.174728274142406,19311586.9304,8875.0
55,2009,3.2569466262199165,2.56569200179599,2.624600649714017,-1.175732778185039,19117946.2396,8914.0
55,2010,3.2732725120547648,2.5528258263280184,2.615460107710952,-1.181647904060494,18725227.808,8714.0
55,2011,3.2706837112725093,2.567849997545732,2.6253942299510102,-1.179537073855869,18923788.6668,8773.0
55,2012,3.26823630855479,2.5637957258151745,2.623430370675519,-1.179120899995399,19168978.498000003,8751.0
55,2013,3.2723706998644366,2.5672012547570593,2.6242476672184267,-1.1788214009743092,18652016.105499998,8601.0
55,2014,3.268455331526553,2.5780624380719934,2.6423538723944664,-1.180425915576098,19165057.9266,7811.0
55,2015,3.268335993559076,2.586111540138438,2.6480693776717157,-1.1805647576596132,19303264.120800003,6518.0
55,2016,3.2700348174593494,2.5724172957750757,2.642575754322362,-1.1816713995947636,19242623.3732,5925.0
55,2017,3.2623170957969103,2.571767915855206,2.670801832170373,-1.189582800267768,19505301.8145,5875.0
55,2018,3.266444113565535,2.5652282667710278,2.6575826526014694,-1.1907144382519088,19488296.3391,5600.0
55,2019,3.2600012968741527,2.5866032226465467,2.6735543201650582,-1.1851738581693607,19623027.376599997,5423.0
55,2020,3.3154828838933637,2.559462878576541,2.6153086013319116,-1.1906127969985332,18827568.1763,4837.0
55,2021,3.322095949276289,2.5532094347686236,2.6241159012625963,-1.1974623465220133,18501068.4032,4666.0
55,2022,3.2964125020111115,2.58553753534531,2.6396958383592253,-1.1850447828783774,19160778.7304,4552.0
55,2023,3.318767583945942,2.5613155178248026,2.621966386813117,-1.1958616671349114,19672023.6247,4823.0
55,2024,3.3185382956536844,2.5649403293541853,2.6263872013303415,-1.1948410602795059,19801288.2637,4756.0
55,2025,3.3344438778865104,2.547191567361821,2.6165126153930047,-1.2018122399211755,17121255.218000002,3753.0
55,2026,3.3252629931875566,2.5916744758359513,2.664639116994088,-1.2006073044865158,3307512.2105,676.0
56,1977,3.19309928283264,2.4860448175817265,2.683070378561226,-1.2011000572784483,542014.72,2109.0
56,1978,3.1656990448897635,2.5028315126770337,2.705772408546329,-1.194211203865306,1060621.89,4275.0
56,1979,3.206382137150053,2.50206604522562,2.658419114448758,-1.1903398390804938,1145642.25,4306.0
56,1980,3.232430958131219,2.501372934766854,2.6566336252509246,-1.1990326511813703,1249817.44,5989.0
56,1981,3.20988055069032,2.476577567460309,2.6320911968814293,-1.1929960701908289,1354001.6300000001,4944.0
56,1982,3.24224384730803,2.4844363108798495,2.5987107782166006,-1.1872413790107987,1374304.75,4263.0
56,1983,3.217861624007533,2.5091478266667933,2.6531601356941845,-1.1939882515819935,1343982.2999999998,3969.0
56,1984,3.216296068065492,2.509245490862856,2.6672684246881557,-1.1978228863969334,1375794.1800000002,3964.0
56,1985,3.1837203382047945,2.5044957858990693,2.6622580090277324,-1.1869297733266921,1267511.63,3773.0
56,1986,3.172375871607353,2.5185058070580575,2.6892097196889058,-1.1863170524827407,1311971.42,3493.0
56,1987,3.188463304112095,2.5041384894161873,2.6477047119689914,-1.182614699925222,1305181.94,3301.0
56,1988,3.201297866850004,2.509589813073383,2.645672305660956,-1.1830703931643045,1299460.45,3519.0
56,1989,3.2083701015027213,2.502816920200291,2.6446380654425696,-1.1873229703162342,1279050.63,3644.0
56,1990,3.223347076128956,2.5113757089780218,2.6572624756796963,-1.1948946910201828,1337160.53,3840.0
56,1991,3.2358058334389384,2.4959829541173724,2.6235347868573213,-1.1919441204565477,1303611.44,3653.0
56,1992,3.219076616263115,2.499878426444139,2.6200347219512956,-1.1870627638040856,1343099.73,3861.0
56,1993,3.221179824117748,2.505182520998942,2.634487709726311,-1.1898681687174795,1429973.3,3919.0
56,1994,3.205149758754381,2.51221190092224,2.6226327962509934,-1.1788190605832898,1397979.5563,4021.0
56,1995,3.1954870952456673,2.5126234759979416,2.6351204718352097,-1.1810629505164008,1470465.4446999999,4882.0
56,1996,3.221560780519174,2.4917504002095296,2.6478211788679156,-1.199649767168973,1520686.9464,4859.0
56,1997,3.2277151157651134,2.5024844049861463,2.649171248822168,-1.1980675203189775,1459337.1378,4587.0
56,1998,3.20925453058974,2.518946617283551,2.644293693980863,-1.184132287957304,1472438.1378000001,4994.0
56,1999,3.1991553464122373,2.5167754786139738,2.637535890897402,-1.1796102941886826,1538024.4991000001,4951.0
56,2000,3.2169977129124,2.520018341866862,2.619390986429521,-1.1789391701688035,1604216.6181000003,5260.0
56,2001,3.230479238288313,2.52594953611273,2.6463289848533567,-1.1888147178501978,1597224.0997,5948.0
56,2002,3.254477519186927,2.5122046820993065,2.6431641472569316,-1.1995117582713182,1541489.1414,6008.0
56,2003,3.21587234209086,2.531272618171775,2.643303246323641,-1.1804107881667678,1615351.744,6004.0
56,2004,3.2167827986474817,2.5311095729564816,2.6216734772495793,-1.1748865183433437,1593566.6252000001,5978.0
56,2005,3.244213894836574,2.518021192325694,2.6224600135861813,-1.1882309167406857,1539288.4155000001,5254.0
56,2006,3.257741839334243,2.5342469433210066,2.6358842952272696,-1.19068530439493,1506744.8864999998,5000.0
56,2007,3.241293481319289,2.5300132068089365,2.653064629929326,-1.19316730444249,1526077.8875000002,5116.0
56,2008,3.2299056837928846,2.5114936867751974,2.63330781097724,-1.1881851920011686,1571710.7861,5175.0
56,2009,3.2451922636822936,2.513044300219908,2.6132133849871892,-1.1840066955785402,1619427.4721,5460.0
56,2010,3.259190155187871,2.4985541146383046,2.6197762859817706,-1.1964001011069494,1621228.2274000002,5307.0
56,2011,3.2437418465388346,2.5061961589691926,2.6337288395395326,-1.1951420542524833,1548197.0427,5033.0
56,2012,3.2522927556974235,2.494152435917558,2.632357183654147,-1.2034209609205824,1635124.0899,4962.0
56,2013,3.2420854248046,2.520839409447633,2.635850377145486,-1.1903120680571522,1739118.3679000002,4916.0
56,2014,3.2767849358828536,2.517475086766668,2.656016019767346,-1.2084325280646164,1750507.1824000003,5376.0
56,2015,3.269585052914411,2.5060686302757014,2.639362921387647,-1.2048193471523472,1752412.5977,5534.0
56,2016,3.278814485829538,2.497901274036405,2.627951392582121,-1.2065702487045302,1738405.2904,5720.0
56,2017,3.2914261185362035,2.5053132239631335,2.5994197093751876,-1.1960399234100525,1704906.3963000001,5621.0
56,2018,3.2645743082456664,2.4997329831373647,2.60076399161305,-1.1927785501048498,1648043.2593,5166.0
56,2019,3.2794273814355894,2.5030664805426817,2.605679465455166,-1.1968017411239755,1792281.852,5306.0
56,2020,3.305986471193751,2.477246559517311,2.588785592583349,-1.2087136220662522,1781065.3633,4942.0
56,2021,3.307182502358105,2.490285849518848,2.6094788980916634,-1.2105442249709726,1727687.5394000001,4594.0
56,2022,3.316292039449255,2.515807046462762,2.617463341927353,-1.2059154117123025,1746068.1144,4346.0
56,2023,3.289813764556243,2.5347117400995547,2.6504309590853152,-1.2027252089909681,1738999.2045999998,4255.0
56,2024,3.2847998146692072,2.502939491048858,2.61968943076759,-1.2005431588428541,1768297.9156000002,4202.0
56,2025,3.3117854615426334,2.483791213665757,2.597781441959198,-1.2122833856625352,1633624.1990999999,3622.0
56,2026,3.315130906814806,2.512681137914913,2.6726114895324065,-1.227327951920596,296927.1768,681.0
