STATEFIP,YEAR,mean_routine,total_emp
1,1977,2.681966733732378,4506019.37
1,1978,2.7165677600842684,8360310.94
1,1979,2.7405006092026825,9025442.879999999
1,1980,2.72162352109139,9332143.78
1,1981,2.7081250045714005,9311375.98
1,1982,2.7195308664518385,9095817.209999999
1,1983,2.68966217777792,9527064.81
1,1984,2.6949623347538947,10501072.97
1,1985,2.6804953605218858,10760131.809999999
1,1986,2.6791216837693312,10973395.579999998
1,1987,2.6829319041086808,11152956.3
1,1988,2.6719374884589597,11121493.510000002
1,1989,2.683889660908462,11889738.18
1,1990,2.6851480206615617,11568271.74
1,1991,2.685954110159152,11668090.11
1,1992,2.697810832650008,12095624.86
1,1993,2.6913997185644667,12526230.61
1,1994,2.6905944494664245,13117729.594399998
1,1995,2.685631649888556,13335963.514800001
1,1996,2.659776255503555,14197215.0901
1,1997,2.662380278903032,14343049.9888
1,1998,2.6434203233670854,14651716.199400002
1,1999,2.6385249271383366,14701514.362399999
1,2000,2.636851169331641,14414545.0753
1,2001,2.629925518976678,14166819.7863
1,2002,2.6293801157907177,14164881.051600002
1,2003,2.660866122984163,14688480.314499998
1,2004,2.653366669407345,14226089.6775
1,2005,2.661110130946697,14702179.017199999
1,2006,2.6309441153928756,13449503.385899998
1,2007,2.635200362177869,13541882.4893
1,2008,2.6247234760066633,13198868.779000001
1,2009,2.6148908440936287,12453986.459800001
1,2010,2.650367400228695,13061159.8115
1,2011,2.641285915784376,12768361.3503
1,2012,2.6385374228939935,13220137.973900001
1,2013,2.62613133033641,12560603.418000001
1,2014,2.611337159272692,12931543.6149
1,2015,2.629223933016859,13049106.3759
1,2016,2.6211352708329803,12906258.521499999
1,2017,2.6188002699221147,12771333.335900001
1,2018,2.592850551436494,12838227.8471
1,2019,2.582665623080585,13164186.238
1,2020,2.5940247499068234,12889127.643199999
1,2021,2.600014579081854,13648023.1139
1,2022,2.606559287794746,14421844.409400001
1,2023,2.5949213350876,13953054.807300001
1,2024,2.612563143814593,13865004.018800002
1,2025,2.5876128068838464,13251231.7846
1,2026,2.5885789980932468,2300026.3406
2,1977,2.5590417838911192,421312.16000000003
2,1978,2.55683864072977,962376.61
2,1979,2.5343409560354235,1030270.2200000001
2,1980,2.5620864882057117,1061366.57
2,1981,2.5594271224289438,1063353.12
2,1982,2.554367376555795,1037079.6099999999
2,1983,2.5340529763400355,1199137.62
2,1984,2.5356527182944606,1415210.62
2,1985,2.53448057360161,1578575.73
2,1986,2.5052348455945643,1598179.7899999998
2,1987,2.5250167981162703,1635620.7
2,1988,2.527425445184877,1667133.19
2,1989,2.5338370214375283,1673311.8499999999
2,1990,2.526942719020324,1858335.0899999999
2,1991,2.5266853947598937,1866737.33
2,1992,2.5401314090785356,1942655.48
2,1993,2.5581667316282504,2004576.3099999998
2,1994,2.520212227293095,2132949.9263
2,1995,2.517923214052138,2263104.7335
2,1996,2.5152058916732885,2366647.8494
2,1997,2.5360783816953694,2391113.3607
2,1998,2.530186132445752,2311813.9883000003
2,1999,2.5395496651416805,2271670.0716
2,2000,2.5383637053914248,2271712.3113
2,2001,2.5505676392826824,2326792.033
2,2002,2.5387220411946094,2269598.473
2,2003,2.5554160994826725,2238634.5234
2,2004,2.542950399401125,2172597.6938
2,2005,2.5589108315577587,2237463.7965
2,2006,2.5684419817682844,2208921.525
2,2007,2.5594482315313085,2226115.5439
2,2008,2.5499530004605715,2263075.2153000003
2,2009,2.537134320711087,2120541.4641
2,2010,2.573495620676941,2108993.5609000004
2,2011,2.554867898687462,2127308.5545
2,2012,2.543454166745051,2026905.4675000003
2,2013,2.5290972498554187,2087078.0518
2,2014,2.553252531020073,2032471.0336
2,2015,2.5713321991085496,2033949.2810000002
2,2016,2.5259587211879353,2078367.9930000002
2,2017,2.529191322456066,2036536.0311999999
2,2018,2.554921812958964,1960416.7427999997
2,2019,2.5270644804430895,1881972.7396
2,2020,2.520117061424524,1975822.4992999998
2,2021,2.519483348772449,1986883.4961
2,2022,2.5106432351789376,2151897.0763
2,2023,2.4969571482606026,2078007.3884
2,2024,2.508539677886427,2136259.4177
2,2025,2.5261886065503183,2038401.3563
2,2026,2.5024084524508505,364364.24340000004
4,1977,2.535568541500223,2474008.45
4,1978,2.5514081874845522,5278875.47
4,1979,2.5504584434221074,5550240.65
4,1980,2.5693693693802375,6013047.59
4,1981,2.5898087553798788,6276105.07
4,1982,2.5572663280987906,6891426.199999999
4,1983,2.579765968842989,7241283.95
4,1984,2.555945133183197,7783925.55
4,1985,2.559683746657682,7989423.32
4,1986,2.5884443702232343,8758792.52
4,1987,2.578485377005062,9564383.620000001
4,1988,2.5456737009678183,10283756.239999998
4,1989,2.5473645728641805,10739041.86
4,1990,2.552507499940835,11441704.28
4,1991,2.5566973799046715,11787716.44
4,1992,2.567041957870773,12123885.059999999
4,1993,2.5556078137531153,12635518.97
4,1994,2.573044196419142,13188588.6533
4,1995,2.5726293853230264,13921064.4461
4,1996,2.5777302076809696,13707593.962499999
4,1997,2.5982522650219133,14306296.6959
4,1998,2.5582235922525167,14571585.245700002
4,1999,2.5468916782558404,15460362.9093
4,2000,2.5497202203308293,15994444.1358
4,2001,2.55408072339679,16367937.838
4,2002,2.5492476682532987,17086407.7803
4,2003,2.5445359599149104,17103933.1458
4,2004,2.552293527204741,17642782.1626
4,2005,2.554371552522188,18195446.357
4,2006,2.5566901089957117,19161331.6918
4,2007,2.5554515401027875,19945993.2184
4,2008,2.5629681380577605,19038232.5528
4,2009,2.544186044765681,18918670.4527
4,2010,2.5416552023754813,18888864.413900003
4,2011,2.522057725777046,18720996.1844
4,2012,2.544147987406422,17605299.3494
4,2013,2.557623947621177,18060406.288599998
4,2014,2.569450795619822,18240786.5748
4,2015,2.5493588364045263,18334201.8609
4,2016,2.5220513810543297,19615896.7168
4,2017,2.519261905406432,19592625.4391
4,2018,2.5227459025468963,19717167.152999997
4,2019,2.530060555091877,20661868.4479
4,2020,2.514782070020017,20132245.398900002
4,2021,2.5298968846671106,20965872.8088
4,2022,2.510995160221642,21945290.344399996
4,2023,2.5156336787661586,21702636.524399996
4,2024,2.5164197335133194,22684438.524800003
4,2025,2.5112528233861102,21060529.913999997
4,2026,2.5328800432827747,3608968.9919999996
5,1977,2.7067472051991985,2165661.94
5,1978,2.713796696807169,4818373.459999999
5,1979,2.6989428353271125,4996036.6
5,1980,2.7105222552919046,5192027.029999999
5,1981,2.688690603342451,5460024.760000001
5,1982,2.7020082808562824,5225963.8
5,1983,2.7239971720097778,5216411.95
5,1984,2.6973116342542514,5568655.07
5,1985,2.720952483465241,6085733.720000001
5,1986,2.699908856437406,6279442.440000001
5,1987,2.7004301901237713,6566818.94
5,1988,2.6754079171083074,6577208.13
5,1989,2.6938384006567033,6772215.27
5,1990,2.6820172642217743,6809048.8
5,1991,2.6855038089210437,6926732.1
5,1992,2.6997486709304024,7261938.779999999
5,1993,2.708866314808613,7642926.220000001
5,1994,2.682947400612545,7761388.9593
5,1995,2.681415642210115,7995763.7963
5,1996,2.7114205019551965,7827517.932
5,1997,2.695879118813788,7579245.4825
5,1998,2.679724771233887,7673761.411799999
5,1999,2.6872134916666353,7927192.2455
5,2000,2.67043212032308,8064618.6114
5,2001,2.6363639778986294,8052430.212499999
5,2002,2.6577672295785195,8302381.0638
5,2003,2.6807492253735448,8147352.8386
5,2004,2.678475197355797,8308521.894400001
5,2005,2.6687361459795813,9019697.589200001
5,2006,2.6713683227532314,8525139.0843
5,2007,2.6676252960677824,8250644.7737
5,2008,2.6439512874456264,8386972.868099999
5,2009,2.663230742847882,7903590.024500001
5,2010,2.6655698483095116,7654237.951900001
5,2011,2.6500577642224106,7746047.403100001
5,2012,2.615714177557801,7966788.4498
5,2013,2.613507667938004,7841281.9032999985
5,2014,2.649587381217289,7872753.539000001
5,2015,2.604309100816717,8183462.4399999995
5,2016,2.60967837310101,8263430.641100001
5,2017,2.622600692912574,7985950.9686
5,2018,2.62253398735352,7735667.426100001
5,2019,2.624222837541116,7747227.7075
5,2020,2.59041674262513,7796419.5805
5,2021,2.6054455845453393,7756407.9194
5,2022,2.6129600775808712,8001254.1653
5,2023,2.6183284423773814,7968227.079500001
5,2024,2.5953846224114194,8212661.496299999
5,2025,2.5863890771639184,7426022.89
5,2026,2.526342374356663,1365159.955
6,1976,2.6106721585191677,65861388.05
6,1977,2.6052586060209597,61388861.29
6,1978,2.5950602792115895,57128576.25000001
6,1979,2.5854928445955894,59620870.36
6,1980,2.5749454427856846,62092877.129999995
6,1981,2.5750741131706008,64982771.779999994
6,1982,2.57845097442664,66514741.75
6,1983,2.5821669526228175,67718184.47999999
6,1984,2.5758762418207506,71842233.00999999
6,1985,2.5657172772633903,73729798.84
6,1986,2.5781489986188615,78892808.5
6,1987,2.5790787680365623,83679629.31
6,1988,2.566120716372839,88112133.97999999
6,1989,2.558501899470872,90082596.26
6,1990,2.5763040455290613,94685212.21
6,1991,2.568894418808024,95103061.97999999
6,1992,2.5803334277942724,96770275.45
6,1993,2.5725390058656568,98468617.74000001
6,1994,2.5664664060306355,102039797.5653
6,1995,2.5608168330848815,103434865.6988
6,1996,2.560516060715873,104743661.98409998
6,1997,2.5715146176711707,109209299.8638
6,1998,2.5669565340245577,111586037.32710001
6,1999,2.5552966422460974,114566631.98949999
6,2000,2.562115798509102,114044586.7347
6,2001,2.5514958546690525,116197841.0751
6,2002,2.5481863476600988,113042820.0634
6,2003,2.5533666873891097,117851783.8064
6,2004,2.5585081512304666,116727684.4198
6,2005,2.556049802995221,114936551.9286
6,2006,2.5471990548514247,116315186.4663
6,2007,2.544851213326276,119339140.76869999
6,2008,2.5483444807385958,115544863.00169998
6,2009,2.5354039831891124,109101063.004
6,2010,2.544215334414477,107402593.81920001
6,2011,2.5451289858440163,106325113.2015
6,2012,2.53938533710398,107642789.1003
6,2013,2.5394931038527773,109749859.11600001
6,2014,2.531046180864507,110506414.17029999
6,2015,2.536932026034057,114225374.7398
6,2016,2.519432854944313,115578398.4012
6,2017,2.5298942652226066,116612899.3105
6,2018,2.5218346283075226,118831621.04089999
6,2019,2.525089575412236,118301729.7062
6,2020,2.523721990735089,107205795.6634
6,2021,2.518024598275567,110632428.01920001
6,2022,2.5109467796172833,116353355.6514
6,2023,2.50347881650521,117971305.81829998
6,2024,2.5001675275664317,120090267.81100002
6,2025,2.49294528012605,111193896.6061
6,2026,2.498670840833057,20576547.4009
8,1977,2.577880953856031,3638791.54
8,1978,2.5912099208576636,6977292.64
8,1979,2.5677006485330565,7372233.51
8,1980,2.549233400806895,8132806.839999999
8,1981,2.5491687967891457,8549610.49
8,1982,2.5452245605355475,8807766.860000001
8,1983,2.547289668183628,9665128.620000001
8,1984,2.5498382750389426,10339152.9
8,1985,2.542889301648242,10336647.15
8,1986,2.5235642033034513,10623498.32
8,1987,2.5287802105027333,10612071.959999999
8,1988,2.5299984460435474,10766413.2
8,1989,2.556263625160636,10880992.32
8,1990,2.547651632199313,11800025.17
8,1991,2.5394205780760037,11907571.040000001
8,1992,2.5548020252789914,12358043.010000002
8,1993,2.545035750900875,12633989.809999999
8,1994,2.5285673828650532,14009122.1068
8,1995,2.5291184673868075,14504641.2445
8,1996,2.519269417416498,14740673.668399997
8,1997,2.5307071535106505,15103598.886
8,1998,2.512003085076401,15533491.933899999
8,1999,2.5142160749579103,15604781.761500001
8,2000,2.5144085359069694,16421466.6299
8,2001,2.5115425358172883,16404892.572099999
8,2002,2.5142876706552424,15997856.8426
8,2003,2.5408267768717883,16161145.3722
8,2004,2.5211867178438427,16641512.859
8,2005,2.5381188521062654,16541846.511200001
8,2006,2.5261993918351515,17330798.5488
8,2007,2.533509218082977,17907090.250800002
8,2008,2.5218775073586466,17800246.661399998
8,2009,2.53086871329939,16671493.0888
8,2010,2.5069240021405794,16824923.364899997
8,2011,2.4965845309199555,16746946.991300002
8,2012,2.5072394181990356,16253572.0004
8,2013,2.5112053116820516,16367048.8697
8,2014,2.488707148665624,17231599.5007
8,2015,2.500792956837763,17151195.958
8,2016,2.5128676424275094,17638947.7576
8,2017,2.4724419484739397,17969818.81
8,2018,2.4678076133811526,18328481.754300002
8,2019,2.4583285383379594,18157998.0315
8,2020,2.47279254675958,17609350.9485
8,2021,2.4437763129910497,19021305.426200002
8,2022,2.4408307716171147,19114781.9967
8,2023,2.4543845905736443,19665957.686400004
8,2024,2.4443967762705814,19239312.5316
8,2025,2.4489438231303238,17784985.2012
8,2026,2.3887047524954936,3081181.1298
9,1976,2.6720869700197065,7711457.489999999
9,1977,2.6374521984242145,7952850.7
9,1978,2.637672115696967,8307617.9799999995
9,1979,2.6538230533456515,8560004.25
9,1980,2.6410339994368677,9069818.57
9,1981,2.6430963354870105,8828018.93
9,1982,2.600759688011963,8734471.280000001
9,1983,2.622290646692481,9346056.02
9,1984,2.6133781813879016,9733842.760000002
9,1985,2.6190509139218223,10076390.350000001
9,1986,2.594277910642531,10346404.44
9,1987,2.6076544521508156,10422808.86
9,1988,2.5924005830499106,10722689.8
9,1989,2.585150429242086,11244156.86
9,1990,2.579089034303231,11756187.440000001
9,1991,2.58696635319114,11983668.01
9,1992,2.598095932584386,11964661.84
9,1993,2.574062521105317,12108071.29
9,1994,2.56769267212154,11879805.9002
9,1995,2.515890151022432,11749846.9087
9,1996,2.5440880433579656,12232131.7205
9,1997,2.5689086284388614,12680770.6734
9,1998,2.5567131877228704,12412710.3008
9,1999,2.538804566509805,12827668.624400001
9,2000,2.558198187803383,12911016.968899999
9,2001,2.5340574361900945,12683851.0214
9,2002,2.5342096203958606,13132908.8785
9,2003,2.53216440204154,12359274.811
9,2004,2.5298512007237832,12253309.0251
9,2005,2.5391261208380755,12387237.140999999
9,2006,2.531439959857593,12479735.9233
9,2007,2.5296181491031655,12474001.520800002
9,2008,2.5185564770541595,11993785.451200001
9,2009,2.5076027527147535,11692939.871100001
9,2010,2.523836663379453,11441658.2518
9,2011,2.5070307300899675,11423729.7295
9,2012,2.5058875422995874,11136078.795300001
9,2013,2.4975621404227217,10799547.8395
9,2014,2.498199712342808,11217733.5293
9,2015,2.4983598438619703,11116192.9484
9,2016,2.5007616668306514,11222613.154800002
9,2017,2.511572261043703,10587091.513700001
9,2018,2.5026803503629957,10582045.583999999
9,2019,2.495366771671868,10673417.8076
9,2020,2.4818676377829316,9940386.5489
9,2021,2.5032673967740378,10134142.180100001
9,2022,2.4886323042572682,10937680.0516
9,2023,2.4860482261341925,11126896.0544
9,2024,2.4690604236582208,10956237.6563
9,2025,2.473725772707979,10287546.505
9,2026,2.5018205431267475,1733126.0973
10,1977,2.6488556544300805,697684.91
10,1978,2.623557907100106,1442632.27
10,1979,2.5944180757679924,1500049.9
10,1980,2.6281242352842864,1478502.01
10,1981,2.6166030979737993,1548454.15
10,1982,2.5871950872782876,1586498.52
10,1983,2.604019502609952,1646895.46
10,1984,2.606901738368338,1678285.0999999999
10,1985,2.626293339035727,1771998.5099999998
10,1986,2.625517213732239,1894096.09
10,1987,2.622254747322751,1959727.3699999999
10,1988,2.5990529891902994,2125808.3600000003
10,1989,2.640160603074818,2244176.46
10,1990,2.658690015170904,2182046.87
10,1991,2.641910843894131,2350294.23
10,1992,2.59009337097728,2513132.16
10,1993,2.5896750151993113,2607032.2199999997
10,1994,2.5907788727482326,2566337.5606000004
10,1995,2.5558225453295313,2519502.7738999994
10,1996,2.5632404655419694,2536501.1875
10,1997,2.5883364706375316,2571637.4836
10,1998,2.60382316876326,2613434.2106
10,1999,2.6058940670003476,2683532.2604
10,2000,2.585727994747612,2826384.4107000004
10,2001,2.579611104637254,2879628.4358
10,2002,2.576992296853139,2700682.8377
10,2003,2.5897527400655993,2719869.1617
10,2004,2.588900611914281,2783292.4469999997
10,2005,2.587064865996544,2904541.2533
10,2006,2.5899519949017753,2910493.0856
10,2007,2.5771522100309205,2830381.3414000003
10,2008,2.5694948937173634,2867458.7873
10,2009,2.558684575209413,2648845.9839000003
10,2010,2.5881550223001017,2716311.5066
10,2011,2.572954274867406,2704990.0656000003
10,2012,2.5474874604862006,2686090.8054
10,2013,2.531620016458453,2543502.4893
10,2014,2.5559989147587086,2651602.0848000003
10,2015,2.554174227051307,2894203.4529999997
10,2016,2.557665356820875,2864810.1737
10,2017,2.5476292195514842,2615565.8542
10,2018,2.5607798999561457,2767040.5287
10,2019,2.5329818401711766,2793162.7259
10,2020,2.5234209048566933,2584347.4515
10,2021,2.57810804421352,2698020.7135
10,2022,2.5638747611852497,2718879.0187
10,2023,2.5291850975656742,2785101.4045
10,2024,2.521823310546983,2888901.003
10,2025,2.5091691996088143,2640213.0628
10,2026,2.510275643381724,463920.2774
11,1976,2.547864144902624,1552190.9000000001
11,1977,2.571826191733862,1658832.9100000001
11,1978,2.551145947586595,1981932.0599999998
11,1979,2.5482454246641053,1937435.2600000002
11,1980,2.509476994997097,1820775.02
11,1981,2.512514380628129,1756727.67
11,1982,2.49966251539285,1778625.81
11,1983,2.49674558787917,1798369.06
11,1984,2.4818359094628515,1850405.3699999999
11,1985,2.511442821725512,1845294.1
11,1986,2.4943847877688747,1939641.8599999999
11,1987,2.48025299203362,2050886.8699999999
11,1988,2.467482171522334,2078531.4100000001
11,1989,2.472037542797742,2055863.8399999999
11,1990,2.4655156394127493,2016371.85
11,1991,2.4411586680921458,1956322.9100000001
11,1992,2.4369554213709463,2052704.36
11,1993,2.4708428090733516,2003996.64
11,1994,2.4476479396099333,1856949.5496999999
11,1995,2.439499682926408,1869924.8889000001
11,1996,2.4463818008776888,1702811.9915
11,1997,2.4408005564512765,1696429.213
11,1998,2.4466658856335446,1661427.0317
11,1999,2.43547397249291,1711475.9101
11,2000,2.444343142173728,1928070.5522
11,2001,2.4522960924193846,1865139.5473999998
11,2002,2.441259746613277,1850607.1343999999
11,2003,2.4183890171927245,1942378.4521
11,2004,2.414307083291531,1847027.2020999999
11,2005,2.380586293523557,1782813.3246999998
11,2006,2.385681056463871,1766311.9778000002
11,2007,2.3914246719851295,1878036.047
11,2008,2.3861511661305963,1942871.7359
11,2009,2.3473794871830895,1967745.0251
11,2010,2.321422498443545,1955609.5633
11,2011,2.3161395920079255,1866367.4552
11,2012,2.310773861393039,2038434.8168000001
11,2013,2.3130850926879067,2090807.0635
11,2014,2.3042705236256698,2160477.4251
11,2015,2.3131093600604835,2252837.8058
11,2016,2.2955669274184274,2301453.5606
11,2017,2.300208875508736,2328948.6065999996
11,2018,2.292228591666203,2417735.6816999996
11,2019,2.2889730868098654,2612085.8871
11,2020,2.2689412820814607,2593748.5322
11,2021,2.2467993583100614,2609546.4102
11,2022,2.2603112449865423,2338357.3218
11,2023,2.2507562090481437,2571752.9367
11,2024,2.2641433762299754,2593117.4729000004
11,2025,2.250807238730125,2473764.3170999996
11,2026,2.2239041770709216,468727.2014
12,1976,2.61215771512315,17566600.369999997
12,1977,2.599108602239738,18264179.71
12,1978,2.605746149884308,20537923.14
12,1979,2.6061924200123125,21604037.82
12,1980,2.603422480691963,21656545.16
12,1981,2.593990616989364,22801415.139999997
12,1982,2.5892121547100855,25727150.759999998
12,1983,2.587923570564673,26893251.18
12,1984,2.5884746744401634,28451946.619999997
12,1985,2.5783708166558705,30544213.46
12,1986,2.572400645822782,32708890.289999995
12,1987,2.57178019109048,34552195.949999996
12,1988,2.5591105741449125,36722795.41
12,1989,2.5687737846528007,38315458.3
12,1990,2.5684611324926423,39737312.78
12,1991,2.5636450992754614,40710349.53
12,1992,2.564401073324114,41546822.03
12,1993,2.559737061335567,43691480.95
12,1994,2.5621369379036896,44913263.790400006
12,1995,2.557669388083654,46223399.8636
12,1996,2.5583804264845726,47501894.5625
12,1997,2.556987512541959,48463561.2509
12,1998,2.563077694058917,49294940.4399
12,1999,2.5607088920345684,50239449.3324
12,2000,2.5492999426080876,54757860.137899995
12,2001,2.5461452222479664,54099405.194299996
12,2002,2.543585732095355,54910560.1657
12,2003,2.56221471521827,54120660.8712
12,2004,2.557362763842792,56521096.0051
12,2005,2.5625664253421454,58125641.157299995
12,2006,2.5553383105680103,59340239.20779999
12,2007,2.564814411565604,59550203.5214
12,2008,2.5630751661037525,58375940.9893
12,2009,2.550806256315623,55319444.311900005
12,2010,2.543509957713091,54834786.4719
12,2011,2.531190363200143,54312797.770899996
12,2012,2.5351913309937593,55968180.02579999
12,2013,2.536321268430381,57153274.1106
12,2014,2.5400605269104077,58062743.83
12,2015,2.529374741008838,57583856.6234
12,2016,2.531856080095349,59538064.3977
12,2017,2.5298416686176797,60279738.5642
12,2018,2.5392001501487824,61811356.0122
12,2019,2.5462812837787907,62388573.2006
12,2020,2.53286629553079,58070593.796900004
12,2021,2.5361516943312394,61050244.44900001
12,2022,2.520309559285757,64578369.41250001
12,2023,2.527732030112387,66484173.833
12,2024,2.5258901561555693,64462017.7878
12,2025,2.512967838498783,61538965.622600004
12,2026,2.4981463838833524,11322957.5661
13,1976,2.66228759918417,12457060.84
13,1977,2.659331454409933,12732240.62
13,1978,2.648484149228163,12487998.389999999
13,1979,2.6608027582331353,12645193.09
13,1980,2.650844939343145,13488736.1
13,1981,2.636179025727947,14525252.73
13,1982,2.6270027445556243,14748192.440000001
13,1983,2.654023151215239,14998324.690000001
13,1984,2.6617823043084226,16550645.739999998
13,1985,2.637481783740726,16859179.560000002
13,1986,2.620632891890044,17675543.82
13,1987,2.6343656138722493,18333642.200000003
13,1988,2.6125021359448057,19120252.72
13,1989,2.63297959597546,20019329.12
13,1990,2.614007042214037,20797856.96
13,1991,2.6115696291295585,22305209.18
13,1992,2.620443455615894,21716600.94
13,1993,2.6090820364214533,23315877.43
13,1994,2.6063393515529194,24592713.417899996
13,1995,2.612046270573835,25047256.415200002
13,1996,2.600332300582618,26211495.1382
13,1997,2.614607712259294,26755029.2583
13,1998,2.622880262101859,28087661.343300004
13,1999,2.616242472035869,28519857.5332
13,2000,2.6137313476333515,28724213.4501
13,2001,2.613568411896348,28895609.7843
13,2002,2.604760737113421,29701137.9098
13,2003,2.594019569107809,29996052.053000003
13,2004,2.5847706076022674,30337823.0684
13,2005,2.6038523139693845,30113077.0748
13,2006,2.5964064326518828,30561100.1296
13,2007,2.6038093452310775,31879229.1446
13,2008,2.5642768955853206,31903888.2031
13,2009,2.5543307832704096,30371664.323
13,2010,2.566692783862113,30665268.401899997
13,2011,2.565745149785119,31070612.3252
13,2012,2.569219178477623,30599341.8314
13,2013,2.5698414511111323,30092909.733799998
13,2014,2.5649982213265914,30276037.284399997
13,2015,2.5780608457461254,30224331.7918
13,2016,2.5691162602853623,30156618.242
13,2017,2.5678715559996768,30983270.297300003
13,2018,2.5547422273555465,31492826.8072
13,2019,2.5669378615199876,32537696.740900002
13,2020,2.5792086303246324,30006202.676799998
13,2021,2.5389293268619872,31896016.761200003
13,2022,2.5463247905477973,32967722.633200005
13,2023,2.5427211763210997,32952786.882699996
13,2024,2.534077620557554,33767842.325399995
13,2025,2.5194704555974594,31638270.564000003
13,2026,2.5330229204723866,5590778.548599999
15,1976,2.6007456874513593,1751836.9700000002
15,1977,2.564889776212308,2180874.63
15,1978,2.5852331309048955,2178540.1999999997
15,1979,2.596109256372207,2204492.1
15,1980,2.5577795184888306,2708035.0200000005
15,1981,2.563212589868113,2805528.0300000003
15,1982,2.5581499558152756,2726813.1599999997
15,1983,2.5695760295512042,2758092.4699999997
15,1984,2.573016865864448,2849956.02
15,1985,2.5450216259494116,2844895.4400000004
15,1986,2.5392966448235064,3070314.27
15,1987,2.554547677236873,3066330.5300000003
15,1988,2.527401357479561,3335343.0100000002
15,1989,2.4939131213196375,3415643.26
15,1990,2.525227685895681,3652355.2699999996
15,1991,2.517743965209158,3875517.86
15,1992,2.537886649236553,3936898.3899999997
15,1993,2.5431441434049717,4054865.1300000004
15,1994,2.5323569066252487,3955368.7193
15,1995,2.547095500566502,3967498.1893999996
15,1996,2.5543287809365585,3905757.3263000003
15,1997,2.5555577434659122,3783573.557
15,1998,2.539472707858787,3947784.9540999997
15,1999,2.506965285964517,4157682.3194000004
15,2000,2.5384884684603763,4155083.7964
15,2001,2.550851632232233,4137988.6580999997
15,2002,2.5246249165742456,4211190.9856
15,2003,2.551540708775677,4102167.5092
15,2004,2.5492558369075153,4195543.546399999
15,2005,2.550030391724971,4386681.1679
15,2006,2.5463853742604807,4365890.0526
15,2007,2.554801811484777,4156725.4475
15,2008,2.5702845233469342,4119559.2491999995
15,2009,2.550992528990572,3771913.7046000008
15,2010,2.5652158014952198,3679934.411
15,2011,2.5677125149283033,3614666.3305
15,2012,2.5398432799803388,3639334.4959
15,2013,2.5403864452213947,3903003.8545
15,2014,2.5341901863406786,3881087.4587000003
15,2015,2.5424283502153475,3996534.3888000003
15,2016,2.55723095495545,4062463.2519
15,2017,2.535128043225604,4026885.3693000004
15,2018,2.521103644563561,4041587.4228999997
15,2019,2.517935311011733,3968653.4373000003
15,2020,2.51169438064021,3510320.7867
15,2021,2.5218757248098593,3662467.6136
15,2022,2.48992791168271,4003980.1848
15,2023,2.5188378388477255,3791453.4009
15,2024,2.5042064318283437,3929770.5209999997
15,2025,2.508152835034912,3760489.1659000004
15,2026,2.5195674740281704,700563.3375
16,1977,2.6034869817073694,953420.2000000001
16,1978,2.613056032129882,2046700.66
16,1979,2.6110705504938085,2164439.5599999996
16,1980,2.6051985776657145,2247549.0
16,1981,2.6018091293907752,2282977.03
16,1982,2.6043667445684098,2377875.08
16,1983,2.6216630123314473,2467085.58
16,1984,2.605807380643588,2620312.36
16,1985,2.6024618829596173,2746476.6100000003
16,1986,2.6068920114362637,2723054.2
16,1987,2.625720011183676,2678480.28
16,1988,2.6294472447587367,2916790.2
16,1989,2.5965013179241656,2907116.83
16,1990,2.6169191394324716,3076225.0700000003
16,1991,2.6158328073053823,3304448.1399999997
16,1992,2.6293229120945627,3359331.0
16,1993,2.6187752469490393,3560228.4099999997
16,1994,2.5942390721227127,3822749.3342000004
16,1995,2.600552066135255,3971267.5537
16,1996,2.6088025649167172,4021471.2182000005
16,1997,2.6214228536391233,4150522.6972
16,1998,2.611905412680404,4330965.9036
16,1999,2.601451037111716,4259233.3126
16,2000,2.59462625538737,4208911.8093
16,2001,2.580703146237747,4328148.3645
16,2002,2.584015115253304,4286964.6435
16,2003,2.583646176099252,4199106.3898
16,2004,2.5681152582300317,4304433.212099999
16,2005,2.5788304949170904,4658485.6117
16,2006,2.591572917692883,4804426.004799999
16,2007,2.5968970889402048,4802275.7873
16,2008,2.5892966902617496,4638812.8109
16,2009,2.5711607292817664,4488123.6635
16,2010,2.587884032651154,4449076.5474000005
16,2011,2.5888150995710855,4579101.9734
16,2012,2.5779479431278722,4707840.1897
16,2013,2.5710097344795844,4747153.4438000005
16,2014,2.5696287369977537,4564552.005
16,2015,2.5535276546152335,4740070.4733
16,2016,2.567782530980889,4795865.8156
16,2017,2.56286403886252,4918805.2678
16,2018,2.5677199583228676,4819645.6631000005
16,2019,2.548496115762035,5030533.948899999
16,2020,2.5352935373331427,5081802.7703
16,2021,2.54828681738536,5206998.7869
16,2022,2.5241368516043243,5479859.9124
16,2023,2.539732822298717,5381630.5211
16,2024,2.523929317042251,5948383.1244
16,2025,2.5474548689572623,5421972.8299
16,2026,2.526170023240305,1014879.9366
17,1976,2.677218309105702,25785639.400000002
17,1977,2.674218238737162,27015232.42
17,1978,2.673026779351531,27223369.349999998
17,1979,2.6706314984561734,28006530.4
17,1980,2.665245393995473,28251474.26
17,1981,2.6506066215079613,28828320.82
17,1982,2.633460554439976,28845032.93
17,1983,2.6280498067842846,29478470.47
17,1984,2.6202386151815817,30211792.45
17,1985,2.6488927877647233,31245326.449999996
17,1986,2.645692708804495,32447600.770000003
17,1987,2.6287738866445816,33317776.53
17,1988,2.6125209317874742,34759004.29
17,1989,2.626937106929858,35912951.55
17,1990,2.6270790586040897,36255158.31
17,1991,2.606818268080224,37014926.37
17,1992,2.6186186041867376,37829413.519999996
17,1993,2.627932914544153,38277287.52
17,1994,2.6451557753240027,39051657.808
17,1995,2.627883352039651,39803263.774000004
17,1996,2.6272924132757893,40081304.0608
17,1997,2.6174555610053774,40580019.819000006
17,1998,2.615520047378096,41463793.381
17,1999,2.593852082954336,43148828.3666
17,2000,2.592723126320799,43385791.0941
17,2001,2.6096460162963986,43135436.29529999
17,2002,2.6018739946709832,43148093.6004
17,2003,2.607960596556038,42260490.60069999
17,2004,2.612117028218363,42274051.935100004
17,2005,2.583136275425392,41823547.6031
17,2006,2.5839257273785354,43776705.616
17,2007,2.590158507132224,43168214.3352
17,2008,2.5862324152987655,42265135.9894
17,2009,2.578541211697337,40678937.9937
17,2010,2.5910240239556463,39035663.923599996
17,2011,2.577728841737315,38701964.190400004
17,2012,2.5673607333899207,38550926.7586
17,2013,2.571125886250938,37736730.0739
17,2014,2.553804184906263,37994480.794
17,2015,2.5412820069883475,37552102.563599996
17,2016,2.554527739256585,38088792.2677
17,2017,2.571304323100026,38275342.2672
17,2018,2.548816609829058,38411279.6737
17,2019,2.5359291636296817,38177612.809499994
17,2020,2.508929569403679,36223873.8362
17,2021,2.503996861172156,37356819.34550001
17,2022,2.534415485279336,38061300.4727
17,2023,2.516891969903842,38036694.5461
17,2024,2.5025891499342205,39303448.0756
17,2025,2.500311772578068,35943185.6035
17,2026,2.466146886556421,6553792.4146
18,1976,2.794964159856164,13109069.21
18,1977,2.7767784314993036,12730341.71
18,1978,2.785696104646679,13056112.19
18,1979,2.7705317015844195,13357052.05
18,1980,2.7487870142123008,13172343.67
18,1981,2.7397509272449536,13737665.94
18,1982,2.7126524468672035,13196672.96
18,1983,2.737783575662883,13352790.7
18,1984,2.7200146341371076,14002173.78
18,1985,2.693306290058181,15128949.380000003
18,1986,2.698490044850715,15085508.29
18,1987,2.70482895806766,15447492.53
18,1988,2.721383315351925,16309273.549999999
18,1989,2.7171968298496645,17382881.3
18,1990,2.7035530566708816,16888880.46
18,1991,2.715739945320352,17337982.1
18,1992,2.721437298964169,18504428.189999998
18,1993,2.7109256540793054,19047919.380000003
18,1994,2.6997292577718763,20078542.2249
18,1995,2.70845072521348,20730242.1578
18,1996,2.6973793032375686,20677589.3937
18,1997,2.68530370506666,21173846.011700004
18,1998,2.6950613500888934,21631814.6836
18,1999,2.6667688275907317,21380640.577
18,2000,2.658288200959033,21147707.011700004
18,2001,2.6519948079305045,21693376.9911
18,2002,2.6277126039937126,22207401.9608
18,2003,2.6742762193205865,22088627.507
18,2004,2.6704920550431326,21241183.9126
18,2005,2.657740845125017,21221337.461999997
18,2006,2.6350276213537787,21120564.290000003
18,2007,2.6531109405974016,21215474.9238
18,2008,2.659077683576838,21111786.196900003
18,2009,2.6262985802184717,19486445.8222
18,2010,2.6364377140828017,19183900.860200003
18,2011,2.6358325785606858,18738485.905
18,2012,2.616892210207842,18649709.3862
18,2013,2.608473846108802,18997178.5301
18,2014,2.6359327740687113,19928349.1841
18,2015,2.6225540341957716,19476796.9811
18,2016,2.6321880742425665,19613278.129499998
18,2017,2.627569569355976,18468824.144100003
18,2018,2.6075885624877344,19311475.248099998
18,2019,2.608042122450317,19677551.045999996
18,2020,2.581583312573918,19179104.931700002
18,2021,2.559221636359619,19456415.436499998
18,2022,2.6161396569821265,20092548.6612
18,2023,2.5932344408285926,19928956.908
18,2024,2.5880453844436175,20829009.6904
18,2025,2.5827501680487024,19723422.4728
18,2026,2.6005235910401545,3637335.1766999997
19,1976,2.6368841607754887,5471476.11
19,1977,2.6652704142703154,6042375.619999999
19,1978,2.6733611166348163,7114029.6099999985
19,1979,2.661554040049648,7187816.81
19,1980,2.649040025218664,7345473.74
19,1981,2.638276805032794,7602106.490000001
19,1982,2.6353997193027303,6921107.04
19,1983,2.646191253565407,7005179.91
19,1984,2.6557268202968296,7630032.56
19,1985,2.6403059410543266,7920041.33
19,1986,2.6387199106632497,7670626.79
19,1987,2.6389567057382903,8007214.69
19,1988,2.67098530261419,8955932.27
19,1989,2.656247654975615,9301409.28
19,1990,2.6345702467393064,9120872.22
19,1991,2.6390463346738153,9101584.56
19,1992,2.639154714918221,9548143.05
19,1993,2.6345035354535598,9953601.580000002
19,1994,2.627167099284366,10069236.851
19,1995,2.639015242415345,9809681.3268
19,1996,2.612678449128354,10143492.6211
19,1997,2.6344082378769316,10520916.4421
19,1998,2.631793687567006,10455098.4632
19,1999,2.6284474207039037,10401129.5442
19,2000,2.6249801283677945,10936505.792200001
19,2001,2.6207031297037076,10711260.3566
19,2002,2.62556311668006,10800663.0861
19,2003,2.636269856539341,10765458.7398
19,2004,2.64922994368474,10259130.314
19,2005,2.653727044680741,10359449.8178
19,2006,2.639053231057272,10258596.5883
19,2007,2.650227775064396,10007218.3503
19,2008,2.6384160429731063,10001434.790099999
19,2009,2.637490797643475,9970883.2016
19,2010,2.622928635416203,9668002.0858
19,2011,2.629386339144141,9467302.9333
19,2012,2.6447295649805276,9491092.2634
19,2013,2.6117717591335308,9544452.0528
19,2014,2.610593489552949,9174752.9166
19,2015,2.607791756314489,9656868.482
19,2016,2.617471980096655,9594378.925299998
19,2017,2.586893368113414,9036436.830500001
19,2018,2.605621017519612,9302898.1462
19,2019,2.581140179096166,9566699.918699998
19,2020,2.5795386682309354,9157865.2715
19,2021,2.601427814343293,9179504.8198
19,2022,2.6139843940826615,9823939.9783
19,2023,2.566323724522284,9644833.4483
19,2024,2.5647662029698934,9389486.2656
19,2025,2.569430491944427,8855590.185899999
19,2026,2.5550854852987612,1690009.5688999998
20,1977,2.641327290949319,2635376.4699999997
20,1978,2.6528723327289336,5747108.07
20,1979,2.629555907718731,6000079.4
20,1980,2.6416306979776354,6201608.87
20,1981,2.6519169746971767,6100788.42
20,1982,2.6131400162359935,5676112.1
20,1983,2.62689540097248,6085134.640000001
20,1984,2.6309961296461255,6541520.890000001
20,1985,2.617497935268036,6779713.33
20,1986,2.602641957695237,6966305.68
20,1987,2.603193584539439,7299722.26
20,1988,2.624188093079969,7512195.159999999
20,1989,2.6067811097611044,7857117.24
20,1990,2.5814473756856726,7710639.630000001
20,1991,2.6021965008565524,7920161.68
20,1992,2.6019205973990784,8545567.649999999
20,1993,2.616898155813105,8637864.849999998
20,1994,2.6186147451402073,8616850.753199998
20,1995,2.5902176265390384,8520286.580200002
20,1996,2.58128751248285,8614292.7115
20,1997,2.5715465666356887,8720102.606600001
20,1998,2.5997453782535693,8993864.694400001
20,1999,2.5997837182140464,9494132.6838
20,2000,2.578068860691093,9269039.5776
20,2001,2.577907320341521,9020176.9672
20,2002,2.5707171979574186,9170824.8437
20,2003,2.5994964039812793,9239276.9301
20,2004,2.594645535779137,9395759.987
20,2005,2.5951674842886785,8920068.4878
20,2006,2.5869349316170296,8892485.680900002
20,2007,2.5929036339064004,8901192.1923
20,2008,2.5609040895296142,8943015.5555
20,2009,2.556063194328568,8940564.2937
20,2010,2.5458820054245708,8653213.8973
20,2011,2.56676339278769,8210227.3629
20,2012,2.557261014172472,8228880.6988
20,2013,2.5688443297935755,8085401.7652
20,2014,2.588003949839482,8035233.217800001
20,2015,2.5826309709334736,8658866.933799999
20,2016,2.5840033039849906,8500076.934500001
20,2017,2.5980105519537835,8206377.862
20,2018,2.574034368078062,8208777.138199999
20,2019,2.5625728794458027,8263961.978800001
20,2020,2.5817285033366213,7975627.701699999
20,2021,2.5625865037126543,8410190.5272
20,2022,2.509582400687267,8767119.8128
20,2023,2.5406235024049866,8700941.4027
20,2024,2.5290031572207496,8685650.4136
20,2025,2.5356234162337117,7996812.807399999
20,2026,2.5427354105942492,1472758.4060999998
21,1976,2.686857387710949,8212969.09
21,1977,2.7047240046549366,8570637.91
21,1978,2.701693292852845,8562345.85
21,1979,2.703335530555714,8754857.01
21,1980,2.70527520295728,8702081.71
21,1981,2.7077139014687943,9003696.379999999
21,1982,2.6484410304921187,9206173.32
21,1983,2.6648031667537957,9326895.46
21,1984,2.659702632926333,9754139.17
21,1985,2.671254991523922,9628411.66
21,1986,2.684380501778648,9737985.31
21,1987,2.6821634871763194,9816785.58
21,1988,2.666529580173145,10407104.75
21,1989,2.6335875516952134,10857293.11
21,1990,2.6628699447741253,10827966.549999999
21,1991,2.669203680793684,11053853.73
21,1992,2.658123217433104,11466765.549999999
21,1993,2.6523593880967415,11755708.29
21,1994,2.667557762788872,11975689.3629
21,1995,2.66143260106609,12683563.2896
21,1996,2.650008600603161,13052670.4599
21,1997,2.6423780098829392,13335724.7826
21,1998,2.632907856918873,12857475.8531
21,1999,2.6168879844684394,12999332.175099999
21,2000,2.597371850636756,13215433.4338
21,2001,2.596960232695791,13171573.559799999
21,2002,2.604898445007676,12924092.531299999
21,2003,2.6185224891261583,13228506.434100002
21,2004,2.6251756775223667,12832591.348900001
21,2005,2.62747741431317,12843546.1283
21,2006,2.6273129260894774,13041979.7453
21,2007,2.615841191597951,12714974.585900001
21,2008,2.6339394574116426,12724094.7498
21,2009,2.6268360303008937,12283303.090999998
21,2010,2.622532936619457,12228892.7946
21,2011,2.6434334064277354,12178204.3182
21,2012,2.6441695623393033,12055767.1218
21,2013,2.6328857297013717,11891975.129
21,2014,2.6109041931215895,11401163.6351
21,2015,2.6269683676855276,11861403.2511
21,2016,2.5831147955575164,12144996.7296
21,2017,2.595943416831733,11889205.5513
21,2018,2.59920659421179,12013491.898699999
21,2019,2.6139881297063683,12100911.729899999
21,2020,2.6328108869465665,11899826.962100001
21,2021,2.6129558015023666,11755276.775600001
21,2022,2.603016622042546,11593810.4723
21,2023,2.5951453289064794,12065980.5372
21,2024,2.5798720585287933,13067814.1453
21,2025,2.5811292708522893,11827321.289900001
21,2026,2.6010241895997046,1990807.864
22,1976,2.628472095450183,8556162.2
22,1977,2.6177093471628092,8334465.04
22,1978,2.607107726189512,8130598.800000001
22,1979,2.633365095851876,8691902.18
22,1980,2.6335270381701212,9055890.39
22,1981,2.611697657808633,9488480.98
22,1982,2.597438866735761,9447672.31
22,1983,2.6063012896126274,9797137.54
22,1984,2.609529991907731,10458315.690000001
22,1985,2.613490174630295,10528236.0
22,1986,2.6181577504626867,10921298.68
22,1987,2.58880903943264,11127873.38
22,1988,2.573982207985387,10880415.44
22,1989,2.5759226957771637,11295304.389999999
22,1990,2.615364017664005,11728924.35
22,1991,2.6075535291022702,12327982.52
22,1992,2.5980019866716244,12294495.1
22,1993,2.568778347654746,12509991.11
22,1994,2.596740346237651,12299723.7996
22,1995,2.6319688214570256,12566281.1691
22,1996,2.6232451164741493,13042024.9753
22,1997,2.6412607307662936,12976264.8652
22,1998,2.630702845680053,13604779.2991
22,1999,2.6156009873906334,13856430.0953
22,2000,2.584696128633606,13329146.4353
22,2001,2.5807845849553743,12849463.4665
22,2002,2.5811480980712624,12915915.7118
22,2003,2.593405742845451,13215766.4593
22,2004,2.6094720382959906,13187725.709900001
22,2005,2.6016955959450137,13337329.394700002
22,2006,2.597760824156902,12771659.2442
22,2007,2.583711174644884,12964266.5557
22,2008,2.584069627977742,13231797.001600001
22,2009,2.584196065590849,12904591.0455
22,2010,2.595056120760751,12649308.3225
22,2011,2.5966777443066533,11947172.6684
22,2012,2.6049398378679562,12348275.788199998
22,2013,2.5679939095989726,12708302.090599999
22,2014,2.579669394081946,12258981.505199999
22,2015,2.5891701006958296,12673556.321400002
22,2016,2.5736336495122147,12867930.0394
22,2017,2.5725183092004222,12885409.7144
22,2018,2.5718235698140988,13010772.0728
22,2019,2.560772042967425,12899598.3366
22,2020,2.553514034011144,11982169.5923
22,2021,2.5732000620224142,11967850.263100002
22,2022,2.5672261582835203,12189397.4507
22,2023,2.5513649478975373,12232508.857199999
22,2024,2.562204534858609,12079266.3823
22,2025,2.5764204646576694,11615476.3812
22,2026,2.586398358020036,2033604.6806
23,1977,2.664600883154869,1234594.8
23,1978,2.6758407341044443,2649834.6500000004
23,1979,2.672707699294076,2594692.77
23,1980,2.695849512979933,2650255.56
23,1981,2.6972187563225374,2815156.64
23,1982,2.661397885710025,2850670.76
23,1983,2.6605229043451124,2914533.27
23,1984,2.652079789311158,3180232.98
23,1985,2.6435294262613747,3375351.93
23,1986,2.6323150553717096,3450600.8999999994
23,1987,2.6361590150121286,3518966.9
23,1988,2.616472372380334,3722589.08
23,1989,2.6037522869682976,3962526.2
23,1990,2.5965984055307105,4148760.8199999994
23,1991,2.591031596713843,4190698.110000001
23,1992,2.6409650418213935,4338631.66
23,1993,2.630152113680531,4300632.85
23,1994,2.605416683920281,4312690.164100001
23,1995,2.609075754258082,4494792.7401
23,1996,2.6180289608087937,4611530.959899999
23,1997,2.609792618750919,4545874.6184
23,1998,2.623611049087734,4442736.4478
23,1999,2.6183078488328317,4827273.6062
23,2000,2.6188471627931507,4955166.6822
23,2001,2.593631172985989,4915009.7419
23,2002,2.580232775142345,4965350.3677
23,2003,2.6021063516753786,4625982.2422
23,2004,2.6044363526505485,4551393.6124
23,2005,2.5768411047767796,4570554.6822999995
23,2006,2.5768895838424344,4546747.6975
23,2007,2.5700663995387556,4497098.067400001
23,2008,2.56932737536484,4468259.5129
23,2009,2.5603852462433268,4175840.7297
23,2010,2.5608893229081287,4083733.5741
23,2011,2.5559912778656613,4000222.9233999997
23,2012,2.558426364930531,4048677.3586
23,2013,2.5526019489205534,3905061.8085000003
23,2014,2.5372469129957174,3733254.0557000004
23,2015,2.5425802621063345,3917907.0478000003
23,2016,2.5341049706024923,4124740.3359000003
23,2017,2.5382085475842255,3934511.9398
23,2018,2.526724787562935,3900319.9527000003
23,2019,2.5098832593091616,3677678.644
23,2020,2.502419677514494,3531187.6445000004
23,2021,2.502121831005524,3649109.3032
23,2022,2.5200210084316605,4038064.3178
23,2023,2.4856403259563415,4069190.309
23,2024,2.4731648685554424,4021330.2728000004
23,2025,2.4942479184631283,3793577.5521
23,2026,2.4819020998161183,673601.1505
24,1977,2.59433907244093,5807611.11
24,1978,2.5861365470062267,11648407.440000001
24,1979,2.589007861178583,12027221.809999999
24,1980,2.5773403816434732,12524537.920000002
24,1981,2.568805574832451,12322447.759999998
24,1982,2.5668886453105726,12440327.2
24,1983,2.562065323969093,13060865.78
24,1984,2.5410732472855324,13651590.530000001
24,1985,2.5498545566842696,13846846.739999998
24,1986,2.5482965281905767,14075221.1
24,1987,2.54899157509267,14935348.750000002
24,1988,2.540699361006112,15406429.209999999
24,1989,2.5617253679184553,16642073.67
24,1990,2.5708170674257405,16963392.46
24,1991,2.543034947027566,16545057.55
24,1992,2.528646193498906,17345256.51
24,1993,2.5461454035238407,17765041.05
24,1994,2.563217192826171,18739871.788399998
24,1995,2.533519240431628,19278362.9402
24,1996,2.516887556977528,19868719.876399998
24,1997,2.5205724339524784,19472323.8918
24,1998,2.5007911557478804,19151242.6473
24,1999,2.5106808987025495,19499945.537600003
24,2000,2.5360981843642847,19773548.0998
24,2001,2.5153572906287387,19741082.5477
24,2002,2.509607793270866,19607950.0511
24,2003,2.5197939534288376,19785904.3711
24,2004,2.52034382843291,19976547.9599
24,2005,2.5211806720525476,19877110.2985
24,2006,2.516857429535249,19469229.8021
24,2007,2.5025392099946453,19483544.074600004
24,2008,2.5038482456508313,18792599.181
24,2009,2.503317267889086,18537963.2798
24,2010,2.5048810327543074,18265329.1937
24,2011,2.4844788977790433,18367010.1358
24,2012,2.4829106779578036,18527889.6827
24,2013,2.495852200153878,18702423.690899998
24,2014,2.4718780781441168,18316421.8134
24,2015,2.465697197941834,18868511.014
24,2016,2.4765771017062796,19315334.0671
24,2017,2.4594885055661977,19236683.9764
24,2018,2.455101041729501,18639255.1426
24,2019,2.4478644705852264,18401034.4631
24,2020,2.463344296124656,17979611.445299998
24,2021,2.444499842011732,17569112.1894
24,2022,2.451272358118072,18014037.0053
24,2023,2.46306330703046,19525377.8525
24,2024,2.447594549270277,19305563.0343
24,2025,2.4593496733499856,18189719.6704
24,2026,2.411660226413846,3354855.4479
25,1976,2.6643038515196564,12902473.23
25,1977,2.6508265062697633,13134121.03
25,1978,2.6536552137526894,14257682.870000001
25,1979,2.6399775015893945,14913705.780000001
25,1980,2.6175366658835033,15695154.17
25,1981,2.6193499480758464,15901515.030000001
25,1982,2.615511165411465,16076066.200000001
25,1983,2.635213806268883,16299958.629999999
25,1984,2.605411110201538,16888245.55
25,1985,2.59146575395323,17344284.72
25,1986,2.578039731594812,18062142.16
25,1987,2.5753037361733875,18527038.91
25,1988,2.5698861835374673,19129379.89
25,1989,2.547767981836637,19727199.64
25,1990,2.550344551777286,19865226.319999997
25,1991,2.550121467052323,19227091.540000003
25,1992,2.5528008696142606,19674166.189999998
25,1993,2.545995613372504,20362614.82
25,1994,2.5461955582007163,20968723.0323
25,1995,2.54705175449584,21482816.0458
25,1996,2.5654403237419046,22807637.5101
25,1997,2.5544102101442188,23043162.3559
25,1998,2.5583808682401608,22824590.5254
25,1999,2.555014809874159,22528221.070600003
25,2000,2.5498423993057213,23432673.832599998
25,2001,2.530138358337245,23412749.707599998
25,2002,2.5177671576345233,23438643.9569
25,2003,2.5367919952357325,23087046.5435
25,2004,2.516530258272815,22035099.260399997
25,2005,2.503883994497249,21981453.9031
25,2006,2.5111288080192367,21933918.7186
25,2007,2.499425595833757,22234062.906099997
25,2008,2.496763566227545,22028855.2776
25,2009,2.491028879964844,21034630.7594
25,2010,2.491131111500256,21119051.5369
25,2011,2.480706974276112,21172446.3996
25,2012,2.4873183500000993,20554849.761
25,2013,2.4524508264449865,20352691.8486
25,2014,2.4578783885304247,20493284.484
25,2015,2.4652215243375215,19573669.8799
25,2016,2.4557004926470563,20497922.4037
25,2017,2.46586338234025,21111638.4705
25,2018,2.471084528792292,21621840.4357
25,2019,2.4649434969765918,21670635.8167
25,2020,2.4583853376776923,19884683.3858
25,2021,2.442473506799349,20897977.1341
25,2022,2.4403265444838063,21322561.078199998
25,2023,2.4289048764647516,21074889.9644
25,2024,2.4395066298214525,21608845.4858
25,2025,2.4385688066246103,20864187.8438
25,2026,2.4333783839060876,3901682.9835
26,1976,2.7099946360159515,20789698.39
26,1977,2.7204225472040386,21823980.98
26,1978,2.728586368297634,21799547.81
26,1979,2.733947370058469,22075899.56
26,1980,2.6986640044958663,21772510.900000002
26,1981,2.668923006983593,22883078.6
26,1982,2.6568120148098924,22158570.549999997
26,1983,2.6790405082932534,22598817.590000004
26,1984,2.6909090663053266,23291054.14
26,1985,2.6888047881644423,23618742.18
26,1986,2.685010201967271,24657722.21
26,1987,2.666927531014723,25971709.7
26,1988,2.6646420386178624,26868510.56
26,1989,2.6694407008267413,28761539.43
26,1990,2.6608921131622463,28247316.790000003
26,1991,2.654230105044221,27962512.099999998
26,1992,2.655698873227179,28867354.04
26,1993,2.649636886309573,30347208.84
26,1994,2.638086642077594,31689342.5406
26,1995,2.6301879868280187,32081546.702299997
26,1996,2.65203392717929,33034015.1795
26,1997,2.6429440692308006,32865431.533400003
26,1998,2.6348926532164403,34074017.381699994
26,1999,2.635156942630512,35723563.7179
26,2000,2.6275201930079266,35841327.0878
26,2001,2.599465424277088,35919983.8322
26,2002,2.5959241775584783,33942253.219699994
26,2003,2.623562363970099,32475880.475199997
26,2004,2.6184680332608714,33227370.7825
26,2005,2.6166527731417886,33494369.733900003
26,2006,2.6137757068903205,33641608.6972
26,2007,2.5962136911898415,31796013.202800002
26,2008,2.6012546600627258,30712566.6153
26,2009,2.583628797959879,28676218.5511
26,2010,2.577165496877552,27571406.489499997
26,2011,2.5901439651052898,27399769.2619
26,2012,2.598815162380147,28067007.9797
26,2013,2.590416839633958,28059330.0174
26,2014,2.593608729358547,27495565.3191
26,2015,2.5966448019160047,28591521.069799997
26,2016,2.571545527850533,28229965.5848
26,2017,2.5494815764835224,28444388.314299997
26,2018,2.543829062072166,29125821.139399998
26,2019,2.5673421756847645,28502106.6679
26,2020,2.549493465048402,26842517.714199997
26,2021,2.562921172341625,26989448.0708
26,2022,2.5669605391734196,28046363.5882
26,2023,2.5513543683470594,28855248.899699997
26,2024,2.569928315066571,28916888.327600002
26,2025,2.556967595352206,26636114.2227
26,2026,2.537772784495885,4718978.1484
27,1977,2.5971776380933123,5091921.709999999
27,1978,2.5966345881881105,10072708.9
27,1979,2.6010959010027914,10373111.209999999
27,1980,2.5920543826894304,11066150.02
27,1981,2.5939939801811733,11744258.79
27,1982,2.5850681905992574,11176983.66
27,1983,2.5844657394552946,11380204.23
27,1984,2.5944197420289536,12128253.600000001
27,1985,2.5982171684268276,12202954.24
27,1986,2.59531558334392,12565991.03
27,1987,2.5843102850757638,13165530.26
27,1988,2.587402665383932,13955208.47
27,1989,2.5969115451132905,14505559.2
27,1990,2.6042143908754714,15010740.769999998
27,1991,2.593778443947678,15673498.370000001
27,1992,2.597816592948463,15556713.26
27,1993,2.5949184628884834,15716888.42
27,1994,2.5888556225779,16923342.7836
27,1995,2.5923583658177747,17360426.383199997
27,1996,2.590551625896814,17196773.6471
27,1997,2.5756593415991653,17826500.029799998
27,1998,2.563845711796462,18706307.3844
27,1999,2.566867571705864,18819058.628
27,2000,2.588230439156269,19075070.0332
27,2001,2.567063121218029,19895821.0077
27,2002,2.549534315000054,20016954.7388
27,2003,2.5476614437326295,19200838.980299998
27,2004,2.5454036711291113,19294382.4414
27,2005,2.5605727636194855,18834747.7901
27,2006,2.5650895741064836,18354356.7885
27,2007,2.551540737963056,17779777.9445
27,2008,2.5485414601451324,17626998.4841
27,2009,2.5401804987827203,17079859.4557
27,2010,2.538601083483399,16775768.2378
27,2011,2.540365074531695,17421868.1935
27,2012,2.5559795732251676,17658603.4788
27,2013,2.545879854391879,17617952.3132
27,2014,2.531778941305051,17713680.3041
27,2015,2.5340165076018146,17835473.7623
27,2016,2.5272803031794093,17689993.3154
27,2017,2.534977092107089,18194394.8008
27,2018,2.5298568098669842,17985849.061899997
27,2019,2.5307838827068942,17931721.4935
27,2020,2.530339245963042,17646087.6567
27,2021,2.5207596006742516,17356720.7222
27,2022,2.5113826084417767,17797709.4034
27,2023,2.5237879302906037,18549960.145499997
27,2024,2.5251844793007794,18351278.0512
27,2025,2.5137380007499486,16495880.7535
27,2026,2.456109171467834,2641562.3555
28,1977,2.7387565499943305,2446410.71
28,1978,2.702923660913576,4782965.56
28,1979,2.682364110992722,5040600.01
28,1980,2.6727719264886733,5573527.640000001
28,1981,2.657255420355723,5580061.28
28,1982,2.650257206983698,5584137.51
28,1983,2.694367955854841,5664844.890000001
28,1984,2.705552186993835,5514684.43
28,1985,2.7203364277108277,5949390.85
28,1986,2.694576725931477,6422410.75
28,1987,2.6995339595728813,6904386.42
28,1988,2.68245547730827,6861654.11
28,1989,2.6609896047690498,7050552.25
28,1990,2.650775007175682,7041543.459999999
28,1991,2.683525192928871,7335643.99
28,1992,2.6831215668687607,7601528.8100000005
28,1993,2.6823811194940848,7952855.010000001
28,1994,2.6655737287847105,8147743.770400001
28,1995,2.6709570977339903,8172592.739700001
28,1996,2.677090429722243,8252821.927200001
28,1997,2.6720433954614764,8604931.6417
28,1998,2.649776785955335,8589384.2403
28,1999,2.6409367695833077,8447419.7119
28,2000,2.6602884020890616,8802305.464000002
28,2001,2.6742299692056255,8738547.5706
28,2002,2.6587196501540635,8543568.833999999
28,2003,2.6939911943266472,8478231.6145
28,2004,2.6781687606002738,8741461.481800001
28,2005,2.669841465332115,8620738.893099999
28,2006,2.6779140560642962,8251505.645
28,2007,2.672468147493003,8109757.0439
28,2008,2.639963986097185,7972836.795
28,2009,2.6394833065654697,7501089.539999999
28,2010,2.667003214498289,7823371.362899999
28,2011,2.650028520932772,7960226.897899999
28,2012,2.6567292631856394,7709248.789799999
28,2013,2.626559390971041,7553808.580700001
28,2014,2.6051961471149645,7505821.7995
28,2015,2.6431277406856744,7947463.0666000005
28,2016,2.6321018149282254,7922754.3729
28,2017,2.6324317411812235,7840479.201400001
28,2018,2.6456246463412874,7901160.117400001
28,2019,2.634946321199362,7744003.770299999
28,2020,2.6178683388437713,7470532.769800002
28,2021,2.6325431940245436,7603155.7893
28,2022,2.610489957643221,7553503.9877
28,2023,2.6401637014011166,7675079.944200001
28,2024,2.6216667161505023,7777730.3412999995
28,2025,2.615092459214227,6933292.1
28,2026,2.6317044441882382,1254207.1408
29,1976,2.6363716769952403,32194979.799999997
29,1977,2.6326101562548847,22611357.19
29,1978,2.6362940026607946,11528052.47
29,1979,2.62730208376578,12100457.709999999
29,1980,2.6336451184016667,12410889.27
29,1981,2.6631233110555788,12796844.73
29,1982,2.6210756902896555,12651656.489999998
29,1983,2.6436390441053805,12804688.18
29,1984,2.6473990867314305,13545779.58
29,1985,2.665361828741755,14562287.1
29,1986,2.649498974993413,14528942.009999998
29,1987,2.651310915513977,14398908.63
29,1988,2.673549938962908,15170450.08
29,1989,2.667402157302482,15446770.930000002
29,1990,2.6521487780222586,15479545.18
29,1991,2.624122408477781,16192793.299999999
29,1992,2.643225223447091,16080364.55
29,1993,2.6389094449446517,16631903.529999997
29,1994,2.6318137832288855,17381534.7023
29,1995,2.614526710353683,18560008.7931
29,1996,2.6114569737475533,19484920.8929
29,1997,2.612521376533331,19437882.286799997
29,1998,2.6139275756523026,18723199.6518
29,1999,2.6027262958089334,19153988.5911
29,2000,2.5950275542408767,20398575.444599997
29,2001,2.600089131306646,20208593.0665
29,2002,2.6037043461164187,19664999.2716
29,2003,2.594184193291181,19297251.6061
29,2004,2.592379394315903,19122373.2971
29,2005,2.604692098773077,19494045.03
29,2006,2.6075612224605407,19018387.6048
29,2007,2.607608166188133,18933518.762000002
29,2008,2.6030076516425877,18300141.3609
29,2009,2.602067069196225,18221503.0247
29,2010,2.615118994938795,18192148.007799998
29,2011,2.5909283147032403,18288234.591700003
29,2012,2.570613584555669,18117262.491100002
29,2013,2.5709214750925833,17576442.542999998
29,2014,2.590221681007781,17909035.630900003
29,2015,2.5690817379792787,18446526.7995
29,2016,2.5818619472507427,18553198.2657
29,2017,2.5798703967049423,17887955.4381
29,2018,2.5565407638797972,17504832.6476
29,2019,2.532564576094261,17545933.2417
29,2020,2.5461321621537896,17555008.4343
29,2021,2.5338985901000215,17648673.3867
29,2022,2.530669628511959,18883933.7236
29,2023,2.567604657682639,17939153.6434
29,2024,2.551740987669044,18662132.322499998
29,2025,2.5424393731140227,17845560.619999997
29,2026,2.53859577879431,3196540.2745
30,1976,2.590646485535208,21858483.240000002
30,1977,2.575776007358693,11963852.73
30,1978,2.5930145685762187,1832340.71
30,1979,2.5703359832859465,1843202.7600000002
30,1980,2.576556498403043,2015742.14
30,1981,2.601883506025065,2132633.9000000004
30,1982,2.5857386478284505,2062894.8499999999
30,1983,2.5603150006133952,2041753.2599999998
30,1984,2.5722777273464157,2252097.74
30,1985,2.535880470720402,2447165.4299999997
30,1986,2.528794158224809,2489367.71
30,1987,2.5555136086922134,2553915.3299999996
30,1988,2.5570599755211405,2555398.27
30,1989,2.5775025619589127,2624442.04
30,1990,2.554325577746106,2684146.33
30,1991,2.549976036359963,2683694.8800000004
30,1992,2.5669794178058596,2827255.9699999997
30,1993,2.554048864839815,2897827.68
30,1994,2.5556390611762896,2995384.7987
30,1995,2.5663315537838556,3044655.0434
30,1996,2.5622013097857033,3087282.877
30,1997,2.5526422880568242,3166801.2048
30,1998,2.5505154003960837,3156497.7843000004
30,1999,2.5519213091612922,3192937.6185
30,2000,2.578169356204099,3207894.5193999996
30,2001,2.549479679970083,3097491.3228
30,2002,2.5689503777189415,3168745.2415
30,2003,2.5711336917528063,3058789.8931
30,2004,2.5625614645750834,3160308.484
30,2005,2.5629056625503286,3082638.9269000003
30,2006,2.5758394998366065,3017109.1130999997
30,2007,2.5735651846419234,3179030.0714
30,2008,2.5686423343734592,3075030.1619
30,2009,2.571249301285187,2891764.989
30,2010,2.578081517252903,2680839.8556
30,2011,2.563666756413484,2675096.9678
30,2012,2.5456398573093373,2705367.4898
30,2013,2.5710274038001315,2819780.8157
30,2014,2.519942349350998,2801235.7971
30,2015,2.5411634841324324,2849446.0788
30,2016,2.5312632730092295,2863083.5862
30,2017,2.513156360183184,2830233.8501
30,2018,2.530425262194449,2869054.3551
30,2019,2.5095165483082464,3035621.8252
30,2020,2.512964808487878,2970096.563
30,2021,2.51265318622044,3205904.2915
30,2022,2.4968260760752954,3320696.2464999994
30,2023,2.5069336412031116,3417465.2780999998
30,2024,2.500354175996773,3308863.8349
30,2025,2.505615881594499,3077485.5349000003
30,2026,2.5188898325126132,557977.9757000001
31,1977,2.6139696507151524,1849749.3099999998
31,1978,2.634601997828817,3936550.7599999993
31,1979,2.6294417008357946,3927852.3900000006
31,1980,2.5820156095983555,4028859.81
31,1981,2.591769252986768,4284320.08
31,1982,2.5916680370306078,4177900.44
31,1983,2.5857916894783557,4025258.37
31,1984,2.605923890223033,4110537.84
31,1985,2.6236171056550908,4491117.9399999995
31,1986,2.620604144581515,4689198.66
31,1987,2.6222835832906464,4575637.9
31,1988,2.6054393014633304,4941408.97
31,1989,2.6035633122938724,4959348.88
31,1990,2.6007324335944424,5208642.35
31,1991,2.5867318138252693,5398038.15
31,1992,2.611385697422589,5401821.41
31,1993,2.6130954665052997,5603200.82
31,1994,2.602851282118995,5698386.8196
31,1995,2.6033537045163646,5924309.8585
31,1996,2.596413525706053,6133418.601600001
31,1997,2.61084860493036,5893108.2193
31,1998,2.59850897640453,5855449.520199999
31,1999,2.615312854433586,5976712.65
31,2000,2.5953033991405507,5973979.948100001
31,2001,2.5808292050945516,5939691.1521000005
31,2002,2.5901483845386277,6024061.0289
31,2003,2.60077211774664,6150275.6281
31,2004,2.5913361785405784,6303633.3054
31,2005,2.612771278140588,6153062.625499999
31,2006,2.6227520923586836,5898520.553700001
31,2007,2.6131001494783215,6075658.981000001
31,2008,2.611741402874319,6100566.7079
31,2009,2.62262089842788,5897031.0792000005
31,2010,2.6036775442449325,5669791.5808999995
31,2011,2.6192387204316465,5750168.6882
31,2012,2.6228467264153252,5959839.1159
31,2013,2.621046705633509,5833681.398
31,2014,2.607874367370466,5730003.0679
31,2015,2.5827908968550832,5657665.939900001
31,2016,2.581590770442415,5848814.0659
31,2017,2.5799017260573325,5866020.1029
31,2018,2.590040249569787,5715658.9788999995
31,2019,2.5748269894985647,5781047.0491
31,2020,2.5683327950396415,5893580.7871
31,2021,2.551671964821371,5722391.1002
31,2022,2.5749750893742265,5976611.182
31,2023,2.5796426607146445,5977547.483100001
31,2024,2.5839875971972073,6121319.049000001
31,2025,2.5747809898485787,5653767.2447
31,2026,2.5383475181897333,1041571.5267
32,1977,2.5460757813473744,931928.46
32,1978,2.529803549222037,1834507.4300000002
32,1979,2.5284459036015012,1883516.0399999998
32,1980,2.519774885438294,2101671.64
32,1981,2.5126884224291737,2268740.77
32,1982,2.509718736459571,2668485.02
32,1983,2.5311267247724953,2842815.6799999997
32,1984,2.5489774966775123,2846337.67
32,1985,2.54680264433839,2865096.72
32,1986,2.5254884974387823,3167150.8800000004
32,1987,2.5418873711798065,3387000.46
32,1988,2.5711707619575535,3723332.73
32,1989,2.564769792512704,3962636.29
32,1990,2.5625887419311555,4322434.2700000005
32,1991,2.522455429326785,4611123.55
32,1992,2.5232363610286144,4694183.8100000005
32,1993,2.543749164703888,4935529.72
32,1994,2.5818225043586995,5223268.5149
32,1995,2.5280185591284554,5614088.483899999
32,1996,2.5286477163725722,5892337.7066
32,1997,2.5373217248565756,6125982.433499999
32,1998,2.543224404706737,6391133.798
32,1999,2.557009502194157,6500562.906300001
32,2000,2.544776518289882,7310946.2004
32,2001,2.534914454617948,7238088.478399999
32,2002,2.539097737826935,7378039.8738
32,2003,2.609238235058884,7400832.849299999
32,2004,2.602998684309456,7911549.3297999995
32,2005,2.5958496118210896,8021913.058300001
32,2006,2.600746567785553,8335895.552200001
32,2007,2.604158633565574,8333633.4207
32,2008,2.5957232402607544,8375945.767499998
32,2009,2.5888590706713908,7988637.230999999
32,2010,2.5932772605634904,7453437.3487
32,2011,2.5714351536068287,7365609.8346
32,2012,2.5828140976157883,7834926.9352
32,2013,2.5859682076275807,8042104.9205
32,2014,2.5752724418566535,8310828.3712
32,2015,2.5613203971221057,8707787.1038
32,2016,2.597968488796531,8655259.5346
32,2017,2.6146293060888337,8419841.109299999
32,2018,2.6296568556273927,9122840.114500001
32,2019,2.5556581131510447,9448414.687199999
32,2020,2.5428303242971224,8359057.2439
32,2021,2.5611702622306263,8636812.5448
32,2022,2.57548608434484,9362697.985399999
32,2023,2.5675185826898663,9758823.4459
32,2024,2.554463105429225,9999776.458099999
32,2025,2.5288657735834605,9747695.935
32,2026,2.547615368850697,1725495.0513999998
33,1977,2.6910119942744575,1068038.75
33,1978,2.6538953366837843,2349082.3400000003
33,1979,2.6562794842288056,2436140.07
33,1980,2.6121330336690627,2624801.37
33,1981,2.62340964951675,2696179.0199999996
33,1982,2.6013245414071027,2599928.23
33,1983,2.6029077118968234,2819193.21
33,1984,2.597720027774891,3021001.4799999995
33,1985,2.6474814510503064,3193493.3099999996
33,1986,2.638552845017938,3370387.1699999995
33,1987,2.642243270445346,3600818.75
33,1988,2.614349854764442,3825439.93
33,1989,2.6115800586126405,4013782.49
33,1990,2.5768652386524677,4068911.3000000007
33,1991,2.584983809344397,4145207.7299999995
33,1992,2.587755075663398,4127248.2199999997
33,1993,2.588658135726268,4167000.0999999996
33,1994,2.5767522598772454,4358394.4746
33,1995,2.5800538798500874,4525746.6717
33,1996,2.6204206884507766,4400239.4092
33,1997,2.60154712491074,4705898.2902
33,1998,2.591840188261911,4815719.4825
33,1999,2.5722534452970085,4989313.171800001
33,2000,2.580167702784466,4975914.4819
33,2001,2.5719686796628825,5036919.3707
33,2002,2.5746174931872017,5056547.0679
33,2003,2.557308098010798,4939685.0194999995
33,2004,2.568158722117822,5003754.8913
33,2005,2.547189041574687,5012490.304400001
33,2006,2.5466811089676966,5037967.1729
33,2007,2.5371940390231025,4837495.739800001
33,2008,2.5485092547133292,4802771.5474
33,2009,2.5400298847353247,4648274.3688
33,2010,2.543710655324845,4541258.3305
33,2011,2.5488099595625737,4546727.8688
33,2012,2.514096526259318,4400961.167
33,2013,2.5127776830754516,4293040.9171
33,2014,2.535529276973632,4217362.2354
33,2015,2.5276724526167804,4189208.4663
33,2016,2.52329138605462,4034829.8283
33,2017,2.5147376026463,3991594.9404999996
33,2018,2.522148886986366,4252359.963099999
33,2019,2.516146980123442,4209479.6812
33,2020,2.5178182305197985,4108377.4069999997
33,2021,2.496592642070879,3976106.1192
33,2022,2.4808088410992584,4049745.8651000005
33,2023,2.4917544615871536,4103926.7623999994
33,2024,2.4881829099770916,4026342.5562
33,2025,2.483972071222187,3791232.8826
33,2026,2.450171926902913,774690.7313999999
34,1976,2.6597547628850844,17474140.03
34,1977,2.6673509334995837,18375501.62
34,1978,2.6314249177475024,19045359.46
34,1979,2.645111688962075,19664843.86
34,1980,2.6301226157976565,19915746.189999998
34,1981,2.622851701383429,19962922.28
34,1982,2.6161974127692056,19555014.47
34,1983,2.6184946212624607,20378659.29
34,1984,2.609462508854802,21741827.07
34,1985,2.613069271763497,22370026.740000002
34,1986,2.6037255219108126,22859518.54
34,1987,2.597930022573425,23879909.680000003
34,1988,2.580885997876908,24626488.700000003
34,1989,2.5789953424961136,25678432.11
34,1990,2.578956652511434,26237827.13
34,1991,2.580940090922659,25867548.359999996
34,1992,2.5706459012925844,25646754.41
34,1993,2.565961969278615,26374496.21
34,1994,2.5685898606726467,27319683.625200003
34,1995,2.562236180774671,28383426.711200003
34,1996,2.5546464253280696,28517450.048800003
34,1997,2.5793777258100126,28913884.5133
34,1998,2.5660036167409856,29259866.3118
34,1999,2.562092058653033,29912873.924000002
34,2000,2.5553825940040915,30998745.1921
34,2001,2.5463060281745653,31059548.9793
34,2002,2.5226928996575477,30924718.901899997
34,2003,2.536705233986865,29768409.964599997
34,2004,2.539605585747814,29571857.597599998
34,2005,2.5287680399118786,30498219.8258
34,2006,2.5406938849087863,30287442.1543
34,2007,2.5386893840455027,30138465.7843
34,2008,2.5342756435991896,29328890.4169
34,2009,2.543400143310471,27917682.6222
34,2010,2.5400805440854737,27725867.2276
34,2011,2.536004524873576,27065620.5167
34,2012,2.5293407247856643,26407352.4313
34,2013,2.540024447945665,25884618.457899995
34,2014,2.528103927046965,25524895.695
34,2015,2.514153395637747,26580679.485099997
34,2016,2.4948652233418884,26906393.8768
34,2017,2.5056975503883967,26548144.1461
34,2018,2.496219737017478,26468615.8081
34,2019,2.4859588290035157,26806382.897
34,2020,2.4646595684399997,25262868.952400003
34,2021,2.4737954566412217,25639783.263100002
34,2022,2.508817154556485,28356523.041100003
34,2023,2.4927089050551334,28531477.4266
34,2024,2.4725452094168863,28322662.180299997
34,2025,2.4597792238444898,25901567.0523
34,2026,2.4783540702961737,4666801.738
35,1977,2.5624939496273202,1236939.44
35,1978,2.5756453023011803,2869244.33
35,1979,2.5639724080315136,2993133.7
35,1980,2.5610540434211164,2971488.2199999997
35,1981,2.567928144238267,3246200.9600000004
35,1982,2.533950222824356,3250485.22
35,1983,2.5336916246256793,3333615.88
35,1984,2.523624552425722,3608331.43
35,1985,2.5420320477875236,3809162.7100000004
35,1986,2.5477293515134414,3887602.5800000005
35,1987,2.546279868428444,3934921.87
35,1988,2.5535737090040094,4160002.1
35,1989,2.5769311345016495,4277410.52
35,1990,2.581919245294113,4463040.04
35,1991,2.5536848459369956,4759277.880000001
35,1992,2.5592797073580185,5059222.84
35,1993,2.523369608127508,5193226.37
35,1994,2.5408792867636585,5273729.1031
35,1995,2.551902686162853,5263223.4911
35,1996,2.522044955950611,5331848.3876
35,1997,2.5319940053548016,5651018.518200001
35,1998,2.5455447018253787,5760001.054400001
35,1999,2.5438466037212435,5489350.6648
35,2000,2.5516025306635024,5735688.8766
35,2001,2.5483465022502862,5839134.8771
35,2002,2.554580776233367,5652538.1567
35,2003,2.5677206054200115,5586289.5792
35,2004,2.5320835430806103,5634520.180300001
35,2005,2.5672134907600714,5780589.8294
35,2006,2.577765237942845,5792582.5971
35,2007,2.5451650295427872,6266950.4296
35,2008,2.5566220931360215,6048485.143
35,2009,2.5704969225026577,5615006.9849000005
35,2010,2.5662894485426957,5257150.4337
35,2011,2.532583214868527,5146464.457
35,2012,2.494267993632494,5549695.214
35,2013,2.5216238786178944,5230735.489
35,2014,2.556273769610801,5205704.907900001
35,2015,2.565268113409737,5181760.4376
35,2016,2.5405060501402126,5210014.1896
35,2017,2.536979742854831,5167907.7725
35,2018,2.5426747827720235,5318943.6942
35,2019,2.561564234987912,5273176.9913
35,2020,2.530999452770751,5138114.7053000005
35,2021,2.5109611484667655,5119632.3677
35,2022,2.522255091877001,5540230.1171
35,2023,2.5262707256062735,5687712.4783
35,2024,2.516518331616568,5651620.4812
35,2025,2.530640317037292,5120929.9529
35,2026,2.5182709213000405,909982.9776999999
36,1976,2.6315715660265186,39260727.260000005
36,1977,2.6291640096941085,39980259.19
36,1978,2.6266108370532346,43208934.18
36,1979,2.6168535859691113,44177454.66
36,1980,2.6167596534064343,44711887.34
36,1981,2.6050760144404244,45338465.35
36,1982,2.601779536617599,44634134.08
36,1983,2.6117007149413634,44803897.67
36,1984,2.600987752063514,46273892.510000005
36,1985,2.593560890828516,48765684.29
36,1986,2.5837287057053504,49610245.68000001
36,1987,2.579633275629256,50933583.14
36,1988,2.5712438576143852,51588029.89
36,1989,2.566520308740178,54344763.519999996
36,1990,2.5652494325664326,56401111.89
36,1991,2.5677946057921366,56014343.379999995
36,1992,2.568107848430754,56438053.2
36,1993,2.5643476819541693,56944988.75
36,1994,2.5602893479021556,57059887.381699994
36,1995,2.5552575396731534,56943109.053
36,1996,2.5646984234642285,58919041.8202
36,1997,2.56354203271446,60749699.9594
36,1998,2.547412392805316,60527776.7066
36,1999,2.5441372206465696,61629532.7684
36,2000,2.5521246627605967,63839551.455199994
36,2001,2.5457507408879283,63417203.4021
36,2002,2.5472184603386334,62677149.043
36,2003,2.551811517830562,63216680.0792
36,2004,2.547199830040923,62397025.2617
36,2005,2.546264027931033,61766972.958299994
36,2006,2.5410437420180454,62479725.0516
36,2007,2.541107909249651,61595218.07969999
36,2008,2.531049016366159,61236833.43540001
36,2009,2.5280695641076307,59679882.6053
36,2010,2.5260286531163545,57769951.518
36,2011,2.509948370430147,56185638.7077
36,2012,2.5167690167448558,55359834.5427
36,2013,2.5097482550882413,55922053.0826
36,2014,2.5125696639968824,56851847.6348
36,2015,2.5057594065172952,57531806.4728
36,2016,2.502658768177106,57536924.5492
36,2017,2.4892063102718716,58203851.3592
36,2018,2.4844856983745043,56287764.4459
36,2019,2.4986375542771313,55060627.6691
36,2020,2.4741104249113026,51336253.0932
36,2021,2.477798791504317,51363527.2247
36,2022,2.4845626422161713,56014368.8623
36,2023,2.47459580094947,58045743.6516
36,2024,2.466317434585522,56751422.64050001
36,2025,2.470300630477137,55329958.23030001
36,2026,2.492727496534471,10119686.1014
37,1976,2.6865909583436762,34640242.43000001
37,1977,2.707354440828567,24966462.770000003
37,1978,2.7600353498054035,15404507.269999998
37,1979,2.7363229743984645,15425419.48
37,1980,2.691989854799656,15702930.18
37,1981,2.6910775060759327,16354051.249999998
37,1982,2.675947159599588,16646810.67
37,1983,2.6987191048562367,16794778.08
37,1984,2.7069394936873903,17634666.439999998
37,1985,2.6816754373092246,18244025.83
37,1986,2.686057051956632,18964158.150000002
37,1987,2.7051783350564644,19722657.0
37,1988,2.680995682120173,20340201.88
37,1989,2.6721214893662517,21702248.11
37,1990,2.67580913785073,22018495.139999997
37,1991,2.6847066907195942,22324766.25
37,1992,2.6843651076602506,22978808.61
37,1993,2.6670818630366324,23711647.11
37,1994,2.6533925063442934,23961658.59
37,1995,2.655884224640177,24609097.501900002
37,1996,2.673087052125981,25564312.8768
37,1997,2.656474089729683,26373677.370399997
37,1998,2.631987289550623,25623199.7504
37,1999,2.618776020175687,25931852.6486
37,2000,2.638887356972326,28123298.105899997
37,2001,2.6241516316508786,27604946.093500003
37,2002,2.6207652510222164,26569115.348899998
37,2003,2.625924310943154,27395522.4265
37,2004,2.6282802267153134,27101282.103299998
37,2005,2.6219664098777287,28540597.4427
37,2006,2.6182381358859095,29299404.596699998
37,2007,2.5875278583119643,29033621.6751
37,2008,2.5817339991081125,28702662.790199995
37,2009,2.5642909552329347,27297106.3156
37,2010,2.5637008112613877,27418443.0169
37,2011,2.547200579062854,27483507.2447
37,2012,2.576619010387207,29345048.056600004
37,2013,2.60202767626489,28560808.371999998
37,2014,2.590586185588593,27652169.126999997
37,2015,2.5716165366971833,28258124.2728
37,2016,2.566043154808114,29136754.9562
37,2017,2.56787409830477,28401913.5281
37,2018,2.5670798587390973,29260895.912499998
37,2019,2.5534545734121252,30034344.803799998
37,2020,2.5737277620565275,28917306.695100002
37,2021,2.5614456771909544,29856149.2835
37,2022,2.537819715828406,30393976.7718
37,2023,2.5641763899449606,30573400.091300003
37,2024,2.534213330000342,31877797.3921
37,2025,2.526627832246332,28590098.9813
37,2026,2.5374463616932452,5148999.3393
38,1977,2.556335064145448,712237.31
38,1978,2.565345751169298,1487389.9
38,1979,2.5396963335767104,1478893.84
38,1980,2.563124693489916,1540310.7399999998
38,1981,2.558994176068105,1586268.2000000002
38,1982,2.553795070470948,1568158.62
38,1983,2.552259258480555,1687721.5499999998
38,1984,2.5499585095375057,1784674.34
38,1985,2.5499295162435645,1807145.52
38,1986,2.545745112250614,1802879.5499999998
38,1987,2.523680571452302,1829605.2299999997
38,1988,2.5290563692603163,1925054.96
38,1989,2.5365765534457987,2075275.8699999999
38,1990,2.5420366829865744,2035542.8399999999
38,1991,2.5481053307460737,1959608.54
38,1992,2.5642877613589983,1985989.4899999998
38,1993,2.552811492193608,1997457.0800000003
38,1994,2.555026431103989,2082659.6775000002
38,1995,2.566665653664795,2255066.7161
38,1996,2.568632490001963,2292193.724
38,1997,2.579674127193774,2271891.4009000002
38,1998,2.5603535928795647,2252509.7714
38,1999,2.5535450090196132,2283896.8122
38,2000,2.5650815793467707,2352287.2834
38,2001,2.568165280218982,2287669.3649000004
38,2002,2.573076410496698,2286026.6437
38,2003,2.5900392290863974,2239624.6205
38,2004,2.5789662113288583,2252701.8942
38,2005,2.5654525601139553,2313554.14
38,2006,2.5819674274373927,2255485.2972999997
38,2007,2.5892840697125186,2159303.3545999997
38,2008,2.5850417386058724,2173661.6862999997
38,2009,2.5657553961185675,2096128.3575
38,2010,2.5598259086921122,2069796.4953
38,2011,2.565933340553545,2112808.5966
38,2012,2.556175865570028,2290388.7007
38,2013,2.5654203323262412,2237925.1279
38,2014,2.574320161855681,2310196.6231
38,2015,2.581847231726006,2290308.2235000003
38,2016,2.569920737822805,2374955.0464
38,2017,2.5583459657853003,2368715.6489
38,2018,2.573392113095135,2220198.4817000004
38,2019,2.565549634849713,2243642.4348
38,2020,2.5628539072260175,2272334.2621
38,2021,2.55796487633586,2196961.2273000004
38,2022,2.570780597664301,2474645.4036999997
38,2023,2.5614066319875857,2625945.9187000003
38,2024,2.554914560553184,2516656.0773
38,2025,2.552297152670789,2350731.7298
38,2026,2.489162917280191,424019.8217
39,1976,2.7444543743957914,25139200.729999997
39,1977,2.7291128039763537,25488263.9
39,1978,2.7331765542594777,25385730.91
39,1979,2.7182609930168287,26698618.439999998
39,1980,2.7088693885307715,27069776.259999998
39,1981,2.714289788707879,27342687.03
39,1982,2.6840063074010287,26086682.009999998
39,1983,2.691572537657702,26313078.68
39,1984,2.699052840864876,27697332.660000004
39,1985,2.685965105782173,28754154.240000002
39,1986,2.6774040262834986,30125681.729999997
39,1987,2.6784366650362674,30806434.12
39,1988,2.67847129869516,31643788.660000004
39,1989,2.6757858690291267,33874700.48
39,1990,2.6726313291495165,33779626.88
39,1991,2.6664712165593913,34652222.8
39,1992,2.666379736138459,35552931.010000005
39,1993,2.6599619480036267,35611412.78
39,1994,2.66182072690183,36253967.45110001
39,1995,2.6472958548938275,37540577.1852
39,1996,2.6463242338659536,37518251.4066
39,1997,2.655726722726029,38304092.63339999
39,1998,2.652535847352044,38789592.3288
39,1999,2.6223057161470207,38695119.319900006
39,2000,2.608628113064222,38764881.5475
39,2001,2.6127717441429965,40322664.0729
39,2002,2.608230025636471,39964803.610599995
39,2003,2.6149433013431653,38260066.9236
39,2004,2.6329527034461666,37869743.7431
39,2005,2.630822910371657,37964375.4058
39,2006,2.6411555122915615,37937189.1647
39,2007,2.635804179398437,38092734.1215
39,2008,2.62219349715396,37255693.52949999
39,2009,2.6145155612951245,34947087.0324
39,2010,2.622951450750041,34502484.5487
39,2011,2.6288073702125465,33106423.095499996
39,2012,2.6258936035732314,32538516.758
39,2013,2.610516814399447,31968265.964199997
39,2014,2.6113624448118467,32939343.689999998
39,2015,2.606281819572147,33215915.0527
39,2016,2.605067670258212,32212618.936499998
39,2017,2.5915907037905512,32099989.905
39,2018,2.577974178488026,33190171.8174
39,2019,2.5735442703929032,33809813.79979999
39,2020,2.567529244950998,30861218.355099995
39,2021,2.572190008235766,29998945.516400002
39,2022,2.5757331050210857,32247235.535
39,2023,2.52914509958813,34172619.0559
39,2024,2.542308856549738,34312814.4463
39,2025,2.539041485067401,30289542.431100003
39,2026,2.547570314238408,5528965.5744
40,1976,2.657373790586938,9717457.379999999
40,1977,2.6433173571081197,8331795.72
40,1978,2.6401911379457506,6290814.77
40,1979,2.637065994413876,7117171.83
40,1980,2.6263245727684446,7120425.239999999
40,1981,2.6284383865713505,7608076.54
40,1982,2.632169749126312,7463146.66
40,1983,2.6274093039060378,7929013.140000001
40,1984,2.6248609530723512,8477139.280000001
40,1985,2.618903049021946,8820879.15
40,1986,2.599183627246986,9162334.370000001
40,1987,2.603255873548184,9155899.239999998
40,1988,2.6104691078597444,9260886.68
40,1989,2.604786634868038,9724917.64
40,1990,2.594175531306577,9751998.64
40,1991,2.5772088746966255,9465186.579999998
40,1992,2.6217406057685366,9861933.780000001
40,1993,2.609417222816359,10007670.120000001
40,1994,2.6171372453122395,10135235.269899998
40,1995,2.5984363577939686,10305552.821400002
40,1996,2.612087516415541,10431054.5827
40,1997,2.6192005153188376,10773179.466500001
40,1998,2.620290369624688,11100009.5064
40,1999,2.6022369707822217,11046414.2605
40,2000,2.589978185711973,10698184.8455
40,2001,2.6064584974208604,10597772.4908
40,2002,2.589437424230119,10661494.3058
40,2003,2.6034067615525416,10293221.4302
40,2004,2.611053963075419,10533297.018099999
40,2005,2.601138874551523,11062655.4986
40,2006,2.598566115333943,10978349.7169
40,2007,2.610268729219948,10680605.732099999
40,2008,2.5885461197014927,10923886.1045
40,2009,2.610723981303395,10617934.1669
40,2010,2.5909086439602014,10357998.984900001
40,2011,2.609324434110804,10563286.991
40,2012,2.592687680679587,10738857.619399998
40,2013,2.605955944603888,10178946.2822
40,2014,2.6205885170040557,10396011.6025
40,2015,2.60983740275554,10743782.6595
40,2016,2.599378069930046,10626736.1935
40,2017,2.588008178405637,10750459.257800002
40,2018,2.588662325266457,10619472.571700001
40,2019,2.595616540188276,11019427.3358
40,2020,2.5573672160472656,11074629.9611
40,2021,2.585985179171055,10882009.6743
40,2022,2.5621852457759395,10910175.9254
40,2023,2.5347816835836103,11443398.9145
40,2024,2.5604326156395194,11848714.011300001
40,2025,2.5551882276271543,10602223.031100001
40,2026,2.5530055918601042,1833689.0274
41,1977,2.6305233044892793,2860008.43
41,1978,2.6374037265479022,6150524.0
41,1979,2.651180706367892,6119479.83
41,1980,2.6342128586513094,7041918.67
41,1981,2.592207896407857,7511406.8100000005
41,1982,2.593418112162795,7472493.54
41,1983,2.608654664515131,7404810.050000001
41,1984,2.613482694510571,7863559.25
41,1985,2.610517294272061,8023975.090000001
41,1986,2.592933391394913,8314846.039999999
41,1987,2.6214077523959527,8942357.49
41,1988,2.636344611135014,9233614.37
41,1989,2.6163099955102918,9662205.35
41,1990,2.6044956063248477,10212412.290000001
41,1991,2.5669651345023583,10326131.5
41,1992,2.561623129084398,10675217.14
41,1993,2.5557510959546663,11212721.73
41,1994,2.5645000771078936,11577403.6344
41,1995,2.585281608006525,11373549.0456
41,1996,2.5943550216116384,11523037.425099999
41,1997,2.601029319210176,11716263.0071
41,1998,2.55489965318481,12064579.777299998
41,1999,2.564782724943976,11831363.1639
41,2000,2.5714522948896676,12526979.3025
41,2001,2.553994588459713,12108538.324700002
41,2002,2.5756020631493963,11969845.3968
41,2003,2.586444194598616,11761069.713
41,2004,2.567764131530358,11788007.799800001
41,2005,2.553368745556827,11796876.249300001
41,2006,2.570836255037584,11870438.5617
41,2007,2.571464341662433,11992216.6246
41,2008,2.5545894098132553,12008332.1078
41,2009,2.5580477001879722,11727829.9107
41,2010,2.5477189479476268,11610335.4503
41,2011,2.529070132811098,11391881.834
41,2012,2.548825676808772,10983001.2099
41,2013,2.568803600532019,11234131.3919
41,2014,2.5375340972660796,11396497.5565
41,2015,2.537139539375699,11438130.2909
41,2016,2.5019296063855383,12436122.541700002
41,2017,2.5061994604166298,12992250.5615
41,2018,2.522287375546503,12683914.3533
41,2019,2.5234078389984433,12569809.6769
41,2020,2.495706124432958,12420907.024600001
41,2021,2.5055558758973104,13204153.4032
41,2022,2.495431313458139,14351858.870000001
41,2023,2.4901700947411607,13870159.602699999
41,2024,2.487018370716181,13762035.819899999
41,2025,2.48948393320841,12531338.2651
41,2026,2.522106398589067,2202889.3528
42,1976,2.738463174710829,27046289.349999998
42,1977,2.730153117041869,27382737.86
42,1978,2.7116277211118622,27973198.129999995
42,1979,2.7169636556800842,28059687.25
42,1980,2.7012439580859704,28613282.23
42,1981,2.6860109264978185,28780281.78
42,1982,2.6664411430659722,28561562.67
42,1983,2.677664262868485,29358520.950000003
42,1984,2.674419740137616,30586197.6
42,1985,2.6588248768733838,31245698.87
42,1986,2.648156642647047,32027979.51
42,1987,2.6573692035393064,33789324.3
42,1988,2.656987392529873,35251288.96
42,1989,2.661677338552778,36513879.36
42,1990,2.6613770740737954,36695246.98
42,1991,2.6455342159146134,37180090.41
42,1992,2.64316189436832,37387792.39
42,1993,2.645383030723088,38032968.5
42,1994,2.629327001661544,38629345.2482
42,1995,2.6269183324242413,39287896.39
42,1996,2.62853576773104,40629290.0113
42,1997,2.609774069172824,41149650.2977
42,1998,2.6155145444747174,40205710.6981
42,1999,2.613188364603091,40659794.2773
42,2000,2.598436792911965,41907315.2225
42,2001,2.5839197993311496,42768014.1958
42,2002,2.5879791579260787,42321895.717800006
42,2003,2.620330993392602,40622729.1513
42,2004,2.6132125686185086,41625832.3844
42,2005,2.6075148053847816,40906915.8974
42,2006,2.6062796307888094,39729985.176599994
42,2007,2.6102601669598666,39710901.2449
42,2008,2.5944962446984157,40287272.561
42,2009,2.5968809243272997,37608107.6409
42,2010,2.588062270767343,36769415.0246
42,2011,2.6040168574880034,36746904.473799996
42,2012,2.5979667153055104,37801164.901300006
42,2013,2.580337913741473,37463326.0352
42,2014,2.5802557251137093,36603343.5653
42,2015,2.5603366346101204,36008392.006299995
42,2016,2.558247501872599,34764460.4886
42,2017,2.5771331388541245,35608656.3704
42,2018,2.55823701086911,37068640.6132
42,2019,2.538439224350976,36030880.0292
42,2020,2.5537005085868865,33410807.0963
42,2021,2.5553256739115127,34231830.2269
42,2022,2.5397859489879586,36843701.0145
42,2023,2.526973727431076,38041719.0802
42,2024,2.5001915866465674,38330928.321899995
42,2025,2.499615834322038,35994428.6352
42,2026,2.5000440459371114,6399137.140699999
44,1977,2.74433674131876,1133020.5899999999
44,1978,2.7390497316831,2260690.9499999997
44,1979,2.687902417264687,2427249.35
44,1980,2.705576520018314,2356490.8200000003
44,1981,2.7207047366210815,2353827.9399999995
44,1982,2.6944072624248254,2371947.46
44,1983,2.6754619874282,2507677.73
44,1984,2.6847161147970584,2679858.1799999997
44,1985,2.6750509650115495,2824900.54
44,1986,2.6589284164701246,2916999.66
44,1987,2.675485916032615,3077738.0300000003
44,1988,2.630747339038479,3226310.66
44,1989,2.6559503616086646,3252955.8
44,1990,2.6316222203301165,3048956.3
44,1991,2.6286379295833378,3047540.22
44,1992,2.632027083723073,3233628.23
44,1993,2.64056580468316,3191718.75
44,1994,2.6009032994487327,3229753.7197000002
44,1995,2.5997900502185542,3188808.5853
44,1996,2.60870593163881,3169225.3273
44,1997,2.5576224691790475,3384772.2241
44,1998,2.5867976351076813,3442959.0072999997
44,1999,2.5949364333648504,3581324.1181
44,2000,2.5650169691460114,3751505.0271
44,2001,2.567970028798683,3640888.8632
44,2002,2.577094327368603,3578268.8098999998
44,2003,2.5897399672921133,3631287.027
44,2004,2.590493960388634,3638465.5887
44,2005,2.591952941147024,3638247.6542
44,2006,2.5975490292500285,3684660.6133000003
44,2007,2.5775441588329353,3661773.6303
44,2008,2.5744806608958393,3420620.7400999996
44,2009,2.544732173377304,3242607.1072
44,2010,2.5372326581107467,3163725.5019
44,2011,2.5481495998832053,3225465.0396999996
44,2012,2.547134579713471,3113705.0981
44,2013,2.5299035958144573,3066042.5197
44,2014,2.521948215004557,3083440.6004
44,2015,2.5292845980111727,3114994.0531
44,2016,2.558266728257949,3004612.6042
44,2017,2.535702650364236,3122260.1398
44,2018,2.5234734892096715,3206229.8245
44,2019,2.532890875385406,3242491.5185
44,2020,2.511277640059039,3015660.0294000003
44,2021,2.4993627671757883,3139888.0306
44,2022,2.4996795030325334,3363372.376
44,2023,2.5375265568480327,3346445.0553
44,2024,2.511056681373021,3395840.1614
44,2025,2.4934386545045504,3148421.2972000004
44,2026,2.492594062401626,489955.1714
45,1977,2.722754031694332,3432223.74
45,1978,2.7319870286393195,6937841.21
45,1979,2.6817597766446335,7072921.96
45,1980,2.679096547170945,7168124.21
45,1981,2.7047081914227338,7475744.49
45,1982,2.715271961465995,7784256.52
45,1983,2.7168827191186624,7587755.47
45,1984,2.713086972061776,7904343.81
45,1985,2.7002429595879924,9271744.370000001
45,1986,2.7039343340650825,10092468.099999998
45,1987,2.6886081323690125,10368211.37
45,1988,2.694621145920845,10598654.61
45,1989,2.6829426144019513,10812400.5
45,1990,2.705407793813963,11105252.27
45,1991,2.6922176064503875,11416407.959999999
45,1992,2.686666685950647,11866928.21
45,1993,2.6851027968670853,11983073.39
45,1994,2.6827769377385544,12302000.1005
45,1995,2.6711240170645896,12700853.3934
45,1996,2.6697803741079404,12550660.432299998
45,1997,2.663439625397932,13143210.3316
45,1998,2.6433583656756263,13518254.4274
45,1999,2.6323509192354226,13759305.8955
45,2000,2.6390319571575485,14061128.940500002
45,2001,2.621236370051715,13445642.8426
45,2002,2.6180584500518247,12826735.9325
45,2003,2.6337990701761687,13308967.9585
45,2004,2.6445655610718517,13186547.3286
45,2005,2.646494732562503,13455550.542000001
45,2006,2.629004909915798,13527562.627700001
45,2007,2.6359934946309505,13388500.2644
45,2008,2.6342368451255345,13209125.37
45,2009,2.6153325368692473,12658824.931200001
45,2010,2.619765401443705,12872507.6481
45,2011,2.6269898880352334,12646828.3369
45,2012,2.61693653273392,13163964.4113
45,2013,2.6159410736676176,13144987.190499999
45,2014,2.602863943325785,13460028.3847
45,2015,2.5858932095327125,13826589.376500001
45,2016,2.5791547480503687,13771291.088399999
45,2017,2.5774204180624047,13578536.2098
45,2018,2.588371188770802,13708312.7642
45,2019,2.582979775188141,14556648.0302
45,2020,2.5661317536370363,14591642.667800002
45,2021,2.5972311495549816,14314789.4905
45,2022,2.5820272283973527,14093533.8776
45,2023,2.5797978587055876,15019661.0258
45,2024,2.579810439951648,15351570.0112
45,2025,2.5643833740357014,14876584.545300001
45,2026,2.511505114845053,2864897.1648000004
46,1977,2.5908189860878537,773100.6000000001
46,1978,2.579617508136618,1606474.98
46,1979,2.5762255544077566,1698025.19
46,1980,2.5584885797324315,1663762.21
46,1981,2.558751397683254,1717914.54
46,1982,2.5420573221038256,1667571.01
46,1983,2.572588108679366,1743618.86
46,1984,2.5721176180278755,1782999.6
46,1985,2.57234114896881,1887228.87
46,1986,2.5821685611714478,1951621.5999999999
46,1987,2.5794193903720912,2003787.3
46,1988,2.5766645217325372,2143575.39
46,1989,2.5795600038079853,2160846.0
46,1990,2.606530605570649,2076802.8
46,1991,2.608819183806789,2158145.79
46,1992,2.615663169931873,2186250.96
46,1993,2.6365593556856375,2307784.4000000004
46,1994,2.617838768249403,2416853.2443000004
46,1995,2.5913298256610537,2420688.6465999996
46,1996,2.599118302879546,2468823.0684
46,1997,2.587410652525296,2532226.0653999997
46,1998,2.5725509844172922,2511519.1629
46,1999,2.5829800691900093,2618233.8553
46,2000,2.5779546586584,2712731.5558
46,2001,2.573956088405831,2689930.2732999995
46,2002,2.5968810489630503,2788329.2134999996
46,2003,2.614956587615119,2709403.0545
46,2004,2.6006967545871715,2554020.3655
46,2005,2.6065784641405045,2516239.8894
46,2006,2.60296604856559,2595598.2024
46,2007,2.6250869743543928,2591550.4989
46,2008,2.6278245345590454,2625814.6124
46,2009,2.6038777677599967,2602154.5656000003
46,2010,2.6180872513384847,2599461.8789
46,2011,2.6257609391828844,2596798.2830999997
46,2012,2.6346039347026733,2478352.5502
46,2013,2.6144531387546155,2468769.7556
46,2014,2.619447628376898,2518882.2225
46,2015,2.5690166876527942,2519630.8941
46,2016,2.567548270321173,2411341.2303
46,2017,2.5816574324999593,2342153.336
46,2018,2.6041330660737154,2471223.3903
46,2019,2.5974507871613017,2668830.7029999997
46,2020,2.595765147537732,2575448.1176
46,2021,2.5902439350091417,2539514.7008999996
46,2022,2.5679159821274022,2736056.8429
46,2023,2.5500673471592115,2743877.1965
46,2024,2.560296882563962,2751061.068
46,2025,2.5659793405112734,2560075.7459
46,2026,2.6367418009063655,457245.4972
47,1976,2.708532667528639,23741985.6
47,1977,2.696659350851151,17482945.03
47,1978,2.7386543733470887,10506354.47
47,1979,2.7122773271454776,10960086.770000001
47,1980,2.7025806074072243,11150115.629999999
47,1981,2.70778610819446,10964699.09
47,1982,2.6897699736309937,11289261.22
47,1983,2.6973849460788486,11538543.64
47,1984,2.6955092098818585,12338383.940000001
47,1985,2.6948901822093982,13054516.049999999
47,1986,2.696257272411846,13169424.32
47,1987,2.693714862259475,13598173.08
47,1988,2.7223567544870666,14030282.26
47,1989,2.7317886074902744,15010540.25
47,1990,2.714385174398249,15124126.909999998
47,1991,2.713656768743772,14932891.84
47,1992,2.6892038099699853,15436625.17
47,1993,2.6994529587905656,16192689.220000003
47,1994,2.6909094896280954,17454156.7845
47,1995,2.687298328020482,17371465.2741
47,1996,2.661276764694228,18115647.9833
47,1997,2.639285030760682,17970752.7938
47,1998,2.647132410694817,19149310.9519
47,1999,2.633762810772529,19049066.7658
47,2000,2.6203818510439274,18908178.0893
47,2001,2.650123268790288,19365844.8537
47,2002,2.628301833530508,19144390.4604
47,2003,2.62104844509268,19067863.0751
47,2004,2.6256796504313544,18553047.5884
47,2005,2.6428063493832137,18389691.7645
47,2006,2.645598834685164,19089464.055600002
47,2007,2.6434526516465433,20123967.2584
47,2008,2.625270030346657,19517867.3449
47,2009,2.579994826363841,18257837.598699998
47,2010,2.6011424942965875,18735703.8229
47,2011,2.6190512881714647,18781833.578900002
47,2012,2.6260468248722404,17799650.3535
47,2013,2.6123294581806213,18278661.2173
47,2014,2.5797291877404254,18233920.206600003
47,2015,2.578241897272623,17605554.571599998
47,2016,2.5940886523120312,18121751.2308
47,2017,2.5839963467634224,19153166.6188
47,2018,2.578732144330708,18617839.833
47,2019,2.580811358187373,18970927.970200002
47,2020,2.560580083729457,18522619.3024
47,2021,2.5659546865361462,19724034.3261
47,2022,2.567341944139018,21076239.6412
47,2023,2.564712097682587,21124878.8662
47,2024,2.5834455760829087,21458319.9472
47,2025,2.571145096132474,19668005.474799998
47,2026,2.6120117543996555,3501795.1074
48,1976,2.611611150762096,29397578.41
48,1977,2.6077779594249297,30345492.3
48,1978,2.611705096617832,31992116.15
48,1979,2.620047615183131,33370131.42
48,1980,2.6185309843342726,35004963.57
48,1981,2.617520904186449,35865890.97
48,1982,2.6121497142442647,37798017.45
48,1983,2.607601581127089,39747127.9
48,1984,2.5936964458627867,43208687.099999994
48,1985,2.597769299796047,44325129.550000004
48,1986,2.5966825474372595,44961588.650000006
48,1987,2.5952115303805448,49097143.95999999
48,1988,2.5940074280038337,50371820.86
48,1989,2.592271306209314,50463130.56999999
48,1990,2.5949887016015443,53306642.14
48,1991,2.594675530114211,54539014.26
48,1992,2.6036370770674133,56740781.370000005
48,1993,2.5845747537120514,59325471.07
48,1994,2.587263849545329,61969961.0
48,1995,2.5967994556162433,63786678.661400005
48,1996,2.5952057109120577,64974349.2138
48,1997,2.5929157891395866,68116871.1379
48,1998,2.593918270030262,68729654.6183
48,1999,2.5797286381926536,69013914.2055
48,2000,2.578028717583373,69264022.0874
48,2001,2.580508938161253,69164588.2873
48,2002,2.569353506470683,69053861.71599999
48,2003,2.596812223246977,70329345.6032
48,2004,2.581813175833793,71158239.8808
48,2005,2.5831053753697844,72646695.718
48,2006,2.5903878333696473,73731873.48809999
48,2007,2.5923350368918956,73967197.61
48,2008,2.586297379846989,75004104.42369999
48,2009,2.5717078854121187,74582138.20210001
48,2010,2.5931577677347435,73101874.8361
48,2011,2.5815340941737936,73699779.5667
48,2012,2.573876952399501,76930050.6342
48,2013,2.5776551398453544,77428736.4346
48,2014,2.577370505685088,80344711.1653
48,2015,2.56890453030341,80167162.0442
48,2016,2.5438624589669225,81143227.8579
48,2017,2.548837760654885,81782192.23609999
48,2018,2.548368621762368,83989068.81879999
48,2019,2.555812898957394,85267059.68010001
48,2020,2.53876235690379,82436916.21700001
48,2021,2.534483354478602,86248030.26679999
48,2022,2.5258059678867433,90828454.85280001
48,2023,2.5252672067321793,93238024.35700001
48,2024,2.542243506434661,95029599.3324
48,2025,2.5355130594811137,88654039.3166
48,2026,2.537146988253183,15609706.826000001
49,1977,2.5824201147245174,1282379.58
49,1978,2.5913898458716043,2599043.93
49,1979,2.578667629333642,2743063.49
49,1980,2.581139771227744,2897266.8499999996
49,1981,2.5795966014351945,3074580.48
49,1982,2.5857094631453994,3285740.59
49,1983,2.5866023417841286,3507911.56
49,1984,2.5827923285376704,3748681.1799999997
49,1985,2.562250387027938,4096222.1799999997
49,1986,2.55788379388626,4145202.7600000002
49,1987,2.5324861249240738,4298487.93
49,1988,2.536862497478438,4538518.19
49,1989,2.563788737908394,4608830.5
49,1990,2.582322429858313,4684470.029999999
49,1991,2.572079726347585,4898555.500000001
49,1992,2.578825207545403,5106190.11
49,1993,2.5799941648337184,5594211.610000001
49,1994,2.5688789410539363,5946229.0151
49,1995,2.6022915610206367,5884787.053099999
49,1996,2.5714884040415593,6011087.1985
49,1997,2.5666747960953358,6082531.7813
49,1998,2.570774493890823,6368997.887800001
49,1999,2.5563354013846213,6256696.2938
49,2000,2.5515694473458392,6769183.245000001
49,2001,2.554984021108877,6739851.2173
49,2002,2.583707501223422,6370004.4008
49,2003,2.590561269811313,6984287.198299999
49,2004,2.588722522860764,6851886.5426
49,2005,2.5992818631655163,7085024.649499999
49,2006,2.5980368628621036,7202764.131099999
49,2007,2.589113856109729,7717974.9088
49,2008,2.5651801494413955,7896636.9668
49,2009,2.555103941315593,7960411.7286
49,2010,2.5708995372240784,7843263.911
49,2011,2.5996104277420806,7583991.795299999
49,2012,2.5907547388610497,7738098.5734
49,2013,2.5532593800627903,8240068.0166
49,2014,2.583853503707329,8680247.7568
49,2015,2.5615796191469755,8440588.9116
49,2016,2.5451349833933614,8662140.4112
49,2017,2.537332009991276,8512302.845
49,2018,2.5325567090794774,8765559.492700001
49,2019,2.5504121996044677,9128484.7107
49,2020,2.5307134251487793,8957611.2493
49,2021,2.511140460806563,9251104.5454
49,2022,2.5315281004923196,9827325.490899999
49,2023,2.521249137267061,10116761.883299999
49,2024,2.5089089297084453,10017410.573
49,2025,2.510602486633345,9278409.568599999
49,2026,2.476351395365162,1678376.4899
50,1976,2.68766487026075,8415287.549999999
50,1977,2.685982548463912,5154678.83
50,1978,2.604278772097834,1234363.26
50,1979,2.6188231565622657,1360686.73
50,1980,2.5971942871632385,1340482.3600000003
50,1981,2.6190752959547554,1408387.72
50,1982,2.633031045149834,1504674.94
50,1983,2.632582093148572,1456651.32
50,1984,2.6293811876791255,1509290.08
50,1985,2.6178531366886277,1683261.1600000001
50,1986,2.580564380901728,1713096.17
50,1987,2.5829162779024575,1868188.41
50,1988,2.5736994452832453,1958259.5899999999
50,1989,2.5649679021342573,2016423.3499999999
50,1990,2.5550622030292374,2025619.08
50,1991,2.5432107925066885,2004174.0299999998
50,1992,2.54574903740315,2080616.24
50,1993,2.5683395548836394,2175052.4899999998
50,1994,2.5555875531761143,2148251.6549
50,1995,2.5646066293915863,2325288.0576
50,1996,2.571387496392969,2400254.3322
50,1997,2.572854032328078,2347704.9748
50,1998,2.5615849199814433,2280672.3295
50,1999,2.5582486052003244,2359703.574
50,2000,2.5717214827344113,2306280.4877
50,2001,2.5503509743683983,2408652.3208
50,2002,2.531682657247422,2487618.4540999997
50,2003,2.5279533264937895,2340738.4147
50,2004,2.5376102013260726,2247856.2501999997
50,2005,2.544914673944509,2274231.6209
50,2006,2.550461065829901,2347138.1057
50,2007,2.5396373840980404,2215114.4854
50,2008,2.540140120913227,2125608.2937
50,2009,2.5366887848312327,2150536.0214
50,2010,2.5314710349571192,2139011.9192999997
50,2011,2.5247550618278045,2150388.4119
50,2012,2.5220993453888574,2112403.2012
50,2013,2.5223782958934584,2014158.7345
50,2014,2.521024224935136,1919785.3720999998
50,2015,2.5125641792384044,1937097.1472
50,2016,2.5224114630692434,1865581.3734
50,2017,2.5211964657796035,1855016.9875
50,2018,2.4954519031748648,1942765.9647999997
50,2019,2.5032068684331636,1900637.8299000002
50,2020,2.4820502208633504,1842566.7582
50,2021,2.4840674629315846,1879823.8708
50,2022,2.478458456195986,2018455.4609
50,2023,2.4601003849305485,2071550.2303999998
50,2024,2.475535544676161,2169951.8179
50,2025,2.4788644473251136,1818313.5459
50,2026,2.4556179504224094,291296.4453
51,1976,2.6395449336045966,12182041.27
51,1977,2.6406798382438454,13223372.01
51,1978,2.6319420376188467,13287606.370000001
51,1979,2.637818652064604,13972613.19
51,1980,2.6303731006482174,14566419.18
51,1981,2.613559550684085,14532324.119999997
51,1982,2.59223661782882,14883613.34
51,1983,2.6053851734453213,15889211.86
51,1984,2.6065723896931714,16925777.889999997
51,1985,2.576639820529531,17257538.92
51,1986,2.6147874553605583,17642331.23
51,1987,2.5947230542975843,18783188.699999996
51,1988,2.558143088099916,19964791.490000002
51,1989,2.562238688968042,21145715.340000004
51,1990,2.5801436271405795,21738338.32
51,1991,2.5800560389445764,22566491.31
51,1992,2.587662776522683,22117300.57
51,1993,2.565844660924949,22369453.169999998
51,1994,2.5591976350749257,23412086.574
51,1995,2.5745690160198276,24554754.249900002
51,1996,2.568602475935685,22868918.8656
51,1997,2.5760101638737147,23565885.9965
51,1998,2.547401694607097,24855668.340899996
51,1999,2.5410662186307436,25317188.2641
51,2000,2.5339736662633845,26071976.775700003
51,2001,2.5424405444015745,25770658.834
51,2002,2.5469846773332545,26081868.516999997
51,2003,2.5515045077031306,26138512.266400002
51,2004,2.548591794733575,25655368.5059
51,2005,2.539530875926068,25687631.1088
51,2006,2.5466520960311225,25982792.4877
51,2007,2.5403127721492704,26520524.1052
51,2008,2.529028655204907,26637460.199599996
51,2009,2.49252043744947,25321531.528800003
51,2010,2.5295025813580123,24687871.9441
51,2011,2.5439629844434415,25022655.1756
51,2012,2.5190956113628116,25723308.905300003
51,2013,2.508413765717795,26504346.6953
51,2014,2.5038311997171427,25820989.8318
51,2015,2.486127642325114,24929242.2878
51,2016,2.487229818504682,25168753.8868
51,2017,2.465315557455556,25511945.165
51,2018,2.492484313203659,26211071.183599997
51,2019,2.484765534252218,26433335.477300003
51,2020,2.4635233948912476,26075592.956299998
51,2021,2.461828118236311,25768445.421400003
51,2022,2.4760694400847214,25639167.9372
51,2023,2.445364009685089,26942457.3068
51,2024,2.463138490100777,27293320.649499997
51,2025,2.4742079822233305,25107035.6112
51,2026,2.449020252817817,4601050.8405
53,1977,2.609278834848311,4184548.5000000005
53,1978,2.616859575486856,9387334.09
53,1979,2.621673121510617,10047373.09
53,1980,2.583543252786895,10691481.559999999
53,1981,2.588864044346319,10504132.790000001
53,1982,2.5885605074613496,11178658.67
53,1983,2.5660202675733403,11444211.55
53,1984,2.573412510165771,11780304.009999998
53,1985,2.5756666177217307,12531168.02
53,1986,2.5800089789672245,13881275.27
53,1987,2.5701612898625767,14111395.959999999
53,1988,2.5851247486955393,14987597.579999998
53,1989,2.585976713875608,16231028.95
53,1990,2.575697327324064,16639856.690000001
53,1991,2.567805878112472,16694292.04
53,1992,2.552534120120332,17744923.93
53,1993,2.5607076498277794,18819219.28
53,1994,2.575729524920954,18469528.801799998
53,1995,2.583930033461069,18576007.2128
53,1996,2.569369791689332,19768182.3789
53,1997,2.549712776642316,21053748.8492
53,1998,2.543767812916286,21200996.9532
53,1999,2.544004365778891,21227946.8442
53,2000,2.5316432025562916,20951893.1378
53,2001,2.558902788403209,20494522.351000004
53,2002,2.5576666067394607,20581839.2486
53,2003,2.568597305245907,20007264.555400003
53,2004,2.5638323112860073,21534959.757200003
53,2005,2.544285434451073,22199302.365199998
53,2006,2.551559688231503,22078401.822
53,2007,2.562624118396222,21725469.8037
53,2008,2.544198589049861,21690638.5038
53,2009,2.5291603870756263,21371626.331
53,2010,2.5422084280134296,20314597.217
53,2011,2.5336188307356706,20630865.941600002
53,2012,2.5279259571001598,20516645.8751
53,2013,2.560069752847924,20899702.1226
53,2014,2.562706672428731,20192305.2773
53,2015,2.533977044496581,20487770.3829
53,2016,2.523293430077401,21217268.9399
53,2017,2.5111606077760458,21485040.0253
53,2018,2.527680898874728,22522324.4111
53,2019,2.5353396191059745,23726901.711600002
53,2020,2.517284853156687,22405225.7082
53,2021,2.509609338949027,23586720.8464
53,2022,2.4959046591201353,24726146.207700003
53,2023,2.477172193255181,24532133.9897
53,2024,2.4686312541942774,23794207.6017
53,2025,2.5047966528201924,22025130.483599998
53,2026,2.4856893756808147,3907986.3952
54,1977,2.786927116641038,1697733.0699999998
54,1978,2.7909919125425384,3817136.0300000003
54,1979,2.762112094581195,3865139.34
54,1980,2.739053806082876,3964965.74
54,1981,2.708499362539105,4005012.69
54,1982,2.69212484938972,3767854.49
54,1983,2.7015165350843855,3811806.51
54,1984,2.704988987228164,4125424.25
54,1985,2.6734827836846784,4433375.0200000005
54,1986,2.702063605016634,4268732.01
54,1987,2.704204491127616,4605686.06
54,1988,2.6779275467817434,4670547.08
54,1989,2.711137499671276,5026557.04
54,1990,2.714927364015858,4978290.45
54,1991,2.715772098758517,4886294.220000001
54,1992,2.7037241519121467,4766737.16
54,1993,2.7104524677756836,4867811.58
54,1994,2.6694351841017236,5151169.125599999
54,1995,2.653489883326576,5215589.4158
54,1996,2.652920199175756,5411272.1252
54,1997,2.652466628418651,5415497.7355
54,1998,2.65082624891088,5379327.0904
54,1999,2.6497584733795834,5489001.7272
54,2000,2.630459606418337,5391544.266899999
54,2001,2.650836221451675,5521665.6019
54,2002,2.636173434118981,5233360.4495
54,2003,2.6518092451403272,5229522.425
54,2004,2.662828136693993,5168715.7531
54,2005,2.651389632095326,5364745.632200001
54,2006,2.6508889059165783,5423550.730699999
54,2007,2.64292922631615,5527746.7405
54,2008,2.6630870217171685,5223905.2147
54,2009,2.633789581816559,4655663.3398
54,2010,2.6061637435025067,4799916.1917
54,2011,2.625277196490195,4638612.2502999995
54,2012,2.6295743624267423,4608444.0242
54,2013,2.626859673230797,4642008.5594999995
54,2014,2.611175456272936,4560174.0726
54,2015,2.606411886502176,4532257.0204
54,2016,2.6196616484954687,4585776.4764
54,2017,2.6386124434625358,4487994.259
54,2018,2.6270305607364874,4527955.9331
54,2019,2.6410173042259215,4625129.9478
54,2020,2.6146527208775296,4518100.4727
54,2021,2.548340600807788,4624853.3861
54,2022,2.594425465309892,4571303.340399999
54,2023,2.5986943450278743,4551801.8967
54,2024,2.5774198307315097,4534020.375600001
54,2025,2.5894492568089484,4208323.204399999
54,2026,2.5459550213177207,761989.7526
55,1976,2.7030427455755555,10776314.58
55,1977,2.6825416301062863,11057666.43
55,1978,2.6749579734326323,11918470.85
55,1979,2.6945744337826816,11869996.06
55,1980,2.684635296470727,11930587.53
55,1981,2.6910775106414677,12757270.25
55,1982,2.6590775884581195,12909879.49
55,1983,2.64564972685083,12661434.489999998
55,1984,2.66964464238404,12461766.95
55,1985,2.6663517849793332,13062035.63
55,1986,2.6574639574407035,13743496.35
55,1987,2.6609240779669543,14491030.280000001
55,1988,2.6583001493604232,15791418.96
55,1989,2.663737701231738,16408574.76
55,1990,2.6680720148997605,15998836.46
55,1991,2.667174729459116,16493522.34
55,1992,2.6686814044547704,17593641.4
55,1993,2.6406628980249214,17888712.85
55,1994,2.65420803190296,18175329.4606
55,1995,2.6675583890005137,19193020.784
55,1996,2.639908088218117,20314135.873800002
55,1997,2.6456962849055983,20364604.4562
55,1998,2.646108905912442,20398616.9085
55,1999,2.6384624703663584,19867565.1704
55,2000,2.658425878512492,20078160.7097
55,2001,2.6581413199643262,20449742.0428
55,2002,2.645610624497499,20419675.4802
55,2003,2.636010647881335,19734085.546
55,2004,2.6411022269900992,19546997.8628
55,2005,2.650217019192138,19617598.6396
55,2006,2.6463609351967876,19736328.5154
55,2007,2.628968302515226,19836275.857
55,2008,2.62513827632364,19355333.050399996
55,2009,2.6135251874504495,18196352.8868
55,2010,2.6119150317146715,18035423.0612
55,2011,2.616123661970883,17813814.7062
55,2012,2.6112131159058363,17636780.377499998
55,2013,2.604670667054086,17577948.0189
55,2014,2.626955575955944,18272603.6318
55,2015,2.6241079644085006,17897503.34
55,2016,2.6011378577920663,17879284.850500003
55,2017,2.593098128446665,17561599.214
55,2018,2.6063873570190537,17922297.2204
55,2019,2.617567900496103,17599819.8874
55,2020,2.589506634991282,16865612.689299997
55,2021,2.5805356737897265,17291570.0731
55,2022,2.5838460466495223,17334409.266599998
55,2023,2.591171557569715,18590904.903300002
55,2024,2.598352805204273,18720716.2631
55,2025,2.5858539874253346,16805384.0912
55,2026,2.5906712887268855,3078394.4803
56,1977,2.5734751070924466,526398.74
56,1978,2.594829025603697,1074302.04
56,1979,2.6038049377753407,1193379.12
56,1980,2.5949114409116727,1194143.54
56,1981,2.5753678164683516,1293174.85
56,1982,2.5471060429783603,1380797.82
56,1983,2.5737029740982775,1468791.15
56,1984,2.577129798205686,1567007.7
56,1985,2.602842803454195,1427937.0699999998
56,1986,2.6109230255687095,1477937.7
56,1987,2.600031055126792,1478326.8
56,1988,2.583541703880229,1439734.7
56,1989,2.573916427663676,1500166.5899999999
56,1990,2.5900322175095747,1536424.85
56,1991,2.5741192963985626,1616370.61
56,1992,2.581107693533926,1653776.81
56,1993,2.585317842583617,1650335.23
56,1994,2.5929656516840303,1698334.185
56,1995,2.5882085363284015,1788908.2122999998
56,1996,2.5843239845657497,1742601.1576
56,1997,2.594607795945873,1714909.3267
56,1998,2.598834058138885,1768516.7693999996
56,1999,2.6045347345794827,1789204.4246999999
56,2000,2.5895114786473323,1835748.6782000002
56,2001,2.58625856636675,1901999.9542999999
56,2002,2.5920464383317134,1829103.9428
56,2003,2.614944896426328,1829735.0569999998
56,2004,2.6090938725939843,1728467.763
56,2005,2.622969374196032,1729235.3954000003
56,2006,2.6371215779832062,1772340.9618000002
56,2007,2.6305607660961328,1742858.8714
56,2008,2.6108865416860376,1719361.8886
56,2009,2.6102856599277926,1680902.4382999998
56,2010,2.606932584599911,1680154.9653
56,2011,2.623409438702596,1656126.5934
56,2012,2.626607623713758,1754481.9486
56,2013,2.6242996317425322,1751723.7851999998
56,2014,2.6258372416205127,1835648.0857000002
56,2015,2.5946885275760687,1742047.2413
56,2016,2.579764880580254,1668004.1023999997
56,2017,2.594712997946564,1653277.2089
56,2018,2.5860445616066143,1594127.4019
56,2019,2.5723922617728827,1623262.3663
56,2020,2.5651856819628502,1608343.5232
56,2021,2.5634995210602245,1671904.6681
56,2022,2.573599015213058,1656784.1403
56,2023,2.589206089819496,1690418.9843
56,2024,2.545977675738091,1694752.7223
56,2025,2.5327718169201474,1567165.2754000002
56,2026,2.5860710373215707,308509.3851
