STATEFIP,YEAR,mean_routine,mean_abstract,mean_manual,total_emp
1,1977,2.870010498355914,2.922965194527193,3.3210446428156075,6585766.6
1,1978,2.8811381813343977,2.929949910412643,3.306582427301411,13001579.95
1,1979,2.887216138397608,2.9170776844970328,3.318417718216782,13605246.770000001
1,1980,2.8760378415084755,2.913993646944152,3.3007687179291665,13527724.36
1,1981,2.8812212854045978,2.8955384053033466,3.274398062684572,13068910.58
1,1982,2.8763843001473934,2.900829757607334,3.241339908625307,12598687.79
1,1983,2.848497530293358,2.924609736814355,3.246921979777023,13632371.940000001
1,1984,2.8547765467218467,2.9218544477134207,3.2543455877932277,14532800.379999999
1,1985,2.846774411912497,2.9294369404221623,3.206417092347995,14290267.450000001
1,1986,2.846046482215516,2.9366212873671196,3.2090129595656873,14716023.61
1,1987,2.849411893992315,2.931482614488565,3.2233687207998067,15333135.310000002
1,1988,2.836721669921576,2.939602432361994,3.2383505610582355,14937752.34
1,1989,2.8554740906929754,2.933418957970945,3.249597502805393,15569615.52
1,1990,2.8545706205096835,2.933906930671619,3.247798604573712,15374176.32
1,1991,2.853339880406889,2.9149778966305884,3.2486145233709776,15419704.16
1,1992,2.862074272492198,2.9209318107387037,3.2459093021276657,15586033.93
1,1993,2.865550838711864,2.9317003726817696,3.2385449358679153,15898952.11
1,1994,2.8545280412598695,2.939262768777654,3.2435832666634847,16071441.745900001
1,1995,2.863610968966792,2.9268624070335507,3.2306529832805726,15970489.621099997
1,1996,2.85396995718709,2.9311548783842665,3.252975839616788,16196704.3583
1,1997,2.834838766077735,2.9331942583155177,3.2204836842218154,16792216.5143
1,1998,2.8242980786865624,2.9530540658316204,3.161741949557903,16789370.2179
1,1999,2.8401704525534988,2.9596032524495546,3.189829670958823,15949599.1847
1,2000,2.829477647104732,2.9582398045284095,3.198181462517022,15804166.231900001
1,2001,2.818788612918859,2.9507158816211074,3.1832504995452164,15934175.5896
1,2002,2.837321994087343,2.9619851524020318,3.1909809275338037,14858358.411099996
1,2003,2.839769350214165,2.968659862102711,3.1854470241223165,15975095.223299999
1,2004,2.8144864663725517,2.9509425638037055,3.206758621143425,16175417.3192
1,2005,2.8309869989199514,2.989170693339233,3.2286891340168324,16997242.081899997
1,2006,2.7990491578833057,2.969561285182221,3.195508584873912,17036100.7581
1,2007,2.814107467798301,2.9778358541367376,3.2182448457724666,17074527.4094
1,2008,2.805392590434252,3.005773540039795,3.1981899580582493,16439879.1026
1,2009,2.793078422735797,2.9998119620677843,3.1954933721031806,14758525.603399998
1,2010,2.8317372649985124,2.975479860204784,3.2325518485410187,15440649.8446
1,2011,2.841882655764237,2.9792398382883363,3.2028656916681966,15170318.9239
1,2012,2.8054491492722247,2.973536344529893,3.186081308234653,15533923.977300003
1,2013,2.8213952708715873,2.9801068337607552,3.191125281292036,15605801.055499999
1,2014,2.8143740731763205,2.965932663750927,3.220687923079914,15422949.735000001
1,2015,2.808852329818348,2.968183712534875,3.2262544909986874,15756786.3533
1,2016,2.8084267168125545,2.9662458946326384,3.2386696999000244,15615789.5982
1,2017,2.811336842191436,2.973626727473961,3.248892333716697,15953254.3589
1,2018,2.7971326435937063,2.962530590973612,3.247296418589118,15699736.297
1,2019,2.794431360346284,2.9895694388075773,3.223555069443438,15866449.1388
1,2020,2.80633718932197,3.001434208286294,3.202296966292973,15221700.2724
1,2021,2.7867748033284387,2.990218637886341,3.199562027538353,15792910.881099999
1,2022,2.8360964895698926,3.002502469244415,3.27314323732304,16512506.8373
1,2023,2.806047793320954,2.9878035991087004,3.255580147590705,16720798.4824
1,2024,2.8243330224013374,2.9806043701179155,3.2758155282605315,16656480.663099999
1,2025,2.779252240624614,2.9823760710810805,3.2182189285643426,15273512.6607
1,2026,2.779659498652443,2.989225434939128,3.191873489184825,2773023.3803000003
2,1977,2.758442128750444,2.9785419218177998,3.1725206242541906,547365.3
2,1978,2.7466779611313417,2.9767747524062553,3.1672902098131908,1281384.98
2,1979,2.741934534525067,2.982671711679736,3.1687918590943482,1274500.87
2,1980,2.78140299670418,2.976785401531049,3.1680214057511855,1316284.9100000001
2,1981,2.8002353823406816,2.980446590170231,3.1876111706051113,1410313.9600000002
2,1982,2.7681946148118635,2.9690300014063626,3.1812942839314347,1374493.4
2,1983,2.7347701863473803,3.003307900099386,3.160854217184079,1589647.2200000002
2,1984,2.723618158207294,2.9985758271289082,3.162805464526205,1793818.8699999999
2,1985,2.7406084874605554,3.0006703751670254,3.1806299324170983,1794270.74
2,1986,2.7148359354490745,2.9904955628207897,3.110277205753291,1741748.5299999998
2,1987,2.7046248630786107,2.970165213627138,3.098418140824233,1742964.31
2,1988,2.7185576694572124,2.964802288951374,3.113582030293877,1684022.09
2,1989,2.7357590222153845,2.9717950944219877,3.141014803631555,1671700.19
2,1990,2.7279659976233903,2.9785537340364736,3.1341814635346097,1906914.0999999996
2,1991,2.734806459895493,2.973413254385577,3.1185130325447883,1867354.29
2,1992,2.723900412095177,2.987503955778569,3.0705131275045905,1986203.6500000001
2,1993,2.7371592352897256,2.9849479533305847,3.106002265248975,2085160.8
2,1994,2.714362235225152,2.9848274641341823,3.0952915764844136,2101194.7318
2,1995,2.715999886268189,2.999795268393707,3.111989977357852,2064215.3547
2,1996,2.7211586032314434,2.9973866738738897,3.128732117369634,2003172.1171000001
2,1997,2.743246536463607,3.0013398479058884,3.1609679548265652,2161058.7407
2,1998,2.7294056484842826,2.9909498540718946,3.1673848258032673,2229775.5608
2,1999,2.733422924135866,2.9882589677600975,3.1866440608186677,2184756.5548
2,2000,2.7349908241255614,3.004194133260636,3.1754794108505493,2171566.7364
2,2001,2.759055431533884,2.988116685014901,3.1970136826887283,2201068.4449
2,2002,2.7459362900659943,2.9822276123758873,3.196671658051259,2202328.2613
2,2003,2.7446949457174012,3.0173081902541568,3.1800450252925443,2302578.1777
2,2004,2.73361562236535,3.0162166014511413,3.1538738427332222,2326465.7458
2,2005,2.7342367747556366,3.0267735225960255,3.142203535422676,2407543.9216
2,2006,2.7545238466141524,3.0333133058300534,3.136025801971333,2466211.2715
2,2007,2.738319889719323,3.0182999471202754,3.1532552787299655,2466892.0061999997
2,2008,2.7364591158042266,3.0105134307229418,3.192928273566536,2577236.1743
2,2009,2.7447111036045335,3.0089417896869897,3.193276405070404,2426712.2432
2,2010,2.7400766548702773,3.013859979448207,3.1616475788709697,2538877.2462
2,2011,2.7369643232453913,3.0122358410815213,3.1619864352707747,2512087.7705
2,2012,2.741548152030632,3.011862116692048,3.16799689029458,2411907.2422
2,2013,2.710477351604313,3.020436955392957,3.15537539526756,2470416.9466
2,2014,2.732332906386422,3.0210566521042908,3.1508064724970537,2479319.0369
2,2015,2.7771244927736984,3.019538436575754,3.2342103697248525,2485458.1876
2,2016,2.743835794629937,3.000293415550873,3.1467104387702296,2295569.2212
2,2017,2.7232954923628445,3.0206046035771297,3.114309837879811,2409316.1598
2,2018,2.737615004976543,3.0090850471207142,3.159831903373092,2417327.2331
2,2019,2.7252088955970977,3.008493790386863,3.1378570390649254,2204114.7462
2,2020,2.7216374713168676,3.025670662982871,3.139549869350597,2110369.8432000005
2,2021,2.7362395132760646,3.023213012912642,3.162883397631151,2183310.7176
2,2022,2.719390706370259,3.010232883023504,3.191497804709134,2305960.3285
2,2023,2.7731095159085304,3.01208111106383,3.1822961768682405,2211731.8998000002
2,2024,2.753926088315705,3.0134615340822126,3.174464803053133,2250395.1479
2,2025,2.756880841848702,3.0203369884364255,3.181877965939307,2134930.2923
2,2026,2.7519653669663224,2.9888955873992296,3.151486373067655,404358.7056
4,1977,2.747894182331892,2.9470161016486616,3.1682734402700388,3472522.9
4,1978,2.7546436889843364,2.952620792518953,3.1385652713790173,7599465.19
4,1979,2.752497538568811,2.9543287723863703,3.145194317658918,7917303.720000001
4,1980,2.7797682428850945,2.964077738880676,3.13228051923856,8374365.540000001
4,1981,2.7813421088845356,2.9487033878905837,3.149403159499846,8782507.92
4,1982,2.760421419690169,2.9588987623833414,3.089881685175348,9315528.48
4,1983,2.7436606539012987,2.962703860858722,3.132543507299193,10565001.08
4,1984,2.7397897666841757,2.9841144977465404,3.135304951004322,11031595.8
4,1985,2.730051880723746,2.9804371320853233,3.1427465553923266,11124666.89
4,1986,2.7356662910849185,2.9595901058014875,3.13993445903382,12260189.18
4,1987,2.743092203171338,2.969978690559934,3.099762896261308,12621260.05
4,1988,2.73269839587501,2.9731863801772085,3.079468768271077,12590760.5
4,1989,2.731819822169999,2.9754284846116636,3.090476745079958,12847524.21
4,1990,2.720878665927353,2.969576251518199,3.0909223767772276,13663770.27
4,1991,2.7352103881739334,2.961681972172964,3.080614598424599,13113505.8
4,1992,2.7114157493215734,2.9869720321179027,3.033728072292376,13176740.07
4,1993,2.7136421098975667,2.989612213143967,3.0471656749481775,13601729.379999999
4,1994,2.7259103674759317,2.977374302574423,3.088948538653556,14563766.6886
4,1995,2.7285326483805865,2.9815872230665446,3.0948207055981913,15993689.825599998
4,1996,2.740213433194734,2.9801334042112693,3.1256510353413183,16203641.3795
4,1997,2.746125606459227,2.9644061743289414,3.1081602481532125,17022807.118600003
4,1998,2.7281977620460927,2.978992905473284,3.1061261440387953,16771026.654199999
4,1999,2.7147248150128864,2.9723653486694452,3.0972469739128043,17699479.0891
4,2000,2.7251110129099585,2.9867965269566787,3.1149657729217526,18683006.8278
4,2001,2.7300467014427374,2.99448314909012,3.1232101944699346,18301010.3879
4,2002,2.721820370616161,3.0062797554518275,3.1114733135020978,17985936.9843
4,2003,2.704526738647154,3.002844401404038,3.0657716122112526,18942950.745899998
4,2004,2.7069742565717,3.0027204398765566,3.1089448699364346,20323812.4665
4,2005,2.6999445499328236,3.014650871843533,3.1115853009865932,20769024.393
4,2006,2.7020729469938143,3.005657602925731,3.131257573451418,22597857.303499997
4,2007,2.7180809344768737,3.029175034170128,3.1159204440653623,22827121.927199997
4,2008,2.7175533884359924,3.0195911522396766,3.069875349573853,22865901.3028
4,2009,2.697380397635706,3.0183971690874296,3.063861842321084,21161735.1469
4,2010,2.699027937771061,3.0315156558321545,3.040727873484895,20623746.6941
4,2011,2.6995585416917804,3.012006933550272,3.0481322471636556,19984595.859899998
4,2012,2.701086963968805,3.0138977410628756,3.0783581980150223,20408368.449500002
4,2013,2.721269429119192,3.00749165692779,3.090943820383283,20629172.208
4,2014,2.716083132741129,3.009073343483778,3.0905583196308055,21396976.762
4,2015,2.7194899769106273,2.9952961640463314,3.1010660712218576,21969957.629899997
4,2016,2.7035639241396887,2.998545995858487,3.076622777589789,22473603.0783
4,2017,2.6783616963787593,3.003746446442597,3.07125718676609,22164540.1267
4,2018,2.6963123630962227,3.008432930432757,3.101065788438964,23163959.6589
4,2019,2.708229204999154,2.9971700977423845,3.078887529409107,24370074.4623
4,2020,2.732163591003778,3.0124353082035915,3.106429742538826,22851433.510799997
4,2021,2.7328000716166225,3.013723699662455,3.1370512386832683,24238226.8318
4,2022,2.7363380709804623,3.0020702151005176,3.16461523980659,23867857.817199998
4,2023,2.711482590867984,3.0113663004185467,3.127901970480368,24581258.961499996
4,2024,2.7253501429568248,3.014686553267773,3.117684478544661,23778082.088199995
4,2025,2.7317081810818924,3.0075426698678274,3.1301047156920387,22003399.7024
4,2026,2.746708171210068,3.0243628967312017,3.1594918583992246,3843699.6938
5,1977,2.837789938274019,2.8801230139613163,3.3100083284319313,3600852.38
5,1978,2.8617892828332243,2.8964092363185103,3.322679292700926,7560726.769999999
5,1979,2.8610035591335516,2.8875599411113586,3.2701886602306143,7893491.28
5,1980,2.8672953447695244,2.8897892086673003,3.283454679627271,7798426.9399999995
5,1981,2.846845698175024,2.897343484404414,3.2647564256275468,8051116.06
5,1982,2.845281769852666,2.893361444340309,3.2520341827734174,7926707.890000001
5,1983,2.8168390852805754,2.916022258588594,3.2416548974458856,8202924.52
5,1984,2.830169137741118,2.9294901731607146,3.2572944471545417,8305193.819999999
5,1985,2.841721658590387,2.9300682890761336,3.2583909421806854,8553342.79
5,1986,2.827044955851006,2.9317386195043356,3.228984580272882,8654962.99
5,1987,2.839627664866224,2.932292913106734,3.2215602392717266,8928678.569999998
5,1988,2.8506638533098214,2.923713774919241,3.238375532324389,9143069.51
5,1989,2.8478117156470244,2.924821266641905,3.2487545558329627,9493664.7
5,1990,2.840439170136833,2.92590238119445,3.233279884777311,9059967.15
5,1991,2.850279329106054,2.922716806865721,3.247573131261993,8940025.429999998
5,1992,2.852654868643274,2.9423780163782305,3.227930009484226,9231931.52
5,1993,2.859394934717813,2.9315727170354626,3.2462806138126177,9335522.4
5,1994,2.8574578478254025,2.9327160538587007,3.245554346018272,9708174.1404
5,1995,2.851588321989048,2.933303194198038,3.223009351899122,9625536.412700001
5,1996,2.8771237618269225,2.932580847383265,3.252237451920066,9897791.6533
5,1997,2.8697711197469573,2.9402149388807235,3.2512602976266525,9446770.1402
5,1998,2.8278654678432398,2.947428237126234,3.2087697100780335,9467729.692200001
5,1999,2.862724489913303,2.9597692084177876,3.261346276302819,9563641.2289
5,2000,2.85903127874683,2.949990513806984,3.248627873884432,9725479.015
5,2001,2.839102572846361,2.9401293209022916,3.2292778124669743,9358994.9633
5,2002,2.827794700651697,2.947284720021632,3.2160343569923318,9638273.9947
5,2003,2.830405013578617,2.9659357362196372,3.2237759191290682,9720246.5245
5,2004,2.838533371726429,2.961853483738778,3.245983907614113,9810149.3874
5,2005,2.8097198235797523,2.9628609688290126,3.2203185363232576,10718575.7341
5,2006,2.8173868295091395,2.978562213844679,3.2289017812039478,10621679.625
5,2007,2.820992699507075,2.978553600170509,3.2561344715341343,10462542.433400001
5,2008,2.8028365318417934,2.9931542377856353,3.2542467596390092,10309942.029800002
5,2009,2.810749051176605,2.9797918060947683,3.217998891729661,9913907.483800001
5,2010,2.8041921010714868,2.966204479001799,3.189844879129715,9581103.6109
5,2011,2.7866237295564025,2.9897147349445636,3.15129433744253,9777872.0792
5,2012,2.7790979404152822,2.9753972355727916,3.1440474482616794,9605905.9331
5,2013,2.795596516825888,2.9643417127421605,3.208838196379236,9468930.6494
5,2014,2.8301423192556636,2.9512888027158812,3.209184157642018,9723657.307699999
5,2015,2.7884902472448796,2.9770960780060065,3.161412183147976,9625882.4671
5,2016,2.781529807127677,2.9855497356262255,3.1859595968842815,9748280.5284
5,2017,2.7913025178990436,2.9916522662424643,3.1631904431327498,9842818.1884
5,2018,2.802624912484103,2.9996720264301033,3.208013620232081,9750151.0503
5,2019,2.811752049906215,2.9688280638524964,3.218099322586049,9952209.665199999
5,2020,2.8091808184431613,2.989393308008912,3.217473981568663,9215837.3292
5,2021,2.804910319693991,2.9813473340158416,3.222506463431641,9636431.0294
5,2022,2.798544242896028,2.9880033453696724,3.211780107721111,9789530.8598
5,2023,2.811180891735932,2.989365993899228,3.2242415837465543,9868511.0945
5,2024,2.797626460086605,3.0015557438377116,3.2020741085789743,9720234.6723
5,2025,2.7935108136802533,2.963800688178251,3.207302199498905,9358578.228500001
5,2026,2.773822779982208,2.9542573538829187,3.194286907302538,1633936.6786
6,1976,2.799311428461154,2.9324871491380216,3.1388795499593667,94427436.07000001
6,1977,2.7988630703424446,2.938727313843566,3.1422218436417553,87341430.52000001
6,1978,2.8004440794511947,2.940010688536291,3.1288916787762724,79901542.89
6,1979,2.8002703158128077,2.9439532258875127,3.1246195353940416,81568234.64
6,1980,2.8022240286784217,2.9465841886902613,3.1113681470814227,84013030.7
6,1981,2.806548053167405,2.9464571236534365,3.102926497933396,84070332.35
6,1982,2.8019580822785963,2.945680111067305,3.097732726084212,83979415.33000001
6,1983,2.775673676665958,2.956366168216499,3.0837098438109027,89928735.36
6,1984,2.77463089929928,2.960527917404297,3.078693827068421,93406537.24
6,1985,2.7717816167945686,2.961374805916381,3.095208524552335,93658019.39
6,1986,2.7789737035955957,2.961757129183613,3.0987488399268823,98873170.25999999
6,1987,2.772125854269596,2.963150610538053,3.094406412101142,103172917.73
6,1988,2.765317635176411,2.964898950532958,3.096237630210596,104101610.72
6,1989,2.7696313449513257,2.9667129504579832,3.1030820559538017,104291997.47
6,1990,2.7732072101266123,2.9586216089388846,3.121025050351189,112983927.86000001
6,1991,2.7625831176644526,2.9635164723293608,3.110584570344336,110021360.33
6,1992,2.7689625055154394,2.965303676446599,3.091966046377278,109186148.41
6,1993,2.7623142536949707,2.9608256882385797,3.0932979476020344,108480662.17
6,1994,2.7582830878758866,2.9527528315542195,3.093471192232539,109163879.0317
6,1995,2.7650034360091436,2.9488932311713114,3.1126795569011763,107213289.3033
6,1996,2.7593639969438777,2.9490549421124594,3.105086320392502,106172061.9315
6,1997,2.763150548680244,2.9479650947110883,3.114374402645717,110922548.7142
6,1998,2.7574078082056577,2.950416940496861,3.133998967789887,114317315.2313
6,1999,2.7567913432838975,2.956947455321088,3.1198331046710583,115543486.64459999
6,2000,2.759229832617738,2.9589989938437937,3.1221175668480448,118258185.62159997
6,2001,2.756217151584271,2.963269745276507,3.135756282955777,116791842.4525
6,2002,2.740851522035102,2.9661183723395292,3.1300989015542005,115847637.43920001
6,2003,2.733208908449857,2.9831569463710146,3.080483358340241,123377703.63229999
6,2004,2.734982027861088,2.997764825028386,3.0845171673170344,123850473.9862
6,2005,2.7231920842880997,2.9909007561230814,3.100680174479854,125573996.57010001
6,2006,2.7137036192601434,2.9949399806457615,3.10741263461423,126831113.18129998
6,2007,2.7182018331038846,2.9933078605582524,3.116919920504435,128107137.81500001
6,2008,2.723527783546865,2.9873307737125914,3.1216359985458384,124985342.8291
6,2009,2.7088403664415837,2.9873070051300874,3.090294606416734,117022390.3671
6,2010,2.716329132639908,2.984987722463037,3.0911260266742304,115302303.85759999
6,2011,2.734113781341474,2.9730238661301267,3.1056434433883577,115738175.9858
6,2012,2.7288482468871744,2.9782329606053275,3.1034338000894097,116681134.9019
6,2013,2.7229622332462085,2.979527033105863,3.1010460262622184,120222020.0415
6,2014,2.7255879875626237,2.9745057819414935,3.1090499759406787,121925245.97869998
6,2015,2.7260688013574415,2.9786159097272322,3.1142602420154755,126190148.6679
6,2016,2.7174707735620856,2.976093117553872,3.113488558173537,127111194.76339999
6,2017,2.7295930201047836,2.9793308154719034,3.128029724571511,127952892.0456
6,2018,2.7267617509556255,2.9852394293664206,3.1348879356247235,129546890.7931
6,2019,2.7194442482491037,2.976589840341537,3.1260749049407326,127846099.99599999
6,2020,2.7348209377186765,2.9956900729634692,3.160412818325389,111985750.00909999
6,2021,2.7311419197423588,2.985983418108891,3.154775571915175,118307970.464
6,2022,2.7261063358450404,2.987191431569604,3.1652386757560516,121832725.1534
6,2023,2.7217890132615623,2.9820672423791073,3.1637206855596656,118832074.3827
6,2024,2.7185169998149177,2.981600988825762,3.1533501050937436,118798333.02560002
6,2025,2.708464892028831,2.991031535004382,3.140887396485098,108887179.1192
6,2026,2.7127403489767032,2.981017645146558,3.1359334938156045,19363115.4111
8,1977,2.7492844526196047,2.9320819144412256,3.1328471496864077,5294013.890000001
8,1978,2.767124605675091,2.9386918936241475,3.138074399415014,10106991.58
8,1979,2.765815359874587,2.9502450984789967,3.118774125061221,10047071.34
8,1980,2.7703224041793564,2.966218477712813,3.1032089117557056,10455169.98
8,1981,2.7647744566708825,2.953720295204443,3.083049025893027,11023291.940000001
8,1982,2.740689136129764,2.948428924856025,3.0791062074137514,11130724.17
8,1983,2.720435705680075,2.956426740636579,3.0767831954855778,12361556.05
8,1984,2.7349804701698943,2.975042539930752,3.086166075900399,12715281.3
8,1985,2.728897362926258,2.964329904776951,3.0581222922655025,12318535.16
8,1986,2.704757954904952,2.974728206670078,3.027898975046086,12017208.950000001
8,1987,2.707489762516525,2.96353064342845,3.035246990284217,11870282.040000001
8,1988,2.7094572393610257,2.9578777434649095,3.0114134236581367,12413797.32
8,1989,2.7466655038731806,2.965586156783743,3.070557835138461,12219502.71
8,1990,2.7489375559252576,2.9596917241258014,3.0506685173515984,12415535.27
8,1991,2.735135676445178,2.97502718356123,3.0649148350361695,12399521.43
8,1992,2.7439104008020574,2.9773114535846057,3.062557567323409,12778560.91
8,1993,2.72267194414117,2.975556279730899,3.030979454502192,13474019.219999999
8,1994,2.7190527337706767,2.967595654680007,3.0412008640615884,14280816.353
8,1995,2.7336570348200913,2.9770830820408785,3.0641581546462384,14484282.2885
8,1996,2.7216960944602517,2.9609156473574862,3.0642671921024847,14702018.232500002
8,1997,2.721689776890119,2.978537579532942,3.0763407802953724,15105570.0258
8,1998,2.7281074620202608,2.9886313624695107,3.099267472022401,15163016.9511
8,1999,2.7278979116100337,2.9735114189098097,3.107648544912502,15098095.697299998
8,2000,2.712944469981212,2.9803011171302947,3.098725468037915,16144492.2305
8,2001,2.7231848275538533,2.987653404343358,3.1033976957939413,16075599.305599999
8,2002,2.7094971105315886,2.974599567260907,3.134634942425773,16011567.9856
8,2003,2.7191341783265512,3.0077578742657813,3.1052242711688987,16910814.753000002
8,2004,2.69687492278985,3.0083077919405774,3.1063256825799903,17283087.9587
8,2005,2.7010423721063166,3.0183582401952145,3.1008054789965414,17680110.617200002
8,2006,2.713468500099123,3.0169474498867452,3.0852205088897358,18059986.382999998
8,2007,2.7210643827217154,3.0290673092869755,3.0907618244546327,18322549.0396
8,2008,2.710693688324983,3.023736154076603,3.1066360191357965,17992309.575099997
8,2009,2.7116459073722585,3.0116000389095583,3.0712755610914346,17043430.421
8,2010,2.7023697207582957,3.0056878696659814,3.103852143286021,16565754.945799999
8,2011,2.7083305476316193,2.9966034449240304,3.091137266234582,16766369.9979
8,2012,2.7142626997898653,2.999675188018158,3.06748673165235,16701016.1661
8,2013,2.715909439495254,3.007317320646994,3.065575862688955,17436294.1576
8,2014,2.7055249722673924,3.003089188460829,3.1039693750344237,17486824.1409
8,2015,2.7137759182646883,3.016709480846173,3.167744386376642,17887461.6604
8,2016,2.713750606410547,3.0053860105401156,3.1550583297346786,18966280.3557
8,2017,2.6734800351164796,2.999849939654995,3.0936015516950084,18602108.7723
8,2018,2.6931332745420646,3.019171605521785,3.1195806736371745,19064403.7733
8,2019,2.6743696434680455,3.0045939745439894,3.1401327561183874,19643485.425400004
8,2020,2.7007002662464528,3.025797601499368,3.1591430499950217,18249733.074
8,2021,2.69368870120368,3.0136171159680725,3.152853326897214,18002251.489699997
8,2022,2.6892091905436595,3.0307920238069603,3.1201194164199197,17717747.5154
8,2023,2.7041109300037527,3.0211006419640345,3.100722813721821,18031768.29
8,2024,2.704494961257288,3.039356630060635,3.1316316003311386,18260320.641400002
8,2025,2.7001807060185996,3.008451661273798,3.174178255884908,17406017.783
8,2026,2.653644269821496,3.007878462062553,3.146474167793927,2753291.6242000004
9,1976,2.889521395005394,2.92164551168785,3.165761507889407,10924522.42
9,1977,2.8804795978405124,2.9287785977874647,3.1549204510988043,10906576.059999999
9,1978,2.869883157629226,2.9402225020855717,3.1164825926644886,11635933.749999998
9,1979,2.8786363615040176,2.9527566800006833,3.1214440897562867,12049954.32
9,1980,2.8808826986223366,2.9586439392358925,3.0999262865140236,12094298.540000001
9,1981,2.876726692542362,2.953825784212544,3.111315168642416,12246447.42
9,1982,2.856287210481641,2.979190917097321,3.0856973310509903,11487136.72
9,1983,2.838183750006101,2.9807963158185897,3.085372764955154,12106755.080000002
9,1984,2.8465976793061727,2.986811953745467,3.0952799804415094,12622203.24
9,1985,2.852267230287328,2.9791515795213073,3.078299105310528,13010572.49
9,1986,2.825522976487705,2.9745921621668026,3.062259208050086,13118179.07
9,1987,2.824739443059738,2.9797720503979837,3.0743061246122383,13457199.91
9,1988,2.8265351967641514,2.9873390325541527,3.0742721535806656,13360204.350000001
9,1989,2.8229587236997267,3.0074005551436462,3.0926285847053157,13093471.26
9,1990,2.828326889202548,2.984955180852899,3.068242739052269,12886416.85
9,1991,2.8115487035369173,2.981850229639492,3.03367380602867,12974826.85
9,1992,2.8080489636710984,2.973990858365035,3.040245924555238,12712350.92
9,1993,2.7823176111555257,2.9732891944266187,3.0497965972185,12742667.62
9,1994,2.784917737133696,2.9759297881909634,3.0534817409280532,12300649.435800001
9,1995,2.7568017808887535,2.9778760003215567,3.015995416112728,11240860.6477
9,1996,2.7609438152539862,2.9866105915612327,3.061353079728877,11236990.9607
9,1997,2.771728356660944,2.965255853044597,3.054953335736241,11912057.7627
9,1998,2.7851222166556897,2.980266060659004,3.049298244976801,11784109.5765
9,1999,2.7670134172439913,2.9899490100133805,3.0650152882808888,11482361.052900001
9,2000,2.7765750442846375,2.9850628111089215,3.0657769731277016,12060144.268199999
9,2001,2.7498851766119743,2.991922382201616,3.085165313963791,11659546.531100001
9,2002,2.7505781988893405,3.0027595488123713,3.075691794256405,11980751.887799999
9,2003,2.7382809278742157,3.0114764937739484,3.026933729769887,12043980.8048
9,2004,2.7344952233000726,3.0033481438986724,3.0688061409397256,12050814.1807
9,2005,2.7379693543727157,3.0008934872589554,3.090090497522837,12296802.5623
9,2006,2.7436371727553723,2.9914470675418623,3.0746763725255453,12442060.5278
9,2007,2.7369511574312515,3.0079992916166405,3.074931240792893,12540078.0757
9,2008,2.7330459068894655,3.005794584411556,3.0765454518918522,12142862.2476
9,2009,2.715810213064703,3.000873591850211,3.0463821065295016,11533394.301199999
9,2010,2.72095613754167,2.9978565114978073,3.0466744853079533,11435014.8714
9,2011,2.7317893016341426,2.993475564451609,3.0631364174936824,11435892.6736
9,2012,2.7427003110689547,2.990356895939716,3.0511603681371398,11052371.1589
9,2013,2.7336383295904763,2.9885404942172333,3.071967596363128,11126984.0276
9,2014,2.731378442332762,2.982132905520257,3.0774055984869775,11311818.8396
9,2015,2.7308894550905265,2.9977733991260047,3.061477939930792,11591249.1716
9,2016,2.7228087319666305,2.9839715118102457,3.077477280505547,11643383.784500001
9,2017,2.7203889651101694,2.9724092234729156,3.047596868187897,12082055.864300001
9,2018,2.735932919414039,2.994862548213759,3.093980803171817,11733453.959099999
9,2019,2.7215378220151094,2.996657942712919,3.1005406102114077,11541030.6333
9,2020,2.7368704560380865,3.0100861502702583,3.1185780597350945,10290554.351
9,2021,2.730949142352095,3.0134610781413635,3.137223338947705,10608040.279800002
9,2022,2.7390743267515054,3.0278808842664247,3.11592664331455,11471624.1221
9,2023,2.7621994663237297,3.0185295359251922,3.1150801003900215,11309273.0533
9,2024,2.746940124031529,2.9896993021208558,3.1860084297002573,11260045.353
9,2025,2.7503621711517345,3.0068192286347055,3.1602566039239104,10662884.980400002
9,2026,2.735843487587207,3.0113491711527103,3.117298015243478,1860119.73
10,1977,2.78340105552334,2.9447173215310367,3.1475717164779193,1012459.15
10,1978,2.8072845575798397,2.9714891241518493,3.171237414249245,2049190.54
10,1979,2.7990321934370868,2.9421959691756383,3.1302598191160707,2018382.0
10,1980,2.8071870281123474,2.944972342641816,3.1467817328863754,2096694.1300000001
10,1981,2.782943646243172,2.948644855661529,3.127067300689062,2080319.2
10,1982,2.793714346171482,2.952352227381828,3.1048181687357097,2139158.16
10,1983,2.7720766730323585,2.954760712476665,3.1269864938825767,2285141.58
10,1984,2.772427725426148,2.9717574843565218,3.093988671708002,2432761.15
10,1985,2.7973269825521214,2.9733527412660967,3.1171253752804633,2501201.1799999997
10,1986,2.795887113201581,2.9720121391899954,3.076570149601669,2544652.0500000003
10,1987,2.783620503525525,2.963169907193431,3.065821009666452,2634589.71
10,1988,2.77304649043636,2.9784234371576113,3.057029403674126,2693649.75
10,1989,2.815260989723405,2.9858844712078123,3.0902392216619514,2803513.08
10,1990,2.8234474586251475,2.975173269627767,3.139646337196707,2766922.82
10,1991,2.812499149004265,2.959746000594603,3.12039977533402,2613280.2399999998
10,1992,2.778322323753475,2.975442154357263,3.058512679650771,2576531.04
10,1993,2.7717847186434392,2.983464251360398,3.1102755352306826,2744005.76
10,1994,2.766296286288133,2.984641991913055,3.0692346408434714,2826786.7106
10,1995,2.749224771440167,2.997084280561141,3.056349490217262,2824878.6311999997
10,1996,2.7557586534896723,2.992852369190706,3.0700202377004118,2679129.3967
10,1997,2.782628503358467,2.983417558530185,3.0772243033303623,2695695.8564999998
10,1998,2.7833594136221285,2.984817899976429,3.116037713804084,2836376.2311
10,1999,2.7677216246697527,2.9710565558102275,3.113729358851497,2877379.0547
10,2000,2.7708426190868214,2.982959342408078,3.1388156636045506,2896387.6124
10,2001,2.7686790561660817,3.0077346109133596,3.1196584628494346,2964123.0219
10,2002,2.75409072702178,2.9881859910586277,3.1062813744578066,2836663.3289
10,2003,2.7655935843759956,2.987759736325092,3.075966807628916,2967999.5355
10,2004,2.7541677315179403,2.9900151558413532,3.1147359126662235,3077655.9727
10,2005,2.7471376162580987,3.0173765393722953,3.131710121403486,3211008.723
10,2006,2.741440137837686,3.0285589292212576,3.120827776083216,3311574.7833000002
10,2007,2.742181251637191,3.0080880288279,3.0893022290024654,3229860.2183
10,2008,2.7440466252828526,3.009796047620227,3.1098576743815607,3125890.4814
10,2009,2.7421880882794847,2.9821189578778697,3.0971971483207956,2901067.2136
10,2010,2.7501891174940774,3.0022504148543643,3.1022843612622575,2987014.8115999997
10,2011,2.7521399471796473,2.9834486998270826,3.122108036855825,2966649.8503
10,2012,2.728415626664385,2.970215987048214,3.0752015691693235,2926309.1632000003
10,2013,2.7242456202328937,2.9907978123531977,3.0761404039528557,2837636.601
10,2014,2.738610626077723,2.978018879273818,3.104535892851822,3028005.7638000003
10,2015,2.7433504473411414,2.9751143690483914,3.1149771650039773,3083950.0382000003
10,2016,2.7357309800839094,2.979952457975449,3.1376683957849423,3232371.7266999995
10,2017,2.765228848776159,2.9657566374233015,3.163277480364742,3167612.4052999998
10,2018,2.7375908790651393,3.0010182384450235,3.1426471538831553,3341059.5401
10,2019,2.727210554841245,2.9918952133405257,3.1236009079053493,3230712.0433
10,2020,2.7416212541798624,3.0233762537260547,3.1661000463790323,2997638.1610999997
10,2021,2.8100899286291536,3.0005123769657707,3.2007620787923714,3180968.3011
10,2022,2.787536550293688,2.99071528614981,3.1872782981072567,3098065.7733000005
10,2023,2.7643154819819906,2.9714938042771624,3.229127221027951,3209884.0849
10,2024,2.735282968792535,2.995582744010483,3.2215825608057402,3159005.4943
10,2025,2.714587501862404,2.977399977630802,3.109678832937636,2855991.682
10,2026,2.7669928267392976,3.0208374442266672,3.141192994712238,448206.069
11,1976,2.7737886981811637,2.9297336292697542,2.8969925827419303,2200497.1899999995
11,1977,2.7641711253346823,2.9234962533804976,2.9293295873732403,2131499.09
11,1978,2.7515686347917803,2.9379998202119473,2.912891184190158,2332173.17
11,1979,2.790392227088089,2.934098648281438,2.9723329073921767,2198414.73
11,1980,2.764423546946513,2.924619737352143,2.9285846669326547,2089841.31
11,1981,2.7638419424314566,2.9105574819316846,2.9578311184310397,1849863.2200000002
11,1982,2.7508188153856743,2.9285815008181406,2.9328238201569525,2006944.27
11,1983,2.73764617651996,2.939666625258661,2.9301535725435954,2061232.6799999997
11,1984,2.734021287589974,2.941372089733363,2.9804601057373445,2012616.71
11,1985,2.7507700017771795,2.9502149608144785,2.9882633154130027,2021560.0299999998
11,1986,2.7332218737088856,2.9695158497034013,2.9391235710471246,2042772.1099999999
11,1987,2.746081259008808,2.976468572681148,2.939373743793132,2153834.74
11,1988,2.7503991797847704,2.9667068453310748,2.9599530644522636,2091759.18
11,1989,2.752187242499123,2.9786211243464726,2.9675359367381233,1976727.1
11,1990,2.7211889585413593,2.9619179834458684,2.9530486169751686,1974367.5899999999
11,1991,2.698420328463065,2.95186108123884,2.8873995962404604,1838692.7
11,1992,2.6904547551588434,2.956561405947249,2.8636433760346027,1740465.94
11,1993,2.7408562188858596,2.97223839845954,2.9167599294181086,1643916.0499999998
11,1994,2.718218502270762,2.985039187563715,2.9166391722223795,1611119.0329000002
11,1995,2.726349086516439,2.9701712121935646,2.910989262375795,1489570.6412999998
11,1996,2.711295684490021,3.010618734388436,2.918930090453706,1376748.9131
11,1997,2.7158496978138684,2.9697086577688396,2.917856721968241,1305660.8925
11,1998,2.712992872661253,2.9807088357800824,2.906063161317611,1335388.7055
11,1999,2.7050537353873048,2.9583097222992167,2.971233496323356,1413454.2562
11,2000,2.706531715823274,2.983656785802038,3.015659894759094,1591966.5101
11,2001,2.7463770246606005,2.9796020174680193,3.0440634295906754,1463777.3841
11,2002,2.741708200223511,2.9550117384242203,3.032951809825744,1388841.4618000002
11,2003,2.707354306182357,3.0053055532766777,2.9414458565511468,1471023.594
11,2004,2.7082940919630634,2.9889267979541883,2.9589037015483464,1379468.4363
11,2005,2.662872334388173,2.9923275839981516,2.9159987252110504,1393101.349
11,2006,2.694626875632143,3.0025252991465283,2.9315033861735253,1322077.5047000002
11,2007,2.6688854021707353,3.002259486081657,2.9059636351884306,1455401.3588
11,2008,2.6870636560441605,2.9763993846621,2.930054470714854,1505474.458
11,2009,2.6526303665450093,2.9911249950082603,2.9247694280729934,1378472.4705
11,2010,2.6292089609945353,2.986304035256473,2.866558489321692,1314710.7635000001
11,2011,2.6524006509435436,2.9711677485184187,2.905649479257054,1320910.5436
11,2012,2.630257558475173,2.9962500578581035,2.8745675317834207,1434153.4365
11,2013,2.6333458376386547,2.9870352667927875,2.850096554765644,1480604.5569
11,2014,2.642452432539214,3.0090275308274355,2.8997370316541327,1374753.9161
11,2015,2.6490161743552734,2.99398803707868,2.891945545115932,1445104.6234000002
11,2016,2.6459203994739995,2.982286438829033,2.9195966569595853,1407007.7249
11,2017,2.6429309152159703,3.0088773770454535,2.930815568037986,1387505.9164
11,2018,2.649522792010012,3.0027782458325607,2.931936580236946,1399770.4734
11,2019,2.634688870352785,3.0215236924566784,2.9323815478777266,1367317.6933
11,2020,2.657719616617288,3.0591469019847826,2.942148081516441,1141690.9738
11,2021,2.6495860227765067,3.0549393548117796,2.935633859886016,1102237.0696
11,2022,2.650974423615355,3.022774400472916,2.9371215767804917,1078287.9082
11,2023,2.6169045169886953,3.043309343185401,2.899792134418492,1081993.9487
11,2024,2.6002086313546386,3.045947092203783,2.875082801035631,1109624.5463999999
11,2025,2.6205245311135625,3.0368779198287563,2.873476314785091,1059919.0987
11,2026,2.56971228794831,3.0570012541755602,2.858331885520595,209859.47830000002
12,1976,2.7640531149449354,2.931484498054477,3.1773926690110095,25422024.22
12,1977,2.764121685615805,2.941176969996609,3.1666741454659015,26033393.589999996
12,1978,2.7615241895281333,2.937934138928723,3.1633159213696707,29573146.35
12,1979,2.7580111390932944,2.9526033580464977,3.1815643491867345,30694641.279999997
12,1980,2.7631814543782305,2.949166647280664,3.17278973096729,32115013.74
12,1981,2.7567610899984456,2.946152085940893,3.1633642826104795,32685088.7
12,1982,2.7573085362198047,2.953007910100663,3.136239820250966,36045959.550000004
12,1983,2.7328764718830776,2.956172077054329,3.108781040505909,38957502.36
12,1984,2.727859635729044,2.9635677501424817,3.124184582451521,40914384.71
12,1985,2.734262316917086,2.9648708173077463,3.1412517370565944,42102007.44
12,1986,2.7236126172883313,2.968135372266512,3.098702513523629,44423552.779999994
12,1987,2.728174173915784,2.9718627252751295,3.09557979232124,47021122.27
12,1988,2.725998227272121,2.9731665688641264,3.1060271184046773,47656628.93
12,1989,2.72920040903988,2.9714589299134704,3.1063380255588315,48212213.63
12,1990,2.7252608974274555,2.9705005813492185,3.076303868540727,50609485.17999999
12,1991,2.7202809321886807,2.9703594969837837,3.0781004337126148,50025449.15
12,1992,2.720872343280472,2.9680814011430963,3.086440419274802,49304208.370000005
12,1993,2.709017904962228,2.9637454025652845,3.083376062471962,50355024.089999996
12,1994,2.7139099000911435,2.978804249306358,3.0640424518939127,51032352.6656
12,1995,2.7185631438961297,2.978080263292342,3.070248319572374,50773850.1761
12,1996,2.723135656805516,2.97352415116968,3.0907576708445115,51332860.707499996
12,1997,2.715770799522643,2.974984753369851,3.0889047984223357,53098791.948
12,1998,2.7200788548007537,2.980941960972584,3.091760804780594,54028494.44940001
12,1999,2.7172336352515294,2.972417799606773,3.113372402913894,56191083.712699994
12,2000,2.701870296573079,2.981168907104679,3.1016529262024717,59748972.6277
12,2001,2.700788362835127,2.9807324817564886,3.1015129661427383,58398113.6576
12,2002,2.699322602484025,2.9868986607812182,3.1092912641742685,58065500.927499995
12,2003,2.7170572414560152,3.0201738562931255,3.0911934048784584,59157038.3374
12,2004,2.7040036948575303,3.0076950159538125,3.083507689170249,62816043.7513
12,2005,2.714351712214867,3.0144353357732423,3.1161379793469832,66087351.0948
12,2006,2.70478324366336,3.008968766413061,3.1166612755233802,68467512.0175
12,2007,2.706267498722901,3.0174505874477187,3.1122374913951005,69179052.9078
12,2008,2.707183802256536,3.012914637264511,3.091140290420956,65366548.29
12,2009,2.7026741650419885,3.016033396061946,3.0648529652776464,59362504.0268
12,2010,2.691073785164044,3.013080625937349,3.0759444029181022,59549140.364700004
12,2011,2.6775812233743204,3.0054413592446405,3.053006878651562,59600006.9056
12,2012,2.684139578753329,3.001735944950208,3.0572175759133495,63161153.3107
12,2013,2.6858255953454133,3.0045369872452574,3.0674911300024736,66197801.3381
12,2014,2.690692979268189,2.995795576926121,3.071156217820197,66648803.259600006
12,2015,2.6852908053704976,2.9919313738364126,3.0829748890760222,67488200.40630001
12,2016,2.6927277740783095,2.9885971657874366,3.0921297789424753,68559477.5804
12,2017,2.6992437179996425,2.990617639845604,3.0997622577086132,71449226.3676
12,2018,2.696575559511161,3.0107732450509466,3.125840241516227,73606616.4164
12,2019,2.70504359317979,3.0085982783695493,3.1232131877979032,73599269.37189999
12,2020,2.708656026994821,3.0343884925006144,3.133367543533429,64998960.9375
12,2021,2.7050935261971225,3.0109931785717,3.148824254631716,71724600.0011
12,2022,2.7039994101054803,3.008995407302988,3.1554156671131985,73267852.4389
12,2023,2.7133880263112644,3.0009968306799895,3.1468944121691207,74608101.0379
12,2024,2.7030424244869495,3.0109144903742053,3.1559110211833916,73365093.73840001
12,2025,2.6977653541600373,2.9972587330036915,3.179689032321388,69114782.9274
12,2026,2.7138179761636203,2.9814789743914143,3.1642882679156963,12524353.621199999
13,1976,2.855682483702274,2.9040491771872516,3.255096744292431,18600066.56
13,1977,2.852583518084625,2.9285806929044393,3.247246842147184,19386811.200000003
13,1978,2.845126240318303,2.927535998235106,3.2093090126076347,18672517.16
13,1979,2.8442409856620148,2.9259535000175587,3.196910242160242,18731236.34
13,1980,2.84115030240397,2.929818876096029,3.1988144565515277,18998134.68
13,1981,2.838347063015935,2.9350472586559504,3.190953355214153,19383846.82
13,1982,2.8339165201660403,2.925332022438101,3.2066163031901134,20354987.72
13,1983,2.8333999464959834,2.9316929696682714,3.1994737423479283,21492268.139999997
13,1984,2.835061491031014,2.928656093283978,3.208083945591816,22630742.240000002
13,1985,2.816302880033355,2.943465850945034,3.1879234321595846,22683872.36
13,1986,2.809074011871691,2.936576520640641,3.162831100927893,24040670.21
13,1987,2.8142988447321136,2.9537935814077034,3.1799495617824243,24742010.79
13,1988,2.806176009728751,2.9648816073280253,3.1540431333471433,25179269.45
13,1989,2.824224146426976,2.963387015472589,3.1753479163080787,25509246.14
13,1990,2.8123384505133373,2.966421158089996,3.134975684130006,25314990.46
13,1991,2.8075018289008176,2.955955790854319,3.129728383278745,25445498.709999997
13,1992,2.8041724393546694,2.9472388853793765,3.1615622447847254,25203447.66
13,1993,2.7864651854783395,2.9666631735412827,3.1374989805030684,25913803.59
13,1994,2.806255456305906,2.9546730809238437,3.161699953622353,27215700.391999997
13,1995,2.83035383487104,2.9558216620240803,3.185033508910699,27215716.6714
13,1996,2.822170983858397,2.9680302071005977,3.179875156302087,27583379.647900004
13,1997,2.831757374822596,2.9644897837375526,3.2046737212653436,28791282.674399998
13,1998,2.8281645974519325,2.967200625542298,3.200961020860395,30221004.4806
13,1999,2.816607173667505,2.96282279385676,3.2099449290069093,30586931.544200003
13,2000,2.8001259441510835,2.9792738307846434,3.2102457271539646,31817566.429699995
13,2001,2.8203310053655977,2.9864188013984845,3.1758563223465255,30159176.7669
13,2002,2.815463021302945,2.985390933161306,3.2191705974226545,30472664.1729
13,2003,2.7801641009646856,3.0063260365784257,3.1662367388551504,32200825.268700004
13,2004,2.775081137380473,3.0187344839964543,3.1755406159318142,32000686.6543
13,2005,2.777776800212036,3.010259205118804,3.1728680739954043,33310720.952800002
13,2006,2.7704104549174398,3.0135811564799058,3.1844239775121426,34950896.296399996
13,2007,2.7726759972447486,3.013913164586088,3.1651479015176975,35262763.2835
13,2008,2.7583651472508173,3.0114719368939538,3.142568731859302,33664721.29090001
13,2009,2.74034505848257,3.003774576417268,3.1544098486764036,31818294.8525
13,2010,2.756064832717648,3.006326978267915,3.1397761012705554,31539547.4155
13,2011,2.759867380322557,2.9955123174542653,3.136054057741242,31774100.230399996
13,2012,2.7571375084406453,3.0001350695558,3.140540251982084,31635176.2212
13,2013,2.7754677507407504,2.9841805903875684,3.1618919812125363,31085867.7821
13,2014,2.7727810172821923,2.981176772293076,3.1676602135146594,31237743.016199995
13,2015,2.7811489315857982,2.9957667120614366,3.162915304227384,32373032.2614
13,2016,2.762097840218816,2.9879904375365487,3.1693966170783643,34341592.0142
13,2017,2.751916295161867,2.994533200153019,3.158328881860663,34904565.24159999
13,2018,2.7739162900582883,3.011552210554601,3.1810535875410375,35235385.813999996
13,2019,2.777713761805291,2.991806400244842,3.1771126917244445,35221392.5032
13,2020,2.785469439805926,3.0086198415604155,3.1947066295326616,32636100.5054
13,2021,2.775737042508287,3.001424626533081,3.207597421568209,33957411.4175
13,2022,2.7876985112585366,2.993088973931986,3.2360113575685268,33981712.9911
13,2023,2.7755129518016757,3.0195576019368633,3.2396558398048296,34468859.4962
13,2024,2.7620419760588266,3.0046899748101006,3.2208766736135295,35651854.7672
13,2025,2.7495783390811828,3.006200876666915,3.1782940085782307,32685241.0398
13,2026,2.755906929698615,2.990269820126352,3.184403372962526,5844900.4011
15,1976,2.7463888992940615,2.9321401878527342,3.10766652613353,2751558.5300000003
15,1977,2.7453162013534986,2.910394990990851,3.102021570091365,3031437.65
15,1978,2.748380729661208,2.908485463608372,3.1123648535745003,3226196.02
15,1979,2.749470646373396,2.902966424680592,3.13921231761402,3155022.91
15,1980,2.7288285923050846,2.9145452371016773,3.1030088946384335,3633675.0600000005
15,1981,2.730255216158367,2.930466909725893,3.081224344272221,3658345.1399999997
15,1982,2.7367540111195585,2.934310355014937,3.041868007220845,3360584.2800000003
15,1983,2.7213724847076635,2.9564956176269286,3.0616522009006863,3613660.0
15,1984,2.7121925168219883,2.9333414197621672,3.047839330073536,3739981.1999999997
15,1985,2.7039287154249916,2.929910534569917,3.026971889813601,3673624.8
15,1986,2.701812922728092,2.9598241026799705,3.0191967312489347,3845769.41
15,1987,2.6946470332176418,2.934948349091542,3.027954187297821,3978215.56
15,1988,2.703175856150842,2.9531583886497916,3.035145243475174,4012262.2
15,1989,2.697332595018624,2.9506247838291926,3.0533991541109873,4051797.15
15,1990,2.7031767838646195,2.9429824425163655,3.0586910455518863,4303414.83
15,1991,2.709623945948121,2.9740072611061135,3.0901750274654876,4374338.3
15,1992,2.7115765436040054,2.967343301183465,3.07230933005986,4389553.050000001
15,1993,2.7087026413207083,2.9686549430315776,3.0818282387719087,4432125.01
15,1994,2.704980176808571,2.94511966469456,3.054360026964283,4370158.377200001
15,1995,2.687327690107017,2.9585699650595316,3.0119546865227744,4415257.3158
15,1996,2.699160354599506,2.9420582168622715,3.0412851047434697,4463621.0405
15,1997,2.69681534053872,2.9293008072970967,3.0217508815851524,4418157.3624
15,1998,2.690014570304877,2.936075526992418,2.993260855238395,4478946.2899
15,1999,2.67299602889009,2.9139444168667703,3.0100494959182185,4324271.691
15,2000,2.6834422290793163,2.927840446837588,3.010733084141626,4569314.8174
15,2001,2.706168360297269,2.939511677797718,3.0402057585751727,4466798.4409
15,2002,2.6970379048744646,2.952348960159463,3.090075965804298,4278662.0429
15,2003,2.713363120468317,2.9668479875931038,3.0821465139422553,4461853.8169
15,2004,2.7061836184613988,2.9643922289898526,3.072911141824148,4768269.752
15,2005,2.6913187163095866,2.979155828923461,3.0776715433105672,4931012.6771
15,2006,2.6826858234399977,2.976233252906725,3.0597356332137613,5009968.7698
15,2007,2.699054168933751,2.9758161933405334,3.101334209338713,4948537.0473
15,2008,2.702871229806678,2.9652640631996006,3.083860034298586,5054861.2012
15,2009,2.7014996891501766,2.9660243091386578,3.081539347141298,4619737.1496
15,2010,2.6927826804741652,2.969336333361266,3.0780560598725764,4668300.7725
15,2011,2.7066997044470353,2.9715572263899657,3.0558606237846515,4603278.4836
15,2012,2.6873182232965522,2.987710174373192,3.0807961637475043,4623247.591600001
15,2013,2.6912896322412387,2.973240962130072,3.0790078989720144,4720234.38
15,2014,2.6996725574338245,2.959683455227307,3.087559207388391,4914162.453600001
15,2015,2.700660656392051,2.949867384223279,3.080399744511892,5058007.1359
15,2016,2.6911802356073613,2.9571646079065053,3.1039392718809626,5328649.869000001
15,2017,2.700868208359524,2.9564334970286366,3.106399946005094,4961474.9539
15,2018,2.691756767473996,2.959812682335555,3.0784412631085263,4649670.148899999
15,2019,2.6851120311290773,2.9594258683994137,3.0851899640512053,4851192.3138999995
15,2020,2.6972914549445126,2.9984290062318752,3.091226111414943,4014185.4356
15,2021,2.7121199190291443,2.9765082868824626,3.110927712137831,4255331.5538
15,2022,2.699023438412453,2.9864309990511457,3.069962405912932,4413183.2445
15,2023,2.7059036468019153,2.9728305533607573,3.0843916137385,4548799.8689
15,2024,2.699172206631699,2.9983723437831937,3.092717157667487,4691731.53
15,2025,2.7249654290361245,2.9956080546368486,3.1111862449551255,4466869.564300001
15,2026,2.7419850823139864,2.964790341363989,3.161226972438467,829407.0349
16,1977,2.7681733674353066,2.927430590297412,3.259449526048156,1552402.45
16,1978,2.7804776638670554,2.924876863575411,3.257605983556037,3207762.1500000004
16,1979,2.797231569441934,2.910808654528634,3.267229446523392,3253157.39
16,1980,2.7802315839091283,2.9147151431874474,3.2427624833365276,3251674.92
16,1981,2.7632677477586904,2.9169256278493867,3.2156129032392173,3269924.15
16,1982,2.7521268419770797,2.926816077732745,3.1929056176014297,3243951.95
16,1983,2.746785120762192,2.937692363118123,3.162187463191989,3470950.04
16,1984,2.737282170120332,2.924353588886178,3.1807388538055825,3601936.88
16,1985,2.743172041298932,2.9278945351695898,3.17980264963411,3717362.17
16,1986,2.7476470835735736,2.9150904539689066,3.1769508791444516,3694594.25
16,1987,2.774655298297078,2.9280478761603574,3.2000869153879186,3702973.79
16,1988,2.7816239924684556,2.927616703311996,3.2065614208808015,3849660.81
16,1989,2.7759111974533583,2.9263367539733975,3.206101849636665,3753097.6799999997
16,1990,2.7744110812483487,2.937080014163018,3.199170355056458,3848052.03
16,1991,2.761648869515194,2.948655749700768,3.1783637785162093,3995484.9499999997
16,1992,2.791369525678789,2.943878259121059,3.2081245151775284,4143668.53
16,1993,2.7927334747643617,2.9529402756238134,3.2055569521752636,4214718.66
16,1994,2.7666891887533636,2.9447137535217234,3.168742712304733,4438042.524300001
16,1995,2.7678448898532455,2.95851943566535,3.1919168622004714,4602603.7249
16,1996,2.7813882880773657,2.9497795049926294,3.219419692442137,4769194.672699999
16,1997,2.772606413068596,2.951908236629986,3.2248715474030196,4796522.9339000005
16,1998,2.782377408523015,2.9290100823860734,3.2364021060646473,5024208.5524
16,1999,2.7689739707217655,2.9366007817888344,3.237239071174345,4971513.6833
16,2000,2.7502451027972206,2.937428157182618,3.205060696647484,5032084.8058
16,2001,2.7456686142986397,2.9473142123436022,3.1656720300788783,5157424.3061
16,2002,2.746583876367266,2.9538792132794036,3.1939585460803976,5043437.611099999
16,2003,2.7227748220833234,2.9659052943549695,3.1576557688278224,5280165.330800001
16,2004,2.7132622155268957,2.9812865129495556,3.1403956793828094,5347235.680199999
16,2005,2.7209087895062245,2.998457289371608,3.1736765440823156,5665732.7258
16,2006,2.727977468004961,2.9855330044343957,3.1678701541493632,5564731.263900001
16,2007,2.7347170208585605,2.9722368643733357,3.183746517136386,5663319.3069
16,2008,2.730958372266809,2.9864643659330947,3.1554744839774815,5591490.5936
16,2009,2.736731873990189,2.9886733277686277,3.120944408581303,5182636.538600001
16,2010,2.7192113203552912,2.9966417135920262,3.1110780493634573,5358330.7795
16,2011,2.7393793388860215,2.9971407141480686,3.147353176011592,5378582.6699
16,2012,2.75484645580382,2.979915074795789,3.1997793160291153,5385626.356899999
16,2013,2.740099151055471,2.976038905948287,3.1670572083688273,5424939.8142
16,2014,2.745096513927468,2.963251726656853,3.1638607563776033,5441482.952300001
16,2015,2.7323321979589688,2.9816984256925965,3.1580689731361646,5724672.181
16,2016,2.748326003517462,2.979866729651254,3.1658396769335293,5782332.5598
16,2017,2.7388816128052915,2.9809191356790867,3.1602185914834333,5762169.912700001
16,2018,2.7410911040253216,2.991345124850162,3.186797453888911,6055602.588
16,2019,2.7324135525326745,2.991221766910259,3.156078224912201,6411391.5279
16,2020,2.743107501595398,2.9964643485715485,3.1749576902302747,5979113.582300001
16,2021,2.756828297326784,2.9856213371173688,3.1883424901138713,6371099.527999999
16,2022,2.7309494270201378,2.9919010958655847,3.1620817857324393,6494380.8142
16,2023,2.7367026375430616,2.994032807389615,3.1941629902744726,6551547.758699999
16,2024,2.7517557742176195,3.0121433446354304,3.21983803535803,6632574.3193
16,2025,2.751204777059586,2.9973992559353615,3.2300619181762396,6171377.597399999
16,2026,2.763328564418209,3.0120284299335673,3.26232145879714,1146940.1022
17,1976,2.8675280942336863,2.9364798280732143,3.1751615610845287,38993015.629999995
17,1977,2.866602477674078,2.942849406720815,3.1768386780406486,40864487.169999994
17,1978,2.8710960729561124,2.935169482991229,3.161655733305307,41761862.11
17,1979,2.862803157296535,2.94235340844331,3.161348643694224,42008259.33
17,1980,2.866308293308191,2.946008955329714,3.1406231564980116,41823421.580000006
17,1981,2.867163631207089,2.945175327719503,3.1315806413616825,41252749.059999995
17,1982,2.837991215127258,2.9431328577684663,3.1177092608034846,39861818.510000005
17,1983,2.8198622532071425,2.9641265177078524,3.0953323685585246,40522841.41
17,1984,2.815088469861367,2.954158522434018,3.0936619709994004,41439888.55
17,1985,2.82913525810139,2.959364199288793,3.094679937297091,42501370.58
17,1986,2.825936264467772,2.96788713224915,3.091098260740598,42924089.57
17,1987,2.8097889273284777,2.972254111294424,3.0866556874243316,43102979.7
17,1988,2.8068162476558034,2.9675365568004564,3.0815295155707503,43960730.41
17,1989,2.8168361441313734,2.9669330928955744,3.090897875197623,45238966.21
17,1990,2.8141503095228497,2.9640231851284535,3.0869111222520544,44347918.94
17,1991,2.817050257848792,2.9635543031993454,3.084083748882299,42947573.37
17,1992,2.8078469054902935,2.968017623645579,3.0754456134101815,43734003.49
17,1993,2.8062056015473815,2.9715596359621768,3.0977858994217686,43604767.849999994
17,1994,2.819325027366643,2.980607977178764,3.101611265180251,44627708.56120001
17,1995,2.8152114436683573,2.983393852907909,3.1059321376856954,44874022.3003
17,1996,2.8199027285537865,2.9607938268445944,3.1171150671602685,44904863.010299996
17,1997,2.8085060717292123,2.9713497006747134,3.105600908141073,44830438.6063
17,1998,2.8008365663623813,2.971781947534803,3.1029971301707318,44904722.1631
17,1999,2.7869313638937165,2.9785124703473618,3.1022478152577855,46547909.0656
17,2000,2.791955116327509,2.9735138261821303,3.1192907265604495,47576611.75789999
17,2001,2.8064312070160073,2.9746662090525486,3.136739566811781,46190300.411199994
17,2002,2.799848720503381,2.973744169717494,3.142995628554866,45419884.1254
17,2003,2.799951731027696,2.9999500866999016,3.145440327055917,45642300.3787
17,2004,2.789390649485387,2.9887736167690453,3.1220387522729056,46576156.604600005
17,2005,2.766409335452183,2.9943286954346298,3.1027098870147842,45070539.3489
17,2006,2.7770783361652747,2.9900496974780535,3.1263518212179413,46928592.099700004
17,2007,2.77914727026188,2.9743175162599056,3.1351586067062676,48074308.167500004
17,2008,2.768450521796023,2.9757732225061377,3.1184018849479567,47219971.23549999
17,2009,2.762283077529764,2.981597612269295,3.1179483072792973,43993335.13080001
17,2010,2.78268273994226,2.98294682572589,3.1154489536343832,44599454.9449
17,2011,2.7740170698034254,2.9730863762169193,3.1145288299835876,43447952.7811
17,2012,2.768058157055232,2.972711774699623,3.0990322527500616,43003316.560200006
17,2013,2.758234677192646,2.977785771449026,3.0973805395370966,43105538.6158
17,2014,2.7581089305155255,2.981337195707672,3.1095810006231606,42858710.719799995
17,2015,2.7445548057402447,2.9810209344763496,3.1056466700086984,42905722.993300006
17,2016,2.7654807241275945,2.9880870603325573,3.127538519795479,42941215.8447
17,2017,2.7783036273436337,2.9784737366835254,3.1389790116955214,43245006.4869
17,2018,2.77756640546783,2.9879177623402735,3.148272593875972,42507973.0168
17,2019,2.781332011039142,2.987998112748155,3.1426072601592394,41722653.4233
17,2020,2.780406693980187,3.005936266588369,3.1341832560873333,36251794.5509
17,2021,2.792937024589785,2.9812481869923104,3.1541869800750146,36489970.1166
17,2022,2.7932608058448243,2.9734597501097886,3.176249067170806,39429254.1875
17,2023,2.795881227451519,2.9814050474492264,3.1905371590858285,39152027.636099994
17,2024,2.786386702784085,2.9904818505733832,3.153098635138343,38376009.4431
17,2025,2.7774315401576253,2.9857112726241932,3.1756134585918163,35629943.0636
17,2026,2.740599930296297,2.9811310053383138,3.1569194451019404,6340497.7722000005
18,1976,2.9012286718935094,2.9085339763646783,3.269917395089343,21803895.71
18,1977,2.8986151394713113,2.911511497362006,3.265789979473566,20944612.54
18,1978,2.9107910686378964,2.909783121927613,3.271203935161895,21581073.509999998
18,1979,2.906459044215145,2.914267240538352,3.2819103079139658,22037928.43
18,1980,2.891121951762452,2.9128170481752735,3.2589426194539834,21130951.89
18,1981,2.887470566496027,2.9149115635357075,3.2471062670171915,20909701.81
18,1982,2.8634946237806376,2.902830573843306,3.2154662575784014,19537885.56
18,1983,2.853717138412505,2.9143289971690485,3.191014349243184,20287278.41
18,1984,2.8649260635909615,2.9216818459499203,3.188155424520474,20918481.520000003
18,1985,2.838790439198929,2.933199157415251,3.1917883120793458,22045292.630000003
18,1986,2.8344828069910797,2.937572314108864,3.1904626029934122,22548438.24
18,1987,2.8404736340716092,2.9273875601121575,3.187725740599087,22782200.13
18,1988,2.8363439766489726,2.9302723322671267,3.1941598846482244,23225334.490000002
18,1989,2.8318993849587732,2.9385725421537225,3.1684741262282023,24255282.83
18,1990,2.8264399682408383,2.951069940720927,3.1741821937277965,23139691.840000004
18,1991,2.856387333327083,2.943377312453979,3.1980435867635393,22226131.53
18,1992,2.869918886194826,2.9409259222448694,3.1967797475744777,22782650.119999997
18,1993,2.8478921046874595,2.951020553157186,3.1891079655549577,24088511.759999998
18,1994,2.863601445246903,2.9508139007879333,3.207806688886632,24825372.5344
18,1995,2.8810548569978334,2.9178824413095144,3.2491614221366243,25481655.0466
18,1996,2.8610576387498994,2.9395817736383254,3.2328514498179928,24648162.229000002
18,1997,2.8717471144798843,2.9582353714188856,3.221459496497694,23956978.2446
18,1998,2.877499688713572,2.9445436415853377,3.2139740484614028,24548361.7007
18,1999,2.8517328215803235,2.9479629511929857,3.1989052114976766,23709779.7815
18,2000,2.8551093472492575,2.95611043973577,3.240583141384591,24210649.424100004
18,2001,2.850375722507403,2.9544935845873606,3.2201732586118657,24059122.8065
18,2002,2.8335829227281266,2.9480430881943156,3.2231309376896777,23687308.3598
18,2003,2.8316135592685856,2.9694892746719908,3.199699692470148,24516836.978699997
18,2004,2.827411421457243,2.9756614103731316,3.2170955618452424,23971238.0812
18,2005,2.8378231311272657,2.9685584622223953,3.2247393384578866,24554359.7483
18,2006,2.7963635717257853,2.9769145491188986,3.2053522060678366,25059360.017699994
18,2007,2.815065882385453,2.970955622209773,3.1958453317740747,24084538.434599996
18,2008,2.825291152334376,2.9627506425474257,3.1887821191845878,24266278.867700003
18,2009,2.7969824832631867,2.9511020531414514,3.169577441085873,21925114.975
18,2010,2.8026244581136988,2.955194113968574,3.1696546979262563,21898342.412899997
18,2011,2.8030826007946876,2.94606004125156,3.1837303236678522,22311391.280500002
18,2012,2.808448817204294,2.9513407623390333,3.17846086495281,22594800.3416
18,2013,2.810242953529788,2.9526012418523035,3.1877586847759103,22007366.3223
18,2014,2.8119640393923424,2.9607121066725983,3.1901795343712047,23668234.7839
18,2015,2.814431137668853,2.96664739336022,3.20554289710481,23695717.946599998
18,2016,2.829161644896837,2.9715360390612466,3.2367050563278323,23882781.2347
18,2017,2.82715755562636,2.9759315596699256,3.2049268404945206,23354368.4648
18,2018,2.818377258978743,2.9539654670795428,3.195777429371076,24409910.511
18,2019,2.82309380356431,2.966154832488795,3.2205178652399495,24433952.204499997
18,2020,2.82463454036013,2.9669798437681734,3.196905257505924,21961651.9717
18,2021,2.8184210425071563,2.9731271183341645,3.2307598802183666,22471139.3762
18,2022,2.8282474972020233,2.9680110123045487,3.2366031206277057,23725042.6647
18,2023,2.81558387363477,2.967911749971549,3.248810994521319,23159223.645499997
18,2024,2.832061065204711,2.9751539641225326,3.2265341732630204,22593425.058
18,2025,2.8135134217310336,2.975166126361018,3.252295276643179,21927858.185
18,2026,2.8042543705285476,2.970678032639273,3.198698313491848,4147882.0132
19,1976,2.790829988920828,2.904825498728007,3.2104418600174647,8263284.050000001
19,1977,2.8103178795057864,2.908877179133163,3.20914981658319,9861962.74
19,1978,2.8090995465215105,2.90276829992979,3.230630934682834,11579807.32
19,1979,2.8106799696590885,2.909835908662615,3.232350136375972,11328644.559999999
19,1980,2.8042220639789606,2.9179823003721257,3.204470852910765,11308928.690000001
19,1981,2.782960123566458,2.901413022924687,3.164343622040039,11004252.39
19,1982,2.788610406770298,2.9012988852689525,3.14664236138956,10205919.690000001
19,1983,2.777758317213393,2.9289993207252727,3.1352819365336386,10893380.829999998
19,1984,2.7807173129982488,2.9292552566608028,3.1515736382010635,10761564.360000001
19,1985,2.776401328121791,2.9193568937280285,3.1692864202969475,10768334.9
19,1986,2.754345340705362,2.9151308357549564,3.1520665086897273,11046869.52
19,1987,2.773946380753899,2.9195493120888654,3.1597457117161833,10858915.830000002
19,1988,2.791619709852083,2.9207147717405726,3.133390979310713,11521477.32
19,1989,2.790722242671829,2.9325400382346003,3.128798910053699,11450124.22
19,1990,2.7849622688224516,2.9443905723479022,3.1377934501446108,10760471.31
19,1991,2.7807703627829445,2.9454293699998133,3.1322937600634724,10968110.870000001
19,1992,2.772430545938208,2.935880344731801,3.1340781570379006,11337635.239999998
19,1993,2.785458363660819,2.9259365602895686,3.1392135161742893,11833250.670000002
19,1994,2.7862125626478247,2.93401946143533,3.134906963726233,11610961.914800001
19,1995,2.8029684249109064,2.9359860227365155,3.148727391043368,11501017.0583
19,1996,2.7934440660325315,2.9510991370496784,3.129606802361139,11655648.6221
19,1997,2.7917493871013375,2.9507251418006444,3.1607520262974216,11921157.7707
19,1998,2.786996218634915,2.9498242974722904,3.1492594926482202,11976780.5131
19,1999,2.8124160471804203,2.944189094359121,3.150670530141245,11790669.5218
19,2000,2.8294749732907176,2.9502854302223978,3.185113566450037,11635330.9985
19,2001,2.815696113081119,2.955591937604736,3.1524299728312726,11597342.191
19,2002,2.802069705058976,2.9418989151062873,3.13396088724158,11994596.772999998
19,2003,2.820949903673137,2.960430886724655,3.129723454853034,12002606.701
19,2004,2.8066787004381997,2.9650214367614263,3.150338210421357,12163680.518199999
19,2005,2.812564336375347,2.9633370410595696,3.162924799633484,12186302.7458
19,2006,2.7859180221590574,2.973775769952644,3.1488145591648795,12501708.8216
19,2007,2.7989985458743476,2.959438864486215,3.155699768386984,12702444.2585
19,2008,2.821519481119755,2.9535113894010356,3.165139773821949,12047288.9063
19,2009,2.816964025211791,2.9577910007196384,3.1461440859061742,11962369.4195
19,2010,2.7870517372297234,2.9629987638614623,3.146950983755232,12087698.7481
19,2011,2.806890498358329,2.963014967536777,3.143301450584637,11705944.467799999
19,2012,2.8309877259122493,2.951102573803406,3.1731898916847134,11592151.9463
19,2013,2.809443956826637,2.953491413350706,3.158444459024002,11735395.8989
19,2014,2.8038219153926365,2.955800809167929,3.147458041797756,11752717.699700002
19,2015,2.7767012701892737,2.9577666748380422,3.142331685055681,11720156.6225
19,2016,2.773738950353124,2.9746012707381384,3.1813231072689967,12404971.400799999
19,2017,2.766627010095492,2.953908451160852,3.1563208429141287,11469478.735
19,2018,2.7903065788254207,2.962599400599753,3.1308269643941142,11782606.460699998
19,2019,2.7880515456124075,2.9564279849970885,3.158369671181652,12073763.073600002
19,2020,2.8010763984433544,2.9732093013184793,3.215484623685697,10889875.254099999
19,2021,2.802237769816149,2.9683255844513567,3.2336694278837674,11581566.888
19,2022,2.836040777785719,2.9774870025523024,3.2522461254073955,12205824.0288
19,2023,2.782261317328349,2.954578060925411,3.2485073772969955,11455769.5308
19,2024,2.804192696335182,2.967729640410514,3.2333931672882006,11052361.6677
19,2025,2.7910163250859146,2.9448721407843474,3.217654812908092,10818628.8048
19,2026,2.7938116923225493,2.984150225936094,3.2101710989749255,1807840.673
20,1977,2.81044183179057,2.922762404639685,3.19113980412672,3903741.08
20,1978,2.825755885505993,2.917149982508548,3.1615723508670954,9059385.53
20,1979,2.8299837355002966,2.9482291086747163,3.166244232778852,9185633.62
20,1980,2.8280197894066093,2.937705604800279,3.163595418302117,9178664.860000001
20,1981,2.842537878302135,2.938291739172459,3.1691762429362282,9431650.27
20,1982,2.801033146906107,2.9585191902866743,3.1217199089317824,8583165.15
20,1983,2.7846506732776946,2.9550300047564684,3.1232744028385095,8909280.5
20,1984,2.795237520171914,2.9607046134595114,3.1135786319591645,9212390.91
20,1985,2.782075066068737,2.9498300244142963,3.127187181978562,9798253.14
20,1986,2.7910913534240653,2.9663573833321655,3.1086176578545017,9451983.59
20,1987,2.7821858657179717,2.95831230575696,3.1175402840081334,9563130.46
20,1988,2.7924551972124876,2.950998315152489,3.1303107906254954,9732184.829999998
20,1989,2.785157427740641,2.9523768537035293,3.115560272065346,9652192.6
20,1990,2.7643362598457246,2.9473560812722015,3.093640705573849,9480071.26
20,1991,2.7778629135966457,2.9471870921166055,3.1156914266231,9423597.79
20,1992,2.7868472365926333,2.962517395654938,3.099292972568718,9662290.510000002
20,1993,2.7864282176703776,2.9663277529909524,3.106884279700637,9877310.07
20,1994,2.781466951868369,2.960337047816048,3.09274301093953,9653979.476900002
20,1995,2.7702401245206856,2.941686211236139,3.107517389505114,9595885.619199999
20,1996,2.7779414262202677,2.948094808381239,3.1103872878604344,9363777.9322
20,1997,2.7799317060593243,2.9600524130463515,3.1191699509945723,9574589.4814
20,1998,2.7883048412250306,2.965000344497354,3.1354772735324725,10177575.8376
20,1999,2.7776020547139315,2.9648525802500756,3.115925259233606,10486931.081999999
20,2000,2.760820292359377,2.964091387245441,3.105230319258354,10385869.5515
20,2001,2.7737319546815864,2.967621417429971,3.155580483774452,9988581.4628
20,2002,2.770260117060576,2.988507601598926,3.1595560065746082,9965110.2977
20,2003,2.7657372884020575,2.983468763322159,3.1202134701253206,10283819.8911
20,2004,2.7544165480219167,2.9847022610271416,3.110735170073842,10699715.2544
20,2005,2.7595227174003436,2.990526322970065,3.1469218632335756,10593918.966400001
20,2006,2.7692942090631494,2.9985959222076906,3.135547462960876,10362989.4439
20,2007,2.7674280413409242,2.990775206085178,3.1146577540639155,10585549.246100001
20,2008,2.746195534386589,2.9837750822788647,3.117342134647284,10581489.4172
20,2009,2.7291896844615233,2.9814904906412654,3.1132336158698695,10291192.4882
20,2010,2.742331839012427,2.9728199944186016,3.1170983927157336,9794682.578300001
20,2011,2.763335855602008,2.9756073820256472,3.1357540487659956,9655682.8153
20,2012,2.7686448019510084,2.971601649285374,3.1411257873530243,9418335.8788
20,2013,2.7533269951227606,2.9729681723722967,3.1398392167508553,9906302.7746
20,2014,2.780117591513081,2.98713984341878,3.1568591333013276,10262926.997299999
20,2015,2.781608332809812,3.0009097472743713,3.138662057128796,10197203.3112
20,2016,2.7950427103252866,2.9750750107483266,3.161215926932417,10108427.974
20,2017,2.7896786600753085,2.977141414666604,3.164202242816514,10101467.4714
20,2018,2.7950132102543086,2.9885599271323784,3.1953241623207336,10112667.021399999
20,2019,2.788363643566387,2.962405842704638,3.1445788063517854,10237475.5615
20,2020,2.8141177805582007,2.969607387999893,3.1736166291870846,9926711.315299999
20,2021,2.8035924324024313,2.9908530360936276,3.173820184725432,9606943.357800001
20,2022,2.758145758056472,3.001073151719373,3.1602006009412653,9894138.594500002
20,2023,2.8145130248593127,2.98129332946969,3.1999209360032426,9628633.1896
20,2024,2.7823544889523935,2.9826945210127356,3.1956391157726585,10059269.2397
20,2025,2.762866134491914,2.9875838581280845,3.184572078465802,9448987.1097
20,2026,2.7484885492905486,3.0099239408814067,3.139778953843899,1758301.8903
21,1976,2.8413565703722554,2.937038293752487,3.22683526432716,12098480.34
21,1977,2.8487819819508036,2.9253695773552795,3.2304910431939526,12542786.21
21,1978,2.852529470007521,2.924833923026324,3.2447749966068353,12395959.65
21,1979,2.862103689104201,2.940659664261661,3.254270401773444,12645969.459999999
21,1980,2.8530888489054926,2.9367248397345698,3.219795562848265,12729601.349999998
21,1981,2.8601133472974727,2.934942799015588,3.228436185828521,12590262.53
21,1982,2.804019076104621,2.9419224114615883,3.215932495455808,12034650.489999998
21,1983,2.793456233415809,2.941292648464647,3.2047421274095664,12546944.649999999
21,1984,2.8010281845037235,2.9189583475141423,3.2014985301963987,13367987.360000001
21,1985,2.799864523837994,2.9266075859208667,3.213508082110046,13344008.979999999
21,1986,2.811550161732392,2.9262699677282797,3.217962227307951,13471499.86
21,1987,2.820194557341115,2.9355439251664284,3.2561972486027453,13301639.530000001
21,1988,2.815560511990254,2.9404195576024277,3.2394966697806997,13514496.64
21,1989,2.7979494225861408,2.941851955078245,3.20943178610697,13805569.97
21,1990,2.80165339367053,2.9490748120344046,3.2057866455089234,13957224.14
21,1991,2.805789622045838,2.9483904880917557,3.220361946491951,13822664.11
21,1992,2.8117777045664325,2.9469607389641106,3.21599469738656,13639528.09
21,1993,2.8176374322384636,2.9513084395606883,3.2132642224856687,13656284.03
21,1994,2.8133910220105167,2.939319044867592,3.1621259434803326,13959475.9286
21,1995,2.8453877660938103,2.926297666169713,3.2110583158889785,14442803.8471
21,1996,2.8287443650248103,2.9285752302850514,3.185294358977404,14175081.8616
21,1997,2.8142627391084565,2.9276263718994864,3.2096870028399094,14307912.4904
21,1998,2.796257718200287,2.9573294892064914,3.1661655479042343,14500946.2639
21,1999,2.8122120748052923,2.9599141591741884,3.2101909915772224,14772738.413
21,2000,2.7986307187515265,2.9380214451516546,3.2075009617758097,14831809.2465
21,2001,2.799627065053556,2.9744873020512888,3.190908653622032,13593927.8732
21,2002,2.8016563133641514,2.9378322274354667,3.184103170156961,13516007.4261
21,2003,2.8020287881428274,2.9536099678029406,3.1569645135893243,14592103.590600003
21,2004,2.799476602836436,2.9761466792997724,3.169561721883843,14786491.986900002
21,2005,2.800807759408158,2.973213985502149,3.173049228846991,14681445.8388
21,2006,2.818975023859378,2.964933217905828,3.186684755340451,15398308.0041
21,2007,2.8030006690979374,2.9642769462690106,3.1854428051851715,15263337.943
21,2008,2.797887399585782,2.951916411698976,3.1993468832260086,14842471.473100003
21,2009,2.7880340225229316,2.951356929390356,3.183529923648931,14284336.630299998
21,2010,2.7821728262511827,2.9686263785781097,3.173935963217982,13761295.3716
21,2011,2.8083892002763085,2.9797314183467694,3.1752854707312275,14127490.3437
21,2012,2.8108430852770736,2.9702527530958425,3.1571397839097806,14713308.234700002
21,2013,2.809283516327136,2.9655504497947947,3.153922232400667,14538752.1009
21,2014,2.797076483473284,2.9733157859533477,3.160125830739628,14312664.993999999
21,2015,2.7957091063190185,2.9597090000955424,3.1489420789068197,13549815.8465
21,2016,2.768538650133332,2.9635881911802424,3.162209505513622,14166641.6424
21,2017,2.7885246783575424,2.9798833653958305,3.2081675820479094,14771344.317200001
21,2018,2.8020813630874835,2.9714258137381675,3.2012557189685507,14444598.223399999
21,2019,2.8344438949508803,2.9726751963522897,3.235830762664531,14805791.4588
21,2020,2.8614370349103138,3.007064109585579,3.252388959758736,13804296.1925
21,2021,2.8197190786514965,2.974339792679946,3.2147257753999874,13954972.260799998
21,2022,2.815342313278157,2.9673430715857045,3.257215396190687,14206890.8709
21,2023,2.8256448960620237,2.983908669355579,3.2405784841884153,14136193.765099999
21,2024,2.7889678027577904,2.960260157489429,3.2278232372098548,14605616.5441
21,2025,2.780015501019222,2.995041098237237,3.222791134338997,13794634.907499999
21,2026,2.7391982604041445,2.9673434614070113,3.2379964081925494,2388018.3104
22,1976,2.8159277871704513,2.9459438073161035,3.2864067223065145,13072142.27
22,1977,2.8081994127491674,2.937564764880307,3.230058597382416,12713252.43
22,1978,2.812649481884449,2.9439464610163877,3.2630279431102673,12453006.95
22,1979,2.820257878033604,2.952062342727038,3.2495284288973956,13149413.999999998
22,1980,2.8213128242162973,2.9482886838448157,3.2233678405502952,13569809.3
22,1981,2.824584400283131,2.9663148877926346,3.216504103310104,13611976.979999999
22,1982,2.81613011469671,2.9655404876685565,3.2145358053722206,13268337.38
22,1983,2.7842431484941033,2.95924203299532,3.1948997731123443,14450779.16
22,1984,2.776652673776806,2.9579146160194245,3.1959792924887385,15306773.97
22,1985,2.7734225713120293,2.975289701643903,3.145437742798577,15317406.689999998
22,1986,2.7716195097003364,2.967473252160341,3.1285207675727205,14951928.459999997
22,1987,2.75952154230745,2.9624287377679956,3.1436874472038445,14281588.799999999
22,1988,2.7740085156782968,2.9516406289339776,3.132278064160016,13906770.87
22,1989,2.750507512662883,2.958138888317066,3.1136212478340575,14190455.100000001
22,1990,2.7857526038592866,2.974298760251639,3.1604999366668647,14102253.21
22,1991,2.781809826165312,2.971368446168336,3.150521987596392,14282904.29
22,1992,2.764663181604793,2.9758841510805674,3.171937353322872,14070510.53
22,1993,2.755474516770634,2.9682557001924716,3.151542778869495,13871357.1
22,1994,2.7697343980210833,2.9504097426061318,3.169229335856474,14168053.927600002
22,1995,2.782682721848391,2.944030213950693,3.1687816768329995,14480282.0748
22,1996,2.77526903538831,2.9616261595719493,3.1836106148873795,15035952.066800002
22,1997,2.7971163012099547,2.959708939569746,3.191204099969342,15292638.211499998
22,1998,2.8058701061917857,2.9487028817881447,3.1798792024611493,15726655.678199999
22,1999,2.7788803168895884,2.9474200438928113,3.17116191969927,15436269.4056
22,2000,2.770029494263463,2.976386911247149,3.1746303556020794,14562169.6861
22,2001,2.772799361392296,2.9764259778778737,3.1833798159240776,14837519.0982
22,2002,2.768193559573486,2.9807494846484954,3.1858262710228304,14108115.0676
22,2003,2.742414412753665,2.981255128489957,3.138493400391332,15480619.787500001
22,2004,2.772026132675665,2.9824307994759782,3.1765846140549026,15098338.2377
22,2005,2.769354330036142,2.9959546864798594,3.16689723016559,16241452.6699
22,2006,2.755787888385467,2.975599718477857,3.1523627469421953,15126470.7692
22,2007,2.758007919422318,2.9949001920782434,3.130299656728025,14858123.6051
22,2008,2.7552997864096875,2.983758472682354,3.1644738485194166,15356178.007800002
22,2009,2.755694598481328,2.9916672596916265,3.15160142545664,14332078.663799997
22,2010,2.7666600831493207,2.9863668117522186,3.131618369375192,14450204.061300002
22,2011,2.778241051809048,2.976254763299903,3.1652254894656395,14603171.106999999
22,2012,2.7804009516659183,2.9931010905506144,3.1824841378171294,15084016.6374
22,2013,2.743905649441203,2.9891869280911783,3.118871581201608,15414892.115199998
22,2014,2.759860882306637,2.9855722698574874,3.1831732838461733,15533415.0352
22,2015,2.759247237366959,2.985461791773684,3.1690735269469634,15447998.061500002
22,2016,2.7391479157763463,2.9884699408911652,3.1414648044126503,15244225.2628
22,2017,2.7406672257487137,2.9935661433216416,3.195253158949513,15281207.481499998
22,2018,2.7452869647506213,2.994003268249746,3.187860486230968,15355332.753199998
22,2019,2.747330895309599,2.9841385720607043,3.1794406400565336,14789382.124499999
22,2020,2.750163282847097,2.994534441338332,3.180307336718207,13893580.3978
22,2021,2.753825583137727,3.0109374744502073,3.206378502789304,14315749.364099998
22,2022,2.7649536939188253,2.995202511666211,3.221173852453836,14344406.5844
22,2023,2.753110089795746,2.9870649513932817,3.2195822014855917,14116653.3942
22,2024,2.7564597565347015,2.999293552944695,3.2129029152081485,13653839.808
22,2025,2.762003442311668,2.9973187580620078,3.1954723287662476,13011712.0175
22,2026,2.745365884968746,2.993051857019141,3.2378991267357384,2387072.1238
23,1977,2.843985398546648,2.9109347062000337,3.344995011457925,1826991.85
23,1978,2.836381104667275,2.9139578157668713,3.2990965186448205,3878395.61
23,1979,2.8414572442457287,2.91319979454878,3.2764500668197143,4004711.5900000003
23,1980,2.8699292067397217,2.906352098840741,3.2794737732641184,4061122.69
23,1981,2.865801233918355,2.905725201610655,3.2859662595140713,4175298.3499999996
23,1982,2.853797308107275,2.9032917080672123,3.2598458415525533,4064036.34
23,1983,2.8477276073187734,2.91223354175214,3.2521588564162354,4307374.52
23,1984,2.839470770000211,2.9204337067442587,3.2206058992906628,4590724.1899999995
23,1985,2.81766639603965,2.9353127123650316,3.225044523631946,4556998.1
23,1986,2.804818478872625,2.940839716809795,3.2328701760442016,4605686.78
23,1987,2.8134764283395217,2.9565782112362804,3.224417579383428,4842585.74
23,1988,2.8029721691659644,2.9350464781391064,3.216002716505861,4770560.92
23,1989,2.7971927927346933,2.95679959582313,3.182335705199018,4944629.91
23,1990,2.788839330644914,2.9478057272614286,3.2020303937542045,4938122.6
23,1991,2.773444075978033,2.9252869868323024,3.1712819249367485,4784137.71
23,1992,2.810806262698801,2.9339153123365262,3.2098228264585402,4897543.82
23,1993,2.7979646050502596,2.926277517966717,3.165501107577221,4739679.04
23,1994,2.761975199747514,2.9268763547347967,3.159225820651843,4607759.5638
23,1995,2.7609339924252363,2.9237829069280177,3.1973145708967903,4884325.7837
23,1996,2.7775223357541554,2.9622300940352795,3.1855325807423376,5215909.0417
23,1997,2.7864697660135183,2.94956270296253,3.191138526636246,5018649.9154
23,1998,2.786391307660285,2.9418254025123267,3.185456018909845,4957020.1514
23,1999,2.78938455434939,2.950620272962283,3.214544829788196,5020966.1954
23,2000,2.790475840552634,2.955953568225859,3.2107205540835753,5335119.696500001
23,2001,2.760411997991561,2.964767511772245,3.1782668772185336,5226212.2385
23,2002,2.7573394992306324,2.9671456171274384,3.175517848330042,5142646.9726
23,2003,2.753239966450338,2.967804591830664,3.1284571262991947,5227415.9640999995
23,2004,2.7586881901692593,2.9629618687017767,3.1609807902491944,5330914.5042
23,2005,2.747213321206136,2.972440164730061,3.1628457113148607,5220043.655
23,2006,2.747236278368158,2.9886690185837526,3.157435242988966,5341774.8465
23,2007,2.7420741454036714,2.984866960376348,3.149524091354288,5332726.2007
23,2008,2.747854742448838,2.9842816051364904,3.165236984973582,5103188.4725
23,2009,2.744723278281041,2.995114879678024,3.162009879868344,4642715.0111
23,2010,2.736273388240169,2.9753687778269,3.129432157164382,4666639.3338
23,2011,2.73437780570209,2.983099158498738,3.111717391708283,4621458.368799999
23,2012,2.7264422292974153,2.978521459783757,3.117592517136864,4774034.738
23,2013,2.7400047190358685,2.979850643119047,3.1387546732173286,4817652.0675
23,2014,2.7318269556517305,3.003026442243617,3.120263578935061,4632497.764
23,2015,2.74789210952588,2.976463180248101,3.1523186084966786,4577471.4494
23,2016,2.7536872708767843,2.977653895398007,3.1580920849731116,4640032.4789
23,2017,2.751813777778046,2.9897497182602675,3.166751957564336,4686302.108399999
23,2018,2.770874093678556,2.974308706330948,3.1940528112641418,4680779.3742
23,2019,2.7244958993508614,2.9818579199282023,3.125971679285319,4724461.0601
23,2020,2.7305369627833236,2.9916031433232555,3.1254886424385675,4252317.8322
23,2021,2.748077508495852,2.994718560353339,3.144990352065409,4376291.2693
23,2022,2.7427129345411667,3.011434021367474,3.128025848772962,4481342.431
23,2023,2.7312123160753594,2.999172331950785,3.1675521041005434,4453807.1592
23,2024,2.7249080970655077,2.9952981213492818,3.140698864551384,4612597.4037
23,2025,2.7402493337110774,2.9864260852008724,3.1257005124276502,4256604.0612
23,2026,2.7200622308692464,2.999397729312219,3.110818406323729,755184.9011
24,1977,2.790158235718874,2.97704148848421,3.113044996248111,7649869.74
24,1978,2.7957024633880723,2.970953707958838,3.103851637670139,14945323.63
24,1979,2.8087607938480854,2.9689182856150467,3.1080974165469653,15548649.629999999
24,1980,2.796705565006439,2.9761810597683858,3.0746813923436696,15730296.78
24,1981,2.8026996483691082,2.9629177176545434,3.0967638635877575,15414130.57
24,1982,2.781221238391643,2.9685071591606658,3.0611763926001054,15120660.8
24,1983,2.76468968812964,2.973407805387655,3.0501538390291407,16019300.350000001
24,1984,2.7455284388351813,2.9784967595836505,3.0502421049692154,16132692.43
24,1985,2.7545087491059626,3.0041155957836922,3.066502217285427,16150621.440000001
24,1986,2.7535070542837703,3.006424856754137,3.073772950470566,17420171.02
24,1987,2.755002064610711,2.9913895250893447,3.071557668256858,17989892.310000002
24,1988,2.7563436744202994,3.004322784702627,3.069566238080294,17577609.23
24,1989,2.7527971907065467,3.0061287619341446,3.0850268105326455,18441075.0
24,1990,2.7591460433816377,3.0022881375596198,3.0844754333943794,18443309.97
24,1991,2.746054283605238,2.994794974184453,3.072968694257858,18031338.74
24,1992,2.724557919481212,2.9931456050221246,3.062981764509246,18547799.970000003
24,1993,2.734547232247199,2.9895464985635494,3.0579962248628307,18246980.259999998
24,1994,2.746360065999118,2.993408085423506,3.044575517246722,17703684.0229
24,1995,2.745380166637836,3.0065178661757956,3.0528484110333967,17215010.889200002
24,1996,2.7416809768214834,2.9901986380895598,3.0235298498812253,17672141.4895
24,1997,2.7272840676423646,2.9728275100910047,3.0309607337944695,17583069.972
24,1998,2.727554008841643,2.9951276462930796,3.0663711293626457,16907073.0836
24,1999,2.739044797535525,2.9932689143916433,3.0930366043583906,17587562.2758
24,2000,2.742676427290763,2.9899755608681624,3.0933018638631293,18344155.218799997
24,2001,2.7350008048107366,2.9903014045945056,3.0905653338449857,17472414.9674
24,2002,2.7272300755605094,2.9840868649722156,3.1087139310460343,17632709.529600002
24,2003,2.7274780259186793,3.0027339586846287,3.070540202472232,18560409.518299997
24,2004,2.7202379677296533,3.015279017614079,3.0951192565322536,18902333.4458
24,2005,2.7189459916024097,3.030082739944808,3.077717124781975,19111966.204400003
24,2006,2.717511506016795,3.0330506849244885,3.103237074766534,19436504.808
24,2007,2.7079236402134366,3.0248766262744238,3.081811383358067,18590430.171800002
24,2008,2.70370473668765,3.0223828443123333,3.0898420942643883,18411533.9707
24,2009,2.6938732874366837,3.0162884092833053,3.062613231162776,17615948.431199998
24,2010,2.7006008867623,3.022349258837042,3.055744380607327,18289256.2086
24,2011,2.681723240289916,3.013867787988257,3.0667168660249,17703637.1767
24,2012,2.708088619553252,3.0123670342617683,3.0555421103710585,17863842.0581
24,2013,2.7050118913544754,3.0027475014152447,3.058182865963175,18018818.7535
24,2014,2.6993001706877333,3.0042367149259244,3.0817376746619765,17807035.2729
24,2015,2.6961697302976546,3.0184447610132628,3.1046919954787096,18248252.4567
24,2016,2.7098312609755855,3.0121485001930957,3.1598351743357806,18451997.970799997
24,2017,2.684501639920703,3.003588526454334,3.085711875284402,18481273.470699996
24,2018,2.6920063447098443,2.988775071869475,3.103800519815684,18224643.5171
24,2019,2.6964832304312947,3.0017923054174873,3.086807883320322,18376143.3749
24,2020,2.721396421772217,3.0200278803149145,3.1061165738039276,17057176.7254
24,2021,2.7088810646361843,3.021972970826507,3.1163230548890275,16307996.1063
24,2022,2.7166691746437928,3.0116419425687813,3.162839585095608,16929239.4214
24,2023,2.7346364420605815,3.0083618667740435,3.1690117456427935,17147220.8677
24,2024,2.7207201669030394,3.021427789725535,3.152383895134055,16728638.6529
24,2025,2.6913238818714205,3.0125623234141194,3.15523724989692,16398885.3719
24,2026,2.6542091146819087,2.985308321614776,3.1036419662673573,2580635.6297
25,1976,2.8671244480179787,2.9345518610078387,3.1365133403339174,19274949.6
25,1977,2.8780750111752376,2.929746465035792,3.136257800939943,19831285.79
25,1978,2.861824241686322,2.9199205042452894,3.118170488647581,21866494.1
25,1979,2.8565397963882675,2.9299823918127648,3.1164531764906824,22320846.169999998
25,1980,2.8569068167670055,2.9280297633016543,3.1217546288289095,22413910.82
25,1981,2.8556388345397856,2.9301209321182893,3.1073848014221714,22471072.360000003
25,1982,2.83938750572125,2.9414565918757893,3.095746489748168,22101145.13
25,1983,2.8400135383318417,2.964400000696368,3.1197780217583273,22907279.970000003
25,1984,2.8261730980356505,2.9612418743290463,3.1039445792498834,23575123.15
25,1985,2.812683111237981,2.9590914270486635,3.069317422540119,23432136.580000002
25,1986,2.803721732258084,2.9702044975284436,3.0608002744839395,23196863.64
25,1987,2.8028673811955893,2.978090617331864,3.072545833723853,22981395.66
25,1988,2.7980335385138786,2.9886429986458842,3.0692640368702238,23153638.41
25,1989,2.778838555947156,2.9823732669732497,3.0377560694688346,22712606.0
25,1990,2.7704403996838685,2.982732261631417,3.0371146663271897,22506549.360000003
25,1991,2.7691811195777727,2.9780897537435655,3.028112729757991,20963741.990000002
25,1992,2.7697869232246735,2.981824173721907,3.0170070108433014,20846724.27
25,1993,2.7631197020442286,2.9722854002614976,3.0227009705230468,20876765.03
25,1994,2.76404783022197,2.9716903296960657,3.0374710083864307,20945315.2878
25,1995,2.7686146412127406,2.9764161474733157,3.0564033186855446,21284677.1322
25,1996,2.7982774794379788,2.965896881595232,3.0922867650770742,21574944.6055
25,1997,2.7760806519451746,2.977622638359661,3.0638533191164514,22340573.1697
25,1998,2.7679593323658436,2.9751195386609286,3.0821314561648445,22662664.355500005
25,1999,2.76685292235505,2.970715611468505,3.104532397477861,22430077.1491
25,2000,2.770614022417862,2.9827500038226415,3.0979368551297335,21936375.337899998
25,2001,2.752573038775851,2.976690868446951,3.0759147990912448,22048574.787
25,2002,2.731601178790806,2.9804985895943696,3.0780148750963576,22732640.1421
25,2003,2.737464930135017,3.001907467003936,3.068721315968077,22621716.176
25,2004,2.719538580774946,2.9925741379770066,3.0575414412251476,22414191.175
25,2005,2.710122310043971,3.000950780937243,3.074651271920799,22069200.7979
25,2006,2.7159604214928508,2.9868785930265833,3.0824441933051507,21308559.4356
25,2007,2.7218978185506444,3.004991992261186,3.0799778561656583,20911729.7498
25,2008,2.708472529928472,2.9841327111430758,3.0809301525830546,21023057.6916
25,2009,2.7016628032803602,3.0118005131156558,3.0501018650201783,20533781.7161
25,2010,2.7102734093123684,3.0121693514513943,3.0635054684192826,20845287.334999997
25,2011,2.7105339722815103,2.9966878932229473,3.0546270846980397,20584387.0074
25,2012,2.7154610171884626,2.9889854087052226,3.035051864705845,20098730.8662
25,2013,2.7071011102753153,2.9805377796048402,3.048468328275575,19824576.7245
25,2014,2.684261037874917,2.9793457252083195,3.0195528676596535,21089078.3299
25,2015,2.6991284656246513,3.0008340485536347,3.024455897895211,20685145.6972
25,2016,2.6807830837793096,2.9964445769470034,3.0316264012148157,20847574.962800004
25,2017,2.6872785327770847,2.992397998602277,3.0691774074873743,21259278.0466
25,2018,2.7071909532214615,2.9897132370321597,3.103341079223643,21923204.4605
25,2019,2.7154137041131468,2.995986507327737,3.0784416768491667,22087550.6905
25,2020,2.71224188492616,3.019316955879546,3.0564791737626007,18142748.7672
25,2021,2.6978582830544426,3.0121201466046985,3.0700502417335,18650457.8919
25,2022,2.699109728504535,2.9891286644120414,3.0998333902978943,19380975.5938
25,2023,2.693155599144595,2.9883792623324683,3.1413566832904998,19464467.821399998
25,2024,2.6935062083394548,3.021153809902999,3.1291638982001246,19796348.3054
25,2025,2.7197899517842887,3.024735315830598,3.102103557028272,18446119.6469
25,2026,2.7166721408314127,3.0202622611105836,3.120378480030068,3455472.2369999997
26,1976,2.8584651319645213,2.911923451972931,3.1940792130608973,31886298.0
26,1977,2.8739249069838415,2.91340090342822,3.2234163935326507,33734980.3
26,1978,2.882949566469673,2.9158234642686702,3.2180926912406957,34274527.97
26,1979,2.89454858942989,2.913944375798808,3.217008501950963,34983555.480000004
26,1980,2.862900112042574,2.9263466454425666,3.169827147847149,32899652.25
26,1981,2.850348330207266,2.922012773329503,3.1601248779070894,32693369.659999996
26,1982,2.8320730149656965,2.9076429958093613,3.1470002898892147,30037440.07
26,1983,2.8249942271320823,2.927751166752171,3.1435721119679614,31943642.93
26,1984,2.8288811611992735,2.934276408468423,3.1436664608766645,33838969.71
26,1985,2.829853303586519,2.935603515459806,3.139336738296296,34467620.27
26,1986,2.8381444159461364,2.9337914552121913,3.1424745737483737,34464059.95
26,1987,2.823767869172853,2.9309969820090727,3.1337626868707833,35328876.08
26,1988,2.825423119759079,2.9453765520928936,3.145039485617341,35898886.75999999
26,1989,2.827061857325565,2.9435414479007003,3.153037751623326,36172499.27
26,1990,2.829751504626055,2.9335089738128244,3.145230236759115,35222747.940000005
26,1991,2.831501851932342,2.9480631014471936,3.130870937019299,34120882.14
26,1992,2.8232079218649417,2.952119084190343,3.125829746058977,34504674.12
26,1993,2.818484186958629,2.941586998938453,3.117603805951535,35174733.01
26,1994,2.8108309154309343,2.9386308474558214,3.126191524782521,35593317.5612
26,1995,2.8119043651571043,2.9456565837187947,3.135465090610239,35327667.2035
26,1996,2.827314053463723,2.9508000577044573,3.156767253829994,36092330.6938
26,1997,2.82900873960296,2.947201804881627,3.164682078716241,36882292.788499996
26,1998,2.816087234258552,2.944534713141546,3.1624463239232568,38606223.0564
26,1999,2.811604602098543,2.9443886009457603,3.1636978691602917,38635692.797800004
26,2000,2.82071141224607,2.9467803869635656,3.169517205615583,38272211.605000004
26,2001,2.807149912928401,2.953863298981356,3.163141851800925,37399588.3974
26,2002,2.794881166522001,2.9519522733846886,3.1562900454436247,35867938.8452
26,2003,2.79272624234453,2.9728165599889538,3.129697670119607,37084030.2749
26,2004,2.7910024177250845,2.9669000847934988,3.128869734834084,37015862.2798
26,2005,2.779936220511213,2.975535256042149,3.1478011352801345,37164635.327700004
26,2006,2.779876163294652,2.9868916502931917,3.1269326923474203,35882563.5638
26,2007,2.773673719298065,2.9784925416470167,3.116818436976962,35267326.086899996
26,2008,2.761123198810016,2.97166741766878,3.119663440769693,33851211.7428
26,2009,2.751253251877273,2.9658934235851646,3.118704310818711,30852512.794
26,2010,2.758675320025761,2.958417365553314,3.0864466522030463,30647986.3775
26,2011,2.7675028304943776,2.9557509636786463,3.1023416903994976,30912782.2218
26,2012,2.7750229259793846,2.9484941959040056,3.1149940739397617,31341611.957900003
26,2013,2.7791704447902323,2.9668907510679836,3.1320418635816827,31177687.442100003
26,2014,2.7836034892262185,2.963362053315024,3.1373918620776755,31616180.611199997
26,2015,2.7898311640266225,2.9560553691103606,3.1355614367366513,33502910.193199996
26,2016,2.7800734249867896,2.940609582678549,3.144406334848325,34113209.6016
26,2017,2.780792904566792,2.9696104104700494,3.1503283423364006,32587321.0822
26,2018,2.7705785803682765,2.971134798336148,3.145205601716629,32356216.376499996
26,2019,2.7864607649906192,2.9755184383562177,3.1602922294742433,33545163.9037
26,2020,2.7947105985603136,2.997174809325113,3.175515709585884,28743927.318
26,2021,2.789244271565464,2.976410995267559,3.1642232445358354,29459260.6415
26,2022,2.777399559732657,2.9641356418988316,3.176421747528113,32023893.0577
26,2023,2.7664853571861103,2.971492945613998,3.1523382276975473,33343333.880499996
26,2024,2.7799470656929195,2.9680223424499292,3.1864057683803537,32301397.261600003
26,2025,2.7777461311009124,2.983871177624611,3.164539179070773,29177163.173200004
26,2026,2.789899220396008,2.9389158111243425,3.156007773220473,5325651.857100001
27,1977,2.7640842413272977,2.912415763426272,3.151907199601047,7531959.3100000005
27,1978,2.7682106609032453,2.9130596412652525,3.1358183664762875,15432305.41
27,1979,2.773479244427835,2.921697463328341,3.145295607158798,16309857.04
27,1980,2.7721944144487223,2.9235529368814173,3.112870786885988,16519236.33
27,1981,2.7645019414998506,2.919906235744267,3.0827245601687623,16517665.779999997
27,1982,2.7567106023261867,2.9259817063384963,3.0769396386994026,15562231.48
27,1983,2.7470963381981224,2.9390038097129185,3.0762635125692506,16532565.399999999
27,1984,2.7545866161404122,2.938384224014711,3.09507438394875,16955737.34
27,1985,2.7503389417372577,2.9313673321389015,3.090195670305995,17034854.51
27,1986,2.763623847636201,2.9319507790706285,3.082307736108927,16914539.73
27,1987,2.7658614292133765,2.935633108434175,3.0911422000949678,16955592.619999997
27,1988,2.7626955732852516,2.941814969320199,3.0863341697843643,17763216.939999998
27,1989,2.7781870951860776,2.9523549123664083,3.065791272430232,17578261.169999998
27,1990,2.777188580477154,2.961883970298996,3.062837008550193,17629505.220000003
27,1991,2.7571972874071307,2.9596685421432207,3.0518176992823536,17823286.86
27,1992,2.762338285057915,2.9527522730585156,3.0546901259369386,18162010.799999997
27,1993,2.775331969337987,2.9534654061871857,3.0630537549255417,18257262.07
27,1994,2.7672866907099647,2.9589185779487432,3.050104495605366,18778864.6867
27,1995,2.7650388730584834,2.947389779275931,3.0543296329934213,19124729.5192
27,1996,2.7754045937000638,2.9400582401693027,3.0934866612900165,19008782.720599998
27,1997,2.748813871299724,2.9606748717993314,3.109417793529991,18798115.9594
27,1998,2.7672537371586134,2.9497923199266722,3.1189764468451666,18603965.4926
27,1999,2.7839778311400907,2.949604474646488,3.117503986348405,18494617.4987
27,2000,2.7841517010313708,2.9561711184573585,3.118793227521211,19609981.5041
27,2001,2.7722820564266097,2.962219512259841,3.096042493445249,19884713.907300003
27,2002,2.7419213196521883,2.9542830650327288,3.0777863836971138,20533245.061
27,2003,2.741279825865883,2.9805650768917755,3.087700202989567,19731221.696299996
27,2004,2.7364979254943007,2.9731985132986614,3.0749138578168598,19903692.57
27,2005,2.743634563733222,2.987771109063685,3.0693850669781626,20263698.9587
27,2006,2.751301155326446,2.972676260915864,3.0693499504742445,20415578.8034
27,2007,2.7405413621535852,2.9794328609103737,3.071637562435351,19745017.564999998
27,2008,2.7410891753378266,2.9767258376648895,3.0923270047221125,19295180.3866
27,2009,2.7458862233216834,2.9792159668264513,3.0753592785178943,18559632.166100003
27,2010,2.73354177026126,2.9797142900683475,3.0749575190596317,18886545.022099998
27,2011,2.737807731471531,2.9761769475519877,3.0875092792889847,19282907.985
27,2012,2.7633223422347295,2.9887233369824497,3.106399230254965,18801142.629300002
27,2013,2.7550566664255314,2.9784727093800463,3.0922979951430465,18934437.108
27,2014,2.737361202649474,2.984061221025241,3.0871537846131467,19441369.2684
27,2015,2.7518297506659133,2.9647434666951162,3.090941233884506,19224026.2451
27,2016,2.752199007537737,2.961125901805653,3.067105992311466,19068678.734699998
27,2017,2.753329607221693,2.982876798382262,3.100824859712925,19820042.997500002
27,2018,2.763205146620051,2.9883173043798954,3.1290628990245155,19792327.237999998
27,2019,2.7726856210818225,2.9898483580642754,3.0996677291640418,19589919.2865
27,2020,2.773552366955554,2.9993833432304484,3.1357950886970696,18232229.1431
27,2021,2.7676481432827997,2.9873446659891028,3.147187645627505,17988765.5231
27,2022,2.770002428582473,2.9692636427509758,3.158472076220607,18667071.1205
27,2023,2.782751677893751,2.98738317212761,3.1587805842859744,18982833.445400003
27,2024,2.7517617383749626,2.991022453673302,3.161365305976502,19186743.5124
27,2025,2.7480159529600345,3.001524477326954,3.117808887645932,17330859.2086
27,2026,2.7160170082008452,2.9842014952844225,3.0836496347715943,2876149.3554
28,1977,2.895066669382479,2.8825955052916563,3.3345577762728573,3921687.93
28,1978,2.895701350000124,2.8716937940083835,3.3382679041242787,7738042.2
28,1979,2.8820066168507346,2.8739912853200424,3.3376304189133634,7635286.359999999
28,1980,2.87647199964834,2.897968024898962,3.3301591255693626,7955699.91
28,1981,2.8847383992248687,2.9141526245238443,3.3173177082248517,7735091.42
28,1982,2.8595315314306164,2.9064181912924303,3.296628636635135,7399232.48
28,1983,2.8680587682893144,2.9152517486634926,3.292098274516205,7937006.96
28,1984,2.866457110053683,2.9090717188674033,3.2735106143923427,8597332.11
28,1985,2.8685742137398154,2.9129283826776957,3.2576841243409005,9121795.45
28,1986,2.8644458768153656,2.9232497681334957,3.2744213919031666,8994504.62
28,1987,2.874283547318766,2.933325027171072,3.297109536899564,9216836.549999999
28,1988,2.859784937092488,2.926927308126267,3.272156943138044,9211107.059999999
28,1989,2.83187521666298,2.912712737286707,3.257375880434176,9302753.15
28,1990,2.8612263319646845,2.918523113619291,3.266884839282266,9447981.969999999
28,1991,2.87155314110788,2.9221742481451263,3.2631971177032244,9388607.63
28,1992,2.848447355422077,2.934489210614942,3.262346303651648,9378288.940000001
28,1993,2.8557699088238238,2.9301750061806873,3.279876252587615,9717310.74
28,1994,2.84179082404584,2.9403617133599895,3.2336864831749934,9636011.276100002
28,1995,2.8384728164739266,2.934217333045435,3.226616968757255,9690757.5403
28,1996,2.8718846989345574,2.927194686098328,3.261196916898214,9703177.9567
28,1997,2.873989062340645,2.9296200855993004,3.2433410375656573,9758751.1369
28,1998,2.8536654210555312,2.941401292806666,3.229366403600427,9575789.287899999
28,1999,2.8249791605855923,2.9446131521567698,3.233755519132173,9897609.761
28,2000,2.83982398905093,2.9372690058924262,3.2014484413652413,10302413.3133
28,2001,2.8775134528981074,2.944415290878723,3.24759342951472,9891822.2685
28,2002,2.855313124115419,2.9421501611601126,3.27460886959639,9566632.6296
28,2003,2.8259839138166245,2.95819343956123,3.2349914663485473,10226048.060700001
28,2004,2.84340854643753,2.963529802871109,3.250243634520624,10140547.390999999
28,2005,2.8243445484162164,2.963617733273746,3.2178583461854764,10316438.740699999
28,2006,2.8227511786521657,2.969040289561701,3.2310070000924553,10087291.7382
28,2007,2.8232255065074057,2.9634073792282978,3.262766431680569,10390721.469099998
28,2008,2.822886509313297,2.967387523283563,3.2244851909272056,9947083.007900001
28,2009,2.8091352622689363,2.969793199480436,3.225527266794942,9084229.243700001
28,2010,2.8193945394320785,2.969360238041201,3.2119469238084686,9258275.9227
28,2011,2.8035834068837726,2.9621221756884433,3.2025251650685393,9609422.7867
28,2012,2.803927448676635,2.9591061062132753,3.2077136981346372,9496277.3115
28,2013,2.818837003514614,2.9694323968382554,3.200255469773106,8616732.4459
28,2014,2.8176449023380425,2.979811887133956,3.19998605715283,8666342.526899999
28,2015,2.823491395986377,2.945177778188235,3.2492353878539086,9577730.3977
28,2016,2.79700861553666,2.949377810044394,3.234110044957969,9581219.058799999
28,2017,2.8103318808984996,2.9736158384441462,3.217725743314886,9719763.055399999
28,2018,2.821605450148478,2.9654150639750063,3.2595434833476595,9498452.298899999
28,2019,2.8186477358977235,2.9677087817274597,3.2691047709797596,9279825.7366
28,2020,2.8208295940650014,2.979034184875459,3.264067291983371,8979310.8045
28,2021,2.8297303490571486,2.992395249383618,3.2637222279287315,9189492.141900001
28,2022,2.814246972775069,2.9997102996785103,3.271273534411469,9157166.0133
28,2023,2.8264898353558925,2.9969143916381435,3.307241756794525,9367358.3867
28,2024,2.8183836712890806,2.9837213584668483,3.2917958199606723,9294523.079
28,2025,2.8022328891541046,2.9835607470651992,3.288826454955856,8460276.7073
28,2026,2.8201470696887516,2.977650058524952,3.230234333844295,1561906.2536
29,1976,2.7912607760808976,2.913387984794363,3.1996205448431883,50279280.220000006
29,1977,2.7864025321205697,2.918330554360224,3.1854715780426663,34891685.019999996
29,1978,2.80660149259534,2.9112814584284785,3.184910497643658,17585161.58
29,1979,2.8169707957419035,2.9193417881844015,3.188257298410961,17798991.43
29,1980,2.8196594662172383,2.922494448575132,3.1582074109718077,17485679.34
29,1981,2.816904851171819,2.920699614949736,3.168520002421539,18078953.34
29,1982,2.8047718887495563,2.92271325271426,3.193356128027829,16728353.69
29,1983,2.797062071114505,2.9464313168195284,3.169951483910131,17756917.919999998
29,1984,2.7931926207379947,2.9489906790607434,3.167503217880116,18814012.14
29,1985,2.8064578412449994,2.9563387132754393,3.1535277337072745,19883609.580000002
29,1986,2.8114841450335692,2.9445454127733526,3.155300816410147,20109149.360000003
29,1987,2.803028740559124,2.9478394445341345,3.143330307479487,19867759.95
29,1988,2.804811132756145,2.953040705548185,3.1167795956611797,20623429.26
29,1989,2.7932955546794296,2.9371348929023227,3.1316375164260477,20448889.509999998
29,1990,2.7911002130706346,2.9464844367966223,3.1297993395551797,20386997.6
29,1991,2.784107294997867,2.937061971616929,3.106705460583017,20404504.62
29,1992,2.800690303816314,2.953900629884421,3.1186692639502085,20642562.49
29,1993,2.7922590804129968,2.9644611856964485,3.124746525706958,20480323.89
29,1994,2.792055007936926,2.9650911354814893,3.119502916242987,20410257.2134
29,1995,2.7810244102534663,2.9562241620395318,3.1350289107864255,21271251.6259
29,1996,2.779667471053835,2.9544111210363844,3.1413856227849335,21882944.8591
29,1997,2.792350206261541,2.9797319680395686,3.152839887860894,21539530.8874
29,1998,2.7995235791729387,2.9653101549344125,3.13448741488038,20678144.7049
29,1999,2.784533992177144,2.984312381308068,3.1271187911560037,20610088.074
29,2000,2.773951861148518,2.9703831033958155,3.133699117551632,21140415.2771
29,2001,2.7720511969233392,2.9801668037645737,3.1650877089104377,21834432.8325
29,2002,2.7714482706709678,2.9704011917919613,3.164679264011638,21245539.7166
29,2003,2.751153409712616,2.9841459252281215,3.1215064600559446,21972781.2731
29,2004,2.754858597208807,2.993030884992764,3.106850584570486,21727692.8315
29,2005,2.770994953744413,2.98041304737979,3.133502949645971,22259867.956
29,2006,2.7656119487796165,2.9904424918616463,3.1367219300418863,23240390.1245
29,2007,2.7760995196214986,2.994828546141644,3.1402438582414414,23029949.0225
29,2008,2.761499337195984,2.986104739875964,3.1272570235583386,22164368.5126
29,2009,2.7512557423234214,2.981889241382417,3.1185677323541716,21295311.532300003
29,2010,2.758379122662918,2.9763831515895633,3.110411039930421,21525247.7035
29,2011,2.757813845488055,2.9901112773117355,3.1467078751774764,20729192.542099997
29,2012,2.7508892667192026,2.978821198858787,3.1114118894713547,20424107.930200003
29,2013,2.75575031830484,2.9753251379593397,3.122492770017777,20289501.8683
29,2014,2.759665776292019,2.9876416463237954,3.1277326470432025,20860611.484899998
29,2015,2.766892711422073,2.9760077216061793,3.105883466770424,20841853.025999997
29,2016,2.755732825911138,2.9902159614042496,3.1317203185578455,21510786.2748
29,2017,2.761477886578484,3.0056341194781506,3.1405807532056937,20567666.711400002
29,2018,2.7717555728137433,2.984278181075816,3.1377107075397457,20857450.4329
29,2019,2.766298885327537,2.997038670786547,3.133241445645131,20554610.357699998
29,2020,2.7504134308193118,3.0002616731592617,3.1485313132681645,19460127.4864
29,2021,2.7605440970249635,2.99422371675881,3.195172243114374,19591988.089
29,2022,2.7674354649346493,2.9824512758465467,3.222022704073688,20683424.3843
29,2023,2.764773857492673,2.9994301396057654,3.1961554195807067,20941953.3314
29,2024,2.7547337201675752,2.984413320081012,3.195360779477239,20909911.6044
29,2025,2.7552480476799186,2.9963784554950585,3.1683178725479695,19336173.8894
29,2026,2.760467598075085,2.9774542610981953,3.214627749223872,3453236.8334999997
30,1976,2.7637666672654446,2.930996598019072,3.170597188357006,32123661.21
30,1977,2.74979704530721,2.928669264854894,3.1719846589288845,17810127.88
30,1978,2.7490287934806465,2.908863730027904,3.2461135547664006,2760406.05
30,1979,2.7329795681196507,2.924693084286178,3.229714339046542,2810503.2
30,1980,2.744369422485755,2.9241279932922453,3.23701108157125,2756650.09
30,1981,2.7652884229793226,2.927589654528573,3.202507255495745,2919934.61
30,1982,2.7462383147040836,2.9361990295296385,3.155642163053204,2780030.26
30,1983,2.7196326490012654,2.9215608649110023,3.165822926266425,2863789.1899999995
30,1984,2.7261141004540184,2.9341203779116447,3.172629680906902,3055151.0700000003
30,1985,2.692131341055287,2.9321429450457273,3.121774370976973,2967588.38
30,1986,2.6862077866837337,2.9218649669198493,3.0957585502119995,2945751.67
30,1987,2.7010459087079455,2.92658861084591,3.111836543977078,2902933.29
30,1988,2.710248392749224,2.9292927263422865,3.1137062940524283,2881015.1
30,1989,2.7264076810283675,2.9190476304427864,3.1328362677882176,2865212.42
30,1990,2.706020206279791,2.9269255523241764,3.127484247590715,2870151.57
30,1991,2.6898680349658006,2.931280114113324,3.1135034321690913,2866030.7399999998
30,1992,2.7026028957469,2.940193379139274,3.1193273872410794,3008719.9399999995
30,1993,2.6991953712648424,2.934429428257526,3.112212803108337,3046485.76
30,1994,2.701079333751679,2.947525639539342,3.1137904932854203,3159544.9787000003
30,1995,2.7150356464368137,2.9312533909696192,3.1516977276127824,3206264.5779
30,1996,2.7131349597488628,2.9309814172799853,3.1437132112600525,3260231.1632000003
30,1997,2.706295823022036,2.939302290551899,3.131783537997728,3387303.0193999996
30,1998,2.714819038830379,2.930803842817383,3.14772809046964,3372693.4285000004
30,1999,2.7279566639334614,2.950692260392853,3.1895382251284583,3408085.8319
30,2000,2.7343365417560896,2.935442503519166,3.1919276731948973,3541586.5759999994
30,2001,2.706772089811546,2.933589586248728,3.1666569869818506,3347613.9635
30,2002,2.7166378511357574,2.9571392288449148,3.176916015860398,3294085.4657
30,2003,2.7217762921582613,2.9669541223813596,3.1459646210390786,3390277.3540999996
30,2004,2.6976463279687364,2.9692011237905063,3.160171001501512,3553926.0470000003
30,2005,2.689502352489672,2.957363605029412,3.144644334001396,3681440.7332
30,2006,2.717746614591937,2.963276645140968,3.1591812750569486,3709466.5203
30,2007,2.7227446172691967,2.9742369738880545,3.1276874449204284,3737420.3422999997
30,2008,2.721644872936139,2.976633091224618,3.1499630756326,3628850.2782000005
30,2009,2.7082397558589038,2.965354624411942,3.1235376632220797,3418664.4455999997
30,2010,2.6975674132941063,2.9733123697553343,3.1307113586141484,3336196.6050000004
30,2011,2.7021113478205825,2.9539361387472516,3.095021305200791,3478465.7431
30,2012,2.7108309647121103,2.96505584928829,3.1200303420176017,3484252.603
30,2013,2.726735923986502,2.9553023072277873,3.1399079133387406,3405193.9622
30,2014,2.710097187521343,2.954488788172027,3.143661193681847,3716860.6618000004
30,2015,2.7012395206150175,2.969640147073697,3.1526539911389517,3526076.2292
30,2016,2.706209058135837,2.969037351609077,3.1406742495572417,3513424.9133
30,2017,2.6911880694123704,2.977271413108054,3.1293640580706303,3517232.5503000002
30,2018,2.7153232263318654,2.970838507784444,3.131319183924103,3617322.2763
30,2019,2.7173760948302466,2.967880011754289,3.172284686998028,3643612.9002
30,2020,2.7047831116832017,2.9776049018408646,3.1622019734378366,3407581.6311999997
30,2021,2.699066492736077,2.987779255670539,3.154120491573739,3647773.1583000002
30,2022,2.717335144428632,2.983267086971588,3.1851012219833392,3752050.9828000003
30,2023,2.73151664230868,2.991372942924472,3.200447965753858,3736069.7012000005
30,2024,2.7352440582856454,2.9928050983040264,3.1752032788214004,3681090.2114000004
30,2025,2.708005258322177,2.9877570344309388,3.1235850146607254,3366596.8854
30,2026,2.6779378440715225,2.970290266624852,3.106484750524302,635041.2919
31,1977,2.771318605404079,2.9099642867659097,3.197976019476006,2964722.69
31,1978,2.780323237606951,2.9191975815118942,3.1980385408907033,6104395.35
31,1979,2.780980600721047,2.931979580539248,3.2036198570554704,6101788.140000001
31,1980,2.7736336616014228,2.9195145818805273,3.1860570739786285,5925907.05
31,1981,2.7652447990622586,2.927795805211953,3.1643785302618515,6024737.279999999
31,1982,2.7406530900985766,2.9236426780397164,3.1304473716943773,5749454.0
31,1983,2.727821979074261,2.9265602382988947,3.1438246360973388,6025203.79
31,1984,2.7629949213202605,2.9322307167252677,3.1528833007099744,6085114.21
31,1985,2.7583575444105315,2.9202197774774414,3.120672638064792,6278040.62
31,1986,2.756586519958844,2.9208713016992336,3.1096234414760713,6422767.970000001
31,1987,2.762656449664649,2.932224733461626,3.1198427694471125,6181110.23
31,1988,2.7672681198398474,2.9469117851910536,3.134775002660853,6295029.949999999
31,1989,2.777758610160485,2.9395907872731573,3.1019974223650175,6271975.15
31,1990,2.7703375654577425,2.938265030847113,3.1379937445276416,6256490.52
31,1991,2.7565006789059656,2.943513054852982,3.1268210461611647,6213153.97
31,1992,2.756350380717565,2.9515685993086023,3.1109979319335195,6506147.59
31,1993,2.745346444474506,2.94533864666029,3.084955888921322,6793571.21
31,1994,2.742611707109002,2.9380341120277267,3.089797126798142,6518125.514
31,1995,2.752150342970333,2.956936737308469,3.111979250470404,6540172.4175
31,1996,2.7685943826527564,2.9400629263888534,3.11101805426703,6628555.912599999
31,1997,2.7821725628180407,2.944635220323938,3.124678426088686,6682462.3247
31,1998,2.7658281791327304,2.938941715284137,3.117816680818399,6767473.674500001
31,1999,2.7766594062629593,2.958077296127776,3.147268963093972,6711515.1694
31,2000,2.7693634400339135,2.9603228706477975,3.137052028426376,6774799.446400001
31,2001,2.7606127698091303,2.9549326980765214,3.1070760467907066,6801956.8492
31,2002,2.7479619799383057,2.964647569593161,3.122177436396394,6851334.9312
31,2003,2.757021487503751,2.9973013535651716,3.112565700839181,7128270.1713
31,2004,2.758321626219569,2.982221123095316,3.119177000429376,7150388.8271
31,2005,2.7819695694355837,2.9760803276327237,3.1192250729483657,7252364.7593
31,2006,2.7936225933917815,2.9840939775662383,3.1120839606819963,7219283.8486
31,2007,2.7870662316514965,2.9733967968550856,3.0916736762244423,7107419.992000001
31,2008,2.780732937687048,2.973721023836042,3.117639362340711,7110303.7375
31,2009,2.80772458352034,2.966648158017957,3.1172025155993546,6963397.2227
31,2010,2.806734417456823,2.978235677418743,3.116980530185511,6632482.032500001
31,2011,2.800381136726403,2.982408956204513,3.1176698248053105,6893956.9451
31,2012,2.8221366537157655,2.9644896750782426,3.142577401023336,7132580.0413999995
31,2013,2.818377248559148,2.972734491917054,3.1498342807415116,7077278.3166000005
31,2014,2.8061011565138285,2.9683620246537092,3.1543310598919856,7193225.0981
31,2015,2.792682293147033,2.9708201508074987,3.1577641182636738,7036404.268
31,2016,2.788590272162088,2.9569174163081637,3.17428954219632,7024291.9578
31,2017,2.787609391551682,2.9879474943218147,3.181810904540425,6926213.7013
31,2018,2.7868101229231192,2.99080090267514,3.1805981652437847,7167900.1072
31,2019,2.7912917519733558,2.974815222742286,3.1702751885909017,7172584.2695
31,2020,2.8170558909678376,2.988314238815524,3.1980999150576594,6690666.8286999995
31,2021,2.806654666268738,2.9920199288570553,3.1746144473390014,6712213.272600001
31,2022,2.8099514930115825,3.0006775396874645,3.195551571770842,6823493.5915
31,2023,2.8380674009329154,2.99005843320025,3.155622085874711,6831799.510799998
31,2024,2.815616146953797,3.0029049054507215,3.1503861979772085,6972652.241699999
31,2025,2.7920341325737845,3.003324617853149,3.1531922650581046,6480198.5086
31,2026,2.750601685439103,3.0061164720544906,3.083635221314586,1164579.8407
32,1977,2.678834008812698,2.898600985830648,3.110908312467913,1295419.33
32,1978,2.6447953573543055,2.886620241512589,3.125794214527161,2732812.4
32,1979,2.6498036100912183,2.8890989225071784,3.1105041766728525,2913650.84
32,1980,2.6398404556194226,2.893904212339681,3.073166577209368,3098357.87
32,1981,2.653619521671285,2.9050667570958164,3.080726345929279,3180161.42
32,1982,2.647463496658949,2.8954267424010727,3.048609737858557,3630695.98
32,1983,2.6455615400591985,2.920380582979456,3.038705303769769,3940038.92
32,1984,2.6618716981313746,2.9168399875127156,3.0613023317569916,4008665.9
32,1985,2.649582711355015,2.908282782417573,3.016845851115691,4190674.4099999997
32,1986,2.6613541465181543,2.9169718292706035,3.0028655026351405,4386772.62
32,1987,2.6833429681231635,2.9245014719725706,3.0283249328498676,4599520.44
32,1988,2.7043279370094395,2.924643962890202,3.0744014461813864,4767688.49
32,1989,2.700426678814617,2.952463003871116,3.0894880442993045,4991434.5
32,1990,2.6981729918607344,2.9466238148845636,3.061784734911034,5423313.13
32,1991,2.664327119204295,2.944683114111936,3.0471764530964762,5460902.53
32,1992,2.656785194403109,2.9340655229505552,3.028403057983991,5673793.77
32,1993,2.6764723685782617,2.9385739415266072,3.054907771842218,5805453.84
32,1994,2.6861321224956938,2.9240424522533828,3.0565629410323414,6326569.8865
32,1995,2.6531712350977887,2.9390416664638055,3.069033720564528,6423953.4479
32,1996,2.670966310377173,2.962685536413735,3.067058695167656,6552782.7151
32,1997,2.6823026265703653,2.928527532921723,3.083764421461797,6946467.938999999
32,1998,2.6724194423724756,2.9321352008053867,3.0993925113589427,7406106.395500001
32,1999,2.6720793944396317,2.9260509054205497,3.0946939007321754,7528523.565300001
32,2000,2.6762012116972187,2.9298452256808503,3.0812635880560406,8566702.9504
32,2001,2.675105181095813,2.9373490065760826,3.0901370441237646,8524700.2212
32,2002,2.680193115391914,2.937925025832827,3.1258313321936,8537696.5163
32,2003,2.7317530495945306,2.9399892549436313,3.0836518361450103,8857966.397000002
32,2004,2.7158871007688714,2.9527031285782472,3.0672282550220435,9671215.9548
32,2005,2.714430867688306,2.9542657347828065,3.0925670939586456,10248679.5756
32,2006,2.7195013934122727,2.9537844856457833,3.105731571207794,10733849.8518
32,2007,2.71544907527549,2.961386445671728,3.090931747644423,10710111.1789
32,2008,2.712919973670209,2.9565200766312816,3.0897994446049273,10572500.8515
32,2009,2.713639276744252,2.9475920608308117,3.063514285309629,9475158.092699999
32,2010,2.7133717072000962,2.9243665889839017,3.053708324854019,9143270.743099999
32,2011,2.7020567291432513,2.909057650393399,3.0420520864294316,9558932.6763
32,2012,2.716173551516119,2.9243922702947978,3.041131861774752,9937578.4116
32,2013,2.7117297439453227,2.9199423117214116,3.0685367268864425,10213706.578200001
32,2014,2.7168041419218905,2.9244584088992442,3.0690338683544054,10404724.8313
32,2015,2.7312989542973756,2.9431442680090245,3.094093257312662,10642464.684
32,2016,2.746608753463559,2.9632113413108088,3.1055256907726547,10708716.0025
32,2017,2.7441393280771393,2.951121695023861,3.137649593317717,11233016.2418
32,2018,2.7479960419312426,2.9342063160641443,3.13205213319697,12173761.4848
32,2019,2.722985943279366,2.956169793587573,3.095505608005779,11988760.7685
32,2020,2.7235926803827475,3.0026046792620855,3.163996311274019,9757860.9634
32,2021,2.7302851611954213,2.9661067084864983,3.177618164296448,10794696.3967
32,2022,2.7429427312570573,2.9474187894602695,3.1472894713693234,11380759.1659
32,2023,2.740630693501129,2.960256849091284,3.157682941975103,11758294.907399997
32,2024,2.7293698256064323,2.953713610493806,3.1533563061094583,11258731.855800001
32,2025,2.7281800623074903,2.9432974151126814,3.1533760354082254,10878452.553
32,2026,2.7351140675775523,2.9502369953928325,3.130936837391984,1944723.5088
33,1977,2.876364551900127,2.9217546782878645,3.2247718548618893,1641966.75
33,1978,2.8770407900338872,2.9399498754986397,3.2075200427338673,3451131.46
33,1979,2.8911328559868377,2.9443237541906844,3.208179266997735,3580647.6599999997
33,1980,2.8549180540868013,2.9244563509010284,3.1611497008105505,3543280.6899999995
33,1981,2.870172989867525,2.9262189873864535,3.1803473517635044,3687268.65
33,1982,2.8407887408500376,2.9320032803290874,3.169583946457692,3511984.31
33,1983,2.813126171332032,2.9382725914179084,3.1192840661906214,4012657.2300000004
33,1984,2.8204063584722783,2.9442691159784657,3.1374632485961027,4133496.8100000005
33,1985,2.82296548890841,2.965354745801942,3.15382303312334,4427759.430000001
33,1986,2.8152233366172315,2.9757584678252247,3.1690439900998073,4582800.090000001
33,1987,2.837204663197281,2.9823679241046044,3.177878805798054,4711407.69
33,1988,2.8145297111498238,2.9876776927497284,3.167278662695877,4736315.039999999
33,1989,2.804382247085321,2.980569317082005,3.147664056077256,4851292.07
33,1990,2.796244508979814,2.9637575999671233,3.1250203623774575,4614797.46
33,1991,2.785851350967243,2.9543008222344374,3.0941816376525066,4450811.66
33,1992,2.7814577510519682,2.9535465434473527,3.0792756856199253,4258549.699999999
33,1993,2.789888292846092,2.96229171414349,3.0948225485184016,4429005.23
33,1994,2.792483666439116,2.9732041986990194,3.1204369270401617,4454313.0699000005
33,1995,2.7905204566786055,2.963642455961863,3.114658687822816,4565137.2581
33,1996,2.8151327136077438,2.9721437113151983,3.1415433223903606,4592903.468699999
33,1997,2.816131243328709,2.9784422556655015,3.14658862793073,4814185.8133000005
33,1998,2.808105835306684,2.9583117014978795,3.140512356222224,4729476.7784
33,1999,2.7868228336274217,2.9663834102994513,3.118894626641972,4773776.1971
33,2000,2.7754632130905303,2.95450059117162,3.120807320933883,4931361.1137
33,2001,2.7751963995828732,2.9585685672770996,3.1379543106937,4956587.829600001
33,2002,2.776771346724456,2.9667404227968905,3.142928640826962,5105216.3467
33,2003,2.7621779359438436,2.9939026989478923,3.1231557184268084,4907023.463699999
33,2004,2.7611563713311305,2.9949128839957257,3.122736965871953,4993238.304
33,2005,2.7436494994576197,3.016296701633502,3.096712384717048,5038444.2675
33,2006,2.7443927439704736,3.0035119451481287,3.1107984407388645,5020296.1361
33,2007,2.7515284270517895,2.999187580266056,3.1294138930528814,5001306.974400001
33,2008,2.7600564932621663,2.995135805738627,3.110658603189351,5073473.0035
33,2009,2.7293838315412176,2.9945671123672337,3.0845917420619386,4842794.9681
33,2010,2.73419875503671,2.994768958391519,3.093029486554438,4824755.579
33,2011,2.741133904233792,2.9874179171688926,3.107090277159891,4726224.3014
33,2012,2.727164698598414,2.9907758716477058,3.090873244531863,4605061.6776
33,2013,2.736813048308751,2.9960833612756907,3.088364465126971,4625041.6808
33,2014,2.7446293733086886,2.9846357350565236,3.1161865928115295,4864424.5855
33,2015,2.737106727166704,2.9805655752138533,3.1003470760597125,4909768.3009
33,2016,2.7442428406894614,2.999546504866936,3.124875302398524,4914765.1548
33,2017,2.758979645036592,2.975493144430154,3.145224124135538,4917655.7131
33,2018,2.7648181934309415,3.0032070151770776,3.1471640659645024,4883957.9374
33,2019,2.7531595250565655,3.00539014126636,3.1255910528977773,4981811.051
33,2020,2.7651393583370676,2.9970070496233636,3.132856918657151,4567676.264300001
33,2021,2.760783196451409,3.0059394135563338,3.109120593424253,4531424.3747000005
33,2022,2.752146541197174,3.0123083077524155,3.130874148035273,4641839.1668
33,2023,2.7400522076180907,2.9954715887236305,3.127814673000067,4575582.7599
33,2024,2.7409052525965802,2.9923373590729128,3.1606767950354437,4336811.1331
33,2025,2.744157872933253,2.973910143556941,3.1697871820685983,4213827.0614
33,2026,2.7066762452282043,3.0316970271016617,3.140345864090277,775171.4861000001
34,1976,2.8494627212354984,2.9326412902815258,3.140966365202134,24138680.14
34,1977,2.858418872483191,2.9312002219526936,3.152304033612923,25185936.71
34,1978,2.8503063588927278,2.9372183802720313,3.1330507404214876,25986466.61
34,1979,2.853923503430509,2.953722945691955,3.1278040845019257,26941879.540000003
34,1980,2.8469754164560026,2.961346995509826,3.1075633369124787,27181121.37
34,1981,2.8494256503711757,2.95676692659257,3.1213357492432388,26704209.479999997
34,1982,2.8281167200185755,2.9470239015628437,3.0997919251748836,25902905.92
34,1983,2.827646943605269,2.972469436413139,3.0964390770684362,27469250.61
34,1984,2.8230230569979207,2.967909655857029,3.07692997803647,28584028.709999997
34,1985,2.814310788196823,2.9882849078996174,3.069080912078091,29534934.63
34,1986,2.8008658346989415,2.990777880715143,3.077109141407214,30064382.8
34,1987,2.7913491497122433,2.9927032738512924,3.0678060813188535,30430220.57
34,1988,2.795048840560938,2.9902987556845138,3.0876134379080593,30006350.3
34,1989,2.7934189936179794,2.9874325577531278,3.081752496203197,29324626.759999998
34,1990,2.7850698722684615,2.987472714795961,3.085692289463652,29503867.9
34,1991,2.7879378720482393,2.9902334085686215,3.0661659218978423,28634485.860000003
34,1992,2.775605726573233,2.992166215255105,3.048120388866989,27593993.479999997
34,1993,2.7674217272006665,2.99098257214129,3.0401070338630474,27354671.8
34,1994,2.781962758762504,2.995285876278539,3.0612466927292123,27714673.206
34,1995,2.7806380044902683,2.9798092670117504,3.0771989513072318,27754507.050899997
34,1996,2.771428418028255,2.987450734765749,3.0576834702833753,28616111.1593
34,1997,2.7758233850994762,2.98142619676701,3.053249518434653,29439137.1444
34,1998,2.770597447716142,2.989181356745025,3.0704566857616222,28834936.450100005
34,1999,2.770349571170437,2.984022846098864,3.0790984308814866,29721744.9226
34,2000,2.752535756966126,2.9951066370554518,3.061049146669027,30421873.3209
34,2001,2.744288136571206,2.9908023381625948,3.06213645100421,29500145.5903
34,2002,2.7379620839023078,2.9891156691289678,3.0897686588458755,29635118.4903
34,2003,2.7390912051504186,3.0108828294649297,3.044940581933023,29603905.2059
34,2004,2.743041151755922,2.999459866740343,3.0590527495331177,30079587.661
34,2005,2.746760822183622,3.011030849199526,3.0912172994671976,30255474.9288
34,2006,2.746024268513014,3.0149567539836664,3.090903050292863,29734496.694000002
34,2007,2.724919051949669,3.0270933788007026,3.0724632884157916,29969446.930600002
34,2008,2.7272329617536046,3.0092190481191956,3.0555001819188696,29611139.4753
34,2009,2.7415139404128053,3.0091724975134295,3.0324741614192385,28410775.8671
34,2010,2.7447467064278546,3.0049346640428474,3.0595346399558414,28345929.0423
34,2011,2.744840112308953,3.0088095947157694,3.085870017271326,28669046.4989
34,2012,2.7391025325923737,2.990998909151691,3.074393187054755,27724464.0168
34,2013,2.736919983912068,2.979453007977709,3.071744418959069,28568503.6514
34,2014,2.7184822034797347,2.980125780232101,3.0927467351448925,28603974.9362
34,2015,2.7340774024698353,2.9838408024641287,3.099220099219148,27493403.242
34,2016,2.725072775063033,2.995954960938409,3.088344691928765,27462024.194
34,2017,2.729046369292157,3.010419053971878,3.076829392964706,27120165.2646
34,2018,2.715817862988649,3.002304153333863,3.090731515919915,27346496.3384
34,2019,2.716983591187063,3.01762383955735,3.1155885735494295,27839417.9248
34,2020,2.7355791526409936,3.0288880244156537,3.1084857373814714,24712063.2649
34,2021,2.7439272597810556,3.0211617985728942,3.1334599310051874,24804267.3728
34,2022,2.744066342333136,2.992603033418395,3.130511265421493,27929378.2919
34,2023,2.7472065070481215,3.001637124096254,3.1438262180430776,27152659.1138
34,2024,2.7375252612768546,2.999027239199081,3.1299961625770916,26507206.995300002
34,2025,2.718023637401635,2.9690602674170123,3.0963567259655522,24478644.749700002
34,2026,2.7348787931047225,2.968083206286302,3.0881027367032257,4542311.4611
35,1977,2.749437749176254,2.937132820704779,3.172842820154723,1717029.6099999999
35,1978,2.7682426206950743,2.9324894231034166,3.1711872854051832,3826306.4499999997
35,1979,2.766542731897412,2.948954066662433,3.1781225204893118,3811240.87
35,1980,2.7848250530767054,2.9427520581132525,3.175953560635579,3808423.0500000003
35,1981,2.7836148816859305,2.953139206065879,3.158151230217374,4044541.87
35,1982,2.7602621085516437,2.9487549211263664,3.119926364397032,3900423.2199999997
35,1983,2.743247144342618,2.950798677135356,3.1600866491335022,4251015.28
35,1984,2.7363988965759263,2.9536375723203903,3.1424129514455497,4524253.43
35,1985,2.7287207097028054,2.9666505529419935,3.132448627450693,4617444.37
35,1986,2.7189564623586393,2.9570031731262714,3.100477411743709,4807360.78
35,1987,2.7052378218234088,2.9598829457698663,3.123082439489671,4900582.84
35,1988,2.721651800377628,2.9599364158171104,3.142583680909916,5041388.55
35,1989,2.752688361098403,2.933395096487674,3.141761093179384,5209436.13
35,1990,2.76574124196902,2.9403202178968946,3.159176124082778,5257679.92
35,1991,2.7302381969734593,2.952091001850528,3.140191450995122,5322050.19
35,1992,2.7357714157663136,2.9515756871983436,3.1467730116014185,5337724.69
35,1993,2.7326542220194847,2.9652751127761854,3.118317592401337,5198316.71
35,1994,2.7329659401906397,2.959901387592571,3.132768026338735,5391034.7908
35,1995,2.729312234471723,2.9632109353432403,3.1446925927099327,5519381.8848
35,1996,2.719521143852331,2.964858036470077,3.1511236346927847,5412446.2014
35,1997,2.7078198021007154,2.9516729412192375,3.13300501974217,5736979.545
35,1998,2.7442646226776124,2.9517621217967,3.181689719646955,5908213.176700001
35,1999,2.7389732084611875,2.981224254515664,3.1528465017196265,5702814.9397
35,2000,2.7328505912753522,2.9677483139318515,3.125366695790369,6102154.9414
35,2001,2.715056219836427,2.9798646136652636,3.140565853870256,6326757.190099999
35,2002,2.7247240311349485,2.9878104285921254,3.1610019041425645,6338010.6113
35,2003,2.726513584735368,2.977362627861421,3.1609760606051123,6323018.708400001
35,2004,2.7085142051048106,2.9976002624755296,3.138482812363572,6340900.6645
35,2005,2.73382225220656,3.0073481827710298,3.15946856059121,6615140.0361
35,2006,2.7306016058729248,2.9999836298173483,3.1545921519708537,6663704.9797
35,2007,2.718861498511231,3.007023606357125,3.1335457417056527,6785432.2618
35,2008,2.7257461544068233,3.0219320755449512,3.1035122432531304,6775440.419
35,2009,2.735194307879638,3.018238409333114,3.0897735843252696,6437947.5326
35,2010,2.7415391711380797,3.0114681535470527,3.123185410143602,6007775.1859
35,2011,2.7260452398220605,2.9932905966303562,3.111886745818069,5773553.0063000005
35,2012,2.667194008521858,2.9748466746290307,3.079542616349987,5876029.0998
35,2013,2.683628597186528,2.9808623647919354,3.057120710865209,5880361.5934
35,2014,2.735237179438371,2.9827158849226048,3.0907987507671213,6030627.7091
35,2015,2.7139176545301393,2.988052043407681,3.1077447764281905,6299198.5381000005
35,2016,2.6910538490127487,2.9697291020700787,3.122252574202015,6430935.2347
35,2017,2.692443443788342,2.9687492346114563,3.1159791240577,6399846.1232
35,2018,2.7087877712669104,2.9729599838830802,3.140908723012564,6459479.5814
35,2019,2.7273445743830864,2.99096222228788,3.1465104333345533,6656315.6088000005
35,2020,2.7409806203962273,3.0155563531570686,3.1505192080202917,5715239.817000001
35,2021,2.7038177989167873,3.0061624767077366,3.1114398659360063,6190613.3246
35,2022,2.729466205173227,3.0086729489289157,3.162611912886925,6149962.786599999
35,2023,2.7307113329931254,3.017855388474094,3.139309607625385,6177480.462599999
35,2024,2.7202260571835852,3.002842419156827,3.1163420708294867,6288110.0635
35,2025,2.725292000828296,3.0080428803016463,3.1520606880900206,5855268.982
35,2026,2.71426359143718,2.9915064879913946,3.1546628356318194,1003818.7221
36,1976,2.8244237222050033,2.930269735994111,3.1003359781709205,52998843.43
36,1977,2.8238630791379444,2.9331868601616486,3.0984150356174784,55032898.45
36,1978,2.8237066501853727,2.935322043724362,3.0918175348223493,59358948.17
36,1979,2.825633695760788,2.9382055241529343,3.090472275027382,60282724.75
36,1980,2.8184726282589803,2.937731941109358,3.067940662507509,61092878.46000001
36,1981,2.8103076891546004,2.945125282892021,3.060756048221152,60307560.66
36,1982,2.8029949541032133,2.948826648636378,3.062452894391681,57815731.53
36,1983,2.78727649515734,2.9567065947960267,3.0585304692431556,59963533.56
36,1984,2.7863550228049214,2.9660202204304404,3.053282732513031,60689955.1
36,1985,2.7851809083535497,2.971949327222262,3.054452411168842,62231599.32000001
36,1986,2.779194002689793,2.9741101744757295,3.0505428843794635,62692033.480000004
36,1987,2.7757927688344415,2.980265282582485,3.053864429222497,63641071.05
36,1988,2.77151853813949,2.9871021040961527,3.069836613151741,63426320.54
36,1989,2.7754967777498876,2.9797972112376283,3.0673424021996087,63437734.260000005
36,1990,2.771312716416769,2.978006130058985,3.0636752785233288,64480314.47
36,1991,2.7653464873052838,2.984862752310219,3.0556447174415697,61641446.98
36,1992,2.7602502820337618,2.9798190444152426,3.0559307522316237,59040090.28
36,1993,2.7595135853742514,2.9730047447618233,3.048349672803515,59798972.99000001
36,1994,2.7601710649499394,2.9761685117691132,3.0491895327305856,60146704.615100004
36,1995,2.753115032647071,2.9676336900400355,3.050436017878126,59263670.1172
36,1996,2.753743084326366,2.9703627289826637,3.0468765713068504,59616725.8131
36,1997,2.7542811649875696,2.9687213231522067,3.063906103656402,61310734.2241
36,1998,2.7407393045163437,2.9653694056354234,3.064697415752732,62072278.1651
36,1999,2.7432268902765444,2.9750809903792095,3.0669581413866718,61221173.5537
36,2000,2.7372902845839118,2.979259596645865,3.0706202129072255,65270954.4156
36,2001,2.7380118972103165,2.978201809511078,3.0922054605076537,62780933.8467
36,2002,2.7415066149286913,2.968588712156168,3.080908868699691,62911130.36669999
36,2003,2.7369590972604914,2.9906930239495177,3.0672969580765868,65356860.336799994
36,2004,2.727781758365436,2.9958877314112256,3.0631820220084918,66008797.4396
36,2005,2.717762275202849,2.9945988959641414,3.066814016525255,66546407.7082
36,2006,2.7213733062491974,3.004667481199059,3.0618908415593076,66022966.6086
36,2007,2.7122010896294317,3.001630766566968,3.077680178201309,66148631.1837
36,2008,2.707592928380976,2.999521571461188,3.0561259886309267,65814539.643999994
36,2009,2.698861552352746,3.0025927936657415,3.0686857838587582,64880749.0857
36,2010,2.7040642621595197,2.9922086899037588,3.045683646341748,63188258.8586
36,2011,2.708564227433081,2.981178001169656,3.0593886912011214,60031927.723299995
36,2012,2.702108517270018,2.988231465518311,3.046146460070611,60856243.4735
36,2013,2.697312711233107,2.9813928689203415,3.0532340161320404,60980715.0961
36,2014,2.7056759977366784,2.9971020835647337,3.0596600805853704,60648526.0003
36,2015,2.701996127137396,3.0000184339346077,3.0636648434392186,62093764.202700004
36,2016,2.7105780972494253,2.991311765163519,3.061368483343798,61488179.6875
36,2017,2.698570418496831,3.000628300763522,3.0663542928709107,61634204.3268
36,2018,2.688833392030944,2.9972791746428418,3.0911798478144696,61689200.0479
36,2019,2.7061103009962535,2.9978646074962785,3.1024837586020264,59740623.5475
36,2020,2.7144813294193266,3.024274468204781,3.095362552215502,51388402.121599995
36,2021,2.711577617000197,3.0049824774941922,3.0991637577408797,53705490.5115
36,2022,2.7174511159254746,3.0085039111395666,3.1105872039013995,56474847.7096
36,2023,2.705889385102846,2.9911533809697777,3.1058200350469973,57530338.6403
36,2024,2.6989850928910863,3.0040911219794713,3.116197292882946,56705672.645600006
36,2025,2.6982854313659055,3.0185981385740313,3.09175363840113,55111850.946899995
36,2026,2.707943955893013,3.00537227613031,3.081543336272591,10145822.359900001
37,1976,2.8735794779211186,2.9283223955173536,3.2465920008632034,49897984.059999995
37,1977,2.893059866456783,2.9171025480003197,3.261522572575567,36501247.45
37,1978,2.928899508625131,2.9025232382296946,3.3063423291079337,22261154.07
37,1979,2.9196725012609113,2.8978109948123443,3.278653769510443,22293235.630000003
37,1980,2.8902471929956013,2.909981670970153,3.2508000344272507,21987775.51
37,1981,2.902724961259659,2.9099345353617636,3.248409262428935,22112674.900000002
37,1982,2.896977939417191,2.913274972658545,3.242650359028025,21698685.01
37,1983,2.8785872113620994,2.9031832995067055,3.229374394781583,23341866.48
37,1984,2.8801530989210535,2.9039400968788027,3.2412557981267467,24734403.1
37,1985,2.8622426193501638,2.9231280649807054,3.2085034401185086,25576898.949999996
37,1986,2.857744288568695,2.928758594190988,3.2191603829377664,26176892.15
37,1987,2.8722007305980166,2.9275205618126843,3.222551823960766,27546839.780000005
37,1988,2.8630872450497935,2.9333169240566397,3.2266051461787737,27612338.97
37,1989,2.861559503488507,2.9357944632153297,3.232384906758263,28143154.799999997
37,1990,2.8560882176196216,2.935873733695743,3.239289531297577,28401239.650000002
37,1991,2.8551350430972646,2.9329741179626616,3.2252458539524773,27996430.87
37,1992,2.8529801098795238,2.9289212828738442,3.2036157120456057,27986556.6
37,1993,2.8446924719597453,2.9342306653146992,3.191990825368253,28372344.04
37,1994,2.845186536512318,2.933529263454173,3.198489839404787,28047369.0994
37,1995,2.856346933203357,2.9388745488751415,3.2072014599818788,28393104.507500004
37,1996,2.8598406123246236,2.935893197277075,3.2384844507720754,29425220.147199996
37,1997,2.843458445143976,2.944351636824708,3.2236897124101564,30078973.768600002
37,1998,2.8333911455892804,2.9491370608793464,3.212894637206267,28917848.045499995
37,1999,2.8176117199354906,2.9489003163496026,3.2099716191221965,29315397.9927
37,2000,2.822751313994174,2.9564070207390563,3.238376849162347,31354113.5399
37,2001,2.809586097212485,2.952276483455075,3.241953649104318,30378574.8438
37,2002,2.800029832668775,2.955373872890105,3.20320097092316,29961437.9085
37,2003,2.7959805183864863,2.9763147145359907,3.2053628517755155,30747933.3686
37,2004,2.800758863344962,2.984509459672241,3.2000581061535076,30876531.112999998
37,2005,2.782922915702949,2.9908031680220355,3.2027407145481392,32230219.314799998
37,2006,2.7886422288025248,2.9927527691723337,3.203413649257456,33432980.680299997
37,2007,2.760828502805797,2.9957846884525394,3.1734279329355313,32513723.656500004
37,2008,2.747692980339038,2.994049954884813,3.173774460152947,32060128.340400003
37,2009,2.75022098476416,3.001849414619833,3.1466518985283085,29750691.360999994
37,2010,2.7540119836832884,2.9886464957645025,3.1389920053724722,29335677.228400007
37,2011,2.763773632974466,2.991011117091053,3.185499217336824,29738200.780200005
37,2012,2.7563919985506633,2.9801286717525866,3.12613709889933,31509939.6127
37,2013,2.7728434885661373,2.973337033066518,3.1664479391803284,31133340.1782
37,2014,2.7690007375182506,2.967709845762349,3.1712852492073904,31982747.0308
37,2015,2.7766619625997775,2.9632995543363587,3.202436595489654,32830044.5985
37,2016,2.757462983831007,2.975830408703413,3.174485441701552,33089670.048600003
37,2017,2.767667976515453,2.9950679557225697,3.1746235219810433,32917598.8909
37,2018,2.7666608417954652,3.0021528291941744,3.197960246354585,33545642.102900006
37,2019,2.757635216699766,2.9917003562748925,3.2029814113523725,34249217.845699996
37,2020,2.7643544060891094,2.9951223729454255,3.208122230276988,31870227.8521
37,2021,2.7770999162232273,2.991474907185495,3.2069300983104916,32641232.5754
37,2022,2.7648012404220927,2.9922942369146948,3.194622822965822,33131562.0953
37,2023,2.7815926494071035,2.988227892343052,3.2034830271357544,35362110.5348
37,2024,2.782009498059465,2.9968323472526417,3.231247880762266,34293676.539100006
37,2025,2.7546930897919526,2.9868545788712346,3.1879866875466902,32033252.753200002
37,2026,2.7385446936311033,2.990421043987916,3.213022130374476,5567090.468099999
38,1977,2.7099423318859714,2.909405305660856,3.252192391362064,1046176.1900000001
38,1978,2.7167992133741605,2.9243595384060956,3.214669389900208,2057261.67
38,1979,2.7005667540436145,2.909233696222909,3.190907229478908,2102826.6399999997
38,1980,2.7076135050098857,2.9218499950091745,3.1876429453445465,2171126.85
38,1981,2.698524275005131,2.9282979125975923,3.1792218468374176,2182593.39
38,1982,2.696237375039216,2.9099920175621503,3.143128299564606,2047527.51
38,1983,2.6705469613352197,2.924206071893037,3.122203581227785,2223726.58
38,1984,2.688455463240306,2.924835778389001,3.135307874260799,2342861.46
38,1985,2.6776279720119813,2.931604818260494,3.118372435259953,2481691.74
38,1986,2.6769010821765566,2.9338043259651156,3.1026720860381305,2438153.45
38,1987,2.6579765984309907,2.9236597670144686,3.0831149667146427,2356448.9499999997
38,1988,2.678717400342436,2.936372253013758,3.072984655493112,2293707.88
38,1989,2.6821295058416847,2.9458119030017644,3.085490423591244,2321721.37
38,1990,2.6906309902050243,2.936692144943613,3.0909317642533125,2280774.0
38,1991,2.703430015119627,2.933583166035913,3.081363488243039,2219533.48
38,1992,2.695515808106223,2.929358652111174,3.082143359111512,2226507.64
38,1993,2.6848939114949935,2.927108405634614,3.0742847418616015,2318186.17
38,1994,2.681811255623506,2.9416042988864466,3.093025080961093,2356149.1066
38,1995,2.6926950382699095,2.9458810494957635,3.0998221937958994,2422442.7693
38,1996,2.699292214570851,2.945427092355809,3.106998981336545,2474456.5248
38,1997,2.6950316506079752,2.9425809669763945,3.0899937533913575,2519717.9437
38,1998,2.7035211876498537,2.9431459246761773,3.1156390725841416,2470696.9858
38,1999,2.708994068656674,2.950312946664007,3.1462380109924597,2395299.4946
38,2000,2.725477385074077,2.9596536793478525,3.1301657050015614,2509663.4788
38,2001,2.722285850811148,2.955628112601501,3.121319602301461,2516691.4851
38,2002,2.7330488429629907,2.948048874998327,3.1576322543385045,2536246.9793000002
38,2003,2.7222664424264567,2.971034433693466,3.1110905402728335,2622754.2168999994
38,2004,2.7242945387818533,2.995561738092463,3.1238936621775317,2593070.3323
38,2005,2.729041593680768,2.9817410976786607,3.1169198442538786,2559171.0531
38,2006,2.7392445992868804,2.976076282169457,3.1075045136511323,2612590.9132000003
38,2007,2.7396368247928815,2.9840178895338783,3.1258579816586134,2694893.0984000005
38,2008,2.7268671859914573,2.978491034662576,3.111631821863679,2707444.8637
38,2009,2.727186027616369,2.971910305568502,3.1263766185934165,2573872.4503
38,2010,2.734819996949384,2.976911307129501,3.142642855168533,2625331.0746999998
38,2011,2.7322220810546787,2.9800134467486297,3.107805416538876,2640558.8395000002
38,2012,2.7370854853920425,2.984412088332664,3.1464406726816225,2676454.0439999998
38,2013,2.7540079788032377,2.98443539967314,3.1229294687703035,2791892.9078
38,2014,2.744317391242549,2.982694544690328,3.1432151739374,2962668.16
38,2015,2.7460094516296905,2.9642429024512724,3.173410967443266,2949697.1267999997
38,2016,2.730661046615011,2.9664292793386178,3.1699243084563253,3008019.5178
38,2017,2.74768578869373,2.96660769873013,3.213680303201619,2777722.0807000003
38,2018,2.7534406419870443,2.974796814047277,3.174050077569673,2793442.57
38,2019,2.7583902704857435,2.970385729254656,3.1736421138025284,2791312.1400999995
38,2020,2.754234136968211,2.9993466488947282,3.1890374574934754,2672134.6851
38,2021,2.7599962677394343,2.98273866110189,3.2076047809172645,2710409.6965
38,2022,2.773183762423411,2.979307335655185,3.188980676963241,2697875.4648
38,2023,2.7845897355092073,2.9897257101966774,3.2527756442063755,2707308.184
38,2024,2.776725839661192,2.965582851235677,3.2360621484505847,2826457.4058
38,2025,2.769967505766955,2.998418479776231,3.2085173820474493,2650111.1189
38,2026,2.715007925969305,2.9896303667067965,3.17095329380501,464726.66040000005
39,1976,2.9020409540177945,2.917035394273987,3.214283017681684,38603229.09
39,1977,2.885088164783523,2.915918057704375,3.205776480543624,39793538.01
39,1978,2.887520993003167,2.919687494284539,3.2098720757701944,40560358.92999999
39,1979,2.891396226658628,2.9252822770557545,3.2117502728284593,40781756.0
39,1980,2.8831926611028655,2.933152563345926,3.1866153888452806,39651483.9
39,1981,2.880025905105981,2.9320191326629867,3.1633350545574843,39484035.93
39,1982,2.860950882420991,2.930034660720676,3.13147796491712,36834104.31
39,1983,2.8469635171559613,2.9419094929554395,3.143247491167637,37834403.70999999
39,1984,2.8627499478246508,2.9363330127077227,3.1649025336288035,39204640.78
39,1985,2.8469714705011206,2.937389984664253,3.1518143270988017,39426422.64
39,1986,2.848464018549032,2.9440665098630134,3.148015607111864,40326693.93000001
39,1987,2.8474445050690274,2.9443407066974596,3.1602903002794824,41090994.64
39,1988,2.8426669862690495,2.948230867145104,3.169589693762506,41708409.09
39,1989,2.850284981359877,2.9456775570926976,3.160733341579508,42455523.77
39,1990,2.842222652906931,2.947009639389049,3.1625433444612763,42014349.16
39,1991,2.841588754173236,2.9478463461417124,3.1454975945629124,41220747.18
39,1992,2.8378756178860995,2.9534189568681333,3.1477520194107664,40829729.62
39,1993,2.8419189395040076,2.952362550601233,3.167090461361839,41311658.77
39,1994,2.8441705880946277,2.950056176890775,3.1514054305834716,42051846.8736
39,1995,2.819540846744137,2.937574378652243,3.144163656086038,42690380.055800006
39,1996,2.8163200107460953,2.9316448298053763,3.1419845097978767,42687533.736200005
39,1997,2.8267846269178403,2.9363237914002034,3.151402483784908,43019977.041600004
39,1998,2.8300026723520615,2.936427872539987,3.157873023197096,42648253.099
39,1999,2.829123199407417,2.953688091724482,3.1685118891554445,42515050.672800004
39,2000,2.8179709001870856,2.9519715812700915,3.1545693935016703,41680141.407400005
39,2001,2.811623538461536,2.9556714550310343,3.1460910685251537,42981396.615499996
39,2002,2.795312134255231,2.9497006960712966,3.139651818773276,43153606.163600005
39,2003,2.7911105245136234,2.963508079487483,3.115527229067788,43443593.764
39,2004,2.7912587701319147,2.955930069757903,3.1245851557897346,43024237.0454
39,2005,2.804402647887474,2.963360736787436,3.1372881491592115,44153855.886099994
39,2006,2.820015649556242,2.968965555927076,3.1637134075187485,44220525.55150001
39,2007,2.816509798348308,2.9655717212189883,3.163284350681886,43742130.607099995
39,2008,2.803523095962225,2.9714872648333484,3.136390276577304,42691476.1747
39,2009,2.7749143742304128,2.962160446426343,3.1172840486513276,40597051.7639
39,2010,2.783809049131183,2.970248574888827,3.117799242461338,40643525.5906
39,2011,2.80364174089203,2.9646793774993188,3.154240824311331,40241149.9009
39,2012,2.8034887018239694,2.9780100602531205,3.145108212199435,40401982.415199995
39,2013,2.802279982251218,2.961058871999882,3.158349496331401,39711709.39220001
39,2014,2.8022281404398,2.9689295475797937,3.148798789140291,39795691.51179999
39,2015,2.809780926770123,2.958075083320268,3.1534251977251393,38906063.9919
39,2016,2.8088938224661004,2.960638213513056,3.159178453954364,39384808.5978
39,2017,2.804632847704645,2.971649806882334,3.1713239382080682,39478813.522
39,2018,2.805151029285596,2.9838362852296214,3.1510109321852933,38883251.3088
39,2019,2.813880542489075,2.9720017923811715,3.164218388497574,38936369.516100004
39,2020,2.8228273463453473,2.9635338981743504,3.180020813142723,34900636.65450001
39,2021,2.8086239970350086,2.9652822577474587,3.1789326086590175,37202842.9445
39,2022,2.8203300767655106,2.955698617692394,3.18717431002043,37882060.811100006
39,2023,2.800723525283979,2.9680539192673177,3.18942560309138,36522434.836899996
39,2024,2.787863888842765,2.966916100908511,3.1931868213917487,37440976.736
39,2025,2.7722195473996525,2.9815258288330133,3.1701066503466024,35512168.6928
39,2026,2.802462559271041,2.9638717881238024,3.166977101450668,6487117.910600001
40,1976,2.8252038017324352,2.924080186693132,3.2430764060620088,15247181.31
40,1977,2.8249757554819133,2.9219592284660245,3.210034471964566,13021486.55
40,1978,2.8350517418253283,2.9565915909722986,3.2012641489268328,9679997.3
40,1979,2.8215590633050227,2.9690736067911994,3.173584700133575,9950378.85
40,1980,2.830516623930696,2.9394193616853292,3.190798329724559,10156091.61
40,1981,2.8356809291470504,2.9416250547361558,3.2047260445109,10891932.62
40,1982,2.8253177526736266,2.936298520604134,3.1896411817147836,10610067.89
40,1983,2.7914078094866484,2.9451567859169607,3.1497268748498444,11410696.670000002
40,1984,2.7937124408982354,2.95354282398353,3.1451402091609215,12048841.79
40,1985,2.77587226654283,2.9649538696157856,3.1247231189143996,12052129.809999999
40,1986,2.7703401294409042,2.9403812100391953,3.119783568818905,11966499.84
40,1987,2.791379326749696,2.9430938154071034,3.1340544949633085,11852279.8
40,1988,2.7912511888026774,2.9584293975227824,3.151707760182395,11501898.280000001
40,1989,2.7826436429043175,2.955104338318338,3.1407484307493925,11602269.399999999
40,1990,2.7823169398593963,2.9550270026055916,3.1550283445683354,11335999.969999999
40,1991,2.776658275610829,2.9504731999185743,3.1472151766627796,10717051.38
40,1992,2.784156034245463,2.95124130343632,3.151743279510529,11276519.95
40,1993,2.7794469913007838,2.956470254000532,3.183248752515929,11213104.77
40,1994,2.7816857642845245,2.94275912507514,3.1373737741850016,11348429.2656
40,1995,2.788936008153369,2.9649158268973075,3.13410785727579,11364633.8763
40,1996,2.7812182515984656,2.9546327055600563,3.157810069963707,11596752.1959
40,1997,2.801595257583305,2.9691536574870514,3.178400252802858,11769301.1762
40,1998,2.7964136611230987,2.9473660619071826,3.184461090207979,12099283.2815
40,1999,2.7840463923062946,2.9582809433190493,3.150563932848356,12278208.8784
40,2000,2.782301001424143,2.9681724261326328,3.151936369879684,12347544.135499999
40,2001,2.774663752062064,2.984005996489902,3.180666963234856,12308712.778
40,2002,2.785601619333135,2.9680147524122655,3.1678383823174374,12098063.1048
40,2003,2.77336414194112,2.9942834264267244,3.1535519043982276,12221447.919699999
40,2004,2.7686600169628335,2.9853381288760326,3.150479346088098,12828558.147499999
40,2005,2.7672840546429565,2.998203239696649,3.1565801851926896,12822749.987399999
40,2006,2.7623133084227485,2.9867255458479343,3.152325870909404,13174640.3981
40,2007,2.775750281781266,2.9948737519737025,3.160483766357815,12848530.4224
40,2008,2.7676765855884087,3.0068015780136603,3.1993068645907274,12858982.396500003
40,2009,2.764505594717829,2.9908092218422078,3.163856230157112,12605514.0185
40,2010,2.758217627149861,2.9883815097064543,3.1538669001249544,12364302.2729
40,2011,2.7831636786150766,3.0058694131102612,3.186717517935655,12282995.2606
40,2012,2.7753017473346433,3.005807151810987,3.178000244440657,12784816.752099998
40,2013,2.763846095784765,2.9782658596464695,3.151500783647272,12871552.002500001
40,2014,2.8027727406492398,2.9794552974143937,3.216945688635908,12972175.6879
40,2015,2.7919401712405354,2.9752697645858253,3.2168683841478924,13178923.3751
40,2016,2.7750607818699566,2.987335894544647,3.1997345915026116,12842236.6535
40,2017,2.797082695485724,2.9957092506918674,3.2170312917047728,12582817.227
40,2018,2.787850097255348,3.009105140785011,3.2099459667252606,12966396.7685
40,2019,2.7840215909170984,2.9941994370235507,3.2262169342391482,12844245.317
40,2020,2.753918343761447,2.9878344202860103,3.2125017100922517,12600580.3869
40,2021,2.770181034794661,2.984713974653703,3.2104889982366225,13182638.549800001
40,2022,2.7933226329070373,2.990721854980096,3.2153408807943222,12677759.521900002
40,2023,2.7734665935953298,2.9984241599796295,3.203672680170191,12907144.768099999
40,2024,2.795397294531573,2.9862498401115816,3.240725470744546,13460357.7133
40,2025,2.7580465872855,2.9772580373318105,3.215010234062741,12769679.0316
40,2026,2.7903152816456798,2.974494873110781,3.2477399585828115,2169181.3807
41,1977,2.7805184292404355,2.8975560856756206,3.233005846730991,4713419.529999999
41,1978,2.802512735627875,2.9226082303038954,3.2183095733456115,9531693.9
41,1979,2.8277730790822386,2.9164848223829876,3.232194539110031,9409130.43
41,1980,2.8131144924136353,2.9333493686696284,3.178388684868885,9659340.940000001
41,1981,2.7867435488302372,2.9210812303907283,3.155029065127611,9630319.2
41,1982,2.7967454105869156,2.9212277421170145,3.1243926840977236,9089203.33
41,1983,2.772802320729573,2.9305314626944075,3.11171314484176,9877532.0
41,1984,2.779868269235026,2.916459493497764,3.15408830827947,10154482.1
41,1985,2.782595170608158,2.9169503414694975,3.1400421551461073,10115268.81
41,1986,2.7759412599957844,2.9285245057605698,3.121065041123653,10494458.84
41,1987,2.778768368699835,2.9350340370126546,3.130771855418725,10823549.629999999
41,1988,2.811355852376168,2.924774420541809,3.1722929078858235,10930922.120000001
41,1989,2.7994522660347387,2.9433047623337467,3.1635575295391565,10992596.85
41,1990,2.785377864125047,2.9502614101901057,3.139401743649967,11390177.92
41,1991,2.7535781198090397,2.957249867260774,3.1383033802833986,11148726.110000001
41,1992,2.746454839409981,2.958972875549271,3.117689509880292,11106115.620000001
41,1993,2.7501608596894145,2.947667750587465,3.110761372592395,11323416.809999999
41,1994,2.7775576262708532,2.9393829086392373,3.1003562541994807,11737767.8459
41,1995,2.7920444319034377,2.9576839780910267,3.140591387406027,12115381.510900002
41,1996,2.7907353095848624,2.959826437064348,3.1881514184232493,12641253.126400001
41,1997,2.790970141509471,2.9354613538747567,3.175253646595648,12832438.489799999
41,1998,2.7485898279738303,2.9515707143004133,3.1518496961987843,13085000.2041
41,1999,2.765994059664385,2.948877380048365,3.148796970736981,12529604.2464
41,2000,2.7676436249149283,2.960083788052408,3.1636045222752824,12857284.122600002
41,2001,2.752308892166552,2.956434926193705,3.140240865876652,12376761.3665
41,2002,2.7620266127174906,2.967424214888981,3.137672412322233,12618929.4447
41,2003,2.733339362430552,2.9732189518122345,3.0781536522236785,13248078.355999999
41,2004,2.73228807999383,2.9752554773275346,3.1154324424585376,12971666.0511
41,2005,2.743745929061562,2.9978996726250258,3.110323893356777,12986626.2448
41,2006,2.738604802027772,2.9846726715200655,3.1329984384690333,13260381.193300001
41,2007,2.749183657360395,2.983193879208512,3.145912133292496,13628271.168699998
41,2008,2.7305131535208136,2.9860575832796505,3.101732082904225,13133285.9041
41,2009,2.726447786862121,2.989818607837583,3.0652061646575492,12510592.2255
41,2010,2.71717416943212,2.970006161747579,3.075082077466011,12746435.933299998
41,2011,2.7084328239802273,2.963269341974053,3.0559875884908854,12528159.8906
41,2012,2.714800942700093,2.9696427929658054,3.0816061742169722,11981040.966400001
41,2013,2.734303926189146,2.967511157826253,3.112303182819325,12493843.183699999
41,2014,2.721101662677142,2.9552992116485464,3.12718845266837,12904377.9434
41,2015,2.722006118390788,2.96558841858114,3.094947839412684,12755564.1961
41,2016,2.6910982409942954,2.962369698027485,3.077836751703314,13601213.743700001
41,2017,2.7170515676108558,2.970502057982433,3.1184251940697436,13751114.8622
41,2018,2.7385672520827904,2.9765137212079296,3.130889469559825,13374778.4568
41,2019,2.745297414957109,2.9733063450864554,3.145575462183695,13674683.343400002
41,2020,2.752449897894101,2.9994268895759126,3.1721278468096785,12292613.552399999
41,2021,2.7576810908446143,2.992313905263564,3.1924848361601854,13395239.0416
41,2022,2.7395070658058245,3.0149268129171993,3.186057439541672,13376800.7861
41,2023,2.7246853655368493,2.9972034532595,3.1622563709107716,13271955.002099998
41,2024,2.7192523406361344,2.976053480439891,3.1224865218560853,13111192.4025
41,2025,2.710733279686416,2.9777354665828857,3.121665271767806,12052762.210099999
41,2026,2.7307641404489384,2.955821604071486,3.1345326725014027,2166523.4189
42,1976,2.8860877829325724,2.909685698124413,3.2334066185245014,41453502.03
42,1977,2.876094824428989,2.914878039315323,3.2337317494930753,42273587.39
42,1978,2.8767841694167036,2.9169762853289356,3.2237775553378447,42222459.21
42,1979,2.8916002507443364,2.917721339621922,3.2163146015951884,42599870.74
42,1980,2.877778686675525,2.920548632859542,3.195914570255465,42597642.620000005
42,1981,2.863016002702084,2.918993316923267,3.1777912353525637,42453592.42
42,1982,2.8498273610176432,2.919601767776602,3.1578131003249377,40460070.26
42,1983,2.8415006424860647,2.9403786089462627,3.137811999571514,41321045.05
42,1984,2.8366577631374073,2.937936170699241,3.143613514516599,42344132.28
42,1985,2.8288297177517747,2.9398050259766992,3.1550090774278536,42859871.63
42,1986,2.8178075474217463,2.9399925020788595,3.1507170804456264,44089246.900000006
42,1987,2.8127924616581805,2.953640350043436,3.1470009573745954,45435842.620000005
42,1988,2.8317897368533202,2.947854673220709,3.152952616998881,45770481.34
42,1989,2.839364740113224,2.952562371456289,3.1619587529003583,46649901.410000004
42,1990,2.8378617789910487,2.9536886026603395,3.162581602022529,44877293.36
42,1991,2.816214190088955,2.9505524281630224,3.132560903381353,43812625.31
42,1992,2.811951335961163,2.949711625562185,3.120613168011759,44146774.05
42,1993,2.8122185605020658,2.9521864048776147,3.133071532435786,44634546.66
42,1994,2.8103265303025675,2.95089225837301,3.1429662460921572,43695038.2744
42,1995,2.808735653612826,2.9510320438991173,3.1500298617896454,43179539.97409999
42,1996,2.814453265854254,2.9472978756334607,3.1394449336244663,43530675.774000004
42,1997,2.8030737813269937,2.949120335593296,3.1320606319209214,43048455.7311
42,1998,2.813870515462435,2.95114358831385,3.128644785679381,43285981.13109999
42,1999,2.810085061355553,2.93434920580506,3.1352465167607844,43071665.0345
42,2000,2.7964800847292977,2.947989061811531,3.1469980499170886,43736082.706599995
42,2001,2.7933833242759856,2.9621199054432434,3.140091166299647,43311526.7422
42,2002,2.780206280316405,2.9608570583877163,3.1322308210026266,43841018.3548
42,2003,2.8061083476121476,2.974968584014933,3.1256081621117526,43632896.4458
42,2004,2.8040876296336625,2.980067882704782,3.1486343895370066,44895850.9655
42,2005,2.7913661577982123,2.995833776823616,3.1387332296382904,45940524.683800004
42,2006,2.7739585591897153,2.9940672125895773,3.1227454620843185,45895338.645100005
42,2007,2.7814992704488057,2.9938143371487347,3.124784047036445,45540543.27330001
42,2008,2.7805396764684356,2.9917752587959265,3.1178108860652345,45817721.421100006
42,2009,2.766771022908275,2.981644200287673,3.1251613612307447,43129150.6004
42,2010,2.767996022094459,2.9768963618317734,3.1329976641569623,42250078.6863
42,2011,2.7871297762720526,2.9585862477476224,3.13715232916274,42917536.0528
42,2012,2.7786958588655883,2.962175903740549,3.1574243177422217,44276429.1391
42,2013,2.7649667231017623,2.9765969588664416,3.123805667267902,43239039.212
42,2014,2.7821753455481733,2.97566534834413,3.1336819789606993,43150688.428899996
42,2015,2.782704803888397,2.9703170936746557,3.131085435142486,43252386.61310001
42,2016,2.7760617050612955,2.982685128611905,3.13588879713422,44178903.326000005
42,2017,2.782788633461238,2.9820900979757994,3.1545991792683696,43238018.3393
42,2018,2.7842508522625318,2.9784539946732265,3.1601229408337015,42494567.8159
42,2019,2.7596023941333017,2.963993512558941,3.15109029760252,42859705.5215
42,2020,2.7917398235974846,2.977690534537982,3.1961250603680997,39072522.1963
42,2021,2.7881365766931667,2.9854185254379173,3.1924099543839555,39298914.044199996
42,2022,2.7836754044115257,2.9878423604350295,3.1744643859581827,39592126.537599996
42,2023,2.7660551280163426,2.9749235413512864,3.1648045098275905,40275237.0256
42,2024,2.7526773364962325,2.981405492250652,3.1232664666994983,39736202.8452
42,2025,2.7421642579142973,2.9907440692797325,3.156716279165038,36764114.1349
42,2026,2.757273101026851,2.9674690307325773,3.183532316148993,6922767.474499999
44,1977,2.9304589308664966,2.9295359594421853,3.2419664944893074,1825211.9500000002
44,1978,2.916413442765548,2.921381954008042,3.2037188870051745,3484711.1100000003
44,1979,2.908984373608627,2.9400209647167497,3.1638234004126837,3591056.09
44,1980,2.9295213861827287,2.9268841934104755,3.1739496486998204,3818620.1500000004
44,1981,2.9069847948557292,2.9241864812267293,3.1544051978398846,3825307.06
44,1982,2.8886791494108626,2.9247792764244553,3.1545171314069775,3661614.9699999997
44,1983,2.872948133384111,2.9451063930890893,3.1539512112853467,3845947.54
44,1984,2.881172518023661,2.9399559064468623,3.1400095523878297,4045578.749999999
44,1985,2.8683243152330244,2.949680809816372,3.135581598654704,4075732.83
44,1986,2.8565136192679867,2.9524306286725697,3.148920942109966,4143804.52
44,1987,2.873362420602594,2.968834426992989,3.1766569910379543,4169111.81
44,1988,2.8321551780307614,2.950173601587713,3.145195264195432,4208552.9
44,1989,2.8456311139696293,2.9465437024564034,3.121067901918351,4174470.72
44,1990,2.8408840915977285,2.9611371254313763,3.0851498697798454,3811399.83
44,1991,2.824702507627689,2.969486184675608,3.0700817573571952,3709220.29
44,1992,2.8277787245843538,2.9653756824554316,3.081018458745725,3721745.3600000003
44,1993,2.8356253320505345,2.9601231761985867,3.1449550001036086,3736998.64
44,1994,2.8027460615552267,2.9471788285995255,3.095837389711361,3625636.2759
44,1995,2.807682092097184,2.9534033551881276,3.113975773687182,3369991.2495000004
44,1996,2.830444221470686,2.941595269571928,3.1420214426686095,3547494.7065999997
44,1997,2.804515938026817,2.9627985910330166,3.1000185138360457,3566985.6207000003
44,1998,2.802196435896246,2.973984242810913,3.1094174854699554,3595195.983
44,1999,2.7938358855685035,2.9466343870784963,3.074109325986796,3666179.8264999995
44,2000,2.7677680736621193,2.983669644700403,3.056671875238802,3733485.3555
44,2001,2.7878016524773255,2.9617211447118774,3.0918978160770756,3691693.2380999997
44,2002,2.784528478086267,2.9593445467370043,3.104314835097941,3820339.9718000004
44,2003,2.768435224579462,2.9485032915485214,3.085950711770988,4196095.0795
44,2004,2.765825561938133,2.964301169567415,3.078118295552663,4116584.3502
44,2005,2.7713337552329875,2.978786186717797,3.085672481696136,4164094.012
44,2006,2.769324760321635,2.990206749916568,3.090594895871393,4124175.2653000006
44,2007,2.7583756358049096,2.985865538388889,3.0889086064497873,4021540.7304000002
44,2008,2.753530308305045,2.9835512625394647,3.11114419663938,3851288.1113
44,2009,2.753919647141848,2.9802435134818195,3.0767616544596352,3618404.8774999995
44,2010,2.7420332715919846,2.9725559318388086,3.0708994527494795,3502880.5478
44,2011,2.7485263313397255,2.9629171690446534,3.074453076936795,3423183.6573
44,2012,2.7432247559636953,2.973662762955722,3.070514449606182,3510084.5907
44,2013,2.742286679213078,2.9710903990055826,3.073078764893921,3415622.7868999997
44,2014,2.743316449955954,2.973899530543039,3.057530186031794,3491945.5626999997
44,2015,2.742015211094695,2.9965562082015387,3.069811194463282,3702600.4601
44,2016,2.760688693228284,2.9729975803398947,3.0918042921455866,3640810.8831
44,2017,2.735397043991862,2.969707452758172,3.098620634426634,3489015.0752
44,2018,2.7531737003356183,2.98107296999746,3.1410098054302003,3529364.2264
44,2019,2.7432052412669954,2.9841813884548247,3.109111952991265,3550516.4414
44,2020,2.7686193880494825,3.01255684481236,3.1628918619543134,3164331.1399999997
44,2021,2.7406950076374645,3.0045859155037475,3.0922118280405364,3165346.3881
44,2022,2.7389328030330757,2.9566031736168887,3.090975211340782,3433650.6672
44,2023,2.755271332118861,2.970363041885575,3.1383362957963614,3738958.4344
44,2024,2.730496988215636,2.995645423874363,3.1367891951622715,3653025.6113
44,2025,2.7268002022970808,3.008535789589237,3.1375459134804284,3331091.9866
44,2026,2.730783835059236,3.0055408885955788,3.2154974647182697,589875.877
45,1977,2.863436396151939,2.90306484731188,3.2589715761313753,5358811.08
45,1978,2.875979738539217,2.9046101250247136,3.276788257161745,10985712.3
45,1979,2.8742888754687224,2.91384923882769,3.2468277235434955,10899360.129999999
45,1980,2.857590296142768,2.9162362751136706,3.2490660465296557,10715467.799999999
45,1981,2.869066640734902,2.912018237237776,3.265855054450723,10961793.899999999
45,1982,2.837924796873398,2.9057694212313154,3.2562249856722025,11620184.27
45,1983,2.827204712531905,2.9205258720685174,3.247576693041679,12121669.82
45,1984,2.8559300728236607,2.9106274331368076,3.2554667917952838,12646513.34
45,1985,2.872233162931349,2.9355712275220647,3.2147195262772015,12571962.59
45,1986,2.8716586087961544,2.929069719693373,3.22920087691204,13308561.32
45,1987,2.853487159040376,2.9250769388731364,3.2025053518999687,13613906.45
45,1988,2.8680060819370428,2.9364917049359427,3.2055015783918943,13876410.87
45,1989,2.8600104722683977,2.941103751471448,3.231497943166085,14046798.350000001
45,1990,2.8698267340924226,2.9453607966476714,3.2204098347698213,14193701.04
45,1991,2.85947125427505,2.938219089551631,3.2051035933972454,13948436.040000001
45,1992,2.8557590787086395,2.9296701676642307,3.2088146382955016,13960560.39
45,1993,2.8364784340278635,2.9281841697087696,3.1850201462958494,14223556.96
45,1994,2.858674519869766,2.9148585372817677,3.199513219355713,14128828.3269
45,1995,2.8589096262208873,2.9113211662931824,3.2365319944450404,14552886.5502
45,1996,2.846031603948549,2.93435579487943,3.2442300400326802,14246743.5832
45,1997,2.847575953581323,2.9458029284414935,3.2431170304853842,14749443.714599999
45,1998,2.8337517925999327,2.9370774079758197,3.207581709684674,14979903.716699999
45,1999,2.8419174743618107,2.9626574543823954,3.205822229779292,14440896.1651
45,2000,2.83268342669444,2.9550646238087306,3.2109724906309527,14696694.871799998
45,2001,2.8039247545823005,2.9722803258815835,3.154816756581095,14336313.8525
45,2002,2.7946763040070675,2.982079380009325,3.1992227121582095,13962952.014600001
45,2003,2.7779079244341798,2.968126967813518,3.1602767553594937,15378229.3986
45,2004,2.7962713395827334,2.9656494773893867,3.1569869667065467,15538928.440100001
45,2005,2.798672813394842,2.9811939769237434,3.1700851617812353,15683625.0446
45,2006,2.7857708386750484,2.9969197679115074,3.195407212489855,15872989.8651
45,2007,2.78893585202041,2.9833392505503786,3.1847056238661287,16292482.0922
45,2008,2.7975742405749267,2.9849765616206354,3.1768331220261175,15392881.857500002
45,2009,2.756967038857132,2.9659061449133923,3.1093758573258796,14434553.9516
45,2010,2.764126706042406,2.976723632690937,3.128230305492551,14921222.3013
45,2011,2.7934647310062544,2.9572419996479025,3.157987121382857,14416633.7123
45,2012,2.7754884249155176,2.956189395534761,3.1304910013733083,15378535.2177
45,2013,2.807153389036045,2.96126969034469,3.161692250668234,15284314.810599998
45,2014,2.7927457054807405,2.9724745743071175,3.1498813784924855,15627557.6492
45,2015,2.7616209471971382,2.9749152766487077,3.1904211369507784,16277724.499000002
45,2016,2.7643663594040744,2.9771025664430937,3.1706151496705055,16417949.0363
45,2017,2.7755586132857757,2.994262501446551,3.189695593378057,15802187.2122
45,2018,2.7880350926230277,2.9888597737338807,3.208145176107901,16431389.700800002
45,2019,2.7749311309905687,3.0050451585977758,3.1742428051844738,16432024.716900002
45,2020,2.7647659851051665,3.0195413476847657,3.1633694960663417,15083397.511
45,2021,2.7716739585636185,2.9931197961801246,3.1891562302073826,16813513.4468
45,2022,2.7642809401308206,3.0005654856062107,3.1797367581611065,16786364.944
45,2023,2.805238026349518,2.9988703853405623,3.2078426214538065,17320911.3193
45,2024,2.789442695606098,3.001183762609097,3.1909499486628596,17389912.664800003
45,2025,2.774548871376012,2.9843068756064066,3.200973074114108,16860458.301
45,2026,2.7740516850646784,2.9867688961390675,3.167325156313218,2985911.4918
46,1977,2.7162405889348866,2.908947922925134,3.2565461740003756,1240054.5899999999
46,1978,2.71919092182485,2.8962247162708734,3.2292381515593984,2503641.56
46,1979,2.7204022294926773,2.8938052636963283,3.2172420121812717,2575598.6399999997
46,1980,2.7140066245517867,2.9081377997755715,3.189485848148228,2490504.1999999997
46,1981,2.6990199405473057,2.9058700634793384,3.159605497589534,2539808.3
46,1982,2.6932289033236168,2.893985781499581,3.180654361419844,2300719.2700000005
46,1983,2.7071134223990967,2.9137192245367753,3.1387951416609465,2452038.36
46,1984,2.704039329805684,2.915355480895391,3.1147799299858003,2610547.72
46,1985,2.692122055939351,2.910018326582931,3.1305169040395855,2674322.91
46,1986,2.704158042641921,2.911907215854154,3.1174591202476583,2647255.5999999996
46,1987,2.711181595902031,2.909580348130368,3.118937584893433,2716078.9400000004
46,1988,2.714192098544483,2.9181159085954067,3.1371608133574003,2685575.92
46,1989,2.7283646350052866,2.922130384722331,3.12864697986129,2664249.9899999998
46,1990,2.7514551057213885,2.9307913215588552,3.136524005612533,2569273.07
46,1991,2.7470539588084906,2.9287644029963995,3.12425653152547,2607963.15
46,1992,2.7484562248259263,2.9377607878806873,3.129530382267216,2637550.96
46,1993,2.7540449367663173,2.9179227440712796,3.1506910212177153,2751923.6799999997
46,1994,2.7530047881402,2.929778564838429,3.1254326069577503,2833146.3328
46,1995,2.75706230604403,2.9334672126619386,3.1077327550999594,2814953.07
46,1996,2.7476282897665945,2.9150270014764166,3.133036465082994,2958917.9362999997
46,1997,2.737069035025582,2.9254091329845684,3.1277963299769245,2933104.2207
46,1998,2.7305851686539313,2.9217714020070327,3.1244594580325207,3052914.5874000005
46,1999,2.752424555888508,2.9331812263768526,3.116986225795489,2959807.7829
46,2000,2.7462956184193685,2.936070115715702,3.10706941535073,2970645.5505
46,2001,2.7429309259932135,2.945575434780231,3.083615847200065,2955388.7623
46,2002,2.7452120139072265,2.9494629679142648,3.1130482692323884,3156586.7351
46,2003,2.7588883290724935,2.973924066885698,3.091246891018187,3212804.6130999997
46,2004,2.737832811856676,2.952899095608456,3.0628690565182604,3229055.1226
46,2005,2.7468519992396434,2.9546571323001243,3.1022664007370997,3163889.3589
46,2006,2.7464352996640806,2.9698969704275875,3.1234308320920046,3261287.5900999997
46,2007,2.7691282620502418,2.961636647372065,3.1172698414721576,3244588.9153000005
46,2008,2.765895207340862,2.9597445779191176,3.1256802054800574,3288360.0302
46,2009,2.7414933226112943,2.9533017238215686,3.092187885520287,3170887.7915999996
46,2010,2.752434873851548,2.9585769418879435,3.1148354714790183,3147823.2016
46,2011,2.777812937613301,2.9447186970409187,3.139284706222864,3165884.0453
46,2012,2.7681601422804367,2.9510450243876667,3.1473100416874202,3178223.7706
46,2013,2.7694800271491746,2.9617212205117376,3.1308934286675356,3177571.6489000004
46,2014,2.7804167961709103,2.9635710203644567,3.1637402911219854,3205367.1785999998
46,2015,2.7599240103889904,2.973127335626968,3.1367228347962293,3192313.5917
46,2016,2.7531212881421934,2.9579924225399354,3.142995959792226,3193436.4183
46,2017,2.77807787841772,2.9363990466570655,3.188377436331972,3240591.0735
46,2018,2.7711043868092387,2.9376188125780334,3.1721609337246712,3246020.7614
46,2019,2.7699286949290602,2.9451731468382696,3.181664638977529,3240631.8469000002
46,2020,2.7722187028091594,2.9600089384659403,3.1909741073829814,3198183.6126
46,2021,2.797485961484272,2.975987298118486,3.21603515660301,3234448.2402999997
46,2022,2.7764555225760303,2.9665779571344713,3.191489373092427,3357504.7966
46,2023,2.7806230404916716,2.9633340233904173,3.17947558017645,3411118.1281000003
46,2024,2.7763791709227936,2.9543393299954293,3.181702369028405,3322005.3228
46,2025,2.7562851038326697,2.9506587893712815,3.1665153445705063,2908493.9094000002
46,2026,2.772708063897304,2.9459504139383776,3.1333042710723595,565622.917
47,1976,2.8784749404672114,2.9127120550713914,3.3042331841063985,36123974.81
47,1977,2.880347451400942,2.9132841809780636,3.304415519431686,26021598.07
47,1978,2.8983522232849963,2.914068126493552,3.2838336409817006,15870396.940000001
47,1979,2.880783492851418,2.9148570876376763,3.287801748810579,16217626.649999999
47,1980,2.874519661571863,2.92968044806093,3.264227326673051,16335485.440000001
47,1981,2.877153216216687,2.9059053737896012,3.2558311154585216,15999256.82
47,1982,2.8511736222051995,2.916542384059589,3.228816215751597,15765208.879999999
47,1983,2.8458397395834854,2.9319979352938677,3.2172011155568776,17014134.11
47,1984,2.8503893293689653,2.9158983298307892,3.2073434973831416,17797090.47
47,1985,2.8578795625186744,2.9150061432394745,3.229922769010689,18032690.11
47,1986,2.8467477694376044,2.924729451606728,3.2135402273647813,18790670.74
47,1987,2.849211706716893,2.9419713747655423,3.2240393619016796,19062957.63
47,1988,2.8594215440081903,2.9386361701764048,3.2253242634157613,19478427.64
47,1989,2.8749522207710774,2.9339743309243063,3.227283666125955,19787585.22
47,1990,2.871658749936534,2.922157119823424,3.219392565585646,19382033.7
47,1991,2.8616991753415197,2.9238639128838204,3.219527334699711,19341241.369999997
47,1992,2.832681196641345,2.9252800188106542,3.181291911449496,19394239.090000004
47,1993,2.8528857229603566,2.9167350370849277,3.2136122951659623,20024313.9
47,1994,2.8662084764100477,2.9290029772585515,3.1998221514189757,21224754.5487
47,1995,2.8568617378367023,2.9570136847846116,3.190912186823496,21252490.6065
47,1996,2.8393598432883658,2.938835215191016,3.1817970261440434,21247623.996700004
47,1997,2.8376525325963553,2.937220733165947,3.216175676170511,20284397.2742
47,1998,2.834157913430155,2.9505845862474662,3.206682061646521,21236836.3168
47,1999,2.815475704718335,2.9707995555798665,3.1716195682609007,21451241.711400002
47,2000,2.824413054595696,2.9570021507690227,3.194662398112739,21140783.5263
47,2001,2.834506340677937,2.9558507019667632,3.2272446022658468,21752578.671800002
47,2002,2.820959659439631,2.9610448852747506,3.2035256978637694,21501056.8501
47,2003,2.8031062407140044,2.9931821466621966,3.162886918049092,21292189.678499997
47,2004,2.795264235694727,2.9684739702577767,3.1633582485481755,21372618.787100002
47,2005,2.8066702290110204,2.982920716921436,3.1912807316181437,21776976.6253
47,2006,2.8050009910351625,2.9822503472937805,3.1777522380892647,22950392.758100003
47,2007,2.791954288817982,2.9977297594388572,3.198782928082993,23655324.231799997
47,2008,2.779471013585365,2.9709458738096366,3.185892787987053,22387253.1004
47,2009,2.752722292339867,2.9860183548775177,3.15511824614646,20463204.542
47,2010,2.758524602505496,2.971458504040829,3.14351641862041,21533880.891000003
47,2011,2.786262198918476,2.9724003773604757,3.147168338196913,21783980.9326
47,2012,2.804938609930475,2.9605927911128043,3.192761269378665,21679598.1674
47,2013,2.7828436923235165,2.9794168910252345,3.17155342688049,21389071.439999998
47,2014,2.7695910375034196,2.96546057321368,3.1488232010992245,21614601.043700002
47,2015,2.7791031726306215,2.9668862239911338,3.167654592823639,21359511.752899997
47,2016,2.7636311572996703,2.9618628916691216,3.1823191282909353,22176689.4376
47,2017,2.7744211551063858,2.9772767332548673,3.18065901314321,22791492.3202
47,2018,2.7674812833413154,2.9990808909657143,3.170420987542611,23042665.792400002
47,2019,2.7888113515077086,2.9897977089651993,3.1838932426671036,23507217.616400003
47,2020,2.7737208540969633,2.992245804538857,3.1795516417324468,21406868.088499997
47,2021,2.786762030790503,2.978264926360086,3.2125973290039567,22605469.8244
47,2022,2.793483736406848,2.9808821603858626,3.192250402751949,22562630.4287
47,2023,2.7856146784617004,3.001449226366358,3.2038776306264447,22621521.1879
47,2024,2.7956964835806226,3.022547795105311,3.211879450510909,22726704.1083
47,2025,2.7899137910136154,3.0150710928833537,3.1816666255674173,21554892.4917
47,2026,2.8171580727590304,3.0130812964179277,3.242051552008017,3780666.2838
48,1976,2.8017471783368713,2.940935911132331,3.1995583125837648,43253958.58
48,1977,2.7977816260344923,2.9386284844811814,3.1903843333961586,44138971.04
48,1978,2.819221415028355,2.9460604677899607,3.20491856289076,47023098.160000004
48,1979,2.8246018819798997,2.952563844021727,3.21661327582196,48459135.9
48,1980,2.8285413608111125,2.951913681638428,3.1993618294899835,49769040.84
48,1981,2.8286631011216867,2.9465711973859543,3.1859538076471803,51936408.339999996
48,1982,2.8119842702863598,2.9523859481345256,3.1751088491922586,54237962.94
48,1983,2.7721064617909663,2.9624961777852974,3.1471109546532587,58693781.03999999
48,1984,2.766871280791378,2.9681432040395936,3.1419125145476996,61884193.879999995
48,1985,2.7719881551661887,2.967951661260115,3.141074086422428,62367609.33999999
48,1986,2.7713914880626143,2.9678084548387567,3.1233441617376587,61336098.60000001
48,1987,2.782630599842201,2.9612278353303347,3.1029080808632137,63257051.120000005
48,1988,2.780416370355491,2.9541003696658272,3.103174883381667,62372968.10999999
48,1989,2.7912507618546964,2.956830769602174,3.1135009040203796,61877849.46000001
48,1990,2.786689145172317,2.959837169287306,3.1306209163125316,64945250.88000001
48,1991,2.7750179087376736,2.9609625007082583,3.1173638388034983,65476061.14
48,1992,2.7786095369725765,2.9643793355001047,3.1175944469356818,66528391.99
48,1993,2.7632533264946644,2.9673383674129856,3.1154885111870496,67302729.30000001
48,1994,2.766317639471903,2.9670213567519355,3.124886679199577,70200841.4452
48,1995,2.784919230788315,2.9626409140619545,3.143492801446542,70179150.6805
48,1996,2.7775376082318304,2.96303384053581,3.1462554210597764,70886157.6176
48,1997,2.7738419234384497,2.968856206400114,3.151129244103285,72248895.7141
48,1998,2.7848569498994924,2.967492390606498,3.1516432905510365,73943528.3162
48,1999,2.7743073334417434,2.967844089075567,3.1625966150281153,74072333.6613
48,2000,2.7660640102990643,2.966902132358454,3.1630783440103265,76487986.6566
48,2001,2.7618220798326503,2.9768725624008754,3.1541034475185126,76474650.7756
48,2002,2.749187914860367,2.977537459447212,3.142678166776112,75418083.3551
48,2003,2.7562536960569703,2.9897504103977695,3.133624037471179,80725655.59200001
48,2004,2.7501123778717704,2.991104515128591,3.159300101095483,79767581.4431
48,2005,2.749789520302856,2.9941444632790675,3.1543338799346947,83131204.82679999
48,2006,2.7570264304933,2.9949322950862767,3.163452299304545,84945490.7089
48,2007,2.7539356718459103,2.994798647756904,3.1607681643034597,87281889.21900001
48,2008,2.7547654010407623,2.993417611115926,3.1585822875221345,86918058.653
48,2009,2.7422311698649287,3.0039938457649042,3.151006494464841,84413858.8413
48,2010,2.7514669592849805,3.0006185313278095,3.1706769967264345,85796134.42089999
48,2011,2.745686792185888,2.9832617076735812,3.1528203359759637,85538964.5976
48,2012,2.7531732364742156,2.978903318324621,3.1425667884677932,88532963.8953
48,2013,2.756070266384272,2.9886432388358317,3.1538078406167958,90742294.51969999
48,2014,2.7494728543795923,2.9839088841870565,3.1686238195513425,92562422.0701
48,2015,2.7453552028758517,2.992698613957207,3.1560612601782116,90879236.2986
48,2016,2.7280357215393645,2.9934731917542927,3.142470854269575,93422389.7164
48,2017,2.7361790183555987,2.994568152207076,3.1693715938020257,93918409.25569999
48,2018,2.739077846816649,2.994910024222702,3.182835520648785,97441061.89780001
48,2019,2.746336720316093,2.988410504196596,3.1813156676499363,97199257.3181
48,2020,2.7517302874243303,3.011685042255456,3.1668217214722607,87624922.11930001
48,2021,2.7474596289785342,3.009826814857527,3.1904241255674637,92423906.4074
48,2022,2.747432565168312,3.0039223928452112,3.2102067290695895,96144119.5255
48,2023,2.743538743163189,2.9993328473965044,3.2030253744186923,99711961.86269999
48,2024,2.753116580919796,3.0021574132801483,3.20648952437877,101230961.2253
48,2025,2.738862877893258,3.0073628833995114,3.1986727277869873,93980528.2012
48,2026,2.729409126793725,2.99165150962247,3.1777430252995154,16539661.8171
49,1977,2.783637334706867,2.9375711737690517,3.1994167987111926,2086948.95
49,1978,2.784243123420281,2.931725064144506,3.237712271237946,4262118.0600000005
49,1979,2.8007816381140613,2.9494041425734343,3.196221866891798,4450137.33
49,1980,2.807688816529278,2.947854354877122,3.1557577068300087,4686632.57
49,1981,2.794137245193783,2.9480864619659988,3.1504937344329584,4698596.73
49,1982,2.7688330280631384,2.9475140743527763,3.1239652275930925,4985421.4
49,1983,2.7582013689584066,2.9549173193420484,3.116655611568103,5283447.96
49,1984,2.769561323429756,2.950632433358848,3.109026367923409,5562656.550000001
49,1985,2.747517255522862,2.9498744006982633,3.102347314591317,5837165.07
49,1986,2.745858079531417,2.9292398636862873,3.1043629439928844,5831587.989999999
49,1987,2.7439312267148326,2.941102127475413,3.0891445053506206,5768136.52
49,1988,2.761557572224904,2.943451189720645,3.104488721202961,5730970.5600000005
49,1989,2.765658192694384,2.9499924356542575,3.0833186086376734,5899837.06
49,1990,2.7749824955037807,2.955318637408987,3.1089073196832713,6374903.14
49,1991,2.757266313565423,2.9573786104636377,3.099671407812886,6353570.989999999
49,1992,2.767352750729982,2.9760747009192903,3.0940512543163736,6561116.73
49,1993,2.7841744463016593,2.965425826566529,3.111939563612956,6880472.420000001
49,1994,2.7685799959738175,2.953568444742072,3.115501559146902,7144477.545299999
49,1995,2.8008122908064204,2.9738010895261655,3.1605172556452934,7259262.886700001
49,1996,2.7850967776028357,2.9672647384922666,3.1491879333111106,7366322.8169
49,1997,2.7588058131225357,2.97867607736016,3.107097710933492,7727294.6169
49,1998,2.7699299194811657,2.9974921669679118,3.0977500014428316,8013536.2234000005
49,1999,2.781544806412257,2.971416416366337,3.115113110012729,7863146.6191
49,2000,2.781468350020499,2.9681678632661224,3.167318020603656,8149691.420599999
49,2001,2.7646918829783784,2.9765034568196196,3.1631992495500185,8246957.2251
49,2002,2.7752209378872403,2.9757954584155875,3.142351987773631,8343068.6739
49,2003,2.7839717774055766,3.003273971070334,3.1137135175890567,8917024.0105
49,2004,2.76722795453394,2.9869150480246467,3.1295302438857098,8760029.0001
49,2005,2.761873975151124,2.9869763540727163,3.1342171467835582,9398272.3226
49,2006,2.7832022125721827,3.010907167553091,3.137804696815176,9934601.3912
49,2007,2.7792303969846284,3.0320307918166374,3.143184662430802,10250476.421
49,2008,2.751540835489726,3.003934336176893,3.123664812227451,10149517.394
49,2009,2.7508070116280625,3.0149289786304405,3.101601013211404,9516631.2279
49,2010,2.7582137024787428,3.0110106211950165,3.1036725845369255,9410312.151700001
49,2011,2.7788477880361553,2.980517766659219,3.131851549508576,9569546.4488
49,2012,2.813225792995342,2.9862720884401877,3.1555364993883326,9606561.7809
49,2013,2.768299742113617,3.0011310229035213,3.118769278347669,9723425.6597
49,2014,2.7850908995640453,3.007149256184447,3.149693594535198,10022487.979999999
49,2015,2.779570380803001,2.996591215263877,3.128338405848793,10026844.5335
49,2016,2.764379754255726,2.9917065215575063,3.135820118941838,10155483.5922
49,2017,2.7672076885349,3.0051655926220495,3.144429027838084,10368458.4368
49,2018,2.774153148110991,3.0203562169998706,3.173025880743203,10388394.776899999
49,2019,2.787061736303034,3.0198384348371823,3.1182436037450842,10708503.8249
49,2020,2.785592346264759,3.0111940561197397,3.1055404278152796,10399452.9804
49,2021,2.7759063126707355,3.003427181989651,3.1279722224930087,10924918.728699999
49,2022,2.782896847003088,3.013016867195501,3.1693728378047354,11406144.992800001
49,2023,2.7749238140599357,2.9819705664660803,3.162132689114588,10964574.9627
49,2024,2.7615341106126707,3.0154652638001775,3.1612148065695957,10922416.633000001
49,2025,2.749898057075869,2.9975171940994403,3.16453119112565,10796239.0437
49,2026,2.742802502448898,2.983769666460505,3.1425348943248514,1892339.2852
50,1976,2.868794874914569,2.902023429499597,3.28682510913543,12753972.24
50,1977,2.865838662839692,2.9067495858084826,3.2630524526661104,7818319.59
50,1978,2.796233416915052,2.9104014539930625,3.190582083955866,1771063.8
50,1979,2.8026985101253965,2.916820076012037,3.2175933474687852,1801346.48
50,1980,2.8131005015911197,2.9121184674804472,3.221912468102539,1836990.98
50,1981,2.8126651911978344,2.903675375150877,3.2156406158008686,1930626.2899999998
50,1982,2.8039112363981764,2.895975756759398,3.1922169851385465,2034574.5699999998
50,1983,2.787506024861199,2.935216282655591,3.159588266088667,2088037.27
50,1984,2.7923998655060185,2.923569671690486,3.1978851383103506,2148339.98
50,1985,2.776988301842998,2.928836852102678,3.1508483216206136,2201931.1
50,1986,2.784922566721914,2.9447703252705897,3.1561687620967067,2230104.74
50,1987,2.7807631232883647,2.93867373139702,3.1839006296485812,2279632.9499999997
50,1988,2.7829628013173346,2.943755588643082,3.171832168013768,2310788.35
50,1989,2.8014554963393636,2.949021257010948,3.1613184300486705,2322323.79
50,1990,2.776574450009371,2.946564898615251,3.1362587272369233,2269438.4800000004
50,1991,2.760886573198971,2.9324644876634505,3.118071092160861,2136740.36
50,1992,2.755897424683207,2.9406841146815497,3.118228989368279,2180812.35
50,1993,2.7526033646274093,2.946281357964311,3.1100757466252493,2263768.4
50,1994,2.7654017871688787,2.9452758266109362,3.116620230365977,2179291.1533
50,1995,2.7576680976596633,2.932473606130964,3.1154935763471316,2214939.2117
50,1996,2.765287853213643,2.9441127823361577,3.1392998913336587,2345981.4894000003
50,1997,2.7669706570658352,2.94165622556879,3.140753572874674,2365650.0751
50,1998,2.7593525425717296,2.943325151244662,3.141290647281714,2375348.5439
50,1999,2.7611526641647144,2.9444377783456037,3.1603443308817982,2347201.1751
50,2000,2.7923673283085777,2.938634929744434,3.157167334454988,2389346.8144
50,2001,2.791758955767925,2.9374713858043986,3.188076175621229,2348962.6409
50,2002,2.7712258241289986,2.9525558548855524,3.1663052296762775,2464412.1333
50,2003,2.751593294417578,2.9959807405746277,3.146172608681034,2345280.7058
50,2004,2.745522620638602,2.994395578541729,3.139212404277927,2399343.4427000005
50,2005,2.7516607410687595,2.9991416361119874,3.144007979052875,2449255.573
50,2006,2.768902226232734,2.995559017902183,3.179640484903531,2488602.1517999996
50,2007,2.743212037179312,2.985914847924736,3.1321882489987702,2389875.0591
50,2008,2.745112508172782,2.98642758436052,3.1395480868955428,2340149.3316
50,2009,2.7305901777110293,2.9881509383279186,3.1060123162715123,2296430.895
50,2010,2.7351858705462724,2.987136711170846,3.1148252530896174,2319089.9081
50,2011,2.742577094404622,2.9763435937148097,3.1391146152588147,2387442.6955
50,2012,2.7361423663406494,2.9551681959455793,3.141529192042299,2300137.0627
50,2013,2.7478042639948894,2.972209199886601,3.1313504686442046,2227767.355
50,2014,2.7560271942034213,2.97056610927923,3.168048563498871,2198372.5952000003
50,2015,2.747487181897484,2.971091527958226,3.145673166997753,2221373.9361
50,2016,2.7599599525331517,2.9546780256668574,3.1719782427889633,2266704.0719999997
50,2017,2.755311217504243,2.9729798444622704,3.1595717653487965,2245216.2641
50,2018,2.7286260109406717,2.9916931159866973,3.1138803860554276,2215846.5963
50,2019,2.751017878506014,2.988358738735096,3.153553070267583,2077824.9625000001
50,2020,2.752199241220163,3.0084447651771904,3.1879269871947993,1918404.3285
50,2021,2.738146550808674,3.0045594518027463,3.1852075754247258,1914725.2497999999
50,2022,2.737711014057774,2.98298028949839,3.1644894721914376,2048228.6475
50,2023,2.750136632997739,2.9831539055146146,3.1762207347638673,2001785.9760999999
50,2024,2.736623391003772,2.9593180370693366,3.1812659931748386,2077125.9946
50,2025,2.7143764039434974,2.9737425040243233,3.143607569189232,1927230.5502
50,2026,2.69701295787072,2.9862546976642,3.0973052946120703,333583.0801
51,1976,2.8419007739175255,2.9426968190948877,3.1992291069379486,17221961.62
51,1977,2.82945362454903,2.949286869630524,3.202212413211078,18529703.52
51,1978,2.831461996727844,2.954822074528078,3.1908966714233915,18697878.94
51,1979,2.8326346360563734,2.9569063562606077,3.1686600513361003,19074599.53
51,1980,2.840709994483853,2.9368263093738443,3.1586352429353868,19360173.28
51,1981,2.825781986025098,2.9411438493638498,3.1472317641582253,19097333.42
51,1982,2.8075879058034947,2.9524322235211597,3.1302114321510865,18970612.3
51,1983,2.7977921445672034,2.976855097862696,3.1532060070863,20828136.910000004
51,1984,2.7961719608632123,2.9612769849388383,3.146646143085543,21684435.73
51,1985,2.7790170001397176,2.9608772975144144,3.1442819646859497,21778237.76
51,1986,2.8088814235987947,2.957821279147542,3.1560300206998217,22521029.12
51,1987,2.7967613330893,2.964670589546498,3.1518405263680553,22457516.36
51,1988,2.7701481729060093,2.967909495675587,3.146315525060805,22845410.21
51,1989,2.7822083877260955,2.9758781300418007,3.1338997336201797,23256726.689999998
51,1990,2.7958774101203576,2.9789819223171707,3.1471074946084396,23894665.840000004
51,1991,2.7803415232998536,2.96797082724965,3.164010022553151,24243600.77
51,1992,2.786884308048788,2.966687186670704,3.135410294654946,23934446.29
51,1993,2.763098218077331,2.971744735769189,3.1118392376520863,24432208.380000003
51,1994,2.7658757461401704,2.9732025208907653,3.1130406936202375,24613316.607699998
51,1995,2.7872868104217323,2.980633177291394,3.1397843746959513,24900999.1393
51,1996,2.774703253030434,2.977201252293595,3.100401656680756,24665207.1864
51,1997,2.799444587373348,2.9849227107716683,3.134362442776223,23831634.2167
51,1998,2.7752863283731717,2.9761151100785517,3.1346169159761694,24121648.514900003
51,1999,2.767435689886848,2.9788534285102504,3.1190345313217347,23995249.57
51,2000,2.7605872808540104,2.982786864461994,3.132185746912515,24667432.0911
51,2001,2.7774844542696195,2.978816418425426,3.1751496366097887,24160109.8186
51,2002,2.7606188860608416,2.9782840287456156,3.1508596970414438,23809009.6751
51,2003,2.7415991166827793,3.005478002924029,3.108418815702693,25069215.3447
51,2004,2.747024291171812,3.0025374127579267,3.1405341846804653,25665549.8244
51,2005,2.7250317650923344,3.031414925510704,3.113680296162884,27838480.0248
51,2006,2.73227691941167,3.021416386148768,3.119748663950046,27708994.067
51,2007,2.7298809565142643,3.0140960910665613,3.140862980597346,27405161.7258
51,2008,2.7232690212813253,2.992872227326981,3.118889357805347,26548093.604499996
51,2009,2.7117442933180294,3.0078918727050947,3.1051755767168165,24883684.8854
51,2010,2.729863275243916,3.0042089222666424,3.0962849346385495,24962848.6231
51,2011,2.742369583069391,2.9886132729633443,3.116629000834383,26119320.6685
51,2012,2.73298508142797,3.011372191847286,3.1224337788909913,26285704.831699997
51,2013,2.7278035954665167,3.0207789187281207,3.138068887405431,26285375.481999997
51,2014,2.7119009867239203,3.0164770823021843,3.131295998933612,25752812.717899997
51,2015,2.707671479005619,3.0080284167075835,3.129352938836364,24938163.5742
51,2016,2.7114619650273095,2.976352110117781,3.1374951754645157,25420201.3062
51,2017,2.7122291040203925,2.9957567588583354,3.1148745365148995,25696671.378799997
51,2018,2.716790005857196,2.995050252402698,3.1632794695044466,26871561.7516
51,2019,2.706941323469466,2.995088679272017,3.1398566715763123,26068869.4105
51,2020,2.712088561958331,3.0213125046294147,3.097294507628374,23292063.0833
51,2021,2.7062020103413222,3.008262543014386,3.110221180065178,24791580.447400004
51,2022,2.742765928824812,3.004527458938193,3.1801844713586696,24653151.684400003
51,2023,2.7232353483962335,3.0272385619224025,3.14708538625172,25199222.0458
51,2024,2.7301533191781293,3.035363588047944,3.1329089339363176,24749313.4746
51,2025,2.7326817252579487,3.030123363266471,3.160668817077758,22874935.706100002
51,2026,2.723876577110818,3.0098278185610265,3.139444128409478,3923097.5605
53,1977,2.7758177521238734,2.9050621526607894,3.218945661343842,6262110.57
53,1978,2.7821793766121075,2.9256007785793114,3.2204034585364574,13379559.41
53,1979,2.797160766780637,2.9217344810179156,3.2051658981144593,14330156.14
53,1980,2.792426379980237,2.927957712015322,3.163491110531765,14463787.38
53,1981,2.788404602120263,2.9388349628552803,3.173393426442866,14135850.55
53,1982,2.773654429021344,2.9328784396699388,3.188835486471752,14144007.639999999
53,1983,2.74409921565411,2.935026495530923,3.1522876501483204,14595036.36
53,1984,2.7483808488593167,2.953338178334661,3.1432635219856526,14948083.05
53,1985,2.7481566216206903,2.9549115788577978,3.1249255275123367,15277001.76
53,1986,2.737683187265178,2.9505747012361483,3.115606013933819,16221808.420000002
53,1987,2.745522543921292,2.9515792977155653,3.0967091259474375,16362821.270000001
53,1988,2.75670971987748,2.9446179732636106,3.120371925443641,17324042.990000002
53,1989,2.773253128107253,2.949613377311816,3.1095307161910823,18029263.52
53,1990,2.7662866202002063,2.9504979778622826,3.080046807525939,19146276.52
53,1991,2.759509692700337,2.9540814716483683,3.1034401763927275,18527853.54
53,1992,2.745717616880874,2.966037222508214,3.0689603919033726,18442148.01
53,1993,2.7479818911712117,2.973078014050074,3.0836577983121334,18723002.79
53,1994,2.733904797083585,2.9540404954348127,3.086416304809468,19314079.461
53,1995,2.748319576652083,2.9519157137451657,3.1190837274372463,20510963.121799998
53,1996,2.761699171946468,2.9575961235883352,3.1473560234947167,20720889.6439
53,1997,2.7587825811771185,2.9518025336886295,3.1519590577538836,20997469.282700002
53,1998,2.751817867307643,2.9604349342667002,3.1476813314405394,21221535.239699997
53,1999,2.7636168779072947,2.9723404994260854,3.1622877572392083,20981581.2539
53,2000,2.7406480733957186,2.9646570256515314,3.1172221372570927,21438382.0589
53,2001,2.7568593056798245,2.967540881714098,3.1409858682071286,20619211.791100003
53,2002,2.74980956887409,2.971122523921244,3.1357781866699344,21111978.2322
53,2003,2.759161186569568,2.980110302446383,3.1159055303235075,21098061.937700003
53,2004,2.735834290767612,2.9801648359042536,3.1299149832251625,22209573.424399998
53,2005,2.7386579292749413,2.9807421710525297,3.129110196328828,22152730.4434
53,2006,2.734755707854632,2.991160609595871,3.1193348590204204,23482955.266999997
53,2007,2.7498474806930973,3.000131353703386,3.142917360404502,24136557.840099998
53,2008,2.7443668512367156,2.987738972336935,3.1658137189883733,23496732.837399997
53,2009,2.715421902847086,2.9913021807407376,3.0994913191454945,22540988.6058
53,2010,2.7321634987175445,2.9877204766655665,3.1086485271438082,21867418.2223
53,2011,2.725899780661403,2.987169086065843,3.1174745386176044,21623089.1408
53,2012,2.726860125475068,2.9621101876788,3.11701648423975,22024847.1835
53,2013,2.7475077144657565,2.9729632047609194,3.1270539268288218,22199439.7343
53,2014,2.7446505701390977,2.9801046345370388,3.1397982490815206,22236060.2776
53,2015,2.74075543556795,2.9832653394427857,3.169570095877054,22650945.936600003
53,2016,2.738715386569265,2.958765016128518,3.1510130343643192,23002885.2097
53,2017,2.733021886555354,2.973158550304657,3.157338731028037,24192918.4891
53,2018,2.74671031981694,2.9737813941788964,3.1515550147336726,24538782.087500002
53,2019,2.7564712687448565,2.9780121373712625,3.1746727515221034,25374782.086900003
53,2020,2.7416123582770653,2.994182252169151,3.1708668243790723,22405544.578199998
53,2021,2.736145370396167,2.9861942609753025,3.17996373600484,24239477.7551
53,2022,2.7410797032644725,2.9994591721171644,3.1790803638375595,23838058.191699997
53,2023,2.7336898759630563,2.984166994001123,3.139854490213833,23314755.386
53,2024,2.721588037046521,3.005244170737526,3.1506258132462137,22846779.791599996
53,2025,2.752400152508055,3.003975485022392,3.1709869737535894,21937259.2067
53,2026,2.7209404565180293,2.970915783693613,3.1493934284807596,3938949.8601
54,1977,2.9266866835440686,2.9565222399719664,3.360216666889713,2658793.08
54,1978,2.9001968935753997,2.944230151786392,3.3646681864784047,5867769.149999999
54,1979,2.879165005932805,2.943867716259755,3.308095966022922,6002884.01
54,1980,2.8938387209005807,2.9530106399968297,3.317933923464982,5852595.18
54,1981,2.880455520043823,2.9424986468154524,3.2832221868634504,5693053.890000001
54,1982,2.860523695128217,2.9352198702149455,3.233377050384761,5305785.640000001
54,1983,2.840998762101381,2.947657085209758,3.2561994543691966,5452247.66
54,1984,2.8458661104509018,2.932637196483105,3.278254380658815,5695742.119999999
54,1985,2.8253572283812067,2.9404811367361856,3.2636214401281185,5713190.52
54,1986,2.833899241263735,2.9401494539880857,3.2557601134551137,5722671.2
54,1987,2.8482990531993004,2.933105685080068,3.2684991187374948,5762122.760000001
54,1988,2.836972352467573,2.929702192324299,3.2707149860831772,5742627.630000001
54,1989,2.848023438140309,2.9457734219615075,3.281230458249357,6228842.62
54,1990,2.8427210270289067,2.9538858956844107,3.268415130990659,6179815.25
54,1991,2.8492476383296683,2.955674853888696,3.238384626574582,6078640.85
54,1992,2.8321053976946535,2.9427728417370225,3.2226765190873095,5824958.649999999
54,1993,2.833675407231757,2.933055602764456,3.222887857688863,5994293.51
54,1994,2.799035052634917,2.948472620546928,3.2278908820008896,5969533.1392
54,1995,2.812938356468671,2.9588649547214856,3.241302837526807,5946676.9215
54,1996,2.7964419049804348,2.9618820826144128,3.205353538537586,6150316.0361
54,1997,2.789148226719649,2.961422874290285,3.1959098080008768,6001816.6617
54,1998,2.7997262146740503,2.946613665627906,3.1557875692061046,5953417.157
54,1999,2.8016492636904946,2.9320638144314435,3.1980632726782736,6153189.228800001
54,2000,2.7946205913439752,2.9355506907920317,3.210953213549084,6080985.1446
54,2001,2.8031515526463937,2.963003611249726,3.235181180565979,6126067.0448
54,2002,2.789153969495718,2.9570019188762684,3.23308925611658,5778578.7254
54,2003,2.792072035336374,2.9731212816353505,3.1973254354226675,5952159.4261
54,2004,2.8109433925352527,2.978415432631541,3.201195675915744,6063207.363299999
54,2005,2.7980780391018154,2.979117315094359,3.1922020814707532,6175810.739399999
54,2006,2.798458240240134,2.9782290135782548,3.193027965675237,6206604.584999999
54,2007,2.786738018186222,2.9867086707432664,3.2254928998936303,6322421.4759
54,2008,2.7857069672573287,3.00441256347193,3.189278498138977,6390321.2177
54,2009,2.788784451086992,3.0051598427901816,3.162035355480799,5690415.6777
54,2010,2.7788986093172383,3.006114374542792,3.156022241120909,5363258.6417
54,2011,2.7804879583936972,2.9861304068731713,3.189804950696598,5591315.370999999
54,2012,2.7840282048643115,3.001347999902404,3.16460307524215,5725999.4128
54,2013,2.7987460570456126,2.9990930436065653,3.1977132356368574,5465409.1149
54,2014,2.7865876889428183,2.9976839947500964,3.185746949930261,5464844.579599999
54,2015,2.796588776274961,2.9786545366409594,3.206785642247256,5638247.682899999
54,2016,2.813610312054792,2.986019596786218,3.227990606235187,5493651.4854999995
54,2017,2.821712972870521,2.974565684938773,3.250171944004625,5546705.6615
54,2018,2.7913442705507157,2.970960788559092,3.2093444029287093,5727802.602100001
54,2019,2.8127998655697106,2.980917516577798,3.2349173630944206,5821156.9364
54,2020,2.8067618260514005,2.986106245305631,3.2256129974706442,5372042.0146
54,2021,2.775077795526084,2.9758327844586785,3.2203494841969063,5285832.8848
54,2022,2.8038114788127584,2.9887035473932198,3.260778276597471,5344159.4395
54,2023,2.809783782440847,2.978313416025047,3.2588526017555104,5327458.4895
54,2024,2.7980227182546353,2.9653776077342604,3.2386238466599058,5399445.3597
54,2025,2.796638774315792,2.9827212971287556,3.2375946367360924,4940256.5331
54,2026,2.7539898242527663,2.9745183354753264,3.155100008200675,815008.5157
55,1976,2.8428860251693657,2.90589485647505,3.1929524516605556,17116139.1
55,1977,2.8293407751734696,2.8993381439833534,3.210372427735868,17666009.0
55,1978,2.8220604180191806,2.911567845623236,3.2243808552744486,19347923.07
55,1979,2.8574244752926883,2.916136927936588,3.2196317044974694,19712346.51
55,1980,2.844527734423684,2.903833415354479,3.1738584651848423,19755881.96
55,1981,2.8475393922877803,2.916215728186302,3.176917931140159,19642391.819999997
55,1982,2.81817046416238,2.9215342267346043,3.147728897106285,18489458.65
55,1983,2.7897753828926986,2.933386240373098,3.1361924058170834,18952348.560000002
55,1984,2.8062057342606215,2.9274557735563045,3.158399102233009,19270226.22
55,1985,2.8035362386258194,2.9263150011529664,3.163569646966822,18897221.240000002
55,1986,2.8125525386715915,2.9185902152585057,3.1759102071218606,18964724.32
55,1987,2.8061386338326573,2.925937928209968,3.156216086504176,20006338.43
55,1988,2.822220357099202,2.934444816343708,3.145024217578937,20795477.33
55,1989,2.838723481039266,2.942191387867554,3.1437036299474994,20523254.81
55,1990,2.840408097387254,2.946699411148362,3.141165324777429,20333235.41
55,1991,2.841468839029852,2.9449007849706748,3.157838447446945,20111516.04
55,1992,2.8297479582190483,2.9415859464981295,3.1756218256786273,20874526.18
55,1993,2.824206515315428,2.9417024608653786,3.147776697697353,20798511.34
55,1994,2.845100789255512,2.9429678492560463,3.157126781963552,21238996.008700002
55,1995,2.8500828795997415,2.9481564604909565,3.177795356504251,21431983.001999997
55,1996,2.8405607829757176,2.9337145523085257,3.1644933515163998,21867821.4246
55,1997,2.8448426656161945,2.9480903006332206,3.1920946297749215,22075907.251500003
55,1998,2.8459216473806634,2.959582052765262,3.1681359801175804,22137014.0845
55,1999,2.8376351939554403,2.95441713599284,3.1917571499715347,21953567.3427
55,2000,2.856982424192776,2.948987906008079,3.2002295196769963,22795951.4662
55,2001,2.8444816996242888,2.962562683639271,3.1929603821298476,22849013.0653
55,2002,2.82347517573131,2.9582899179676065,3.182561948528942,22349717.4476
55,2003,2.825762783383797,2.9678656721699546,3.157309050751706,22782703.5128
55,2004,2.816721568743955,2.9634617926487294,3.1685139859705678,22805306.5743
55,2005,2.828388778286654,2.957527907461792,3.1815159278776814,22355736.3749
55,2006,2.804848144342343,2.978365199847363,3.150731361407793,23227772.0701
55,2007,2.8047964384452544,2.992669189311426,3.166421344716476,23311388.672700003
55,2008,2.8028917507146445,2.9748845950843257,3.1395744707254924,22897162.0894
55,2009,2.7882226694320935,2.9759531311413627,3.1251219682263294,20972821.0794
55,2010,2.80126251430868,2.9811396176655087,3.1272523344849152,21003666.371799998
55,2011,2.8084745039841263,2.964827787632734,3.123037368493011,20941231.398
55,2012,2.8041778872377154,2.9734697612495027,3.1168474959563928,20852807.5081
55,2013,2.8163690959457393,2.9794347423158123,3.141622966479252,20818250.1131
55,2014,2.837240788343856,2.969312849640188,3.1541280238569014,21403548.816999998
55,2015,2.8174728357069636,2.976066169278201,3.166832840319538,21796986.0335
55,2016,2.8218152992476315,2.9648784343987757,3.1884099990268298,21989117.1245
55,2017,2.815780418146275,2.9604178994449546,3.2052354288145053,21931577.4586
55,2018,2.8110136129236767,2.971938557821124,3.1893136415679315,21809388.432900004
55,2019,2.8300547862462024,2.9713554356475904,3.2010001136476385,21846457.925499998
55,2020,2.827569068193299,2.9934928863427364,3.173154542215925,19999316.1335
55,2021,2.822131148905081,2.997979720170056,3.209481928103709,20539735.6177
55,2022,2.8221524269506184,2.984739203789169,3.186688164565963,20787508.067199998
55,2023,2.841028834200191,3.0040016261902425,3.1911561215062045,21029587.259600002
55,2024,2.8286986163427543,2.9866854062085335,3.2085686196629886,20934397.6624
55,2025,2.81024352377932,2.9862696103072612,3.2462147072065797,17954436.340000004
55,2026,2.8430005150678404,2.9850004599473725,3.237057281571182,3338619.3043
56,1977,2.7358842149911133,2.9257018952146874,3.2748874248337447,789420.69
56,1978,2.764408591540067,2.9326812288416177,3.252921560205459,1600075.28
56,1979,2.7788622396949316,2.9570109785974235,3.24305868116251,1685328.43
56,1980,2.7754829995358925,2.958049772073476,3.2509463375528096,1731133.8900000001
56,1981,2.7524971097708257,2.952499771586679,3.2001516522780604,1899265.0400000003
56,1982,2.751178974488237,2.952648086386156,3.1890920327650427,1789092.87
56,1983,2.7449211759812644,2.9482417943387826,3.2023110173636766,1941061.6300000001
56,1984,2.7529271308271412,2.9582835992739094,3.2163126660464605,1999606.2899999998
56,1985,2.7599435689081275,2.952333816889063,3.2350746324796025,1956374.95
56,1986,2.7428396274744924,2.954152496067334,3.2248135725249925,1973840.13
56,1987,2.7344062593800547,2.947228305727396,3.1814522220210826,1857069.3299999998
56,1988,2.733824765973971,2.9582423298838574,3.189322123196591,1767412.6
56,1989,2.75021877760362,2.9354113533380315,3.215830026433231,1685157.17
56,1990,2.7418703342099127,2.9504209445627834,3.221321562725036,1775988.15
56,1991,2.7516036937759525,2.948936424369847,3.198716277288267,1697350.7
56,1992,2.7428425624913446,2.957031539170689,3.1883700313846055,1751439.51
56,1993,2.746063089261269,2.9545940669369366,3.1983420997795684,1784555.12
56,1994,2.7414242804778737,2.9495130182747613,3.179159020263188,1848936.94
56,1995,2.7418132964278303,2.944010592302219,3.1973111718463203,1888667.4364
56,1996,2.7217720676562513,2.9438856688145774,3.213205245748991,1884022.8237
56,1997,2.7560595786425166,2.951678809275456,3.217660115030559,1828606.0387999997
56,1998,2.74701730447045,2.9555625748451444,3.226558166475419,1919362.7205999997
56,1999,2.7493830422177017,2.959306616420154,3.23787656520544,2006476.6091999998
56,2000,2.7533048972277814,2.968300797426611,3.2189947106937016,2001028.8568999998
56,2001,2.7749835716916267,2.97133626676389,3.2531993713442797,1993216.3986999998
56,2002,2.7743680978394485,2.9943461587087987,3.262343824950978,1976312.0003000002
56,2003,2.7699225371698017,2.982962956068583,3.2430453663715637,2122191.3985
56,2004,2.7500319075007584,2.9915711359517347,3.214186052990715,2161605.4107999997
56,2005,2.7730506891775253,2.995539768165394,3.271618326465658,2149334.3846
56,2006,2.798311291119896,3.003086151767923,3.3169237849498465,2182599.447
56,2007,2.8016301091226574,3.009005201817851,3.3169489835415695,2211500.526
56,2008,2.784266590797863,2.996477222197445,3.2839307179010255,2203385.8202
56,2009,2.7783735537356233,2.9936484401402312,3.2829297046199124,2152774.9738000003
56,2010,2.7763853189908296,2.9927782282685045,3.2758046595925947,2125380.2787
56,2011,2.811608393056463,2.967278422294982,3.3095207585390507,2121150.0114
56,2012,2.78657038918883,2.9890845164121003,3.292371817177372,2233519.8165
56,2013,2.801768603519792,2.9858410224936933,3.266550159328675,2317257.7477
56,2014,2.808275664566517,2.990649828884631,3.2982624639410263,2238165.4148
56,2015,2.77758445587886,2.9884740891920587,3.2984673974114567,2160769.113
56,2016,2.775283852680652,2.9947134737811623,3.2945627505905826,2145687.3738
56,2017,2.7825601969043987,2.994402782270076,3.2854709560876016,2076912.3813
56,2018,2.787621081190045,2.976445953665521,3.255664814558138,2030545.8255
56,2019,2.8043652267405403,2.972353167984017,3.2725617395053876,2002879.932
56,2020,2.7845035867278787,2.9863008407743914,3.29054791920229,1923039.7462
56,2021,2.770587389601729,2.9866946734285045,3.2791004693096593,1954730.3146000002
56,2022,2.777168252742283,2.9963885230427127,3.3030156826137738,1911949.7601
56,2023,2.7855940406029576,2.9880972957655105,3.279519734652762,2040624.6705
56,2024,2.7615630441677923,2.9994392816767523,3.2583377343718674,1973506.2092
56,2025,2.7844645990866868,3.0133780235308256,3.299516086632225,1722475.7803000002
56,2026,2.804860593396377,3.0337153091377917,3.3335244403653173,314847.257
