STATEFIP,YEAR,mean_routine,total_emp
1,1977,2.658331372586211,1280462.6
1,1978,2.660540717924871,2673423.9099999997
1,1979,2.671123911250779,2660700.09
1,1980,2.687456118685728,2567067.66
1,1981,2.7063662983264676,2269660.21
1,1982,2.648609055511856,2047117.85
1,1983,2.661357914617272,2395272.59
1,1984,2.6679104260114785,2404968.3499999996
1,1985,2.678501637317011,2270621.0
1,1986,2.6390722304441705,2534961.13
1,1987,2.641221343669944,2648123.6599999997
1,1988,2.610370223243536,2704893.25
1,1989,2.631304591426799,2685875.9800000004
1,1990,2.666437459519487,2485597.3200000003
1,1991,2.683427341119335,2487801.0399999996
1,1992,2.691043953666117,2483683.8099999996
1,1993,2.6635443561367245,2519439.97
1,1994,2.619773545127188,2641724.3562
1,1995,2.6450966203111683,2577523.0032
1,1996,2.6435311140139763,2646661.7821
1,1997,2.6254891441062034,2906573.5683
1,1998,2.558435382771072,2955724.409
1,1999,2.5749918659600652,2700108.1556
1,2000,2.5677608321854803,3165470.897
1,2001,2.5612997080117976,3246348.5875
1,2002,2.637127693821331,3243395.3757999996
1,2003,2.6348784242694627,3420519.4396
1,2004,2.6191643296403386,3568579.5873
1,2005,2.5965608448525117,3723253.3358
1,2006,2.5860946745125335,4428790.648
1,2007,2.5625793401738814,4578003.4593
1,2008,2.5947961336335914,4693907.6304
1,2009,2.5861706282829156,4387772.3018000005
1,2010,2.5841885231019157,4584795.9856
1,2011,2.6121904378542427,4952946.898899999
1,2012,2.583278787547481,5173286.2714
1,2013,2.6228378428237225,5354702.2269
1,2014,2.6153860585769584,4781916.559099999
1,2015,2.6054460088171885,5238938.242099999
1,2016,2.6100105012596666,5089404.459
1,2017,2.6018452764819098,5509109.5107
1,2018,2.6054825448748753,5535987.518999999
1,2019,2.5905896277826277,6023448.138800001
1,2020,2.588607967738788,5850828.3149
1,2021,2.5838400118635163,5545286.624100001
1,2022,2.638879676549825,5879683.165800001
1,2023,2.60304279929812,5871483.7824
1,2024,2.589331716510313,5974682.651199999
1,2025,2.5736857330079452,5927344.6687
1,2026,2.565308901039108,1171845.9381000001
2,1977,2.5495954785582975,65014.67999999999
2,1978,2.540825052612864,151226.16000000003
2,1979,2.4864124692943235,138896.77000000002
2,1980,2.5233248314795818,143846.31
2,1981,2.5459457458223698,169760.42
2,1982,2.5134489990988205,155275.78999999998
2,1983,2.5835504685257753,168758.32
2,1984,2.577171393144206,192211.08000000002
2,1985,2.5111105344452787,171229.05
2,1986,2.461116838385899,197230.22
2,1987,2.4817759055867255,206231.15
2,1988,2.455823421129183,200895.08000000002
2,1989,2.525550295130527,220112.57
2,1990,2.4653525784226127,245986.28
2,1991,2.4706263393566563,254070.49000000002
2,1992,2.560598113857077,256818.41999999998
2,1993,2.514035167079672,290331.41000000003
2,1994,2.477272011394504,305842.3167
2,1995,2.461963349271863,262148.70680000004
2,1996,2.4532553785394993,267178.5701
2,1997,2.51096983546355,263499.8634
2,1998,2.456684586566185,336364.34160000004
2,1999,2.485920710696557,342863.1498
2,2000,2.501439674065091,382036.51540000003
2,2001,2.498596710827979,376139.0919
2,2002,2.469392640923767,409583.0443
2,2003,2.52193729699315,496376.75710000005
2,2004,2.5128591462072816,513727.3402000001
2,2005,2.487143848001039,580514.297
2,2006,2.536024235173892,624996.3683999999
2,2007,2.546644386753043,626122.0005000001
2,2008,2.529385976278832,649155.6916
2,2009,2.549554455939644,714101.3302
2,2010,2.527770948519886,762617.5185
2,2011,2.5131344004122904,756239.743
2,2012,2.526043316470096,870907.5793999999
2,2013,2.521196832319186,868282.7913
2,2014,2.566351767998914,870002.4323
2,2015,2.5629883287242614,863454.0441999999
2,2016,2.5228576763358537,847470.8105
2,2017,2.5103445720838398,940352.2403
2,2018,2.5404156507404227,955638.2061
2,2019,2.5218942103906006,868731.9469999999
2,2020,2.4872894394594995,850309.9521999999
2,2021,2.5070884703141867,912308.5922
2,2022,2.5255895006723716,914021.7808000001
2,2023,2.5352080695890966,857457.9298
2,2024,2.550727691211437,898798.1399000001
2,2025,2.501211151485161,889984.6071
2,2026,2.4855844424838933,169621.99779999998
4,1977,2.585916209582048,716352.15
4,1978,2.582847954112551,1493305.05
4,1979,2.5883405921260247,1529276.83
4,1980,2.5632907401226803,1541626.65
4,1981,2.5390669730822983,1559703.06
4,1982,2.5638004680938833,1463330.14
4,1983,2.5681775454044424,1401326.7400000002
4,1984,2.5340625215412795,1718027.85
4,1985,2.522687477546055,1929279.1999999997
4,1986,2.4879047786253543,1884783.8599999999
4,1987,2.4908451274997274,1892639.58
4,1988,2.527623319344153,2003882.9700000002
4,1989,2.5341313799788883,2007377.2399999998
4,1990,2.5310336028966867,1946767.01
4,1991,2.511557600405533,2028481.0999999999
4,1992,2.5481148284168964,2225510.3600000003
4,1993,2.527347837536264,2251751.55
4,1994,2.521852543296542,2623644.1412
4,1995,2.5300792535582346,2751867.7218
4,1996,2.4829447326132366,2609831.4897999996
4,1997,2.5182879020974647,2776286.8989
4,1998,2.5418434705912993,3067308.1123
4,1999,2.521890769450947,3436295.4499
4,2000,2.5261678372552674,3715863.5522000007
4,2001,2.4490171756762624,3598339.2447
4,2002,2.4627911551224266,3730752.3349999995
4,2003,2.4644816234332114,4340933.7521
4,2004,2.50060645142343,4578577.5648
4,2005,2.5017168789057656,4772703.2215
4,2006,2.5249525756610267,5084258.058300001
4,2007,2.565123372784587,5670647.9973
4,2008,2.5322140478966535,6530109.368899999
4,2009,2.5269715362908634,6605091.095299999
4,2010,2.5032830254432925,6435795.827500001
4,2011,2.4978805309700562,6369559.1532000005
4,2012,2.5052847605525854,6779620.252699999
4,2013,2.5105179755601674,6909203.0628
4,2014,2.535275279182475,6987575.2328
4,2015,2.544122956658312,7323087.7939
4,2016,2.5190760445157276,7503611.2946999995
4,2017,2.4898233545756487,7875158.7809
4,2018,2.5382366439242343,8546359.3507
4,2019,2.5306776433513587,8510658.203200001
4,2020,2.5312805102074916,8646851.055
4,2021,2.5244050870358468,9266076.9297
4,2022,2.5315088165887487,8845391.712599998
4,2023,2.482234872997399,8820186.3554
4,2024,2.5079330934880977,8992899.1987
4,2025,2.5070876753050126,8652768.1062
4,2026,2.5396817838192955,1471387.0536
5,1977,2.6162133723594763,779756.03
5,1978,2.620453020336941,1726524.1899999997
5,1979,2.6378081693979087,1661500.57
5,1980,2.6088671268420103,1693945.64
5,1981,2.6414948887903247,1778753.5699999998
5,1982,2.6260003250063266,1774783.8199999998
5,1983,2.6237861709884243,1602472.58
5,1984,2.6218352701102376,1575802.8599999999
5,1985,2.6017818201969214,1448660.63
5,1986,2.589455926398628,1337542.84
5,1987,2.6179063959789786,1460773.51
5,1988,2.6322054226100633,1473667.9
5,1989,2.6100901351545014,1662598.9
5,1990,2.630151197753302,1577807.8699999999
5,1991,2.649587275096513,1473331.86
5,1992,2.622248652918943,1557110.0999999999
5,1993,2.6131674809729812,1636002.59
5,1994,2.635338204314361,1695396.3189
5,1995,2.614297192390399,1743789.3117
5,1996,2.6171736576879323,1867929.9497000002
5,1997,2.649252988561566,1928473.628
5,1998,2.6201064061134085,1763586.7108999998
5,1999,2.6479217713175727,1883704.8536
5,2000,2.633697942045556,2084379.005
5,2001,2.6510311839826386,2014995.5782
5,2002,2.564011855770599,2153250.1032999996
5,2003,2.597644305100651,2316788.7917
5,2004,2.611939031540901,2374390.0557
5,2005,2.5864857779423653,2571744.7188999997
5,2006,2.6415392603674746,2826028.8839999996
5,2007,2.5882064839774075,2816136.9222
5,2008,2.5478455267822255,2785302.5637
5,2009,2.581365839467749,2951832.9751
5,2010,2.5815237757410583,2851057.1081999997
5,2011,2.588760486032907,2770211.9227
5,2012,2.625990300621267,2699445.2251000004
5,2013,2.6363080922238176,2712666.9116
5,2014,2.6437750168088336,2900624.8115
5,2015,2.6027759463077897,3149695.385
5,2016,2.585617223800079,3162189.8486
5,2017,2.57111740161332,3265595.9354000003
5,2018,2.5662150323295663,3323745.1314
5,2019,2.579472948143781,3694770.5453
5,2020,2.575523461866121,3424849.4976
5,2021,2.5727396759886263,3430591.2237
5,2022,2.5885533636997926,3409021.2833
5,2023,2.611904300247941,3410734.5028000004
5,2024,2.6148768195025043,3306635.4925
5,2025,2.614880785696499,3304876.5082
5,2026,2.594948705664706,652081.2938000001
6,1976,2.5958676540871037,18823075.74
6,1977,2.5867597429954508,16591828.370000001
6,1978,2.5774031711021466,14338202.450000001
6,1979,2.565759923736757,15754915.110000001
6,1980,2.561014557001432,15742197.639999999
6,1981,2.5667532996028384,15404210.75
6,1982,2.551239881585943,16150354.940000001
6,1983,2.566110162933911,16850362.66
6,1984,2.5596632469625407,16577457.590000002
6,1985,2.5452103628189344,16032471.589999998
6,1986,2.529152823702376,16854342.080000002
6,1987,2.508015597709665,17267821.81
6,1988,2.4862146801436023,17028634.21
6,1989,2.535631741653219,17442145.22
6,1990,2.5328628548492715,17946601.18
6,1991,2.538331028806047,17207770.81
6,1992,2.5584980894164584,17574061.07
6,1993,2.5388486128763477,17866325.17
6,1994,2.5185722932987553,18454913.259000003
6,1995,2.5191987115561054,19164571.4753
6,1996,2.5015601642612286,18661274.6092
6,1997,2.4844559495039555,19719875.0902
6,1998,2.4967816628337434,20856892.2077
6,1999,2.4992742955440255,22074722.7175
6,2000,2.5150214893172578,22245836.3152
6,2001,2.5167672741769347,22349199.6236
6,2002,2.515245282130296,23485357.887900002
6,2003,2.49030508452992,26461403.6688
6,2004,2.4852305726378816,28765776.9402
6,2005,2.471173201798564,30953519.6355
6,2006,2.4743668928606892,31082650.4261
6,2007,2.469432224758292,31489202.1838
6,2008,2.4765276074022684,34842252.3178
6,2009,2.4751871302302546,34635696.1286
6,2010,2.4725348049881055,34786210.8438
6,2011,2.480715387773841,36334815.3515
6,2012,2.4885535471063003,38671533.963300005
6,2013,2.4850693915300197,40554172.055
6,2014,2.4909640726427518,42465151.5375
6,2015,2.4983167738246985,44222936.634799995
6,2016,2.4921431949988904,44942600.1047
6,2017,2.4951184407824467,45710772.6178
6,2018,2.5142916870947563,47171692.56079999
6,2019,2.4970085914912863,46687717.0388
6,2020,2.5065868214806297,43851567.0806
6,2021,2.5030882477922294,46529980.2786
6,2022,2.507135951402227,48017572.205400005
6,2023,2.5052526474628074,46710350.1491
6,2024,2.5096521767515565,46069815.4275
6,2025,2.487265888953383,44740354.3829
6,2026,2.4743637186110665,7974400.843699999
8,1977,2.561877901667837,879007.54
8,1978,2.6222624597016826,1667795.98
8,1979,2.5692592695286582,1795321.9900000002
8,1980,2.5448680999872617,1975593.83
8,1981,2.5481679860762796,2008862.99
8,1982,2.5201235030797995,1959871.93
8,1983,2.5308440361576205,2033384.6
8,1984,2.544063512800784,1998640.99
8,1985,2.538550426843677,1967858.17
8,1986,2.5158554842465066,1959448.24
8,1987,2.492160167299859,2124998.27
8,1988,2.492334783128639,2197251.06
8,1989,2.5122885593964743,2027801.74
8,1990,2.564680248852145,1978019.9400000002
8,1991,2.5551979400538434,2013062.6900000002
8,1992,2.524174529007041,2043544.7
8,1993,2.5156114807483068,2305705.09
8,1994,2.5036721007883385,2285403.8599
8,1995,2.5479671172635068,2330838.5426
8,1996,2.5453252538363134,2497831.9060000004
8,1997,2.5330204970754258,2660895.3391
8,1998,2.5255217870892404,2772843.4578
8,1999,2.5169480895370655,3013168.4951
8,2000,2.5063462069784213,2961440.567
8,2001,2.553140207014113,2832651.4926000005
8,2002,2.5252953653694408,3025054.9483
8,2003,2.5098219585290362,3923589.8899
8,2004,2.495146114122637,4193024.7023
8,2005,2.4809210410962548,4367035.1871
8,2006,2.508628183076984,4644243.6357
8,2007,2.4737712067525357,5144716.0373
8,2008,2.4976030449783404,5185259.1343
8,2009,2.4743557944954824,5523589.687899999
8,2010,2.4528601074930525,5498928.187000001
8,2011,2.4724598484957725,5757653.2238
8,2012,2.4835121862006617,5860503.940199999
8,2013,2.5031489831584723,6139993.649499999
8,2014,2.5052609680829283,6592306.5987
8,2015,2.475066678962179,6850868.8186
8,2016,2.5080055516903457,6970032.716699999
8,2017,2.4643269220313875,7374217.141500001
8,2018,2.476485965146654,7849424.4657000005
8,2019,2.5042292688490386,7899495.5913
8,2020,2.4816401786688878,7555219.3885
8,2021,2.4955163964870493,7525652.614100001
8,2022,2.456437604904937,7868816.684700001
8,2023,2.469838290414154,7767502.384199999
8,2024,2.500736864566238,7558897.5062
8,2025,2.453486766249069,7056337.433599999
8,2026,2.418459421144758,1130565.8199
9,1976,2.6966217625873794,2662337.02
9,1977,2.7135413545416567,2658414.2
9,1978,2.7030042756515904,2877308.12
9,1979,2.7096536537031013,3053205.09
9,1980,2.6947546491037415,3126189.12
9,1981,2.66337200350757,3114120.3299999996
9,1982,2.692942048882707,3063777.43
9,1983,2.6981775352918573,2832536.2
9,1984,2.727329137815142,2971926.88
9,1985,2.6853148726919955,2722937.37
9,1986,2.6890344665473203,3129636.97
9,1987,2.657639068726274,3301977.5399999996
9,1988,2.6622853525449313,2907474.17
9,1989,2.6373986779866256,2881040.66
9,1990,2.62980167365774,2996019.6500000004
9,1991,2.6629529317574727,2682899.3499999996
9,1992,2.6453981490047775,2448832.01
9,1993,2.6049884897253412,2495674.97
9,1994,2.5962021131862034,2695639.4348
9,1995,2.5587298212303713,2727207.5993
9,1996,2.5275342037130253,2411344.4423
9,1997,2.571909437500474,2364306.3372
9,1998,2.5944653403373032,3080081.9651999995
9,1999,2.5488803813820837,3054140.7956999997
9,2000,2.562084513263757,3523506.9645999996
9,2001,2.5515816856314055,3469532.4864000003
9,2002,2.518679473843596,3430839.0046
9,2003,2.5226288644203896,3598399.5584000004
9,2004,2.5367759123110702,3759263.4487
9,2005,2.5367911388138604,3913136.163
9,2006,2.5416613155994274,4024333.1373999994
9,2007,2.51523712527994,4166801.4813
9,2008,2.5100507455945773,4462202.3050999995
9,2009,2.487704953945273,4381778.558700001
9,2010,2.469916719844266,4510480.1086
9,2011,2.519346828802256,4521947.9573
9,2012,2.5205936460180824,4665135.7743
9,2013,2.5253617418301735,4941093.9627
9,2014,2.507864946860812,5041498.273899999
9,2015,2.4875840078901166,5361955.1642
9,2016,2.4810351675443774,5579141.7532
9,2017,2.470447151816556,6108491.565099999
9,2018,2.49249251734593,6008263.683999999
9,2019,2.4624445562440633,5957758.8069
9,2020,2.4667202211631065,5823741.9258
9,2021,2.4321434383444958,5998006.3685
9,2022,2.4888876295007507,6189114.8657
9,2023,2.4917978783722363,6076399.1275
9,2024,2.497071715269243,6129585.5744
9,2025,2.5139198339594744,5327561.647399999
9,2026,2.502730106590145,939681.2223
10,1977,2.6348837809786603,192881.94999999998
10,1978,2.621144244290006,388708.63999999996
10,1979,2.5794233582250055,434908.06
10,1980,2.603725683628554,450909.5
10,1981,2.57753293320398,431180.96
10,1982,2.621765160067483,459370.35
10,1983,2.590747918137354,469061.61
10,1984,2.5921196150120824,466367.45
10,1985,2.658655641494425,408464.15
10,1986,2.6212421686664094,378810.24
10,1987,2.604697885748444,451247.09
10,1988,2.5582728040813545,442252.04000000004
10,1989,2.581847726969225,442348.35
10,1990,2.635924458278669,452752.0
10,1991,2.6291925113710413,436985.32
10,1992,2.6132736338188085,385991.35
10,1993,2.599797228139407,396049.89999999997
10,1994,2.666145986245932,416120.9546
10,1995,2.586355658870207,520437.67689999996
10,1996,2.5452768062746522,548400.0434
10,1997,2.5811500262566254,587543.8725999999
10,1998,2.550288348757278,617430.575
10,1999,2.5137038083334415,586809.7668
10,2000,2.5259062272170025,717250.3647
10,2001,2.576394146126855,732676.6999
10,2002,2.5451685958591286,724394.8548000001
10,2003,2.5374201115230375,704977.579
10,2004,2.579330279241155,739650.8108999999
10,2005,2.5624010380408815,800365.8732999999
10,2006,2.552012654871448,894686.5517000001
10,2007,2.5256075119772734,923098.5129
10,2008,2.541447193447486,889595.9071000001
10,2009,2.547445770360619,879434.8994
10,2010,2.544628588537748,914641.2328
10,2011,2.564178978820968,1043279.1993
10,2012,2.535931047604947,1099301.5359999998
10,2013,2.539569180879185,1080470.0016
10,2014,2.542075867823231,1169066.1985000002
10,2015,2.5125860573058305,1261343.8662999999
10,2016,2.49226359269722,1262195.5954999998
10,2017,2.5727664555559313,1352717.5934000001
10,2018,2.5157626860527733,1453468.0795999998
10,2019,2.5551361635250798,1364288.8846999998
10,2020,2.5509914243370266,1359085.4341999998
10,2021,2.6069270493948546,1432199.5216
10,2022,2.5149432746912805,1441999.9093
10,2023,2.5252490397521568,1499474.3138
10,2024,2.5245162696689993,1555903.9
10,2025,2.5240470311361145,1404836.8274
10,2026,2.4869506784209303,272050.4026
11,1976,2.4897284807904554,543398.8500000001
11,1977,2.513371759896969,481319.09
11,1978,2.556326168300515,491867.57000000007
11,1979,2.5763486624946226,444261.22000000003
11,1980,2.4856464142983987,472926.95999999996
11,1981,2.506886697073332,432208.74
11,1982,2.549689848014936,480908.01
11,1983,2.5017543487888254,463370.55000000005
11,1984,2.511220962060326,452160.98000000004
11,1985,2.5091599832292846,473994.7
11,1986,2.479258897391893,405647.05000000005
11,1987,2.496401289458289,413567.67000000004
11,1988,2.5599015555927784,445921.70999999996
11,1989,2.5733648100118782,417652.89
11,1990,2.511155063158128,394257.26999999996
11,1991,2.4857113228119236,380960.81000000006
11,1992,2.511277673039244,384445.58
11,1993,2.498968292863146,376242.89
11,1994,2.4634963517944337,403250.649
11,1995,2.466019812200915,376340.7971
11,1996,2.469381705983649,346708.3273
11,1997,2.4846162425581864,355037.0986
11,1998,2.499126156459104,363087.8909
11,1999,2.4378201341825876,449956.5748
11,2000,2.4065365963152776,496412.4594
11,2001,2.419789248203124,482265.3526
11,2002,2.4226192341512784,485760.3023
11,2003,2.378650906485803,515519.6854000001
11,2004,2.3478866696820746,541566.6374
11,2005,2.3460759002096303,525922.5105
11,2006,2.3658619207116187,519484.0621
11,2007,2.3524470979522643,573425.3066
11,2008,2.3616212913752297,590714.655
11,2009,2.3438898904158765,610521.1632000001
11,2010,2.3360950458842007,602079.2621
11,2011,2.3301741858244918,630604.5932
11,2012,2.331198234168075,625661.2956000001
11,2013,2.3521728198798124,661200.4230000001
11,2014,2.3581456858698204,659626.3718000001
11,2015,2.3351468884459567,676844.6231
11,2016,2.352581357360354,711992.2137
11,2017,2.323357374156834,675648.548
11,2018,2.2993850490518257,668451.3734
11,2019,2.291554199978706,694082.2399
11,2020,2.299288165048068,673716.3257
11,2021,2.3201211734634755,699044.4103999999
11,2022,2.2975096913763466,691724.434
11,2023,2.3020311772923474,646240.1751999999
11,2024,2.251714714063244,665425.9117
11,2025,2.26173537505162,626267.0896999999
11,2026,2.2699853066870204,107222.0514
12,1976,2.542117511979204,5344724.26
12,1977,2.5598298558356425,5326044.92
12,1978,2.574224270890168,6186918.160000001
12,1979,2.5593697413267233,6074650.390000001
12,1980,2.5834725508262686,6500328.49
12,1981,2.5607363468418205,6659516.040000001
12,1982,2.5804852274786545,7528439.33
12,1983,2.592444264447579,7592776.390000001
12,1984,2.5735171217065616,7901329.600000001
12,1985,2.5761081018549596,7962868.36
12,1986,2.5574492209044575,8429208.93
12,1987,2.566453613769416,9008936.53
12,1988,2.5548860031560596,9040117.280000001
12,1989,2.5576600078756915,9011848.61
12,1990,2.563428132770025,9440343.09
12,1991,2.5544534689906264,9194058.629999999
12,1992,2.5561420439906586,9239761.11
12,1993,2.5474276260377287,9545957.6
12,1994,2.549556754770851,9653178.8969
12,1995,2.569064082428052,9695390.736000001
12,1996,2.5751015720638866,10084147.878700001
12,1997,2.57634184507436,10490136.904800002
12,1998,2.5479835374568105,10883365.314
12,1999,2.545621460654759,11384091.0832
12,2000,2.5392412656779197,11982099.871
12,2001,2.532847893690631,12855393.1792
12,2002,2.5358597069122766,13288521.270499999
12,2003,2.5478432694462594,15086679.2905
12,2004,2.557060764230615,16589706.667399999
12,2005,2.5499957640937847,18060762.683
12,2006,2.5545146172024085,19648101.81
12,2007,2.5302743043655647,20220091.352300003
12,2008,2.5202422489724303,20518840.165
12,2009,2.508636878042094,20045747.7553
12,2010,2.5272436928436157,20389815.5064
12,2011,2.4994561340667354,21996510.85
12,2012,2.5062800039205735,23671212.642
12,2013,2.5185840706482012,24382755.4115
12,2014,2.5128396533281845,25750839.5458
12,2015,2.5199894702475394,25411518.0588
12,2016,2.520184766317897,25997863.432499997
12,2017,2.540086886606723,27764360.8304
12,2018,2.526326377111778,29491495.625499997
12,2019,2.525952586271799,30285998.3127
12,2020,2.510546435721823,28695011.891799998
12,2021,2.537027407884003,30507239.362
12,2022,2.53748190391475,31672336.6347
12,2023,2.5275932487644863,32977467.444399998
12,2024,2.5026976448550142,33557360.8402
12,2025,2.516258092938883,30751217.974999998
12,2026,2.5462155427335462,5328012.191400001
13,1976,2.6097280150262976,3480891.72
13,1977,2.6294037110522526,3554976.8200000003
13,1978,2.637112489550231,3366519.5499999993
13,1979,2.6051657773076835,3468454.6499999994
13,1980,2.5816255629820604,3644802.25
13,1981,2.5842519781713214,3686233.3399999994
13,1982,2.601750159458841,3783529.59
13,1983,2.630924276314397,3532755.43
13,1984,2.6537786004855577,3492838.75
13,1985,2.6642517292684644,3892063.71
13,1986,2.6614942159021004,3994507.6400000006
13,1987,2.647057479974693,4148803.1399999997
13,1988,2.6004994282597313,4649635.3
13,1989,2.5905789022710954,4201258.75
13,1990,2.589144608794289,4089403.7499999995
13,1991,2.6045445623460735,3846982.6399999997
13,1992,2.625302968310285,4490987.97
13,1993,2.556102305286129,4215735.35
13,1994,2.581465907522571,4524751.7038
13,1995,2.6011358484792133,4188180.9646
13,1996,2.6201037481316907,4458281.509000001
13,1997,2.602980704357379,4466816.7199
13,1998,2.5749952478841642,4966148.554699999
13,1999,2.601357738571357,5079718.2081
13,2000,2.5595980684719364,5311414.3721
13,2001,2.6201725023106577,5783967.9656
13,2002,2.578024641475845,6450821.8365
13,2003,2.5667936593247647,7054479.1159
13,2004,2.5655346429340695,6580343.750700001
13,2005,2.56752735897183,7146626.0888
13,2006,2.552092855859941,8095946.633699999
13,2007,2.545403119648389,8670432.439599998
13,2008,2.546679026332441,8914559.891900001
13,2009,2.5149124408941814,8828058.637
13,2010,2.5322188368190006,8557594.4972
13,2011,2.542640618179649,8198455.661
13,2012,2.550409710020513,8964666.4767
13,2013,2.583640591560819,9843312.303
13,2014,2.578955420178981,9740664.563900001
13,2015,2.5603976983687673,10366674.3999
13,2016,2.5579641418610066,11039828.9671
13,2017,2.5413697221993865,11652582.927700002
13,2018,2.569738776102342,11814615.0786
13,2019,2.5524737347960658,12133254.587299999
13,2020,2.5315165090213894,12107398.2681
13,2021,2.563522407646873,12128053.045999998
13,2022,2.5525347563009144,13292848.9965
13,2023,2.5279640553790625,13200411.1121
13,2024,2.5383242465913485,13748431.1436
13,2025,2.537124239353961,12860888.5065
13,2026,2.485455433740794,2400662.9681
15,1976,2.705075227376644,376877.7300000001
15,1977,2.6534166007915676,456627.08999999997
15,1978,2.6068469517919777,555145.6599999999
15,1979,2.5902386409498583,664193.57
15,1980,2.555778876005279,744498.6799999999
15,1981,2.5448407668296613,680092.48
15,1982,2.5918682887969666,682175.3300000001
15,1983,2.611605892880761,691155.91
15,1984,2.599792600761079,614028.11
15,1985,2.5796217266072867,735560.3899999999
15,1986,2.561984441972505,823248.0199999999
15,1987,2.5094037021628623,897656.84
15,1988,2.572932634255206,959139.86
15,1989,2.5598009954027914,985254.8600000001
15,1990,2.5239892818650373,878797.47
15,1991,2.5335449980125335,901591.0300000001
15,1992,2.5724250243081297,809938.9500000001
15,1993,2.5664370325669084,802108.39
15,1994,2.53979378183662,865663.4967000001
15,1995,2.5318371525448047,878843.945
15,1996,2.522728295942868,856358.2478000001
15,1997,2.5021738453157023,1007748.4216000001
15,1998,2.515131794920906,991353.8114
15,1999,2.5085067975736917,893660.7645
15,2000,2.514797843380853,936544.1279000001
15,2001,2.50636272112368,1067772.7645999999
15,2002,2.482361567459029,1181881.6193
15,2003,2.541591542023628,1069741.6103
15,2004,2.5369513515029247,1313429.8663
15,2005,2.4899355420080553,1332134.7918000002
15,2006,2.4711117377610883,1511620.7342
15,2007,2.5279799319604677,1509260.2483
15,2008,2.514571414194142,1498124.5945000001
15,2009,2.4916930073232426,1548902.5292000002
15,2010,2.4972502136774537,1600891.753
15,2011,2.526540434904633,1673029.0688
15,2012,2.4960775627558522,1751894.2522
15,2013,2.4996209914748055,1793772.4937
15,2014,2.5149797383648624,1869515.6683
15,2015,2.5288061689408288,1937516.9719
15,2016,2.534397875438991,1999453.4133000001
15,2017,2.514851028787382,2021308.3413999998
15,2018,2.4872648149638485,2071184.9004999998
15,2019,2.5234915288026003,2011693.4623
15,2020,2.536677887317427,1784146.6049999997
15,2021,2.537575989857375,1900361.9814
15,2022,2.5218127385507354,2055125.3007
15,2023,2.4888001646380316,2121614.2725
15,2024,2.5130437169316364,2174934.6996999998
15,2025,2.530080111938966,2037711.3379000002
15,2026,2.5112797618766334,389859.46160000004
16,1977,2.6056181152828533,294610.73
16,1978,2.629534552477244,551371.67
16,1979,2.631928659042674,559247.02
16,1980,2.6431058816905897,586924.22
16,1981,2.639981416320195,612917.03
16,1982,2.634012536446819,581691.3999999999
16,1983,2.5997417625524673,584847.71
16,1984,2.5909174441321148,618671.03
16,1985,2.601021883895937,654677.14
16,1986,2.625807415207112,652577.96
16,1987,2.6536265509415937,663618.01
16,1988,2.6797051081823646,683902.1199999999
16,1989,2.6571480082274603,716914.3
16,1990,2.5951993387566072,619503.09
16,1991,2.564494946043506,629660.5200000001
16,1992,2.6389461697419163,748267.9
16,1993,2.6637007084439013,682131.64
16,1994,2.6201232099280287,780424.4601
16,1995,2.6224368216049556,835710.2379
16,1996,2.5976709707219285,830153.2884
16,1997,2.541181669255237,899980.6597
16,1998,2.5722651399340504,912123.0766000001
16,1999,2.577147157218384,847365.0827000001
16,2000,2.5759135432670783,1017675.9945
16,2001,2.564792995086382,1134682.2581000002
16,2002,2.5543437725551663,1032628.1100000001
16,2003,2.5942864098563923,1119031.9593
16,2004,2.5943380560540428,1263921.808
16,2005,2.54407599773141,1362871.1467
16,2006,2.5408341988546694,1420070.5304
16,2007,2.533914747150172,1496648.9144000001
16,2008,2.5744043444287317,1531193.9827
16,2009,2.545219624568367,1565226.3603
16,2010,2.5452335331416216,1664082.3395
16,2011,2.559379897932259,1703920.3087
16,2012,2.5789311222565567,1729700.0799999998
16,2013,2.543941887524427,1755439.7567
16,2014,2.562998538387166,1845167.6365999999
16,2015,2.5542095137158642,1928541.9519
16,2016,2.557301105631889,1882359.6558
16,2017,2.553930466506155,1981874.1283
16,2018,2.5536564970825077,2211877.9972
16,2019,2.569230853822209,2239005.5270999996
16,2020,2.5277472668293166,2204504.5486
16,2021,2.5669045965195623,2186450.3731
16,2022,2.528576621634339,2379427.4681
16,2023,2.527926962561428,2461645.429
16,2024,2.5785291395438774,2395384.7520000003
16,2025,2.546010489292804,2080877.1213
16,2026,2.5407678724005565,403299.5711
17,1976,2.7066671625307928,8735890.99
17,1977,2.6987322918174455,9192134.440000001
17,1978,2.699057790184204,9160527.820000002
17,1979,2.6736963073204056,9320890.620000001
17,1980,2.686783294547519,9613077.129999999
17,1981,2.665857747435347,9280613.770000001
17,1982,2.643143094251037,8651239.49
17,1983,2.624035652788303,8550920.98
17,1984,2.6374966536777844,8316510.74
17,1985,2.6325715140999835,8222488.82
17,1986,2.6279045840735566,7993804.75
17,1987,2.642278378108741,7533660.56
17,1988,2.6435747882267315,7841358.27
17,1989,2.6223201048130513,8639646.07
17,1990,2.6090603500671707,8397258.33
17,1991,2.6286447854997896,8112133.8100000005
17,1992,2.618383100517165,8047665.5
17,1993,2.6044419402775927,7804129.209999999
17,1994,2.605215345439362,8227040.5672
17,1995,2.619291433460664,8811165.126400001
17,1996,2.593080258686088,8682350.0302
17,1997,2.5710785651571144,8970535.451900002
17,1998,2.58958348601535,9305442.5419
17,1999,2.586946777092973,8790780.0591
17,2000,2.5636691584256317,9468779.187700002
17,2001,2.6049883047078066,9696013.306200001
17,2002,2.6025448760763075,10190240.0836
17,2003,2.5928157606198856,10454229.3806
17,2004,2.551770439105357,10637222.8402
17,2005,2.54047776586072,10999065.6811
17,2006,2.5773146490822554,11406863.570700001
17,2007,2.5697278245679693,12054458.9679
17,2008,2.5704320413028596,12502431.6949
17,2009,2.5561364773695447,12484817.7544
17,2010,2.561308847230156,13716351.604600001
17,2011,2.545910179320692,13857522.6691
17,2012,2.560614615877076,14861127.0711
17,2013,2.5506406199122402,15387261.872000001
17,2014,2.552100565036333,15335559.045
17,2015,2.525196069443156,16247754.707799999
17,2016,2.538026666278928,17500315.4383
17,2017,2.5594987511601297,16831859.9876
17,2018,2.562326778981874,16617059.768599998
17,2019,2.5619573969484835,17595844.017
17,2020,2.574043088944181,15684841.2315
17,2021,2.558374964173694,16002926.558600001
17,2022,2.5546819565990093,17312470.041500002
17,2023,2.5640382787473888,16947319.594
17,2024,2.5405998911386236,17016683.2403
17,2025,2.5279754954050877,15839744.0854
17,2026,2.5381505456584095,2678082.6498999996
18,1976,2.7145049806084973,4471614.16
18,1977,2.694676341512768,4278139.5600000005
18,1978,2.7037581944378735,3892643.2199999997
18,1979,2.7479778343252264,3912324.42
18,1980,2.724833482284768,4371752.77
18,1981,2.710873097992492,4099723.7500000005
18,1982,2.7086962026042953,3825243.01
18,1983,2.707081120132774,3856446.2
18,1984,2.69062716973791,3749120.77
18,1985,2.707758024287809,4068446.75
18,1986,2.7161379439843447,4287375.82
18,1987,2.6986362760975506,4117864.77
18,1988,2.6377821844036027,4265635.74
18,1989,2.6662362486599496,4254200.05
18,1990,2.629347075688012,3556133.36
18,1991,2.6503949801992097,3629036.98
18,1992,2.6741705246357843,3354855.45
18,1993,2.681599418389633,3418177.96
18,1994,2.7041955599515903,3330842.2333
18,1995,2.6836858637252927,3683941.7186000003
18,1996,2.706606808982411,4287432.2992
18,1997,2.639889857873392,4278782.3283
18,1998,2.6254117006481352,4505319.737600001
18,1999,2.5832254871828244,4859379.6885
18,2000,2.642179856198055,5547547.657500001
18,2001,2.664237319134175,5444343.4957
18,2002,2.6038251310530183,5605737.3372
18,2003,2.5851010865770423,5284280.2913
18,2004,2.6090202987515148,5427998.934800001
18,2005,2.643295037267826,5666831.130700001
18,2006,2.6220871034594087,6280574.6696999995
18,2007,2.6231897286395998,6221032.1927000005
18,2008,2.6222362297781032,6942653.9733
18,2009,2.5706340015605402,6895157.4973
18,2010,2.5581347106178636,6640277.6073
18,2011,2.627214121490771,6955208.2674
18,2012,2.643579776813738,6911551.1403
18,2013,2.609731206808937,7206591.8525
18,2014,2.638051508030751,7541260.804
18,2015,2.60978288994421,8500952.4192
18,2016,2.5903922430721384,8551169.3382
18,2017,2.6346408031186654,8476143.1235
18,2018,2.627262792820835,9021005.5878
18,2019,2.616657031596492,8766631.8284
18,2020,2.5883672000150435,8283275.7936
18,2021,2.6159572912717572,8464151.1087
18,2022,2.5951036278642583,8907019.2366
18,2023,2.590024046402932,8655678.8975
18,2024,2.593534441980473,8241303.403499999
18,2025,2.568640024587705,7535144.6897
18,2026,2.584314874973947,1282735.2438000003
19,1976,2.615748178068762,2033190.19
19,1977,2.6621376450671033,2324255.31
19,1978,2.6569213906844285,2621560.36
19,1979,2.6279902463147926,2586184.1500000004
19,1980,2.6041390337329333,2471686.0300000003
19,1981,2.603606957651006,2435877.8000000003
19,1982,2.6085726714917308,2319792.8
19,1983,2.6179690246359164,2254989.78
19,1984,2.605328955063227,2195494.09
19,1985,2.6434421598603546,2332311.16
19,1986,2.5952968185422995,2592878.38
19,1987,2.6016056687082694,2385069.17
19,1988,2.5907670521901327,2363132.98
19,1989,2.61222242736705,2638088.24
19,1990,2.591920939620007,2327532.85
19,1991,2.6101808573299397,2340752.13
19,1992,2.614838967297617,2300661.25
19,1993,2.6232509472040966,2278547.0
19,1994,2.6285765305622473,2285997.9987999997
19,1995,2.610865114211972,2568035.5891000004
19,1996,2.6340437307417712,2639004.587
19,1997,2.625160130026053,2488622.8666000003
19,1998,2.656294825751531,2519984.4156
19,1999,2.66375750312267,2709924.4898
19,2000,2.624323326423467,2542761.0171999997
19,2001,2.625538338724123,2591544.3338
19,2002,2.56123248795987,2798411.9178
19,2003,2.6056966411377256,2910877.1802
19,2004,2.6314262660729475,2877745.2594
19,2005,2.6117733043708804,3268513.9689
19,2006,2.5752949771748717,3594054.8742
19,2007,2.597646938018232,3698164.9108999996
19,2008,2.626289846698364,3846685.1197
19,2009,2.6297622070544997,3935154.5499
19,2010,2.633121166276448,3917177.1986000002
19,2011,2.6130956018945257,4183091.6511999997
19,2012,2.621881897591736,4286602.9262
19,2013,2.632023565406845,4462824.6104
19,2014,2.6059767820759516,4598511.2484
19,2015,2.5716806970717294,4510871.2124
19,2016,2.5837829625929594,4716692.2157000005
19,2017,2.5587407417578376,4703484.3914
19,2018,2.5806871811119283,4712429.120999999
19,2019,2.6053771432936976,5158604.4388999995
19,2020,2.58576171085812,4769936.0411
19,2021,2.5938702106597638,4800694.6292
19,2022,2.6153899260111353,4985513.123
19,2023,2.577208779384437,4608847.192
19,2024,2.610934700910354,4594949.7587
19,2025,2.6135878939586927,4310105.623400001
19,2026,2.601383357408633,705780.2015
20,1977,2.591357706551731,942547.56
20,1978,2.625572781636982,2337049.87
20,1979,2.6272091835008964,2279983.96
20,1980,2.6173252855081217,2336703.37
20,1981,2.616809260483541,2355494.9099999997
20,1982,2.645521505350085,2284265.57
20,1983,2.632767643452076,2165929.4899999998
20,1984,2.6129026760640794,2079486.5699999998
20,1985,2.6063534773066483,2034071.3900000001
20,1986,2.633802212125916,2212154.59
20,1987,2.624093049318804,2168145.8200000003
20,1988,2.567622241906219,2122970.77
20,1989,2.571936644128492,2045135.5
20,1990,2.5579604353000165,2025893.46
20,1991,2.5723915349896496,2014421.7099999997
20,1992,2.6023873909522406,1962215.8
20,1993,2.570179680417667,2068181.2799999998
20,1994,2.5659976263706405,2173852.5014
20,1995,2.5823501032436917,2038455.9578
20,1996,2.568592668404109,2051788.01
20,1997,2.562343332750331,2034535.7214000002
20,1998,2.5424710928846053,2265243.4771000003
20,1999,2.5424543788375966,2223052.2104
20,2000,2.5626677818848664,2339614.9773000004
20,2001,2.5968862756605935,2545156.8741
20,2002,2.5369075511113106,2747080.0319
20,2003,2.5484913609085234,2601252.4456
20,2004,2.5588167030841804,2745283.7813
20,2005,2.553780313904789,3179272.5513000004
20,2006,2.5510733393392333,3113926.5351
20,2007,2.5380730543790735,3286611.4709
20,2008,2.5590642280842766,3434819.2606999995
20,2009,2.516792873891837,3441709.4466999997
20,2010,2.511604470372209,3391658.4694999997
20,2011,2.5255622752071507,3634894.676
20,2012,2.5505437685738332,3855286.3042999995
20,2013,2.534876454421796,3885575.2479
20,2014,2.538261900728857,4060691.233
20,2015,2.576148301355561,3924307.938
20,2016,2.5907377056172907,4021857.7759999996
20,2017,2.5665824195613047,4161120.2818
20,2018,2.5626133415845267,4110432.6787
20,2019,2.591538877540457,4134098.9263000004
20,2020,2.574541893675557,4172302.268
20,2021,2.5449965423702654,4075761.3564999998
20,2022,2.5305166896425733,4077505.7611999996
20,2023,2.5813989675030906,4021490.0675
20,2024,2.577985621360777,4025282.0527999997
20,2025,2.5458380124798556,3812617.7447999995
20,2026,2.566978188060236,651175.2204
21,1976,2.6372161697196552,2659956.16
21,1977,2.6413812992592023,2596006.0300000003
21,1978,2.664201248605577,2504024.5300000003
21,1979,2.6742866061181045,2470879.59
21,1980,2.687916357491152,2539653.44
21,1981,2.6584148987477065,2555274.26
21,1982,2.5973675561101532,2392828.1500000004
21,1983,2.620670261136982,2309244.55
21,1984,2.6244166745931157,2346343.96
21,1985,2.5776929351488134,2187549.1899999995
21,1986,2.570878247298273,2088083.3199999998
21,1987,2.6122633029742075,2090334.4600000002
21,1988,2.6761155404624977,2071908.79
21,1989,2.6292708807383125,2082134.12
21,1990,2.6140829959443708,2122201.72
21,1991,2.6321201065705186,2229777.65
21,1992,2.6349938224872664,2458777.26
21,1993,2.599993094488119,2490223.83
21,1994,2.5799208086872407,2558230.1972000003
21,1995,2.5973211875102495,2301626.6769
21,1996,2.598230856712492,2387511.7145
21,1997,2.5633215768934035,2331591.7183
21,1998,2.547178187861518,2812911.3835000005
21,1999,2.543835024605426,3024771.9513
21,2000,2.593010356637346,2972630.0352
21,2001,2.5720368426968334,2695455.8373
21,2002,2.546428117940878,3000299.1562
21,2003,2.5943107740991485,3095850.6665999996
21,2004,2.6229957593323108,3364889.3924000002
21,2005,2.564676783756745,3630256.2405
21,2006,2.5828424086031747,3965345.4809
21,2007,2.5607791825141883,3926955.6851000004
21,2008,2.5526043396524796,3998789.7849
21,2009,2.5858835674012624,3999768.7094
21,2010,2.5783248188792394,3812264.9650999997
21,2011,2.5847840298225355,4181286.8131
21,2012,2.5931764414255887,4494393.857000001
21,2013,2.609412099797878,4580063.3485
21,2014,2.6273727277531376,4747923.3471
21,2015,2.570582815702549,4267311.7013
21,2016,2.582091318035993,4895602.1747
21,2017,2.5894402500941207,5090932.0835
21,2018,2.6014423573824983,4932450.0347
21,2019,2.6047599467042737,5261667.0912
21,2020,2.6611188473678498,5289329.081499999
21,2021,2.5831657377688004,5078776.1686
21,2022,2.578898081042006,5535399.4134
21,2023,2.5979869724903093,5076184.2653
21,2024,2.588749564097277,4929040.6083
21,2025,2.5621484522542577,4666032.0494
21,2026,2.5070346521918436,968214.8616999999
22,1976,2.590384329559356,2641312.98
22,1977,2.584825003411588,2471257.5300000003
22,1978,2.578578345317406,2421623.06
22,1979,2.542650854023297,2616405.6500000004
22,1980,2.5513188332962216,2555506.5700000003
22,1981,2.574122303319771,2594907.6500000004
22,1982,2.5965936668746017,2721186.04
22,1983,2.598593428631263,2378642.45
22,1984,2.6062452213912537,2536883.37
22,1985,2.578600077750549,2530987.7
22,1986,2.549227370545188,2457409.54
22,1987,2.5594164016020353,2608410.6800000006
22,1988,2.5523779670424984,2511773.5599999996
22,1989,2.495707414943521,2598470.0300000003
22,1990,2.5464985605364645,2243889.39
22,1991,2.5484330388453764,2447529.63
22,1992,2.6041614421149153,2618005.04
22,1993,2.5744040398919283,2645991.81
22,1994,2.576157883438209,2759655.8283
22,1995,2.5751124887618166,2580377.1655
22,1996,2.529069675537838,2183546.0112
22,1997,2.5322044548363016,2414891.1178
22,1998,2.5440835662232035,2628048.7188
22,1999,2.533167930877724,2576947.8964
22,2000,2.557636796508761,2690042.5862000003
22,2001,2.569719336327082,3174058.2864
22,2002,2.5701162374924555,3350609.4152
22,2003,2.541919971990877,3353457.6415999997
22,2004,2.546975347609791,3491302.2645
22,2005,2.5963628211293592,3591155.3981999997
22,2006,2.543589771564373,3669470.4502
22,2007,2.522357318556009,4091480.3832
22,2008,2.5817287007885614,4092461.7597
22,2009,2.509237506770436,3823653.4487
22,2010,2.545159185434578,4229039.9687
22,2011,2.590648617346051,4528817.1274
22,2012,2.5881288205292123,4525002.1093
22,2013,2.5660212653433745,4658307.1092
22,2014,2.5513281909469234,4953789.5427
22,2015,2.556611118914748,4926913.2808
22,2016,2.5407244678392447,5043244.2352
22,2017,2.5517486152513684,5285834.4211
22,2018,2.574387708319256,5042410.3757
22,2019,2.557851051463797,5091806.4825
22,2020,2.5672958875792977,5168736.7521
22,2021,2.5663900742704566,5562877.554
22,2022,2.536916649060036,5529889.3681
22,2023,2.5139393925588167,5602605.0838
22,2024,2.5334714179322204,5515383.752599999
22,2025,2.5629756676432747,5048816.365999999
22,2026,2.5647072270657336,926099.3031
23,1977,2.6926173530580804,347673.49
23,1978,2.640435804753485,807597.5199999999
23,1979,2.6680700040971335,799455.7000000001
23,1980,2.7396098335376413,795462.34
23,1981,2.7279315275277485,779294.35
23,1982,2.7168355941535167,747745.99
23,1983,2.7074344838010957,780122.77
23,1984,2.696443683612796,824984.85
23,1985,2.649473325875614,808439.08
23,1986,2.6469331910457887,853441.6299999999
23,1987,2.667199137517782,953466.36
23,1988,2.6461679784246197,925406.6699999999
23,1989,2.662851761158246,926538.69
23,1990,2.6549873759974747,880302.54
23,1991,2.6227153879781837,889717.48
23,1992,2.6357180658650665,785848.87
23,1993,2.6404580340634682,775780.8400000001
23,1994,2.5857877456480356,753668.6964
23,1995,2.609783874890636,888296.0168
23,1996,2.6439210814079854,989038.2440000001
23,1997,2.591865559628851,1031664.0226
23,1998,2.5666770267231533,1148233.4834
23,1999,2.61260404455985,1115235.7301
23,2000,2.603548433390021,1177210.7042
23,2001,2.5740324232698955,1249410.2508999999
23,2002,2.5787584211225116,1241051.1777000001
23,2003,2.5790165542025374,1289443.7577999998
23,2004,2.5899443070021246,1456475.5244999998
23,2005,2.5516006783260314,1543070.1427
23,2006,2.5670045775267174,1622411.653
23,2007,2.58322479778017,1632729.2951
23,2008,2.54512247727327,1681475.6746000003
23,2009,2.5392486440359514,1757548.0254
23,2010,2.5308035656453316,1773977.4423
23,2011,2.5368955174672796,1809252.5937
23,2012,2.525167631442835,2032387.9000999997
23,2013,2.5509580057792745,2161189.1509
23,2014,2.533548689356721,2275473.4095
23,2015,2.543705025464335,2275115.6270000003
23,2016,2.536120675468955,2179768.6350000002
23,2017,2.5721734141979007,2274104.9611
23,2018,2.5823722332050707,2269174.0999
23,2019,2.5471539738649875,2244640.0996000003
23,2020,2.528732163933561,2313002.1581
23,2021,2.5698265322861604,2250479.237
23,2022,2.5468151898713924,2202879.6813
23,2023,2.530393283159575,2276026.9587000003
23,2024,2.5731274752661237,2304779.7546
23,2025,2.5471783116685947,2101059.0192
23,2026,2.5404564133020484,382569.05079999997
24,1977,2.610640416420528,1520861.05
24,1978,2.6154016294317803,3005727.27
24,1979,2.651001228227764,2952254.0
24,1980,2.6242102606020317,3077174.2800000003
24,1981,2.582225835287988,3257372.7199999997
24,1982,2.5590624917039575,3080329.19
24,1983,2.57747582563411,2985447.08
24,1984,2.5595898381005293,2921676.95
24,1985,2.520831533373723,2801127.59
24,1986,2.591625259533122,3224843.19
24,1987,2.5877022869146566,3191837.7
24,1988,2.5333142449453363,3316169.46
24,1989,2.523250789984845,3379156.08
24,1990,2.5368751299999754,3146885.8
24,1991,2.5260547925101577,3245685.4400000004
24,1992,2.550732978452266,3408172.3499999996
24,1993,2.565071190164216,3639263.2700000005
24,1994,2.448121380334366,3540914.54
24,1995,2.4796744125055543,3590652.165
24,1996,2.489017796792564,3750430.7794999997
24,1997,2.5310760786622657,4004482.7393
24,1998,2.4931247297537853,4014985.5409000004
24,1999,2.5313719915879593,4405448.2236
24,2000,2.5228811037382344,4534252.133400001
24,2001,2.4787920321039607,4927291.7957
24,2002,2.458848339559464,5317742.6781
24,2003,2.4869397110735663,5404815.5031
24,2004,2.4505405879541406,5453115.2699
24,2005,2.4645407374904384,5765560.6238
24,2006,2.484264988873995,6277920.721899999
24,2007,2.4820474976601656,6529701.3634
24,2008,2.4693044750704267,6706297.9923
24,2009,2.4474643549053194,6407317.7286
24,2010,2.476243871516561,6630917.5711
24,2011,2.452018070602758,6820650.4605
24,2012,2.4714496342450523,7472663.4443
24,2013,2.479226228016466,7695945.711
24,2014,2.4637443637395733,8112663.969200001
24,2015,2.508171239998011,8151095.7516
24,2016,2.5038059145305995,8469768.318
24,2017,2.4478560182525957,8474239.5594
24,2018,2.4440154109927987,9110214.212599998
24,2019,2.4492220452986824,10176269.0401
24,2020,2.451827461955617,9518097.0134
24,2021,2.439268311994682,9699095.325199999
24,2022,2.4411366152023453,9777986.1567
24,2023,2.4669285280535984,9741694.4054
24,2024,2.4621821630041785,9286502.239599999
24,2025,2.466855489418475,8588987.715
24,2026,2.4286581784490915,1610008.3343000002
25,1976,2.7297536537418856,4632217.84
25,1977,2.7491033174343706,4957265.51
25,1978,2.7061376704319846,5115166.84
25,1979,2.700264660319613,5206572.82
25,1980,2.7081845941910463,5050923.129999999
25,1981,2.6843552526869963,4942960.210000001
25,1982,2.678550676941559,4878578.58
25,1983,2.6747752337649566,4818391.74
25,1984,2.655586113445494,4886791.7
25,1985,2.639104521340307,4897423.0200000005
25,1986,2.6607227207874193,4813997.350000001
25,1987,2.6313915474413263,4656639.0
25,1988,2.62226081598772,4699629.119999999
25,1989,2.598483275571907,4615117.9
25,1990,2.5859633910766453,4371138.0
25,1991,2.613804034099434,4244887.17
25,1992,2.5657648065566048,4437617.65
25,1993,2.555774189491524,4547054.75
25,1994,2.5723816592874953,4444690.4358
25,1995,2.5856362227250003,4159530.3921
25,1996,2.589611899479672,4262526.2733000005
25,1997,2.580405772177795,4469946.6029
25,1998,2.5638167962560616,4846567.865
25,1999,2.5669885702301976,5094156.7701
25,2000,2.557727011308619,5170290.6714
25,2001,2.52100296547491,5812521.5342
25,2002,2.4887194678997346,6436212.601
25,2003,2.5077107481785847,6174691.386700001
25,2004,2.485743909807922,6103250.2218
25,2005,2.5102575656093147,6536290.91
25,2006,2.508095331439553,6714862.4988
25,2007,2.511312357897059,6851026.2467
25,2008,2.4743813932530534,7206111.0379
25,2009,2.47991224003272,7241140.9865999995
25,2010,2.475989786983198,7872332.9033
25,2011,2.4823344873947195,8230426.105
25,2012,2.479469417324059,8411430.247
25,2013,2.4789733858734837,8859911.2998
25,2014,2.476705550077558,9417080.5552
25,2015,2.465833087961836,9826960.223000001
25,2016,2.489542284129645,9586630.2235
25,2017,2.4721632287886313,10143624.3554
25,2018,2.5067599130103386,10739791.4753
25,2019,2.5185561274963173,10827259.429399999
25,2020,2.4524307081893975,9968103.526899999
25,2021,2.4267864134867687,10142451.6204
25,2022,2.462164017719948,10942394.8594
25,2023,2.445720858535345,11024275.7474
25,2024,2.4341682537873814,10906197.9108
25,2025,2.4755912029033778,9727582.357900001
25,2026,2.4697325343430383,1714899.457
26,1976,2.679020158486691,5597207.03
26,1977,2.711316795660586,5680752.32
26,1978,2.7178684086668694,5865607.39
26,1979,2.7076193201320957,6359185.37
26,1980,2.666245809811958,6014660.279999999
26,1981,2.6949592662360873,6094967.79
26,1982,2.6610992616173452,5502817.4399999995
26,1983,2.660036631057992,5223584.21
26,1984,2.690738079976388,5662072.6
26,1985,2.677305451442443,5704061.25
26,1986,2.697529587143054,5410021.990000001
26,1987,2.6817746738499384,5260251.96
26,1988,2.6392213020283792,5366631.12
26,1989,2.597086020383743,5492679.01
26,1990,2.598808139851153,5381241.77
26,1991,2.6032741721964467,5554764.079999999
26,1992,2.6100425071639672,5665486.15
26,1993,2.617038511271949,5603120.370000001
26,1994,2.6047096955776405,5612190.7158
26,1995,2.6076798872668956,5417216.1234
26,1996,2.5873051922485812,5630983.321
26,1997,2.589193108224011,6051140.4836
26,1998,2.5605952142415807,6311292.5816
26,1999,2.55618190117233,6199472.7634000005
26,2000,2.591361247048375,6846747.228500001
26,2001,2.6262126966428347,7280233.739
26,2002,2.562612402194164,7408391.385000001
26,2003,2.57974305929952,7884879.6568
26,2004,2.567929196834161,8463227.3525
26,2005,2.5633794211973906,8797371.512600001
26,2006,2.559807242911938,8607560.2773
26,2007,2.571710170905617,9523128.9562
26,2008,2.530753393388069,9586312.736700002
26,2009,2.520919870810252,9317650.1551
26,2010,2.5746430753751963,9448572.2735
26,2011,2.5842774699878373,9961383.376600001
26,2012,2.5597564172738942,10376783.6663
26,2013,2.5779349902348065,11125762.1807
26,2014,2.579323206540207,11483493.0539
26,2015,2.5765189441520517,11693953.9934
26,2016,2.5690214425707074,12253514.022300001
26,2017,2.5763185809835165,12344008.914700001
26,2018,2.5859514371849093,12004324.390500002
26,2019,2.6025168349532795,12838151.9474
26,2020,2.574706490998106,12193319.2846
26,2021,2.564991230693902,11989034.541700002
26,2022,2.579252085944369,13360837.9762
26,2023,2.567272678814138,13726977.4537
26,2024,2.536811229760334,13031514.5567
26,2025,2.547622665057134,12146913.6641
26,2026,2.550500723228237,2303465.6803
27,1977,2.6006559137905745,1431505.48
27,1978,2.607749178844295,3230200.1999999997
27,1979,2.6507061610483897,3201803.32
27,1980,2.6326541850068303,3175169.85
27,1981,2.6182554276478656,3045305.1100000003
27,1982,2.6007805638720587,2805562.48
27,1983,2.604493040231369,2843377.28
27,1984,2.6267621390356983,2873199.51
27,1985,2.5976436733740176,3112571.13
27,1986,2.598753482080575,3209041.82
27,1987,2.598884151725709,3133758.3
27,1988,2.5651906483755837,3085046.21
27,1989,2.512607831453264,2912643.1899999995
27,1990,2.556964213674692,2930252.93
27,1991,2.613424087031453,3195541.38
27,1992,2.610989560133015,2952851.83
27,1993,2.610569253187077,3046768.75
27,1994,2.609428694689222,3489123.9319999996
27,1995,2.575513318522263,3536618.8245
27,1996,2.598180536949156,3773365.2005000003
27,1997,2.5775118114623368,4036408.7169999997
27,1998,2.542083089429845,3987260.1311999997
27,1999,2.549964421733182,4270209.6371
27,2000,2.556755784872046,4411927.5593
27,2001,2.5613999661101277,4766846.4121
27,2002,2.5640520074708397,4556803.3235
27,2003,2.544228857300477,4591208.7497000005
27,2004,2.5225705961377933,4942151.8266
27,2005,2.5365699087360505,5171157.8262
27,2006,2.5620988378586294,5447454.7875
27,2007,2.5529928734499743,5398895.8652
27,2008,2.5498863046261757,5728012.0098
27,2009,2.53057214144144,6232080.625100001
27,2010,2.515430837102149,6404941.0594999995
27,2011,2.541243873705972,6387211.0522
27,2012,2.5501113334046046,6790535.586999999
27,2013,2.543833263584871,7042627.771600001
27,2014,2.5200288777360034,7139476.161400001
27,2015,2.5537203051808492,7928486.149499999
27,2016,2.565172356281118,8193315.7787999995
27,2017,2.5540432743621055,8476501.0676
27,2018,2.5910195558708073,8884024.7645
27,2019,2.5433025319744944,8834883.9745
27,2020,2.521972465540457,8268733.2927
27,2021,2.5068594279379877,8075588.0981
27,2022,2.5272848536320827,8462753.1461
27,2023,2.5208822704855587,8244849.9232
27,2024,2.5415376307370363,8134170.270499999
27,2025,2.516964351299218,7536308.8508
27,2026,2.5179053120456305,1339080.0871000001
28,1977,2.643357536253599,875036.67
28,1978,2.6703950250396016,1909382.2299999997
28,1979,2.62639975269731,1901933.7599999998
28,1980,2.6207692889431016,1763395.9900000002
28,1981,2.6400330297396053,1799052.8399999999
28,1982,2.6186387994797324,1734298.73
28,1983,2.671350445809793,1663918.71
28,1984,2.6462995700592558,1752266.09
28,1985,2.6261149126272114,1553340.0300000003
28,1986,2.631292334393597,1423480.79
28,1987,2.6116590212303286,1531336.51
28,1988,2.611071680553592,1519778.81
28,1989,2.5946368171029257,1567065.09
28,1990,2.625857850693813,1537694.6400000001
28,1991,2.6647480323980535,1408942.8900000001
28,1992,2.6253286323429452,1360992.0499999998
28,1993,2.6203666347208556,1475367.07
28,1994,2.5875305315866335,1619036.6521
28,1995,2.560139337063139,1519918.0611
28,1996,2.630705554897306,1701395.1915000002
28,1997,2.6085904427310385,1607343.6343
28,1998,2.569465312389955,1856170.3846999998
28,1999,2.5631518157446243,2120300.7531
28,2000,2.638220708179929,2034677.2493999999
28,2001,2.6288328932615297,1974819.085
28,2002,2.602452968264229,2080489.7110000001
28,2003,2.6059975244949976,2282147.7094
28,2004,2.5971374837463523,2252211.2324
28,2005,2.576451761200396,2615337.8837
28,2006,2.5884764289526743,2613827.7141000004
28,2007,2.639109254824725,2884193.8572000004
28,2008,2.6286280118475287,2665561.4045
28,2009,2.5863886922009742,2684148.9756000005
28,2010,2.545143991850998,2703439.6827999996
28,2011,2.5820273258361905,2986577.3361
28,2012,2.590342114839791,3210435.2304000002
28,2013,2.598340814445927,2778447.5916999998
28,2014,2.6252254303907923,2839564.8918000003
28,2015,2.583635564863614,2776534.1112
28,2016,2.587057883499485,2977681.0895
28,2017,2.6151771797898733,3073555.686
28,2018,2.6211107766129023,3015693.7563
28,2019,2.615556222876073,3066489.9353
28,2020,2.635810436984818,3055106.144
28,2021,2.6330858193636426,3214060.5234
28,2022,2.6349758087291777,3211390.2298
28,2023,2.642637440756833,3106235.4228000003
28,2024,2.614082354990139,3390791.682
28,2025,2.582337873416287,3136221.3909
28,2026,2.5840469037773506,628641.997
29,1976,2.6301157999638014,11434424.84
29,1977,2.6357882577641965,7563568.3100000005
29,1978,2.635952203262536,4006411.1500000004
29,1979,2.635223700471246,4012706.6799999997
29,1980,2.611066365738346,3753198.0999999996
29,1981,2.595211812704756,3834924.36
29,1982,2.59725753968747,3833376.12
29,1983,2.632737209343665,3787257.88
29,1984,2.644733256552886,3662432.4400000004
29,1985,2.6217287649799177,3585057.9400000004
29,1986,2.617837237285177,3500929.74
29,1987,2.6054511298381935,3738422.7899999996
29,1988,2.549695884250887,3915732.07
29,1989,2.560266988590821,4032642.92
29,1990,2.581602698561196,3559942.25
29,1991,2.615656748898537,3486106.12
29,1992,2.6329036944817665,3509320.3499999996
29,1993,2.61769716428476,3615708.6999999997
29,1994,2.619608689762295,4074075.8187
29,1995,2.605337251483722,4219110.255799999
29,1996,2.6100265735025676,4135868.6991
29,1997,2.6232599744009546,4461555.263900001
29,1998,2.5967530179429907,4243083.073899999
29,1999,2.5697853611631865,4233367.3683
29,2000,2.5601120381443914,4718492.8938
29,2001,2.5770776950286867,4913205.9112
29,2002,2.572176483338488,5010564.0099
29,2003,2.5518164859224184,5430319.836200001
29,2004,2.544143390184266,5344079.1196
29,2005,2.571835501305379,5377965.3452
29,2006,2.592066755677997,6091464.155599999
29,2007,2.608305263270867,5957233.7369
29,2008,2.600026857811434,6102171.5372
29,2009,2.5762421894456864,6079669.0964
29,2010,2.564096187717308,6337095.5223
29,2011,2.560456119407933,6550517.3945
29,2012,2.5983378042795233,6966436.7715
29,2013,2.5882115319687884,7196638.507800001
29,2014,2.6000858079986573,7416743.173400001
29,2015,2.5883266280339754,7481002.118900001
29,2016,2.584994808614388,7857589.6186
29,2017,2.5849646430999034,7717156.3565
29,2018,2.562605641330391,8885542.4714
29,2019,2.562335210859742,8850752.8029
29,2020,2.572285643363062,8012628.4531
29,2021,2.5447536967317346,7974944.5814000005
29,2022,2.5720251883172462,7946883.174
29,2023,2.5784822448764184,7912569.007100001
29,2024,2.544949149739636,7882093.828
29,2025,2.551602029894273,7076514.6128
29,2026,2.5215074077332713,1303310.3635
30,1976,2.5783109581629455,5896316.260000001
30,1977,2.556489069568598,3399391.6
30,1978,2.6196219464600605,568950.8200000001
30,1979,2.579888051877347,653972.1100000001
30,1980,2.578166013557811,618801.12
30,1981,2.618963112143628,572063.0599999999
30,1982,2.5932063494052877,537944.7
30,1983,2.582187183741773,533055.8500000001
30,1984,2.552240688312655,557071.82
30,1985,2.5542873871842136,611674.92
30,1986,2.5174832378278595,566397.9
30,1987,2.5526685169028167,551131.7
30,1988,2.53675831984365,612544.64
30,1989,2.5342519571130593,614449.63
30,1990,2.523856282729903,566733.88
30,1991,2.500750452177532,604336.5800000001
30,1992,2.5494918918502014,624272.3899999999
30,1993,2.581289143381325,637499.1900000001
30,1994,2.5756392976730216,636241.1369
30,1995,2.558497689289188,602700.5175999999
30,1996,2.533686418162446,635646.6258
30,1997,2.5028922928172626,676832.7049
30,1998,2.561531867259872,701567.0074
30,1999,2.516929268353045,739794.0804000001
30,2000,2.541672196853597,751296.6873999999
30,2001,2.5257854523799654,775697.7006999999
30,2002,2.5022758323775998,877411.7341
30,2003,2.5499363222020963,932184.5446000001
30,2004,2.533379838024436,966709.1864
30,2005,2.485880133344293,1044830.3178999999
30,2006,2.532163012691277,1180642.4678999998
30,2007,2.577134607564553,1141228.4846
30,2008,2.542103377038644,1218133.8153
30,2009,2.5026534834089613,1225316.9158
30,2010,2.4849451163902834,1298327.5669
30,2011,2.5461686085206905,1432309.4965
30,2012,2.529617871559292,1501103.7916
30,2013,2.532892607012556,1478159.6711
30,2014,2.5673131290205253,1565345.085
30,2015,2.5311643166098325,1526177.7858000002
30,2016,2.5352002325934797,1547238.1762
30,2017,2.5437723914987673,1608086.0553000001
30,2018,2.570654837195879,1632562.6648
30,2019,2.5665027343502542,1590500.9484
30,2020,2.51003271814463,1562897.0668
30,2021,2.5216389620603503,1599963.4575
30,2022,2.5409100226943924,1562888.9199
30,2023,2.524193043911369,1613531.3776
30,2024,2.55156767144483,1666051.0813
30,2025,2.5186095753543882,1514452.9975
30,2026,2.4782742220611134,285496.4983
31,1977,2.5920718067207384,704645.06
31,1978,2.5938895507800948,1438691.78
31,1979,2.6126099191809047,1472389.86
31,1980,2.6306405131902633,1447357.1099999999
31,1981,2.6130098801122674,1395019.12
31,1982,2.5737305849017527,1233483.5
31,1983,2.6145024018093554,1356816.67
31,1984,2.6295656757774584,1536592.41
31,1985,2.6260313155390653,1501448.53
31,1986,2.6101123909451673,1399287.97
31,1987,2.6049225389598534,1309164.6800000002
31,1988,2.5719704674512647,1389575.96
31,1989,2.5611987415652178,1315240.08
31,1990,2.5780867991068863,1195848.33
31,1991,2.598471578856212,1239509.34
31,1992,2.5912012076544646,1251891.93
31,1993,2.600361419881144,1256041.1
31,1994,2.564315818094792,1330555.4745
31,1995,2.5825705301290265,1411089.1121
31,1996,2.596129853731192,1376094.5906000002
31,1997,2.623008076601561,1417503.7249
31,1998,2.5871007915913835,1371163.3764
31,1999,2.5811229462980183,1467051.7187
31,2000,2.609007617198519,1619150.4837000002
31,2001,2.624325260123718,1610597.8483
31,2002,2.5741767998604597,1748115.5058999998
31,2003,2.5665891606935443,1818279.9526999998
31,2004,2.5899474491497956,1813787.3029
31,2005,2.578200517228225,2000335.6914
31,2006,2.600980478926297,2069824.916
31,2007,2.5580931068423567,2104886.8732000003
31,2008,2.5790654569549907,2238476.8661
31,2009,2.5938172498595273,2232282.6457
31,2010,2.5765349522807615,2359644.4420999996
31,2011,2.5642746849732343,2543836.0275999997
31,2012,2.5905825313230175,2718557.8334999997
31,2013,2.6171862961647414,2762062.6324
31,2014,2.614378269802763,2634803.7659
31,2015,2.62190323251669,2629130.0111
31,2016,2.6098713853148467,2546481.402
31,2017,2.584762228740824,2685229.5633
31,2018,2.6002489477555515,2915630.3768
31,2019,2.5981456147031596,2967713.5815
31,2020,2.6013886542299836,2879196.6211
31,2021,2.577521949502451,2987989.2081
31,2022,2.5745052237480586,3087984.3404
31,2023,2.6072921949870613,2987857.7545000003
31,2024,2.6006554615142607,2958370.2471
31,2025,2.580067411143781,2701065.9292
31,2026,2.578067738241344,465473.65540000005
32,1977,2.4918172320456717,227225.89
32,1978,2.550411596294319,485005.33
32,1979,2.587886237368693,517465.74
32,1980,2.5159915527212493,547941.5099999999
32,1981,2.4767056389567124,599963.43
32,1982,2.4705494412729667,633854.99
32,1983,2.5714960052769813,631680.42
32,1984,2.556960049333788,611820.7000000001
32,1985,2.533245693121897,601423.29
32,1986,2.5417474652619725,674746.13
32,1987,2.6020492579882935,730253.39
32,1988,2.584842421707185,652186.2
32,1989,2.5765485355998377,722002.57
32,1990,2.539816271512235,838033.86
32,1991,2.556415329303662,796960.78
32,1992,2.525915503050716,861194.54
32,1993,2.5373792761504306,935926.74
32,1994,2.5622318384904053,981963.9408
32,1995,2.5034234688358468,1143616.8944
32,1996,2.534653176126442,1227212.1119000001
32,1997,2.524870799810102,1197104.6872
32,1998,2.5146322560637455,1326034.8761
32,1999,2.5140071460391544,1345342.313
32,2000,2.5506797590839208,1507313.9777999998
32,2001,2.5405604814693468,1701011.2935000001
32,2002,2.536076487510972,1812365.1241000001
32,2003,2.549536986189207,1920507.4888999998
32,2004,2.5553391596207895,1937245.3536
32,2005,2.5898824946999355,2062578.7832999998
32,2006,2.5870529675561524,2410959.4142
32,2007,2.5815887973025924,2609003.7421
32,2008,2.5652363508392964,2785903.5493
32,2009,2.5536252550861835,2650396.7116
32,2010,2.5436496985869086,2531115.3271
32,2011,2.5537290939513912,2797300.48
32,2012,2.5589916469891993,2781361.2245
32,2013,2.5850594868518657,2816873.3156
32,2014,2.579550262879973,2919206.7357
32,2015,2.6253197951006104,3142128.7132
32,2016,2.609498109498947,3164404.3798
32,2017,2.5952164827196964,3428480.1745000007
32,2018,2.6043034200967874,3689781.2486
32,2019,2.5867722246533673,4026316.6889
32,2020,2.535470940589155,3576724.0434
32,2021,2.536998603217961,3715863.8257999998
32,2022,2.5465670542043206,3745473.0256000003
32,2023,2.572779012959914,4121047.1690999996
32,2024,2.555256339429252,4122887.0478
32,2025,2.558901315894095,3932108.5776000004
32,2026,2.5651223935456255,677682.0021
33,1977,2.712877776281556,345314.50999999995
33,1978,2.7278864272467995,647970.44
33,1979,2.730764016340241,663147.75
33,1980,2.666364757333138,709952.64
33,1981,2.6685358415243536,718240.08
33,1982,2.665929916527675,715197.7899999999
33,1983,2.695455074762749,717988.1199999999
33,1984,2.7000484765815536,759927.4999999999
33,1985,2.64607302477012,635946.1499999999
33,1986,2.6483495708831386,632106.38
33,1987,2.671257430942168,713338.6199999999
33,1988,2.673574073927029,761827.08
33,1989,2.6167790723437485,751927.67
33,1990,2.5828765864578584,692280.3600000001
33,1991,2.570362696624187,672416.16
33,1992,2.600253486585799,733843.46
33,1993,2.6076475879811145,703587.54
33,1994,2.654261419148294,857193.3132
33,1995,2.596388376489473,919054.3643
33,1996,2.5712051222488146,898580.9930999998
33,1997,2.5694900263990434,963997.7548999999
33,1998,2.5684257299774518,933834.343
33,1999,2.5806625889960193,1017143.2907
33,2000,2.536121181821579,1198589.3297000001
33,2001,2.598521741276257,1088673.2537000002
33,2002,2.568847880709879,1232023.0324
33,2003,2.529704192539736,1279526.9877
33,2004,2.550797299259323,1389852.5979
33,2005,2.5561208427775894,1484473.2911
33,2006,2.545409917337007,1509734.4323999998
33,2007,2.5609200360506192,1634222.7656
33,2008,2.543725245262643,1663825.6568
33,2009,2.5188852609317287,1759204.4821000001
33,2010,2.5119843844778904,1901683.2206000001
33,2011,2.480157266751206,1905561.638
33,2012,2.4859000814062404,1974934.0935
33,2013,2.52095118319343,2100188.6955
33,2014,2.5324495588703186,2142815.7572
33,2015,2.5236149957890146,2199012.9695
33,2016,2.527740143429675,2403235.3093999997
33,2017,2.55827912788819,2465959.7071
33,2018,2.54162499487574,2474898.1468
33,2019,2.5244851239194084,2477943.6418000003
33,2020,2.557447359595138,2342550.5765
33,2021,2.5322805044923893,2407971.4337
33,2022,2.5204166968884953,2665705.1173
33,2023,2.505296813761316,2493864.5244
33,2024,2.48200953080187,2660013.9583
33,2025,2.501955259937483,2439349.3482
33,2026,2.5161831143311377,436650.93409999995
34,1976,2.664990929888868,6124108.84
34,1977,2.6874013192088,6162194.71
34,1978,2.6992350683079316,6122107.369999999
34,1979,2.7012200646808284,5966009.34
34,1980,2.6902713825574525,6470086.83
34,1981,2.6714914683439943,6432634.5200000005
34,1982,2.678949833227288,6517839.0
34,1983,2.6879836129188774,6359431.789999999
34,1984,2.6736740987054053,6240997.11
34,1985,2.661898563159822,6392526.49
34,1986,2.6508341650056284,6482177.17
34,1987,2.634320092473699,6491433.319999999
34,1988,2.6514305980454655,6434934.789999999
34,1989,2.641075289105399,6351615.699999999
34,1990,2.6042724558829335,6220600.4
34,1991,2.582254995399342,5967648.97
34,1992,2.5935308110546726,5884093.800000001
34,1993,2.583564513717375,5924109.58
34,1994,2.5865561892299036,5971700.3782
34,1995,2.5880021163747986,5684849.8247
34,1996,2.5917130482215436,5873224.6843
34,1997,2.590806844462835,6206865.396600001
34,1998,2.5700608149764386,6085541.3628
34,1999,2.5417871116980777,6504447.8728
34,2000,2.5391916214871264,7018826.9339000005
34,2001,2.518957780609839,7237940.0041
34,2002,2.5274414668930896,8214976.5781
34,2003,2.535578077008535,8370761.4352
34,2004,2.53126524353776,8430021.1375
34,2005,2.549746973497718,9003229.1662
34,2006,2.5293865571500302,9258910.057599999
34,2007,2.4895116713105816,9872955.987399999
34,2008,2.4859445626504706,9540309.2722
34,2009,2.468539222208611,10126956.5611
34,2010,2.509669701489622,10444458.012699999
34,2011,2.533534339092115,10726040.4129
34,2012,2.5438017589784105,11284409.1086
34,2013,2.5329289232355423,11616688.7839
34,2014,2.534898408223265,12344351.5985
34,2015,2.513064674266886,12580184.34
34,2016,2.4999565755089805,12420826.3222
34,2017,2.513914832663696,12516233.859700002
34,2018,2.5093976058332,12469355.2996
34,2019,2.500109188180523,13038157.403700002
34,2020,2.534230329715328,12445395.072999999
34,2021,2.5249554269228396,12895995.662299998
34,2022,2.506437268477138,13836127.7589
34,2023,2.496710671212031,13748957.2305
34,2024,2.4867395047033845,14167915.438
34,2025,2.495035621971029,13503126.6448
34,2026,2.5034664013236436,2552281.3674999997
35,1977,2.5042523506524748,322240.1
35,1978,2.551642546137973,716061.38
35,1979,2.5807549694658083,772014.55
35,1980,2.5517062329559037,867468.6599999999
35,1981,2.529993947968809,816216.51
35,1982,2.52313180331767,874421.26
35,1983,2.5576177426205167,816415.39
35,1984,2.559295605677147,775627.6799999999
35,1985,2.4864130634303265,817581.26
35,1986,2.4852427690103247,850760.07
35,1987,2.502335473616725,839304.17
35,1988,2.5119873163005764,984609.55
35,1989,2.563396658291658,849572.3499999999
35,1990,2.5259998777249697,883396.6100000001
35,1991,2.4891909277331665,948530.7400000001
35,1992,2.486540242116553,990186.6699999999
35,1993,2.488890956809478,984500.05
35,1994,2.53300398094301,1011120.4785
35,1995,2.5085027397994066,1050426.1373
35,1996,2.4958173861847066,977155.6764
35,1997,2.510088763902198,991964.825
35,1998,2.532991592553461,1201363.0622
35,1999,2.5413505042148854,1173013.171
35,2000,2.4648607822429893,1288896.7152999998
35,2001,2.4686789213229736,1256931.4068
35,2002,2.455622289171065,1298305.0363
35,2003,2.47514343076741,1540063.24
35,2004,2.4727186350236585,1947167.3627
35,2005,2.5097054579310965,2050271.3183
35,2006,2.446141328493436,2023240.3657999998
35,2007,2.450838940912398,1921426.2527
35,2008,2.4728600526325515,2107899.681
35,2009,2.4708667977681498,2084741.0751999998
35,2010,2.502024244493714,2238891.681
35,2011,2.4805451559719787,2291405.5897
35,2012,2.4185964206808994,2245304.394
35,2013,2.416240610665564,2459588.9293
35,2014,2.4901780749365083,2459512.9003999997
35,2015,2.4920497948381253,2363030.2622
35,2016,2.4836144708897594,2444868.6081
35,2017,2.5015523361019247,2551930.0252
35,2018,2.4703828240997296,2527843.5134
35,2019,2.506106005467249,2649586.602
35,2020,2.5039053163917195,2585401.9079
35,2021,2.53299409893913,2495164.7959000003
35,2022,2.529642087900742,2451912.2664
35,2023,2.4986653732339237,2440932.3809
35,2024,2.498877203128532,2634158.9517
35,2025,2.48994544797005,2303116.3241
35,2026,2.435705273932382,390236.8987
36,1976,2.6385969566110252,13502736.74
36,1977,2.6429497574477305,13910850.65
36,1978,2.6424903142550167,14771926.05
36,1979,2.651564058732875,14609827.86
36,1980,2.6439640685548613,14521480.02
36,1981,2.64577009769199,14489805.010000002
36,1982,2.6200103117924396,14169871.14
36,1983,2.617507234321765,14014711.52
36,1984,2.6117269359167277,13621631.45
36,1985,2.593133402617807,13810264.64
36,1986,2.6068461434556625,13589886.620000001
36,1987,2.6014684651919806,13339216.799999999
36,1988,2.5928603706581894,13699676.190000001
36,1989,2.5999439996638545,14005476.55
36,1990,2.580528762078011,12817298.71
36,1991,2.560012628733725,12646508.75
36,1992,2.5448344508823015,12503022.850000001
36,1993,2.5421251137781864,12078035.37
36,1994,2.5607645283447416,12045438.602400001
36,1995,2.566832323804156,12328718.169
36,1996,2.5636582755646256,12263330.5236
36,1997,2.532776598902083,12863535.4441
36,1998,2.548240791178364,13056520.9192
36,1999,2.536883613744244,13203608.5726
36,2000,2.54549713519604,14043261.3078
36,2001,2.531103306368457,14594250.2214
36,2002,2.51843022036851,16241906.3065
36,2003,2.5124909484128133,16339997.7621
36,2004,2.5015645236510475,16722983.832700001
36,2005,2.5118771404084828,18667601.4023
36,2006,2.530789747016034,19186959.1265
36,2007,2.5200059465223754,19436989.5014
36,2008,2.519675920596196,20331574.3491
36,2009,2.5125128945814845,21230764.3177
36,2010,2.514829642926175,21258301.410700005
36,2011,2.506623881127786,21786399.889
36,2012,2.527285813728221,22481134.9294
36,2013,2.5036585431381937,22972129.3365
36,2014,2.505888911429038,23733406.3887
36,2015,2.5035197346566793,24323017.827200003
36,2016,2.5054352818052634,25064615.261299998
36,2017,2.505200360817276,25270483.1197
36,2018,2.4980494363656502,26778000.913699996
36,2019,2.487074820040108,26814514.5018
36,2020,2.486178340422085,24170151.7236
36,2021,2.469374698473019,25183259.2935
36,2022,2.49020148159486,26420460.329699997
36,2023,2.492416764252673,27117992.3238
36,2024,2.5095828893457335,27055941.6846
36,2025,2.5086512241678935,24330035.751599997
36,2026,2.508045789632247,4467095.9623
37,1976,2.668982530799597,9633340.53
37,1977,2.684565732163925,6786169.33
37,1978,2.703714329923636,3925067.1300000004
37,1979,2.6770187077344483,3800020.25
37,1980,2.655315285870903,4110159.619999999
37,1981,2.657663011879697,4442917.649999999
37,1982,2.658821283826818,4761513.7700000005
37,1983,2.6697468894272744,4416259.12
37,1984,2.6679419626159198,4105804.09
37,1985,2.659859094345651,4397488.58
37,1986,2.653156597510301,4216475.63
37,1987,2.6513730750307625,4672067.59
37,1988,2.652573615348691,4939828.76
37,1989,2.671713966185502,5045976.77
37,1990,2.6578581026274635,4841492.819999999
37,1991,2.637161499672053,4854105.789999999
37,1992,2.6417419946675746,4901582.14
37,1993,2.65597510937783,4970659.81
37,1994,2.6496812880549276,4998413.5341
37,1995,2.649464772839981,4911347.1228
37,1996,2.6413492770284863,5548150.3242
37,1997,2.660090449167965,5309365.9472
37,1998,2.6503327044318206,5613158.4659
37,1999,2.5959637811712404,6004091.268200001
37,2000,2.5902154797244323,6529612.469799999
37,2001,2.6210414179145434,6577733.1775
37,2002,2.607721168769903,6697599.7093
37,2003,2.5554865852861894,7537042.2295
37,2004,2.531691985500254,7287703.7996
37,2005,2.5653656427827776,7378282.7804000005
37,2006,2.5615323776861993,7867929.333600001
37,2007,2.5521454215193544,9281710.0198
37,2008,2.5541636802598386,9454461.0011
37,2009,2.5417024482272406,9357627.969700001
37,2010,2.547817342659378,9600867.672600001
37,2011,2.5653897927021663,9892544.5591
37,2012,2.5508142029535272,9930976.3801
37,2013,2.5620670268365155,10066434.0057
37,2014,2.567867534985254,11380226.3913
37,2015,2.5866448554477293,11993811.9844
37,2016,2.57845833281301,11643803.2673
37,2017,2.5626739223285186,12413087.4225
37,2018,2.5326940131349667,12764513.2276
37,2019,2.546145307974572,12915774.4672
37,2020,2.523855932241193,12356559.298
37,2021,2.5373803718011514,13506375.041700002
37,2022,2.5462576458220223,13993043.3053
37,2023,2.5381229724395467,13939343.7522
37,2024,2.57144122801174,13429053.071800001
37,2025,2.542482016911682,12908707.4264
37,2026,2.509565003061562,2315067.8948999997
38,1977,2.5993943738201177,273569.7
38,1978,2.5908538456317114,505433.87999999995
38,1979,2.543306805862127,548293.53
38,1980,2.5669487334810275,588928.62
38,1981,2.5342921055996315,585427.5
38,1982,2.5528712849593815,524865.74
38,1983,2.5543147759451417,521913.76
38,1984,2.549041366686786,524570.18
38,1985,2.5609935069572694,581420.35
38,1986,2.5658233745568015,540050.7000000001
38,1987,2.569918696564907,530706.3699999999
38,1988,2.555629086076014,498592.8
38,1989,2.572822028755651,511237.6599999999
38,1990,2.56017522828189,494780.1599999999
38,1991,2.560739042675354,469858.10000000003
38,1992,2.5743237436104396,460612.37
38,1993,2.563554759744752,513999.55
38,1994,2.567693035657727,535235.2063
38,1995,2.5833890920157736,514037.6575
38,1996,2.581453697217356,514952.0498
38,1997,2.560899645595159,575433.8594
38,1998,2.5753780865418103,550758.6464
38,1999,2.5768847095083514,527684.0758999999
38,2000,2.55991784472805,571920.5132
38,2001,2.56466807939006,587340.9637
38,2002,2.582924393145861,648630.0016
38,2003,2.6045153002919226,704715.9401
38,2004,2.5867357023321422,717335.9076
38,2005,2.5781026166034255,685282.992
38,2006,2.5604633626839215,767597.9403000001
38,2007,2.5754630216281527,841422.192
38,2008,2.5583868821018645,903309.2097
38,2009,2.567225075122215,916122.6380999999
38,2010,2.5823231000345053,959337.8310000001
38,2011,2.567361886618358,960600.4868
38,2012,2.57324247581459,1017427.0813
38,2013,2.595587317646876,1090894.9571
38,2014,2.5901895751295267,1107261.0675
38,2015,2.6180470338602064,1107088.7892999998
38,2016,2.578203248944762,1122365.4196000001
38,2017,2.570572542120077,1124751.4856000002
38,2018,2.581244289633461,1058745.4768
38,2019,2.5458236019701017,1065525.8915
38,2020,2.55756822822016,1044495.2304000001
38,2021,2.563348492138299,1064962.5076000001
38,2022,2.554345538751547,1024673.8007000001
38,2023,2.5981708610160448,1001949.4850000001
38,2024,2.60297741674714,1069854.5581
38,2025,2.56820780566755,967343.5062
38,2026,2.529691930393982,194185.5059
39,1976,2.7331089882772632,7611086.47
39,1977,2.709932659738164,8098799.94
39,1978,2.700199924400504,8096246.95
39,1979,2.7115989412646133,8325953.58
39,1980,2.7075590156398928,8602816.25
39,1981,2.705022468016582,8233279.63
39,1982,2.677401233698571,7866180.15
39,1983,2.670442822813818,7784254.43
39,1984,2.673169589296039,7182295.340000001
39,1985,2.6789066184862884,7514953.209999999
39,1986,2.681543206202445,6913201.71
39,1987,2.6980032165161854,7099563.35
39,1988,2.6659027367327774,7165981.31
39,1989,2.6507327894822894,7292533.81
39,1990,2.6171770142725386,7308306.42
39,1991,2.614738070798775,7228793.600000001
39,1992,2.632621906452685,7105387.13
39,1993,2.6502460521539564,6962742.33
39,1994,2.649849056312237,7335579.4761
39,1995,2.613993993867865,7164712.2154
39,1996,2.5963228670590377,8040993.8745
39,1997,2.6280625815348477,8269426.560999999
39,1998,2.618576415820788,8041559.900800002
39,1999,2.618456434731861,7985293.1581999995
39,2000,2.6022333350816114,8706267.056599999
39,2001,2.6332038444721215,9179103.772
39,2002,2.6269574691019115,9862356.7273
39,2003,2.6225145688067673,9977206.8763
39,2004,2.590028586998705,10619532.123
39,2005,2.6196737280149427,10875529.091500001
39,2006,2.638612911219939,11388287.572
39,2007,2.625093077278601,11712484.025600001
39,2008,2.6113633112088115,12241699.7285
39,2009,2.578942711775935,12323596.3839
39,2010,2.5851397802968963,12831721.3615
39,2011,2.6061377132833257,12704292.176099999
39,2012,2.5914837853747743,13846631.892099999
39,2013,2.6101598382869735,14536405.6559
39,2014,2.5916056695762166,14546584.8429
39,2015,2.6058925337296106,14664622.4697
39,2016,2.596676595381676,15374836.0099
39,2017,2.60066727114709,15220443.9289
39,2018,2.6145458976775977,15239459.435800001
39,2019,2.6188254727693225,16487108.021
39,2020,2.5977031770556125,15662995.742800001
39,2021,2.595885055973994,16134643.083999999
39,2022,2.6102972774638618,15616427.9142
39,2023,2.6007623903111527,15196579.7295
39,2024,2.564795271881108,16017251.139999999
39,2025,2.568095723647965,14924683.0268
39,2026,2.592728591350397,2646227.5865
40,1976,2.6183870392883595,3709676.24
40,1977,2.585403311675752,3082089.3899999997
40,1978,2.581940889131668,2672328.69
40,1979,2.590059052905742,2689919.05
40,1980,2.5674568842353147,2283608.6999999997
40,1981,2.5689565023166425,2460811.85
40,1982,2.5821744102063997,2453037.69
40,1983,2.5635241233339836,2458510.5
40,1984,2.569474061758401,2515447.57
40,1985,2.5717731668951176,2375976.38
40,1986,2.622318187657738,2408883.64
40,1987,2.5543852425342504,2327631.52
40,1988,2.5898644421252124,2008174.1100000003
40,1989,2.537659117035419,2147167.36
40,1990,2.586396885791416,2225270.76
40,1991,2.598581964963986,2356479.0500000003
40,1992,2.582779616977876,2293042.1100000003
40,1993,2.568323431980354,2187804.7
40,1994,2.5642611104367954,2378272.769
40,1995,2.576050458291335,2544422.1243
40,1996,2.585742687693431,2428519.8805
40,1997,2.591059373993261,2376159.6224
40,1998,2.576039519369371,2699324.2545999996
40,1999,2.564515154518416,3071134.9674
40,2000,2.6049682311484657,3048231.1971
40,2001,2.5586895536519574,3202450.4529999997
40,2002,2.584927850705193,3058253.632
40,2003,2.5354452779713594,3163202.9080000003
40,2004,2.570401676429883,3541184.7248
40,2005,2.581590630472202,3534449.8879000004
40,2006,2.571458804276978,3416842.6132
40,2007,2.561265868310847,3533787.3922
40,2008,2.543543203922376,3574019.452
40,2009,2.525889869846821,3765686.3802999994
40,2010,2.548555378679605,3943836.5407000002
40,2011,2.538260622857217,4025777.8345
40,2012,2.5518362624405824,4593405.9014
40,2013,2.567514127578698,4812297.614699999
40,2014,2.5507048757646547,4457803.8264
40,2015,2.583723894012126,4876863.112300001
40,2016,2.563970550031596,4993749.9241
40,2017,2.5683377185488667,5023090.0022
40,2018,2.5889803645763467,5048440.6031
40,2019,2.5424523179111023,4846336.6354
40,2020,2.577937334078433,4833384.9612
40,2021,2.573330045368535,4649403.737199999
40,2022,2.5619723236814056,4773805.2371000005
40,2023,2.557076285689085,4998760.3601
40,2024,2.580630088937249,5250894.7091
40,2025,2.6016942412258643,4842804.0773
40,2026,2.5923832824876216,883022.5948000001
41,1977,2.5680256686168463,923012.42
41,1978,2.588145298602433,1758984.1600000001
41,1979,2.6355132684259526,1774443.9299999997
41,1980,2.5927845515662002,1844994.7999999998
41,1981,2.5728129338509698,1883283.12
41,1982,2.606915189195464,1867289.71
41,1983,2.634820352245748,1772541.9900000002
41,1984,2.6312485709847144,1793478.1
41,1985,2.624980457192415,1767788.83
41,1986,2.5993007690057555,1930968.8199999998
41,1987,2.5722364741818504,1760503.52
41,1988,2.5741460825961693,1845060.7799999998
41,1989,2.5742643895967943,1863321.0299999998
41,1990,2.5446406583777366,2035612.23
41,1991,2.5242987003353075,1909440.7
41,1992,2.5294891231381613,1728834.19
41,1993,2.5750795840157403,1926816.63
41,1994,2.5939184825845905,2191814.7653
41,1995,2.5967002495248517,2254604.448
41,1996,2.5832431855937417,2017330.5198000001
41,1997,2.576162083808288,2271767.3739
41,1998,2.5750801132031325,2448017.6967
41,1999,2.498908392417275,2539754.4738
41,2000,2.5280952470934515,2727733.0858
41,2001,2.541802441891705,2734357.6048
41,2002,2.535914839016373,2867006.3704
41,2003,2.523742807090581,3223270.0434
41,2004,2.5149236886835404,3506415.0129
41,2005,2.535094599389185,3473821.8884
41,2006,2.5379337256764427,3724356.0038
41,2007,2.5468875018308683,4183170.7507999996
41,2008,2.5482257738618217,4258696.2271
41,2009,2.526904543635235,4135677.5133
41,2010,2.5284827402303827,4441969.95
41,2011,2.529843906476879,4954126.1343
41,2012,2.5056692672472707,4907593.9544
41,2013,2.511632613006036,4639678.3182
41,2014,2.530302514333797,5067368.8489
41,2015,2.4811771529857047,5117885.8672
41,2016,2.4868974227225102,5480074.2739
41,2017,2.5413980422511555,5575999.6607
41,2018,2.548320624371204,5383349.6379
41,2019,2.5440497327663496,5412141.4501
41,2020,2.5209601604034493,5206767.919600001
41,2021,2.559502516616519,5292459.6439
41,2022,2.550308544275114,5212626.7276
41,2023,2.536420405539011,4848828.4649
41,2024,2.4873702872393384,5131652.0053
41,2025,2.48452817564843,5044295.6329
41,2026,2.4451347648321002,928395.7012
42,1976,2.7421258635339187,9185798.84
42,1977,2.717081851923697,9259964.0
42,1978,2.7199591759878388,9260013.319999998
42,1979,2.72258886039548,9191106.77
42,1980,2.70474069545206,9163273.28
42,1981,2.7015980372362036,9125452.26
42,1982,2.6950825809739944,8893904.28
42,1983,2.6918319658029,8380546.149999999
42,1984,2.6878709130655776,8050165.41
42,1985,2.6819343466128123,8900598.17
42,1986,2.6599213909899233,9085011.08
42,1987,2.6609166369050663,9026954.79
42,1988,2.677898396043301,8964004.560000002
42,1989,2.654971178731664,9400097.340000002
42,1990,2.633377904671692,8869404.219999999
42,1991,2.6288510052577516,8382720.91
42,1992,2.658068638989225,8156620.389999999
42,1993,2.6577865703144417,8419865.72
42,1994,2.620188460401909,8596827.5382
42,1995,2.6319991065770862,8075127.144300001
42,1996,2.612817199056396,8545440.9808
42,1997,2.624940181105427,9233083.3415
42,1998,2.638777054304812,9398341.7864
42,1999,2.5982159848375397,9823157.8214
42,2000,2.5699200653283336,10335407.7898
42,2001,2.5705817417421692,10640434.1557
42,2002,2.583831580919903,11296182.5298
42,2003,2.618081002035501,11822925.0953
42,2004,2.643631927804758,11706858.419400001
42,2005,2.6072599375282857,12348139.826299999
42,2006,2.581771281072645,13657606.1605
42,2007,2.591145433656868,13840581.7089
42,2008,2.608132352691364,14036174.0214
42,2009,2.600071353467674,14162754.9054
42,2010,2.5605031117251813,14666168.3498
42,2011,2.577514981668597,14748207.801900001
42,2012,2.594458791903211,15582278.125699999
42,2013,2.5784709442008125,16346567.1214
42,2014,2.5855436672711023,17162700.1113
42,2015,2.608806216146926,17740589.7377
42,2016,2.6156567260574617,18597139.162600003
42,2017,2.6000769084291835,18641600.0518
42,2018,2.5825802149750827,18567205.2225
42,2019,2.5792403596137174,19933765.0065
42,2020,2.575637564447077,18376636.768400002
42,2021,2.5709823170370516,17728140.5884
42,2022,2.572466115315234,18101448.2674
42,2023,2.548484763636681,18252280.3265
42,2024,2.555803407751518,18522248.9685
42,2025,2.5526661403543134,16575484.4463
42,2026,2.5771842467035655,3073690.2519999994
44,1977,2.7721854954668133,371274.01
44,1978,2.8242172030617487,744491.4900000001
44,1979,2.783948427186206,775645.3999999999
44,1980,2.798413676359021,864450.46
44,1981,2.787734825126752,928945.5900000001
44,1982,2.7658348773654975,862276.4199999999
44,1983,2.7801338788874292,752590.1699999999
44,1984,2.7197241217949113,758445.95
44,1985,2.752758287085059,769949.01
44,1986,2.7815038918092143,769188.76
44,1987,2.7366961863538695,855664.32
44,1988,2.6880227077738668,835661.01
44,1989,2.669075435755489,808239.3300000001
44,1990,2.64420617476141,715149.0000000001
44,1991,2.5940860374937382,755729.54
44,1992,2.6210120596204547,722275.88
44,1993,2.641323774444289,685865.52
44,1994,2.6217752650108856,706403.9245
44,1995,2.5980239108318277,708679.6346
44,1996,2.6497298778429967,766603.1364000001
44,1997,2.6684290852554216,741611.794
44,1998,2.632664696938136,720103.1292000001
44,1999,2.60281928677102,756232.7351
44,2000,2.60226293056208,798267.2535999999
44,2001,2.6075133433611972,903547.6884999999
44,2002,2.543751784821231,1030099.0162
44,2003,2.576520528658032,1029870.8712
44,2004,2.5595102782927,1081009.7571
44,2005,2.5418126118700033,1103361.9492
44,2006,2.561088502463831,1080468.8841
44,2007,2.5474660716145734,1115191.6894
44,2008,2.5311962934232004,1197444.0813
44,2009,2.5452902184749546,1224626.3696
44,2010,2.520309296711024,1304004.8858
44,2011,2.5167276303974053,1247525.4189
44,2012,2.5198462611691324,1292845.3301
44,2013,2.527016260093501,1385977.1367000001
44,2014,2.5291469412655156,1463401.4649
44,2015,2.5391905859656365,1493399.8926
44,2016,2.5196062790179417,1557012.4413
44,2017,2.486620483695863,1596951.3218
44,2018,2.4849478465153396,1589519.6178
44,2019,2.461525810392126,1580972.3390000002
44,2020,2.529057358561323,1544946.0082
44,2021,2.4827570321267483,1532173.7108
44,2022,2.5167931967028068,1644232.0491
44,2023,2.535219064099949,1589926.6528
44,2024,2.5206617137431815,1749561.4739
44,2025,2.502553517040335,1616447.7504
44,2026,2.5028252833339355,312927.6406
45,1977,2.6615600633304575,803404.59
45,1978,2.6884368810005026,1954768.59
45,1979,2.6806892947017906,1914298.27
45,1980,2.6362949245515406,1539705.4099999997
45,1981,2.6260674284403738,1669122.44
45,1982,2.6062378247956994,1712662.65
45,1983,2.655879176138097,1773359.6
45,1984,2.633576029225606,1980989.6199999999
45,1985,2.6361513571424657,2089075.75
45,1986,2.6463828376522316,2183803.08
45,1987,2.665903333852456,2240135.53
45,1988,2.7007700804007384,2402884.94
45,1989,2.662732328771139,2505049.6
45,1990,2.6471052031856344,2428556.15
45,1991,2.6643349376668493,2354215.4300000006
45,1992,2.6723585642927654,2246629.29
45,1993,2.616604196296141,2236488.8800000004
45,1994,2.577568206199924,2260042.4816
45,1995,2.612774456160535,2143759.2129
45,1996,2.632177112048315,2065278.1970000002
45,1997,2.6281875542110975,2536307.1934
45,1998,2.5915142202197883,2637991.4649
45,1999,2.6387524589347433,2756932.8085000003
45,2000,2.632233913788468,3038719.8355
45,2001,2.584142212067699,3273469.9896
45,2002,2.5308696485820374,3479408.7886999995
45,2003,2.5413617605817,3360379.7764999997
45,2004,2.578886320914104,3853714.9891000004
45,2005,2.599760802492385,3716920.993
45,2006,2.585112356990777,3970063.807
45,2007,2.626820047534977,4055455.9677999998
45,2008,2.6025716031370676,4515408.9242
45,2009,2.5624446148241145,4219446.5699000005
45,2010,2.5535631588709964,4639471.314
45,2011,2.5637842194163825,4562746.7586
45,2012,2.5747938676166395,5146313.4711
45,2013,2.5785638880506374,5253158.1857
45,2014,2.6105334579921737,5071772.3305
45,2015,2.537109090519713,5589035.2195999995
45,2016,2.5693986196750904,5935833.1678
45,2017,2.5456396912883434,6088956.290899999
45,2018,2.5517093872562273,6293769.9408
45,2019,2.5642093553448206,6414633.1606
45,2020,2.5833942312226292,5839394.024700001
45,2021,2.5632782331244335,5930786.767
45,2022,2.5104578746164914,6410824.6637
45,2023,2.589940094709304,6696441.720799999
45,2024,2.579386746285585,7041587.165200001
45,2025,2.570293892130167,6587737.9158
45,2026,2.552743585788809,1188465.6463000001
46,1977,2.571177925648698,345457.92
46,1978,2.5661929808746646,635003.5800000001
46,1979,2.5729876055369,627396.03
46,1980,2.567963032579265,675610.7100000001
46,1981,2.5729710711896696,696834.13
46,1982,2.5707560014670534,589974.6
46,1983,2.5712757915352933,574755.1200000001
46,1984,2.565718148582599,598850.74
46,1985,2.5412946720545704,619718.47
46,1986,2.558552525436077,603784.24
46,1987,2.5654950794611744,602490.3799999999
46,1988,2.560099918050155,620527.49
46,1989,2.5722884233619103,660120.49
46,1990,2.5477929260810277,655976.9099999999
46,1991,2.5344931935454165,614060.13
46,1992,2.572903135412703,650509.45
46,1993,2.5809500538044916,600995.54
46,1994,2.565067472068206,555955.8283
46,1995,2.5840462387523857,625618.3019
46,1996,2.6023964839233216,711107.3363000001
46,1997,2.564834130295205,675272.8167000001
46,1998,2.5572463728164014,677833.8432
46,1999,2.579135383453118,606193.4139
46,2000,2.5766429182068875,702620.3124
46,2001,2.5728775666134127,789352.7446000001
46,2002,2.5648842073649583,866174.4890000001
46,2003,2.566779716188985,880328.9689
46,2004,2.6202175023946874,871150.9179
46,2005,2.600840380767855,930782.2203
46,2006,2.608917848677381,984777.308
46,2007,2.5877624282385554,1056453.1554999999
46,2008,2.585593070576862,1128771.4862000002
46,2009,2.570622650763142,1145357.7715
46,2010,2.592805917521433,1102937.6334
46,2011,2.597786859012768,1196873.5426
46,2012,2.5759216650103984,1245019.6975
46,2013,2.6058292324993992,1278921.4028
46,2014,2.6181305188402866,1279187.6990999999
46,2015,2.622606612185137,1336330.2382999999
46,2016,2.606491118517625,1428889.208
46,2017,2.604928667387048,1481681.5477
46,2018,2.6021473770954167,1419261.2972
46,2019,2.623055205405421,1439653.4095
46,2020,2.624249042531909,1474230.8723
46,2021,2.623104570196695,1503314.6318
46,2022,2.6064554821657397,1469497.4632
46,2023,2.623090559080624,1498332.1653
46,2024,2.617531263840522,1591981.1891
46,2025,2.612521740794255,1376450.3417000002
46,2026,2.5608242892534308,238441.47710000002
47,1976,2.673756946733518,7466765.699999999
47,1977,2.6553901331919416,5298030.640000001
47,1978,2.6735561192406623,3058750.4099999997
47,1979,2.680745290253761,2942597.6799999997
47,1980,2.6716267680384593,3038952.6900000004
47,1981,2.617239788232368,3399837.84
47,1982,2.6279865017280146,3053593.12
47,1983,2.6381170810928047,3116788.3600000003
47,1984,2.681342900528496,3411309.85
47,1985,2.6573030855157773,3319868.71
47,1986,2.634907559980869,3270083.23
47,1987,2.6779500232201525,3666217.87
47,1988,2.6708089613359656,3358708.27
47,1989,2.635453338306729,3167903.1799999997
47,1990,2.6158877119342323,3534756.29
47,1991,2.5835139841873302,3560018.5999999996
47,1992,2.6177723060220393,3414033.46
47,1993,2.6240632835610156,2994526.76
47,1994,2.6713492896133992,3493947.5547999996
47,1995,2.6530191657549045,3804333.240599999
47,1996,2.603404383067919,3947587.1004
47,1997,2.6069948829846257,3856699.4963
47,1998,2.6124693722875034,4010140.1801000005
47,1999,2.6182475461887234,4497942.4484
47,2000,2.5996489092021338,4537408.5526
47,2001,2.6137393402261475,4314624.8665
47,2002,2.5906019225940815,4857272.4737
47,2003,2.596196737462282,4776327.4218
47,2004,2.595341237717265,4853864.438200001
47,2005,2.604585878929931,5525067.9157
47,2006,2.6036410853371867,5537244.435400001
47,2007,2.5923597789916855,6075223.3959
47,2008,2.5977785707823338,6011095.925100001
47,2009,2.5906229525196856,5575412.391100001
47,2010,2.562985854517838,6461977.413
47,2011,2.5887314663717533,7246379.1518
47,2012,2.5992916620503252,7464170.0056
47,2013,2.579697136259351,6990563.3135
47,2014,2.5897642635774556,7102485.750100001
47,2015,2.5840086192215255,7460885.329600001
47,2016,2.5709815638374294,8099950.681899999
47,2017,2.584679293574003,8186573.309
47,2018,2.5820847566530674,8540427.2988
47,2019,2.5781221740417384,9184460.9185
47,2020,2.5519888667804027,8460487.2566
47,2021,2.5774703642561487,8447126.9262
47,2022,2.5829596913506316,8104447.4585
47,2023,2.5886442754384995,8459791.6807
47,2024,2.5924219085348725,8791372.4606
47,2025,2.570976847967325,8108333.127
47,2026,2.5708420598585175,1498329.4868
48,1976,2.578683898783883,9461328.96
48,1977,2.5849280427607395,9532737.59
48,1978,2.589491553225798,9678615.62
48,1979,2.5868127890744104,9634197.15
48,1980,2.582983805258395,9705737.25
48,1981,2.601545965621808,9813843.870000001
48,1982,2.5767679148766884,10944977.310000002
48,1983,2.5738813730306713,11270899.650000002
48,1984,2.5673103658058585,11084099.98
48,1985,2.561059849450257,9559381.309999999
48,1986,2.5735301097214,9248368.580000002
48,1987,2.585040628313317,9563058.329999998
48,1988,2.5612914979899895,9528163.49
48,1989,2.556312255299316,9831135.780000001
48,1990,2.5653233877050585,9939846.48
48,1991,2.5629759409019535,9965154.74
48,1992,2.579934788144806,10179329.209999999
48,1993,2.5515947349024333,10311608.41
48,1994,2.550718903517484,11002499.362799998
48,1995,2.5590356947516715,11970233.179499999
48,1996,2.55065080426846,11932023.4657
48,1997,2.5530033545833217,11943713.3848
48,1998,2.57266306860313,12981318.0064
48,1999,2.5581593134932086,13513157.7112
48,2000,2.5419153571726696,13492322.023300001
48,2001,2.538291219399628,14748588.3473
48,2002,2.5228751809234793,15218575.2527
48,2003,2.532036293584312,17515726.7742
48,2004,2.5234957513933987,18017373.516400002
48,2005,2.5313834584439237,18729929.273199998
48,2006,2.536785833080256,19985332.837800004
48,2007,2.547572650196757,21263108.653300002
48,2008,2.546865148127043,21147927.5646
48,2009,2.5417793290494366,22499622.3952
48,2010,2.5422579079867185,23301109.562099997
48,2011,2.5274171141689337,24592062.7527
48,2012,2.539894821231294,26797395.1012
48,2013,2.529373782707677,26831945.3944
48,2014,2.5309912234261986,26824089.0969
48,2015,2.5295865833572475,28525596.2649
48,2016,2.531989117881489,30188473.7931
48,2017,2.529656555696886,31016963.256500002
48,2018,2.534459469124892,32091006.0029
48,2019,2.5240909572486694,32764986.0368
48,2020,2.527864570114552,31918704.335099995
48,2021,2.5404762111458496,31807108.771
48,2022,2.554542676842659,33048009.7052
48,2023,2.558341655674545,33686551.736200005
48,2024,2.5337009625505784,35863085.018999994
48,2025,2.5250614615628213,33860050.1256
48,2026,2.5248557507665033,5975691.5132
49,1977,2.600573327185668,371684.85
49,1978,2.613413562165329,804304.7
49,1979,2.599942319428384,870939.16
49,1980,2.599796596604327,888736.74
49,1981,2.562087207881113,823643.59
49,1982,2.539570675432719,832327.62
49,1983,2.575533016094591,806170.8400000001
49,1984,2.5575028276155645,887098.5299999999
49,1985,2.546592989905035,941900.59
49,1986,2.531495888065302,834948.4400000001
49,1987,2.506137127226017,738185.6900000001
49,1988,2.5127199592133285,835180.48
49,1989,2.4978520206219064,987379.5800000001
49,1990,2.5394924106445127,967132.52
49,1991,2.499882434386768,921034.6500000001
49,1992,2.5088469672106926,896662.53
49,1993,2.5375241348116586,913024.9099999999
49,1994,2.5217420425859927,932714.5723
49,1995,2.53036773691679,1028867.8449
49,1996,2.4882051033594554,1120369.0813
49,1997,2.535780347657821,1130080.4048000001
49,1998,2.5324864892941017,1325597.3417000002
49,1999,2.5514647439344484,1365637.1478
49,2000,2.474634720960559,1436727.7243000001
49,2001,2.4808260069913084,1546586.008
49,2002,2.532265986836158,1641813.1522
49,2003,2.5420488640491206,1617567.6106999998
49,2004,2.516327770522151,1589514.8108
49,2005,2.5207514594642557,1778840.4933
49,2006,2.5290217176851084,2115199.0488
49,2007,2.5327058159286366,2376705.2007
49,2008,2.5316727509801056,2426179.5609
49,2009,2.5156255800771827,2345199.4332999997
49,2010,2.5280578099719224,2400581.7904999997
49,2011,2.5420926423338446,2543277.7621
49,2012,2.574206371260145,2670719.8832
49,2013,2.5465130886313863,2644777.7947
49,2014,2.5644140604610257,2743217.4981
49,2015,2.511415308656911,2836217.554
49,2016,2.5210842631669927,2933761.4523
49,2017,2.4985366619611917,3349196.7734000003
49,2018,2.5249436523362494,3218526.4625
49,2019,2.568316288690395,3143068.1720000003
49,2020,2.533274353392159,3195128.3269
49,2021,2.525209495141739,3317585.205
49,2022,2.530391222639647,3424925.113
49,2023,2.498279780353244,3454237.519
49,2024,2.4848950976424176,3711122.6931999996
49,2025,2.5350448126625658,3501625.6750999996
49,2026,2.6001493812576975,584564.6268
50,1976,2.7139462906977116,2915926.6400000006
50,1977,2.7444063297999155,1628054.4900000002
50,1978,2.5997271604541616,379052.8300000001
50,1979,2.588949104515679,355341.37
50,1980,2.6403839646671137,360764.17999999993
50,1981,2.6117942616308163,379417.31
50,1982,2.63232569896203,367975.12
50,1983,2.6668567927873696,386150.08999999997
50,1984,2.659283227309695,389989.79
50,1985,2.6071629200670294,394514.81999999995
50,1986,2.6133455454801333,429559.48
50,1987,2.6290507264410956,403100.08
50,1988,2.649701850756816,375268.16
50,1989,2.700316442244244,385732.13
50,1990,2.6312991346395473,422645.6
50,1991,2.587501870556535,424385.00999999995
50,1992,2.6136757577586645,409383.79
50,1993,2.568167029165784,398551.53
50,1994,2.539505403016464,455133.0924
50,1995,2.5842326660652373,437486.654
50,1996,2.5536056052174407,411477.7129
50,1997,2.573482132768233,447750.2352
50,1998,2.551676243428777,560755.8312
50,1999,2.5451274692039867,559815.39
50,2000,2.557926977530139,590423.2576
50,2001,2.561367943856037,595030.0848999999
50,2002,2.5946035689842737,630065.2731
50,2003,2.5729034360938186,657369.7925
50,2004,2.504802688866539,729338.1512
50,2005,2.5104101495280933,821085.5726
50,2006,2.527731287837222,826747.6497
50,2007,2.513891045403676,905146.0425
50,2008,2.4969217175674814,911852.7265
50,2009,2.508192632113269,962375.6292000001
50,2010,2.5293183149290885,1005774.1155999999
50,2011,2.5418559301259895,999199.0786000001
50,2012,2.5370504249713113,1040775.6557
50,2013,2.519204082158759,1104462.1801000002
50,2014,2.542572807352453,1131381.6307
50,2015,2.5228954639604515,1133074.9836
50,2016,2.543436278987971,1172262.17
50,2017,2.5277761182756717,1150110.0583000001
50,2018,2.5099822211445435,1129207.3140999998
50,2019,2.4966832276264155,1125920.3567000001
50,2020,2.5126566767920133,1067871.5518
50,2021,2.5064534948959043,1067756.7896
50,2022,2.516116582041687,1156537.2192000002
50,2023,2.5030154674060525,1175346.4101
50,2024,2.5037079427509683,1202224.0302
50,2025,2.5002402792239975,1046900.9224
50,2026,2.4773148837843504,201158.52419999999
51,1976,2.604667513650329,3341407.35
51,1977,2.5961811204973553,3744923.8000000003
51,1978,2.585780129636809,3744332.4299999997
51,1979,2.596134860236674,3998369.74
51,1980,2.6205301816584052,4213041.949999999
51,1981,2.600899139140555,4052854.41
51,1982,2.6004915310353836,4008249.2700000005
51,1983,2.598384748233692,3979956.5200000005
51,1984,2.6069087875856276,4124725.7199999993
51,1985,2.593909045963528,4259664.92
51,1986,2.60595286288245,3968052.74
51,1987,2.5899321421865893,3916562.19
51,1988,2.563489289405633,3863055.53
51,1989,2.5718043301878284,4044627.03
51,1990,2.5906429491385823,4334736.65
51,1991,2.5983140031722582,4071171.63
51,1992,2.522918027244809,4149665.3600000003
51,1993,2.5680980640737654,4392702.16
51,1994,2.5775879427143473,4497514.3864
51,1995,2.5880499488379085,4715944.8228
51,1996,2.5399071808113125,4937840.2494
51,1997,2.5364739365620355,4917174.6444
51,1998,2.5099856261724125,5139733.4061
51,1999,2.547101021255506,5126720.095900001
51,2000,2.52259639665353,5769871.5893
51,2001,2.548506924609052,6169103.0638
51,2002,2.4926022259483305,6084214.0982
51,2003,2.5275210663289527,6494362.4759
51,2004,2.5139243877424637,7204185.4069
51,2005,2.5252691108354437,8005679.5815
51,2006,2.4891350040031823,8151722.622299999
51,2007,2.4876618484900885,8494324.1865
51,2008,2.4950285314267164,8734147.0119
51,2009,2.484976425265988,8932657.608700002
51,2010,2.493904332172984,8969132.0566
51,2011,2.5019234266659383,9302619.906699998
51,2012,2.504857164774739,9833177.9915
51,2013,2.4968383186109016,10107565.675199999
51,2014,2.4981393618340513,10836550.7114
51,2015,2.450649187398286,10472594.839
51,2016,2.482648048689107,10662837.9967
51,2017,2.5277862272423683,11064673.398
51,2018,2.495654036123411,11625001.6088
51,2019,2.4359097190722045,12759805.4352
51,2020,2.440193977113775,11687626.503099998
51,2021,2.4709949228264265,11384085.577399999
51,2022,2.4777514257104127,12323454.3899
51,2023,2.4615727115298442,12883736.1285
51,2024,2.454287169433091,12502397.7526
51,2025,2.4974489557040482,10825008.817499999
51,2026,2.492585665663088,1763423.4552
53,1977,2.6098815163383517,1159267.15
53,1978,2.5999768698064156,2362417.9899999998
53,1979,2.60311887129494,2496090.0700000003
53,1980,2.636315327092755,2801948.6500000004
53,1981,2.612522141446045,2722872.0700000003
53,1982,2.587776600515689,2698943.51
53,1983,2.5907407241118543,2696483.58
53,1984,2.5562568663658833,2819845.3999999994
53,1985,2.525905424309028,2885274.63
53,1986,2.5157370918609683,2771943.0100000002
53,1987,2.5912762699758125,2841764.79
53,1988,2.559040832059166,2889414.25
53,1989,2.5370311249413526,2796047.23
53,1990,2.5769372941874256,3045318.83
53,1991,2.5680715518074426,2962877.79
53,1992,2.5428378734326493,2895934.6
53,1993,2.554733605987163,2871388.91
53,1994,2.508087174453759,3003364.2797999997
53,1995,2.5284255662981896,3120592.9308
53,1996,2.5839188035519407,3101188.5708
53,1997,2.522279709911365,3881009.9866000004
53,1998,2.530569155294086,4055041.3802999994
53,1999,2.5506218090224344,4118652.3476
53,2000,2.541915792487315,4365522.2843
53,2001,2.5504491092533743,3903648.9933
53,2002,2.529354688905398,4836524.6563
53,2003,2.4841515692524356,4977981.1575
53,2004,2.5165101547492945,5097210.1347
53,2005,2.538959550007904,5573786.4604
53,2006,2.5336728950749037,6291836.8078000005
53,2007,2.5600263913618444,6810874.7653
53,2008,2.538053176779283,7184881.1547
53,2009,2.5263686147526703,7213255.2484
53,2010,2.520509572384307,7649031.5892
53,2011,2.5014658673771586,7915867.240699999
53,2012,2.5103460795888624,8096096.407199999
53,2013,2.507712076179174,8096368.6599
53,2014,2.498724752438495,8680499.845900001
53,2015,2.4915349127843887,8961023.5271
53,2016,2.498175627306809,9143624.6895
53,2017,2.5366859324900295,9456513.0902
53,2018,2.552236050034249,9395765.3138
53,2019,2.536386529740918,10179122.783599999
53,2020,2.5107573577955704,9600354.5943
53,2021,2.533741610033432,9205969.8235
53,2022,2.513006896253916,9715318.9652
53,2023,2.5004621965389964,9392467.4825
53,2024,2.5083686312070896,9093114.0712
53,2025,2.5417259508781687,8603490.5951
53,2026,2.4533250256482795,1398724.4486
54,1977,2.701958295499882,513144.15
54,1978,2.713430993888629,1016184.6600000001
54,1979,2.735244634023439,1105654.7600000002
54,1980,2.647324389297045,1123941.96
54,1981,2.6450091063750003,1089158.43
54,1982,2.6665125100791687,1106372.3399999999
54,1983,2.684276687743733,1093936.6600000001
54,1984,2.702610357774551,1056401.2400000002
54,1985,2.623903007473646,1011526.51
54,1986,2.6342778045543307,1086968.1
54,1987,2.6580451604132205,889817.11
54,1988,2.6586633860498767,861812.89
54,1989,2.646648603471085,936552.8200000001
54,1990,2.6328394044797485,931183.2000000001
54,1991,2.649738474174231,928814.3099999999
54,1992,2.64259431611076,1083629.81
54,1993,2.6543781618425086,1079930.7400000002
54,1994,2.635951624333219,1050989.8070999999
54,1995,2.6074805058405235,958814.2653
54,1996,2.5448228233457773,1090252.4963
54,1997,2.5518423711842133,1182699.2018
54,1998,2.576805832992018,1153862.4172999999
54,1999,2.5664054443106767,1119449.5242
54,2000,2.550353408275737,1154823.0655
54,2001,2.5793529759737663,1293349.8772999998
54,2002,2.6040213355542865,1455802.6309
54,2003,2.5702080574637653,1330461.509
54,2004,2.5504964479192176,1438799.0482
54,2005,2.5682382986793137,1530477.4827999999
54,2006,2.5925691493588734,1579138.6962
54,2007,2.582999796058001,1650929.6459000001
54,2008,2.5497802419158964,1764389.1236999999
54,2009,2.530060595011614,1927180.1282999997
54,2010,2.5364575280023685,1976000.9294000003
54,2011,2.5575755635098183,2048001.4570000002
54,2012,2.5712502954170953,2148232.3403000003
54,2013,2.5627466882160594,2202290.6903
54,2014,2.592767336297847,2115665.149
54,2015,2.615882325025557,2130826.8918999997
54,2016,2.6106125379245086,2202324.0916
54,2017,2.606593265240025,2152751.2893
54,2018,2.6006302982371836,2195138.6818999997
54,2019,2.6285940846507376,2226659.1989
54,2020,2.6063000102552225,2090413.752
54,2021,2.5914610614881566,2078632.4737999998
54,2022,2.5947142160599808,2137946.4075
54,2023,2.630873679068086,2017523.4218999997
54,2024,2.6146566722825386,2015744.7002
54,2025,2.594249303370191,1900948.2483
54,2026,2.586018906950854,352716.0441
55,1976,2.69004750121908,3022888.14
55,1977,2.6878519684880957,3380931.74
55,1978,2.709266233304538,3794134.4999999995
55,1979,2.7357260961373813,3738896.5600000005
55,1980,2.699453392098851,3657292.0100000002
55,1981,2.638326731902789,3630774.8499999996
55,1982,2.639255031490303,3434429.3899999997
55,1983,2.6329370681186486,3466789.6399999997
55,1984,2.615435585215128,3591828.23
55,1985,2.6736758580617925,3640883.5
55,1986,2.6217526626147687,3566474.79
55,1987,2.598081668368898,3613767.54
55,1988,2.629427379585421,3565037.89
55,1989,2.642019002486785,3683716.7
55,1990,2.648922866789446,3634510.06
55,1991,2.615266591902982,3434692.4699999997
55,1992,2.6548944841502387,3416524.2800000003
55,1993,2.652016657529721,3310190.21
55,1994,2.652607892380718,3678365.306
55,1995,2.604445486362947,3621489.3050999995
55,1996,2.6174778938120298,3751719.0655
55,1997,2.615770394568145,4025419.0393000003
55,1998,2.6370803404388288,4069476.5118
55,1999,2.64311465513707,4270375.2797
55,2000,2.6470938927036385,4463764.7153
55,2001,2.637943233761002,4758587.4732
55,2002,2.5889787490771883,5412900.3607
55,2003,2.611322833056547,5452816.8946
55,2004,2.592848091670905,5323814.523399999
55,2005,2.589269289116716,5162849.8728
55,2006,2.5724813925676164,5550559.8898
55,2007,2.6088399551534893,5778136.5664
55,2008,2.607973621649309,6195204.5618
55,2009,2.583503680187808,6438633.8259
55,2010,2.618761640901559,6919430.084600001
55,2011,2.602852084078357,7354217.7387999995
55,2012,2.5882256070988476,7661842.3449
55,2013,2.6323356941974607,7824909.0940000005
55,2014,2.640256339961258,7820799.4629
55,2015,2.6175237751236016,7924341.597200001
55,2016,2.62589105666832,8207589.887200001
55,2017,2.645125948636217,8584851.393399999
55,2018,2.5747748938312114,8620723.2092
55,2019,2.6293872119205974,8681538.142
55,2020,2.6250422730912644,8718412.592500001
55,2021,2.6106410297023253,8743200.350300001
55,2022,2.6304031677032653,8372211.2552000005
55,2023,2.635554543688531,8325058.6782
55,2024,2.6045940926385693,8454928.9833
55,2025,2.5725767932824843,7773458.9567
55,2026,2.670920649045229,1436483.0696
56,1977,2.58309912092823,167568.72999999998
56,1978,2.592516563879419,306002.51
56,1979,2.565362564100015,277987.14
56,1980,2.5760903804979534,323878.18
56,1981,2.6229751042776934,342827.83999999997
56,1982,2.5750971188627627,356496.95999999996
56,1983,2.5926086732270273,344317.81999999995
56,1984,2.610905936962615,357899.04000000004
56,1985,2.555969351179004,340342.07
56,1986,2.547987716324798,306361.99
56,1987,2.570371648488896,339023.89999999997
56,1988,2.573308172841794,332149.78
56,1989,2.5875835590780643,277071.2
56,1990,2.559205321949142,318236.32999999996
56,1991,2.5669532264379074,335800.29
56,1992,2.590859755418995,354863.9
56,1993,2.613249332525057,326986.33
56,1994,2.589726181964691,332464.2748
56,1995,2.601919844069263,334362.0993
56,1996,2.5697667968122158,381482.5547
56,1997,2.591731380462067,356945.58400000003
56,1998,2.580051322164863,337430.77709999995
56,1999,2.5520208855444033,376565.0947
56,2000,2.558542911283301,458960.26589999994
56,2001,2.6092479941265223,453311.521
56,2002,2.5557856815010624,490400.79390000005
56,2003,2.5771892114507793,522842.3146
56,2004,2.5716258312476654,592296.8870000001
56,2005,2.556653240179447,634659.6829
56,2006,2.5904531794657397,650884.2357
56,2007,2.6143469548490392,654255.4006
56,2008,2.6152206759573478,699904.8121
56,2009,2.601012938958204,721264.7138
56,2010,2.591505386901214,731000.7174999999
56,2011,2.6065794658422328,744614.1545
56,2012,2.5646978386872528,787607.0554
56,2013,2.617228576743487,843610.4264
56,2014,2.6249550914095297,788718.9884
56,2015,2.6146135827513235,809734.8933000001
56,2016,2.602806388526906,853074.2922
56,2017,2.6049000537282843,837991.6649000001
56,2018,2.601063009957782,817469.2847
56,2019,2.580807680773903,861731.9098
56,2020,2.5553976052806484,857214.9532
56,2021,2.568079629146401,873091.8876
56,2022,2.5691322667426975,848874.6897
56,2023,2.586827460672441,828805.1592000001
56,2024,2.5723574128372815,858431.4967
56,2025,2.566869877223193,723468.0337
56,2026,2.563369036520464,113989.4663
