STATEFIP,YEAR,mean_routine,mean_abstract,mean_manual,total_emp
1,1977,2.2517729090891128,3.7313739373860786,2.323110328937509,2426649.0700000003
1,1978,2.2530723969837747,3.7189681179537,2.324532094790122,4322246.1
1,1979,2.2596095470612423,3.7291976470859933,2.3104717559463785,4304717.25
1,1980,2.279604059526503,3.715176131231873,2.341738510997937,4164957.1400000006
1,1981,2.263856715477226,3.739731075980107,2.304997268862797,4434808.24
1,1982,2.26916704106831,3.720492897505152,2.315087436949558,4568622.890000001
1,1983,2.2869559453800172,3.695288465899727,2.332122314361509,4205909.67
1,1984,2.286386988204961,3.7175823775809884,2.3464015174246855,4296215.640000001
1,1985,2.2892218874239263,3.7090172433193906,2.315429715620978,4926581.7
1,1986,2.280977381570499,3.704398489410866,2.319011768041161,5104827.92
1,1987,2.2713648902204837,3.7135910644268164,2.3025764875149877,5128233.02
1,1988,2.26599241331821,3.7176508684810403,2.3087270117323895,5375919.29
1,1989,2.269740681231661,3.7191246986100865,2.2956364947754855,5423445.399999999
1,1990,2.2817968763129493,3.718657743947201,2.306589602130436,5157961.62
1,1991,2.2723788681248482,3.7280946659728897,2.3115321889125453,5141107.44
1,1992,2.307586519516584,3.6973737962159365,2.306765018498344,5402631.32
1,1993,2.275160581093139,3.698439580891693,2.272373896340876,5594430.2
1,1994,2.2709634732350175,3.7012333606771533,2.273233934305927,6186055.385600001
1,1995,2.2903076035820726,3.701453517291327,2.2756047801624106,6562020.706
1,1996,2.2978749826956055,3.710123544684889,2.282011763040197,7077476.321599999
1,1997,2.2878648502566503,3.704520792806299,2.2752242382569685,7295128.986199999
1,1998,2.268600792024916,3.712198572190098,2.2875651530396564,7495881.7028
1,1999,2.2852028452342728,3.7000246113992614,2.2658999347371847,7897210.987
1,2000,2.274062678621388,3.6823902267852313,2.261926851888134,7707979.956699999
1,2001,2.2556365093345425,3.704523222682085,2.2467380888799524,7624788.2029
1,2002,2.285180077335701,3.7038703285158814,2.256584412943599,8212860.674000001
1,2003,2.2868207128515046,3.7231965928862163,2.250013623659232,7780561.7408
1,2004,2.2925898196597454,3.7332891598879026,2.228739125328642,7339505.7125
1,2005,2.259448330917713,3.7333259211112546,2.204373615107869,7326835.8895
1,2006,2.256828429715255,3.7373762071991385,2.2200020223093073,7541458.1356
1,2007,2.2573814349098464,3.7372527792042605,2.222327239971961,7625889.4627
1,2008,2.287145017156574,3.710811923275985,2.23705326747732,7672681.6793
1,2009,2.268045007051245,3.7110253541391236,2.2403032025836143,7424795.3271
1,2010,2.2517236221401773,3.7204025428931677,2.2223986669257907,7308412.5033
1,2011,2.261484971027192,3.7257126942834278,2.224202716757187,7841844.5601
1,2012,2.276679022550236,3.744215549241105,2.235896080361858,7858249.151699999
1,2013,2.2704331610814834,3.723523388159144,2.2193627596581558,7902401.51
1,2014,2.27097911882669,3.716066885389596,2.215598095772481,7896661.4698
1,2015,2.2791977700082984,3.7413151533543703,2.238281701934606,8057262.391100001
1,2016,2.29643307970689,3.7163807572658754,2.254941140305619,8405553.2291
1,2017,2.3008198048018254,3.724526356914906,2.248916618377432,8495210.5599
1,2018,2.2988811631384434,3.721262861145215,2.2560195935409024,9090479.2917
1,2019,2.2905105221491944,3.708637999433339,2.25859184762216,9743654.838399999
1,2020,2.2930443198081703,3.728266265383417,2.2642789709004383,9305348.635699999
1,2021,2.2989172208639124,3.709110927015924,2.257151427361303,8977548.466
1,2022,2.270792620377383,3.7108247304081208,2.238138627601887,9523653.0948
1,2023,2.2850253660950632,3.7197650684775527,2.234213348157052,9632960.7067
1,2024,2.2694823545820912,3.738145420836703,2.219237411316801,9791449.6643
1,2025,2.2975333804734666,3.736348725782791,2.2463405492245636,9745489.9498
1,2026,2.254815348042659,3.7507012790938505,2.199666585001476,1685820.1435
2,1977,2.2184859637975363,3.7491117945692647,2.2557612468599357,280279.13
2,1978,2.2364123431308767,3.7467502969194624,2.256179105372494,652168.2100000001
2,1979,2.226382445859849,3.7453109404578147,2.2598510545855994,685441.9099999999
2,1980,2.226362960375453,3.7573485818580035,2.2526759078896683,722424.1
2,1981,2.2236819826984178,3.7527307566741532,2.234508510835976,738465.75
2,1982,2.208002485183616,3.748886085107465,2.2260759191093786,701615.7
2,1983,2.2169981290079277,3.7363354532805895,2.2154593250745465,692273.0
2,1984,2.21248355429296,3.74085190399872,2.204080389856005,793303.0099999999
2,1985,2.2079600795195153,3.7355005937357677,2.206504634677468,883886.7400000001
2,1986,2.2252044553244916,3.736300715668141,2.2169836519004376,969631.1900000001
2,1987,2.2270660167788465,3.7387302123074484,2.217204524717917,920035.89
2,1988,2.2158061047099284,3.7394775054323564,2.222808052481871,904524.73
2,1989,2.2337371157402215,3.741177415660484,2.2341941067905404,910671.0700000001
2,1990,2.2204445317591373,3.7445608917082636,2.223556877778437,1009784.64
2,1991,2.2102527212752876,3.737754222571624,2.2034110036986223,1050985.1500000001
2,1992,2.2591318102128928,3.715419526637728,2.233355821804283,1061410.7899999998
2,1993,2.2573599889857947,3.69969267741146,2.2292406175388817,1113878.52
2,1994,2.2305443946349617,3.707454053744833,2.2341897715197048,1205060.3251
2,1995,2.241075491837662,3.7214441138746475,2.2326511646870673,1248233.8692
2,1996,2.2539709297364685,3.7249164466681015,2.219504659299199,1366337.5259
2,1997,2.249541133771428,3.7165176029372176,2.2304582628518212,1305997.6246
2,1998,2.241458394516666,3.7312405832651834,2.2283209324109476,1285723.036
2,1999,2.2424321339398823,3.7187640806593203,2.2217386787296634,1245875.0383
2,2000,2.25736788625554,3.7065118350437722,2.2117328612928056,1310209.4372
2,2001,2.2396031506413303,3.709611546526321,2.2119132652596245,1372312.3547
2,2002,2.230755289700629,3.720372732878301,2.2213278437653874,1314279.9408
2,2003,2.251060660269477,3.6994049086829275,2.1985509725294072,1228158.3457
2,2004,2.2459584669708095,3.7117955596088485,2.2153826257351676,1219203.6679
2,2005,2.2533943333483766,3.720018559028035,2.2139815679107286,1358829.0404
2,2006,2.2658843813556846,3.7146784353968374,2.2169956968639823,1346995.0479
2,2007,2.2591991744449405,3.7180016135873815,2.2103031120549064,1354524.6027
2,2008,2.254554820090627,3.7280899804666707,2.2014535651350102,1356174.3314
2,2009,2.2656384927882267,3.7325865887489815,2.1863378513071607,1432340.9513
2,2010,2.283061729804948,3.7161013560995673,2.2272247970244816,1379527.0443
2,2011,2.250107923728581,3.7310377261015546,2.190669328365596,1409316.2293
2,2012,2.2468208907448974,3.7407650703650557,2.1915554868910645,1472355.0757999998
2,2013,2.268707551433049,3.729395687081844,2.2172310184017894,1504340.2816
2,2014,2.2802070523989526,3.7291863535845167,2.2128184490496943,1477738.133
2,2015,2.260185807101829,3.7293035847317926,2.200206251770588,1457367.7302
2,2016,2.259460327671707,3.7384463169746156,2.216476406272001,1594362.2897
2,2017,2.2568348209737676,3.7353556706917788,2.1971021664730537,1529543.6947000003
2,2018,2.2853690464437473,3.7273973451425304,2.1983399867051654,1462035.2114
2,2019,2.289505770918106,3.7184796663550777,2.2378509678346794,1547972.0685
2,2020,2.2851436980046596,3.73271616175456,2.256180422738436,1551707.6946
2,2021,2.275173997697974,3.731083491048154,2.2430788967219413,1588829.5238
2,2022,2.2614892454326805,3.745526794943243,2.2160120959846252,1614382.4446999999
2,2023,2.228899941310147,3.7404984127159198,2.182945006321955,1693969.4993
2,2024,2.260213932473271,3.7315837576301774,2.203712921904539,1664118.025
2,2025,2.275817573388242,3.7275520180930353,2.2515673023806455,1625145.6637
2,2026,2.2699120117261695,3.7312999885654503,2.2315587674639366,311195.2613
4,1977,2.2460981195845533,3.756182534458329,2.2776579687095864,1790857.29
4,1978,2.2401535583252516,3.7593816413843593,2.2812842112863234,3377158.7199999997
4,1979,2.260682657202352,3.7507939343003054,2.288573724054929,3851732.9399999995
4,1980,2.2426885416892026,3.749083606742052,2.2757710115540246,4384217.3
4,1981,2.236248172091661,3.7567046008356693,2.2653803871819482,4338176.23
4,1982,2.238930430515752,3.7593606132627913,2.2588172946937948,4792837.22
4,1983,2.2686093528387605,3.7225916888831723,2.2814268527827872,4177563.8700000006
4,1984,2.2657086240242594,3.708624211423578,2.2733630934337756,4859712.78
4,1985,2.268967342091083,3.717877528659105,2.257769354817309,4983187.53
4,1986,2.2620086256194263,3.740253066234166,2.253093335597493,5186418.24
4,1987,2.2499340204002247,3.7464771988929844,2.243758869963883,5435975.8100000005
4,1988,2.250143514313861,3.7218605538218292,2.254972200695088,5921210.33
4,1989,2.249318773819009,3.7259042173511596,2.2667954253408586,6069621.66
4,1990,2.2564222572715944,3.7410135214039713,2.2732207971366014,6270483.71
4,1991,2.249313040962326,3.7411626488056724,2.247705581799481,6423527.140000001
4,1992,2.296138510357592,3.7011417886878535,2.2598337192190847,6593255.45
4,1993,2.2655802097402136,3.723073421998997,2.248371656363462,6595105.359999999
4,1994,2.275394206968065,3.6984018307414983,2.240295640792711,7365078.4818
4,1995,2.276495854731878,3.709136270025002,2.2581659008893866,7730656.6392
4,1996,2.267640660089253,3.691159965689621,2.252713251367094,7642740.9995
4,1997,2.2910376100512018,3.6771921677130623,2.2718372785960304,8160203.277500001
4,1998,2.287052540799901,3.692206474392368,2.2682195434331085,8672654.7609
4,1999,2.2711886957641214,3.7229857960981314,2.2427724587201783,9252279.2204
4,2000,2.2662172401610285,3.703557675975718,2.2388717488013845,9495990.702
4,2001,2.2612225319520505,3.711012075010368,2.2397187734142303,10094964.3671
4,2002,2.264224573415439,3.706701363492595,2.2587190823588523,10721846.4101
4,2003,2.2500150342823835,3.7373029891306406,2.204996888208178,10401272.0368
4,2004,2.2481342185083277,3.7305463472710647,2.1906824848793005,10031473.214900002
4,2005,2.278279740496496,3.7141032493847512,2.203911290299905,10610655.8775
4,2006,2.2794122791085067,3.71129669794403,2.2069164148396707,10796895.9935
4,2007,2.2726298042130013,3.716136093114636,2.200209819885006,12000813.4411
4,2008,2.2604594249538423,3.744235487370566,2.199005438589106,11553457.841699999
4,2009,2.2740254433598364,3.733553124113458,2.205083603863435,12252504.764800001
4,2010,2.2660727874209217,3.719562245538621,2.2072094930248514,12540519.614400001
4,2011,2.259598532288351,3.726675790843783,2.1995811871124324,12806908.2799
4,2012,2.259409964822629,3.720413140838947,2.185484563678322,11706369.813
4,2013,2.250014898066136,3.721365400411655,2.18532108297267,11788025.884
4,2014,2.2783952434691543,3.7319993495951236,2.2141750466926804,11968471.752
4,2015,2.28025995727865,3.722783282815006,2.2167281802163874,12459921.692200001
4,2016,2.277296370752186,3.7286289956777012,2.211660874060165,13491175.4018
4,2017,2.2802840459098297,3.7261447680444184,2.2105601097930805,14501041.732299998
4,2018,2.2776151278917447,3.7239183896832824,2.201698364862141,14626514.492499998
4,2019,2.2821829771776936,3.744056341337662,2.203606572670133,15057663.339499999
4,2020,2.2699101541219386,3.732862725727933,2.218623467419411,15642823.9715
4,2021,2.281277983733812,3.722959197819146,2.2178130537914016,16622983.9478
4,2022,2.259231416454558,3.734377056568754,2.1985664535647533,16360102.347199999
4,2023,2.2567759047751057,3.735494530818306,2.215140857959342,16947111.122
4,2024,2.2727590231160946,3.738893946093012,2.2164696838077975,18044631.8274
4,2025,2.266548571073894,3.7319617929779074,2.1942290040394523,17362426.3283
4,2026,2.283171844937162,3.732323627149094,2.228287033743042,2944246.1566000003
5,1977,2.2862389324651784,3.7156759576978704,2.436046873340829,1205726.79
5,1978,2.3022380941267135,3.7177553615606267,2.4425942506427574,2647927.37
5,1979,2.2864332220787857,3.713062013958217,2.4471434681970496,2836811.76
5,1980,2.2890768188120676,3.7165894180366728,2.427806315127337,3002037.9200000004
5,1981,2.2823953810672695,3.7235529769540383,2.4140406424781027,3016654.77
5,1982,2.2979610993958643,3.704934826633695,2.4294244492215404,2985859.21
5,1983,2.336161772453523,3.685601874514456,2.453381083634365,2530073.4
5,1984,2.3290664059729758,3.691026936045791,2.43807749652769,2638607.46
5,1985,2.2951447545305808,3.7025858688853144,2.378297359631976,2776735.07
5,1986,2.290961830528899,3.7072510684646294,2.3807382302058833,2753074.0
5,1987,2.2781026773949113,3.701040978084399,2.3632256389934883,2787941.44
5,1988,2.2588778526764544,3.704737426285546,2.3435584579556425,2905636.08
5,1989,2.260960271850436,3.702880383937688,2.3560598573066045,3185296.08
5,1990,2.2919155715693527,3.691536176835286,2.374253952116809,3252327.04
5,1991,2.2857887872563656,3.7105700561318256,2.364027570302863,3151732.13
5,1992,2.2884680341612924,3.6922598887337497,2.33236767418203,3304666.25
5,1993,2.3207141973794645,3.691272030164311,2.354892229445415,3368137.72
5,1994,2.3218406828798583,3.688299582092581,2.374694768486808,3714409.6331
5,1995,2.29667869322753,3.6884956145608965,2.3312155456106245,3924555.8740999997
5,1996,2.2841887875992968,3.687839713012519,2.3121354439567363,3737271.2708
5,1997,2.298118900942364,3.685087092903848,2.3293970964610478,3908188.4185
5,1998,2.3036248936496073,3.687108049164118,2.3174325768904005,3934560.7641
5,1999,2.285975978435495,3.7053950485526603,2.2774570870607245,4230238.4653
5,2000,2.2800263241315597,3.720275554110316,2.2972316078052004,4383965.3287
5,2001,2.281854107254073,3.695115119381739,2.2914396805747086,4353128.9059
5,2002,2.2652227017266218,3.6893871298173733,2.3090587454799407,4385795.170399999
5,2003,2.3079382784826996,3.6929747857021704,2.3054741392496356,4277599.5863
5,2004,2.3010530053667817,3.6903733896092574,2.283827949687884,4610160.029
5,2005,2.3147055784576374,3.7014000288285747,2.326537440790386,4597016.0358
5,2006,2.32827724034854,3.6968104128384223,2.335697860530407,4625223.837099999
5,2007,2.3092099308743066,3.6802998188197797,2.3119808165260984,4828850.0978
5,2008,2.286830330817847,3.6938095257421724,2.285161039803919,4921841.6702000005
5,2009,2.301352403191576,3.6974221621593704,2.315535631396494,4901870.430600001
5,2010,2.322728683874334,3.6841897261106378,2.3402487121550615,4783040.3823
5,2011,2.3229321392494735,3.6973533130676906,2.2897961609432698,4676460.6954
5,2012,2.308906419236132,3.714937168626484,2.2711745722433254,4758505.2901
5,2013,2.275640604976845,3.719462293013816,2.239509778609813,4537761.4082
5,2014,2.286858497874772,3.721978110230882,2.2601794748891546,4663331.984999999
5,2015,2.2806375931992413,3.707392665413649,2.2589386492850787,5252713.1461
5,2016,2.2896478052659193,3.6937819028283596,2.270417264189228,5433198.7326
5,2017,2.2905821261952948,3.682878665390119,2.2546002965321446,5488745.3891
5,2018,2.2865766518150625,3.7054376653098573,2.2507751510616747,5325194.881
5,2019,2.2938292140179986,3.7152077924023823,2.263501959322797,5668490.3686
5,2020,2.276636976021122,3.7119593891320632,2.254771988540749,5676360.0074
5,2021,2.2861196382863254,3.703858759494714,2.2520956952723354,5627265.5609
5,2022,2.2933726461594914,3.7134171534346705,2.2535330741406114,5695723.0013
5,2023,2.2866183637542883,3.7244765991150115,2.250208360776206,5711258.15
5,2024,2.3000240951140256,3.7082845158751017,2.262826851014122,6077955.4121
5,2025,2.3129115078561946,3.708119785944487,2.296137740608274,5370539.4775
5,2026,2.246626526227564,3.7056342009440244,2.2185415242233235,1131900.9975
6,1976,2.246734328658589,3.7353920172596378,2.281140892434494,43150903.75
6,1977,2.2424618897688635,3.7351493390088693,2.2693442516422024,40646740.04000001
6,1978,2.2362544728553186,3.737334696816021,2.2503944639660736,37071176.650000006
6,1979,2.2412774707413514,3.7422745212821926,2.254342451785471,40355580.629999995
6,1980,2.2422794021064436,3.7417450342694525,2.2621380191429443,42860742.24
6,1981,2.2407532530037786,3.743969753083701,2.25155021880024,44370117.86
6,1982,2.245442747863833,3.7446343950676177,2.2433230659027643,45293730.97
6,1983,2.2536923185918796,3.7287641263239824,2.240590368358417,41565291.44
6,1984,2.2495077173255957,3.734230602224091,2.236174855829886,43655150.230000004
6,1985,2.2500839789401206,3.7407771326030153,2.2404522734158214,45916114.92
6,1986,2.2548033754651295,3.7350442193066016,2.246524662043937,47700367.1
6,1987,2.2504267079694635,3.732036012363692,2.2475729351910796,49992842.870000005
6,1988,2.2451993728892874,3.736294586884004,2.2393556433308577,53544206.0
6,1989,2.2428592623215513,3.733366832284243,2.2365973177836826,55166616.89000001
6,1990,2.249020850992963,3.7275699621739635,2.2464477181916678,55063319.199999996
6,1991,2.255851796349774,3.7261847909968284,2.2479073945583123,54358739.599999994
6,1992,2.278338469599613,3.7033572020008907,2.2603267289337854,54404848.92
6,1993,2.2680052964856743,3.7124711865474076,2.243964525393211,54669499.59
6,1994,2.2579998072728515,3.712416186703373,2.225065671525315,57283182.7239
6,1995,2.2500600639034465,3.7190655113389792,2.219971170132883,59966290.73750001
6,1996,2.2583804613648004,3.722572459569208,2.229931661371512,62799706.716000006
6,1997,2.258438120391728,3.7173027739939375,2.235371765009842,64600611.769600004
6,1998,2.2598844144338543,3.7130189098339996,2.2338808717275245,66665194.0114
6,1999,2.2566327831374173,3.716084663006773,2.231986607124398,70421251.45899999
6,2000,2.2616851317682016,3.713834195012499,2.227769780583689,70016216.2435
6,2001,2.2630235027921084,3.714405869183041,2.2306672999838573,72211455.446
6,2002,2.2605300309793592,3.7102691565042276,2.2338507541141515,69650788.6691
6,2003,2.2491592824756146,3.7288727213316664,2.1944775902182436,68923037.0702
6,2004,2.260101950965191,3.7280962051422173,2.201963714690528,69922724.412
6,2005,2.2591956978763243,3.7210449958049323,2.187450175532973,71521744.13350001
6,2006,2.2562047214462626,3.7249380991150574,2.1908702525116404,71121999.19139999
6,2007,2.2563815391195723,3.7347735317635085,2.2006037135237566,73942373.9919
6,2008,2.25520243809086,3.7286387198287096,2.196235411644267,75484366.877
6,2009,2.260000150132135,3.723650019577769,2.2024837853350605,72701100.1522
6,2010,2.257710382231206,3.7262096253396804,2.2077776641880225,71375618.4279
6,2011,2.247526988552859,3.736523891167928,2.1977019906220447,71040163.59979999
6,2012,2.254120258269987,3.741812253455214,2.19848404109091,75526411.8189
6,2013,2.255155023826044,3.746234127683798,2.1971643719825855,77276168.05919999
6,2014,2.2470830604273018,3.7429526637135715,2.192360724732714,79000063.71180001
6,2015,2.2530736149491837,3.7398747588948136,2.192430453189824,80496622.8556
6,2016,2.24666445695129,3.7486310976041812,2.1940917579377186,83615782.3585
6,2017,2.249006129572014,3.744104046242204,2.1995242042189047,84782156.1423
6,2018,2.2508086243520236,3.743222316432696,2.196295136997663,86976259.27179998
6,2019,2.2564184645502867,3.7383978605364243,2.1978164915680463,88453564.8739
6,2020,2.2594424310326153,3.7427347575209944,2.2039457579341892,83375064.1195
6,2021,2.2516418057864023,3.741049970456175,2.2060350363904733,84453746.46540001
6,2022,2.250679723683272,3.7517202261374836,2.2107861682701477,90243453.6639
6,2023,2.257522340786443,3.756778403245758,2.210044658039798,92819483.7103
6,2024,2.2482056184954016,3.7504538125016116,2.204180474239165,92221131.3547
6,2025,2.2503902753974314,3.7528078306071206,2.2051329413506093,89228248.10869999
6,2026,2.248539615598298,3.7465332540356617,2.2138671717845724,16514843.3641
8,1977,2.2472790637281497,3.7445275438784127,2.3012545156730324,2486015.96
8,1978,2.2657752249985985,3.747293448600619,2.32363819070746,4489249.6899999995
8,1979,2.2609490225167184,3.7511583302246967,2.304968267034202,5358341.96
8,1980,2.247718964526767,3.7452936810931856,2.2786413960407232,5972882.9399999995
8,1981,2.235715129556032,3.757668309956284,2.274721939996448,5945003.2
8,1982,2.242897255053632,3.7591607043000725,2.2739833736654647,5978129.5
8,1983,2.2513552495601674,3.737588371119487,2.28480971438073,6045710.65
8,1984,2.258188390303269,3.747970205065334,2.260766721095829,6523091.89
8,1985,2.262513150064365,3.743587362914482,2.255672338860972,6704961.449999999
8,1986,2.2476382163506776,3.747405808965904,2.2496168171879654,6466677.8100000005
8,1987,2.245519972741331,3.7475635360568584,2.2389678867297556,6576354.960000001
8,1988,2.2385032954001023,3.7584505406168227,2.228681856142487,6430606.800000001
8,1989,2.262151411082686,3.7514991009597822,2.237830644501224,6273630.77
8,1990,2.259031557034246,3.7405111589444013,2.2606576127539695,7195184.539999999
8,1991,2.24968384456202,3.7416210005907096,2.250300682227726,7362081.819999999
8,1992,2.2752924787641633,3.7173078999033806,2.2642791669241578,7257241.04
8,1993,2.262395314780537,3.719349479282326,2.243910977898845,7669911.41
8,1994,2.2783301825622546,3.728269343664945,2.268540642779947,8448148.1603
8,1995,2.257600218351411,3.7222900675284194,2.244209701742415,9093413.055
8,1996,2.2548851156468843,3.7137633002763275,2.2549353667168384,9119308.749
8,1997,2.2756975467711915,3.7094141267605396,2.2672409977211965,9519461.4231
8,1998,2.2641081021462544,3.7351024858354385,2.235777082430388,10572001.5065
8,1999,2.2501475059436333,3.7295569256078562,2.213483082659458,10743889.3086
8,2000,2.2698961820437695,3.723163586465535,2.240152198142162,10844770.430399999
8,2001,2.252858092049415,3.7336081618395514,2.225236631242314,10826928.787
8,2002,2.2574461929322673,3.729490693267668,2.229109031716721,10849871.8952
8,2003,2.2546933405500895,3.7483471480098935,2.2037930840553415,10113823.4079
8,2004,2.2573605511109367,3.7345161243849057,2.2104443699430703,10994253.6613
8,2005,2.266593806383285,3.737242110065861,2.221826891897866,10655482.482499998
8,2006,2.251437718143486,3.7462181633593046,2.1971576251072644,11201106.0934
8,2007,2.24481113455291,3.7388474750643383,2.2038077046793556,12219243.3708
8,2008,2.2618642108084517,3.7491089172603407,2.215874254232636,12407204.9946
8,2009,2.257688173904677,3.74882277838004,2.20136713761119,12265737.9365
8,2010,2.2516974756629784,3.745205371844007,2.1844037666577574,12437045.725799998
8,2011,2.246422515090826,3.747498258491091,2.198062041453913,12591255.622499999
8,2012,2.253453585689605,3.7453795265422665,2.2205363418892023,12332320.701499999
8,2013,2.251438360162144,3.7504349237985375,2.1974954867277856,12294938.0831
8,2014,2.246736403038972,3.757554762247583,2.2076333541304742,13570925.155700002
8,2015,2.250172830912644,3.7574386223099268,2.2234539022676874,13233797.3114
8,2016,2.2625868927648383,3.752096655337099,2.2262783793939493,13815919.9998
8,2017,2.2619231521751764,3.7602991772002,2.2159027855377684,15408536.139899999
8,2018,2.242734931852468,3.7528028830603066,2.220502459654628,15960921.1358
8,2019,2.2392895840400246,3.7574151726302674,2.2081318009296633,15797570.3193
8,2020,2.2497115274161925,3.748156577991628,2.2260309670311815,15397099.249900002
8,2021,2.240729163744464,3.7578480504060847,2.21018658739295,17055178.9882
8,2022,2.2375426201700375,3.76377265305043,2.1997734188082707,17824319.9038
8,2023,2.2457726715592856,3.762932483355026,2.208399159904501,18136871.986500002
8,2024,2.2426094131944287,3.7630099028609476,2.1980350139936626,17155276.6679
8,2025,2.231780874433415,3.754060857199053,2.1855499391945905,15727699.687199999
8,2026,2.225608720889168,3.7210380747280336,2.189845899519116,2895559.2746
9,1976,2.2156129243388336,3.7693435942641917,2.23073683511293,5006399.119999999
9,1977,2.2228396842627864,3.761894950232529,2.2395602751441808,5228539.6899999995
9,1978,2.2364900415282616,3.769178390173826,2.240217924652408,5468663.58
9,1979,2.242098828926927,3.7718399053329046,2.2442566365238954,5720699.11
9,1980,2.241733927871794,3.772767700221516,2.25127209007809,6325520.15
9,1981,2.2394133135784213,3.7721451754704343,2.244039212305118,6083579.6899999995
9,1982,2.2321639043987833,3.7747746958875092,2.213303093949695,6319891.42
9,1983,2.262790143892264,3.747373025261323,2.238963393108644,6140084.859999999
9,1984,2.274673692090106,3.7441995713669383,2.2400639887457956,6261851.91
9,1985,2.2605504970568333,3.7621112869662294,2.2308594628472402,6344219.47
9,1986,2.2514695377437475,3.7623615421980583,2.2377044081283914,6745934.34
9,1987,2.2639333890274944,3.7410920263645737,2.254166904356497,6683680.27
9,1988,2.2451413698674068,3.7534717081852533,2.2317956032771065,6558420.85
9,1989,2.238217947545012,3.7465392361969867,2.217688175128271,7072036.71
9,1990,2.238691157034492,3.7555483529463145,2.215558509006575,7531764.99
9,1991,2.239253166534841,3.757220490149176,2.210658251885785,7297432.49
9,1992,2.25610920423186,3.7289957959732964,2.206656190366393,7127411.17
9,1993,2.248681083115193,3.730323280241296,2.204389053666499,6898910.3
9,1994,2.245311239039637,3.7307123293473468,2.198380785156494,6980910.5258
9,1995,2.2406904257556985,3.7588327175050407,2.196789828627203,7657792.981500001
9,1996,2.2543424674744004,3.7348671370862743,2.209589741967971,7805473.3806
9,1997,2.2491288528585773,3.720619450268623,2.2214761098511886,7347349.7487
9,1998,2.2378317601533384,3.742195603255343,2.230557864178652,7623400.768499999
9,1999,2.2497572698702544,3.7375646943114478,2.203375348206756,8331341.7565
9,2000,2.2664327104177815,3.736414689287888,2.2470708478286445,8448464.3468
9,2001,2.250613585898293,3.7281139497215814,2.226642851813124,8359409.3656
9,2002,2.2432041732376633,3.7171578146573117,2.216409505286784,8617810.6252
9,2003,2.2382740800196115,3.753363504021933,2.1738383309209914,7947532.3955
9,2004,2.249416984938676,3.7425891065522103,2.178203289021904,8128351.624
9,2005,2.2540282830210043,3.7545713491757766,2.1756185292231938,8057118.040100001
9,2006,2.2389539032480616,3.7506058284029136,2.175592837979408,8325147.779500001
9,2007,2.237716146959914,3.7514699659789845,2.175212333351725,8651608.6745
9,2008,2.240615698922852,3.7551405464626466,2.1816359029971393,8551220.1591
9,2009,2.2492499145044977,3.7502763005571045,2.182397882078193,8840799.5217
9,2010,2.2529451978699195,3.76220030877833,2.1768549711617236,8642999.9403
9,2011,2.2478419864741896,3.7645453598394365,2.181357720469038,8769225.3251
9,2012,2.241114453557071,3.761231366981934,2.175968032919866,8860921.4106
9,2013,2.245030530019594,3.7564327824581083,2.1707385061651596,8982687.6713
9,2014,2.2501416798379994,3.757290533173735,2.1736080746105584,9432590.928100001
9,2015,2.234222215221819,3.7657839569532823,2.1720021409675634,9361289.7351
9,2016,2.2433137937996612,3.7598135209780046,2.1807494220345203,9560853.2837
9,2017,2.2278196493317157,3.7521009506805396,2.166762292065342,9162999.9999
9,2018,2.2243813259162413,3.756877119663394,2.166725272979872,9572055.4441
9,2019,2.2494596221132457,3.7592285030264163,2.1838661296885933,9767633.5154
9,2020,2.2560790238068344,3.7425203189186047,2.2013959182311846,9638894.795000002
9,2021,2.229411361686352,3.7707106686579035,2.1608174861225855,9469216.8716
9,2022,2.2223544352514106,3.75989421720389,2.1508838347249664,9895143.7961
9,2023,2.2250404629746194,3.7493154639569277,2.1877075349344746,10312975.344100002
9,2024,2.2273366767572194,3.7492112721924578,2.178727556128223,10479018.6786
9,2025,2.2201404376023683,3.766492192854666,2.1694141335241843,9430266.5781
9,2026,2.239269130783582,3.7513273464948336,2.1856027085653174,1614247.6369
10,1977,2.267293236831827,3.7491076111321853,2.2461918168659896,426157.95999999996
10,1978,2.251689241726132,3.76397096662483,2.2598099309385455,973142.5800000001
10,1979,2.235397184706918,3.7573632182036283,2.250385826181688,992832.1700000002
10,1980,2.266955341853619,3.7378579796139317,2.2870726001292128,984547.11
10,1981,2.2913640484364275,3.739853791421262,2.3088722183644976,1088881.87
10,1982,2.2684789899443563,3.758103133931141,2.2688628030584814,1077778.12
10,1983,2.26703146551295,3.7437459552042225,2.236765282732939,943644.64
10,1984,2.2610883460688425,3.736686319710345,2.250872548556542,973135.5
10,1985,2.2745379236100045,3.73351545115311,2.252210096084947,993446.4600000001
10,1986,2.294780144686861,3.728890158794783,2.2758707246752,1081519.48
10,1987,2.2895588314854547,3.743537573695442,2.275935348228991,1127766.3199999998
10,1988,2.283024550565179,3.7330964177157875,2.278391869306589,1245222.2
10,1989,2.3059512216425713,3.7216352461276223,2.2871015127362746,1291300.25
10,1990,2.281993114933289,3.717520453359932,2.2626157013410673,1222623.93
10,1991,2.282813431526675,3.716344074196472,2.26522122269023,1323872.9400000002
10,1992,2.2841225390118085,3.704751996964151,2.259956796766533,1460560.44
10,1993,2.277239641345118,3.724257871825972,2.247452802217998,1394419.56
10,1994,2.2792720358621588,3.7254541658850022,2.2556955469922277,1388413.7392999998
10,1995,2.267541671517113,3.7139360221180824,2.2395146058626945,1432925.9293
10,1996,2.2637213674639964,3.705024314569702,2.215260670421518,1570949.4800999998
10,1997,2.28572867710015,3.7156683271879203,2.2270765665010948,1593959.7203000002
10,1998,2.272720946473412,3.7386482149424425,2.241301895184045,1624794.0052999998
10,1999,2.282656177053375,3.723163396739302,2.2575221168560975,1587519.7511
10,2000,2.282056876332553,3.716004707279829,2.2422249317567307,1791602.2312999999
10,2001,2.282431168135121,3.7148614703678025,2.2518388103736116,1818640.2193999998
10,2002,2.2782268507765466,3.726758884060834,2.237461863960494,1792514.1831
10,2003,2.2585211258737377,3.73197942973506,2.186309738526285,1662488.3542999998
10,2004,2.2777537802665293,3.7302510347073214,2.1968071140050967,1632192.4911
10,2005,2.2806445781868945,3.720783799301937,2.1976637412126423,1736630.9331
10,2006,2.3020469820807845,3.7068782641123685,2.221507578846749,1750142.6154
10,2007,2.2862687888404873,3.721135412757731,2.213652445582399,1810106.8632
10,2008,2.275954842959798,3.7155465405623667,2.2141906217298297,1836373.3682
10,2009,2.2823985414576606,3.727018688725535,2.2030619870440313,1752225.8584999999
10,2010,2.2923815483475884,3.7228464185708368,2.2115954809984406,1674960.4428
10,2011,2.2942594312243534,3.726126959239757,2.2169906710333547,1791298.8941
10,2012,2.3007012207649487,3.7272399166013286,2.231610417815703,1897753.9654
10,2013,2.2890009890650607,3.722792690842602,2.2233604829337694,1883852.5584
10,2014,2.2815546818800665,3.7389914057178175,2.2061747173065194,2000395.4921
10,2015,2.2797922115173628,3.7383103346341082,2.1991332483070596,2140517.2254999997
10,2016,2.252207856981308,3.74084423677285,2.1904737315397593,2067352.0521999998
10,2017,2.2852891687319397,3.741540473944707,2.211862420837007,2150869.7101
10,2018,2.2779980903350157,3.756249454258235,2.205409114890562,2154935.7441
10,2019,2.280739500710297,3.7278445282948725,2.2181251816873186,2248944.4461
10,2020,2.2745348210221055,3.7240136891930384,2.209279917125976,2114581.702
10,2021,2.28231309881564,3.716563808849087,2.18831730353674,2109041.3545999997
10,2022,2.261050764103065,3.749334600460925,2.202804440944893,2290110.1524
10,2023,2.2608987874446957,3.737367558803059,2.211461314210267,2490785.4254
10,2024,2.270180249986156,3.7378896361363307,2.2294930824610875,2565685.897
10,2025,2.2974222444507917,3.7347822709250234,2.2284573335646303,2414932.7366
10,2026,2.253115224911412,3.753622748130476,2.202264974320629,459390.9942
11,1976,2.1876569723348855,3.7772516621904164,2.1332429017277916,1240476.8499999999
11,1977,2.2328620507858115,3.7713265695497555,2.1853116238759345,1148920.42
11,1978,2.258557681669683,3.750488032462397,2.185611240021639,1307139.26
11,1979,2.2459523523185903,3.7787685079157414,2.184410000762473,1380061.6700000002
11,1980,2.2061026755329705,3.781258505390889,2.1209574117679204,1460911.1099999999
11,1981,2.21755100645133,3.7746406272621496,2.1454192267775922,1389796.9300000002
11,1982,2.2062992130773544,3.7953329390512476,2.115472531261229,1342695.42
11,1983,2.205617829944841,3.768308574521307,2.1053652722897143,1319093.46
11,1984,2.201656929163873,3.7647207701887546,2.1160548158912897,1382678.75
11,1985,2.218042011872572,3.770439864839093,2.1201225679009443,1373415.02
11,1986,2.2056767143119367,3.783157402577096,2.1077230496039827,1415101.9500000002
11,1987,2.203276754220342,3.768499227317814,2.114603826760638,1575449.2500000002
11,1988,2.1971986288418606,3.7618051324373125,2.1005009009712854,1634875.67
11,1989,2.2178094331212255,3.7661293288113913,2.1111561937790393,1562243.4899999998
11,1990,2.2101455889373014,3.777059063301836,2.1225718702242733,1552385.65
11,1991,2.1897071194720303,3.7654185979350494,2.0975974541474725,1491279.01
11,1992,2.2027155322084067,3.750520552194635,2.0994226186265066,1572034.6099999999
11,1993,2.1986644386140455,3.765710539545112,2.0760788038594495,1624177.15
11,1994,2.1887126321135297,3.791196081564603,2.0815841108621425,1591708.476
11,1995,2.1907676568447694,3.779062208017679,2.096118747234138,1570600.3599
11,1996,2.2169007261758598,3.754137708126496,2.1137809934011402,1462549.9249999998
11,1997,2.2200121158901007,3.7382770489282033,2.1123154281339227,1468978.4926
11,1998,2.2112962734253365,3.754911141045377,2.117543164300181,1470196.4465
11,1999,2.2141499846088535,3.769353336583291,2.1161846013442123,1603297.8446
11,2000,2.211894513691632,3.7683339854264903,2.1174008707507785,1776441.7702
11,2001,2.20546992762841,3.74779250105011,2.1184612959276565,1771124.1815
11,2002,2.1940056459044803,3.761163889503718,2.0920284834313656,1806491.8276000002
11,2003,2.1838689546320773,3.789335704498995,2.0692990633953667,1850959.6178
11,2004,2.182732340852993,3.7839088653727866,2.064607031997325,1808441.0551999998
11,2005,2.1657431890396692,3.80690187698332,2.057510236327532,1804655.9021
11,2006,2.1726313777478774,3.7911606194419782,2.051751900353125,1841904.3732
11,2007,2.1703941243030536,3.7954718491601054,2.0505877006812203,1988317.2013
11,2008,2.170252134168369,3.7928522229790653,2.044069355029394,2082080.1568000002
11,2009,2.1637514094704824,3.7987199648513887,2.0407112577248885,2131240.1636
11,2010,2.1537496841261707,3.829343542642345,2.0262877914967135,2266121.2669
11,2011,2.1485673125250395,3.8452319936739645,2.0208036992331935,2230955.5054
11,2012,2.163994793280988,3.82883716946558,2.0389244995562548,2392261.9507
11,2013,2.156343784799677,3.858473619735859,2.0206761334125973,2468834.0275999997
11,2014,2.146023325038441,3.8581028597188425,2.0203440623392446,2631054.0845
11,2015,2.1598278783074703,3.8387954162798428,2.031263323675179,2705604.2982
11,2016,2.1589293110420993,3.842711445760342,2.0402352136831716,2856726.0993000004
11,2017,2.1667793919753344,3.8413985026341453,2.050565343179696,2932219.2563999994
11,2018,2.1552878396270256,3.8399811876830032,2.0495648760395118,3001983.2050000005
11,2019,2.1515268366540425,3.8516366011932806,2.043966667308386,3158376.6428000005
11,2020,2.1511366400186747,3.861317329656435,2.0365176878510667,3174940.0577
11,2021,2.145468793070503,3.851588122905007,2.040015045025428,3326787.4946999997
11,2022,2.1449153328997657,3.855936112093871,2.041087269648722,3016659.2748000002
11,2023,2.153256645963136,3.8692276277407838,2.0443890238609272,3222790.5644
11,2024,2.1609818177162516,3.8536591176167594,2.0534006358650454,3297813.7043
11,2025,2.151025557734095,3.8547695155666757,2.0428802449618026,3130300.6095000003
11,2026,2.1319790530562246,3.8531947234691444,2.0382674934831204,545851.385
12,1976,2.247263760568896,3.729011540100298,2.2795581910905685,10169640.360000001
12,1977,2.2354325610350303,3.7271342335767854,2.2771476032275424,10253192.04
12,1978,2.247896974804364,3.723244571478774,2.2859884242418196,11410951.440000001
12,1979,2.2489883108233006,3.7260112448618545,2.286345404363608,11766675.29
12,1980,2.2542570093813685,3.7277908558709423,2.2934492397508546,12377957.030000001
12,1981,2.254470275098887,3.726317550477383,2.280127774812998,13379322.930000002
12,1982,2.2644784039729773,3.7307980806538046,2.278573743948185,15470903.129999999
12,1983,2.284552505615329,3.6998077610498212,2.2943182561594577,13946909.440000001
12,1984,2.2876604905925344,3.7099437997715103,2.290653582927594,15190578.16
12,1985,2.253319660830655,3.7269452839700308,2.260200478563835,16210299.14
12,1986,2.2631000304586695,3.7220357490367544,2.268167736493577,17432129.029999997
12,1987,2.262856596174881,3.723622499791669,2.2659184316319947,18568412.23
12,1988,2.2628406610884553,3.7267871201860414,2.2582452004717526,20343165.53
12,1989,2.266562665984911,3.728494153522477,2.263886663436406,20843003.08
12,1990,2.252172023858308,3.734494604552029,2.2473136345039206,20674076.2
12,1991,2.251171875881669,3.7348425251298236,2.2562999199414255,20480874.480000004
12,1992,2.2921360127737445,3.6880383496619906,2.279623688861432,21415592.27
12,1993,2.284608245396436,3.6877426036934695,2.2604615888207746,22540451.61
12,1994,2.2802212469674887,3.69607501607434,2.2426846796733764,23391343.7566
12,1995,2.283697164078112,3.6952474076355846,2.2462203241664462,25093264.4991
12,1996,2.2783210742614037,3.6931057864794368,2.2485680858325696,25367177.9907
12,1997,2.285009511951248,3.6980124046064526,2.24719285372155,25984790.5753
12,1998,2.283849946956392,3.6938399974974243,2.258580013309279,27309299.778100003
12,1999,2.2739914020850716,3.689620753464754,2.2499239686888868,27172231.339
12,2000,2.273059324630658,3.695226844236313,2.2593107404695174,29301816.472499996
12,2001,2.279766098157975,3.6897562040372507,2.259726785946171,30552339.541699998
12,2002,2.2840988439661376,3.6988235385743944,2.251804179355489,31675531.0258
12,2003,2.2836935074275004,3.7115574182182836,2.223668164556852,29668059.203300003
12,2004,2.282339724896899,3.7154475179286997,2.2233080693794864,31399181.1905
12,2005,2.281001230660945,3.703734812158202,2.2280585094941623,32484220.8015
12,2006,2.294222538669255,3.714990328205494,2.239680744942783,34583243.6937
12,2007,2.2852277464328163,3.715805084916716,2.223507478077165,34784611.8927
12,2008,2.2863758704861543,3.716720700213367,2.217427350615476,35636756.6016
12,2009,2.2848107438094822,3.7198748291022894,2.217326050638322,35597821.1717
12,2010,2.2918109231154227,3.70904223967958,2.2227635410888253,35339877.13
12,2011,2.280515256780705,3.7183165500876267,2.214086305577137,36332759.6914
12,2012,2.284568619988231,3.724676410608028,2.2188057019654863,37215599.0258
12,2013,2.2791436639859906,3.725661385214887,2.2116214007459902,36995826.1776
12,2014,2.273607465476965,3.7286887268535494,2.2016836599793543,38299430.1709
12,2015,2.2791858973852004,3.7279685331195638,2.2078925707410675,38496059.693500005
12,2016,2.27225522829629,3.723179033860781,2.210344225222156,40204555.995000005
12,2017,2.271070637606755,3.72050842729722,2.2117591193949435,41795730.9292
12,2018,2.273016328633794,3.7318087333651393,2.2130521204254574,42412646.3976
12,2019,2.280894679712211,3.7279530784654296,2.2290638604920474,43855495.947799996
12,2020,2.284052497956907,3.722862579519863,2.226351629414554,43619278.1221
12,2021,2.286721911566711,3.723893724642708,2.2233935274136702,43761338.4928
12,2022,2.282493399735119,3.7305638281481444,2.2197646481885873,47177623.2563
12,2023,2.282702643315082,3.7282992346467396,2.2203231074172076,50653779.597
12,2024,2.2813088668690136,3.7336465583480387,2.2198291962187207,50112157.8643
12,2025,2.275672778492701,3.7368108459097855,2.2181805043050398,45856186.614800006
12,2026,2.2729396718956805,3.72239611495831,2.205192109696948,8684434.8762
13,1976,2.222253831082559,3.751440212316938,2.2818511320718424,7182804.859999999
13,1977,2.2278392402108884,3.7428966277169886,2.27916087739899,6985239.35
13,1978,2.236502538459102,3.729367646948424,2.2874402243824363,7148603.33
13,1979,2.2475139677443687,3.7369180163584503,2.3137713921057137,7517349.1899999995
13,1980,2.2467719056462,3.7383294385573094,2.2919442061275315,7943819.59
13,1981,2.2378282040367425,3.7317166403344055,2.263152283772819,8188372.93
13,1982,2.23232195645659,3.7417369493176644,2.2464769147027366,8672134.54
13,1983,2.241000384277939,3.718920034259306,2.2686354851951394,7499670.0600000005
13,1984,2.2632256252173373,3.7171700893460713,2.2777925884548753,7958130.489999999
13,1985,2.256984894132174,3.727412574251712,2.277188080199629,8347566.45
13,1986,2.244235684002012,3.7336844404963023,2.251550840216929,8550763.2
13,1987,2.2548783726994723,3.7249930636190727,2.271945906061426,9068684.969999999
13,1988,2.234833153473962,3.744411884002463,2.2376852572451837,9828062.15
13,1989,2.2417388149301876,3.7459961163543882,2.2427040393788253,10537021.5
13,1990,2.246228165872249,3.7212805467624355,2.241277909947573,11147185.879999999
13,1991,2.265418266887335,3.7095684938850515,2.2612484549759806,10946530.29
13,1992,2.2979025962573534,3.6859792770843125,2.290796114557135,11266611.8
13,1993,2.2841988672368014,3.700906214173285,2.260930432012467,12054885.2
13,1994,2.2611691347342977,3.7196974143104606,2.2302806476057158,12529062.7283
13,1995,2.253263790981842,3.706697577992919,2.2451794929398567,12830657.9418
13,1996,2.25228068753157,3.7166963821734784,2.2403750851493136,13946625.350100001
13,1997,2.2553610456629234,3.709713042624711,2.2261358650768615,15143416.4795
13,1998,2.254502105844362,3.6983662176018806,2.2299075186279183,15294326.766099999
13,1999,2.277304265275713,3.6865875922373736,2.2379144484629117,15522908.447
13,2000,2.272548877275399,3.697811521293066,2.2331232543976838,16136678.359600002
13,2001,2.261801190425755,3.7092248631280333,2.2345657970129964,16772318.493300002
13,2002,2.2611621008971894,3.7113951791485285,2.2412285728404435,17283614.806199998
13,2003,2.262676997281733,3.7231893166478502,2.2007329165684797,16634822.629700001
13,2004,2.267765926436395,3.729701758999498,2.2135231156086372,17086520.6252
13,2005,2.2752796548404497,3.7216475685617554,2.2172441169872563,16947138.0234
13,2006,2.263164874450644,3.7187812206109365,2.199995035194531,17489285.804
13,2007,2.272822589030271,3.714911710355315,2.210067474657647,18870259.39
13,2008,2.251395154320994,3.7278972234817846,2.2012008926334086,20038354.6498
13,2009,2.246681017141417,3.7310053737510827,2.186008924575804,18928286.1254
13,2010,2.259090967737006,3.7248883854135793,2.186439850622916,18419099.9043
13,2011,2.247870010577996,3.738738622884822,2.16850415680727,18409413.629699998
13,2012,2.2722312237100346,3.732057813126273,2.1958448603438274,19057085.1003
13,2013,2.2846605010158,3.7288159620419727,2.2101384615001236,19993249.5637
13,2014,2.2813182781520833,3.721138950081666,2.2138713283826483,19735257.2153
13,2015,2.269037230601286,3.7290789281203405,2.2169808963445035,19830856.7656
13,2016,2.2655944698502135,3.7218981638772823,2.2080773933790407,20105296.915799998
13,2017,2.2738662974431554,3.7274570026484977,2.2230065250110798,21358651.6595
13,2018,2.268037513438649,3.7285963233309736,2.21263264929059,21934879.8697
13,2019,2.2595298452232635,3.731262512357333,2.20220388430659,22187512.434
13,2020,2.273604641143388,3.7352472216656127,2.213270406685519,22456155.3777
13,2021,2.2641704460224785,3.738330740318805,2.220310874097594,23524420.582599998
13,2022,2.2679066365500393,3.738136964607467,2.2126129901466536,25512361.862
13,2023,2.2656368148896813,3.7452093136117477,2.2109431007209706,25750006.680899996
13,2024,2.2612606125620864,3.747339657300065,2.2008806680071813,25508050.171099998
13,2025,2.2471676636320406,3.7694313095732768,2.1890313208293573,23603229.454099998
13,2026,2.2466045631814744,3.7353830618447152,2.218881237338505,4380102.0842
15,1976,2.2670588077245504,3.6681734263145107,2.2415844292572635,983266.6300000001
15,1977,2.21190608845817,3.7315740700990174,2.2527517034419167,1137741.25
15,1978,2.2338982468221165,3.7245767685170277,2.250999240878711,1182379.0600000003
15,1979,2.2123276023365666,3.747394171682091,2.2225711807933326,1231632.05
15,1980,2.2313552374861985,3.7488035260218324,2.263450893938764,1629043.2
15,1981,2.2376938627859846,3.734737779774995,2.2547978177576593,1658801.55
15,1982,2.253980186639638,3.74532281665703,2.255426877471005,1633801.65
15,1983,2.272675068217623,3.7061178809363846,2.288205158093309,1440778.5999999999
15,1984,2.262132367684533,3.709123121334928,2.2798421637973867,1424471.52
15,1985,2.269671491598633,3.7084622997369805,2.2694298310681473,1589058.71
15,1986,2.2553046777520973,3.7163788915419267,2.2777281843513055,1657239.96
15,1987,2.256269884705758,3.701829322946369,2.2726278961235136,1693926.72
15,1988,2.2486414569292577,3.731559581711079,2.253904009778184,1860374.16
15,1989,2.21368979034371,3.7364454816931607,2.2355512168605776,1894429.94
15,1990,2.2193879798955876,3.7217366811951154,2.235195028509408,1963167.42
15,1991,2.238687804771729,3.729137638138732,2.2431289404394485,2177904.24
15,1992,2.273836655377851,3.6829994021509056,2.2498234997869933,2114516.21
15,1993,2.2764990202706366,3.683592368093731,2.251695088039345,2119944.12
15,1994,2.256313058002623,3.689291106311664,2.2557589606810677,2104935.2722
15,1995,2.263561079133323,3.6725887075234405,2.247721043749727,1996104.3843
15,1996,2.2566139251873616,3.672472658603131,2.262792118099694,2039426.3467
15,1997,2.2516961996834834,3.690842415356866,2.262143756779801,2018263.6346
15,1998,2.249793379076098,3.6782120057377803,2.2559443491747184,2031454.9126000002
15,1999,2.2611195839120097,3.6767130256233203,2.2448402402052317,2343924.0706
15,2000,2.288614230513044,3.6502231050297804,2.2602014809630004,2151247.5714
15,2001,2.275044078893762,3.6643129645599655,2.245048441015207,2240781.4018
15,2002,2.2471479981057505,3.6854397017897376,2.2425031443932224,2387062.4836999997
15,2003,2.2737172204585825,3.7190870361067687,2.2183445221747857,2175825.9624
15,2004,2.2427163202722706,3.704664537416159,2.2159095464583345,2337785.4253
15,2005,2.2481857609812477,3.6974388435558474,2.223504748597926,2415195.1077
15,2006,2.252762394189379,3.6928874467444346,2.2171920666774723,2480746.1297999998
15,2007,2.2663222238681007,3.6993546328355684,2.212093693522261,2365944.9930999996
15,2008,2.2732313827296395,3.7028308648691537,2.2193010363867645,2318906.4321
15,2009,2.2484895066308552,3.7239075175636804,2.20792527906528,2327146.8315
15,2010,2.2529013268461147,3.7065695293775818,2.2230406998534713,2241826.9809999997
15,2011,2.257599686982037,3.702819954112841,2.233028808050511,2287270.3315000003
15,2012,2.2568472965768676,3.6933563715358386,2.2222869842404824,2381858.7034
15,2013,2.262472680073659,3.711901550326289,2.229859510778596,2523517.3602
15,2014,2.2408175719712715,3.715449480069893,2.199356566773543,2548526.3615
15,2015,2.256863188834424,3.709572364964904,2.214076886202527,2595094.1255
15,2016,2.266917768803138,3.715162447154589,2.21564830609307,2502786.4439000003
15,2017,2.255020901102783,3.7257584813159834,2.22414629176756,2840295.8323999997
15,2018,2.261575126926924,3.72805906920115,2.1971251446880067,3046824.3248
15,2019,2.2589489645058873,3.7229358201796687,2.2227373183157026,2709762.1162
15,2020,2.2687203732848706,3.725231708639784,2.2437450085135557,2623302.9752
15,2021,2.265114114793815,3.7100465427212805,2.2258650218601366,2647849.5432
15,2022,2.2539268088693047,3.7312705405144126,2.21224316268629,3042157.0319
15,2023,2.2583638819037692,3.7092603268427946,2.2223935825782557,3085805.1554
15,2024,2.2435350418428075,3.719807892600805,2.213748672668508,3030518.3600000003
15,2025,2.2325259606247116,3.716028129227169,2.210677031792848,2851965.7159
15,2026,2.2166322571232686,3.7144354934422164,2.228777036788722,525569.6185
16,1977,2.294703261777379,3.7229663870634915,2.4316051272598163,642549.76
16,1978,2.28701277404578,3.7261516425398096,2.418771343262295,1342036.41
16,1979,2.2924480279468598,3.7246163236979273,2.4153179159939993,1418423.7
16,1980,2.284658214424263,3.7282795200099157,2.4363681430770603,1454718.7400000002
16,1981,2.3008934021385183,3.7305781414909838,2.4433228405614225,1477859.0200000003
16,1982,2.3238439302866865,3.71746928539583,2.443053693056597,1462475.27
16,1983,2.3142712734103834,3.7099642856196984,2.4315422338831443,1382109.0499999998
16,1984,2.294317562901104,3.7284317015656048,2.4137948281382466,1444265.44
16,1985,2.2954841682077523,3.7079710448115324,2.406029903374337,1491962.7
16,1986,2.28892539554535,3.70949805321099,2.4156370067564663,1427767.6300000001
16,1987,2.2797343726150947,3.704547470864567,2.412057975870739,1319178.2
16,1988,2.2889896916006545,3.714918670616755,2.408339074200649,1431388.36
16,1989,2.2861353799593496,3.7248410337626163,2.3868304919076455,1586963.71
16,1990,2.2940900482609927,3.726191369007294,2.3794698768972675,1586859.7399999998
16,1991,2.286976579145643,3.734344850896803,2.362767864897285,1599025.97
16,1992,2.3042059761014793,3.7002015961555497,2.365421868096427,1741366.69
16,1993,2.2924270765189774,3.6976987064335405,2.3342676095235464,1847335.55
16,1994,2.2897596011402537,3.713571953012214,2.3849758043917415,2130173.552
16,1995,2.3017348649652463,3.711049193759483,2.3828336399134615,2157800.0506
16,1996,2.2947078138373778,3.6900380491965104,2.362597923884196,2153932.7378000002
16,1997,2.2852729096420004,3.703685137466572,2.3653976070028526,2282004.2062
16,1998,2.2899488644051877,3.7032096850098055,2.3555705900554678,2293147.3533
16,1999,2.291954666144579,3.7062272721227623,2.3655865940698697,2321105.0620999997
16,2000,2.2943899086651176,3.6953480892135717,2.3709761334931883,2383134.7482
16,2001,2.2828070321434795,3.6986779481361705,2.359325897701622,2491087.1103
16,2002,2.2852878353951165,3.6941500425911107,2.3246936621543104,2500021.7583000003
16,2003,2.2905914411635324,3.7105338220651642,2.310633977989337,2318131.3211
16,2004,2.307384890809191,3.703737905774589,2.3206128968750073,2502290.7120000003
16,2005,2.3067220708935063,3.7092588302388347,2.2992250632792395,2713356.538
16,2006,2.308202144617017,3.7116819711377183,2.32085943119533,3016864.6171
16,2007,2.3176660278117507,3.717408884555623,2.3277680857898972,2989387.6840999997
16,2008,2.3165477765555043,3.721144908240605,2.337030893207443,2824509.0757
16,2009,2.282443094444206,3.7048934702629204,2.315721254806785,2836931.5045000003
16,2010,2.307329804918566,3.710678690021176,2.33641457371168,2649661.1389000006
16,2011,2.2948331939876856,3.723482758641401,2.310721481610159,2762316.3917
16,2012,2.283410098073793,3.7240524726219695,2.29391372653166,2934937.4831
16,2013,2.2755025179699078,3.7371106054901677,2.255849871461836,3042510.1660999996
16,2014,2.2854668686558264,3.728684833312962,2.2921924780485,3133408.5301000006
16,2015,2.2663252969880983,3.7367712733374034,2.2525250317286365,3174837.3728
16,2016,2.286151851153601,3.7215731136309107,2.2738258286916437,3263089.437
16,2017,2.3006736407645447,3.7214496903435346,2.278012984919425,3555200.7745
16,2018,2.307483223294578,3.713247121892188,2.310285847888101,3587788.426
16,2019,2.27915108875827,3.7230734639164633,2.280957388358515,3562129.218
16,2020,2.2834893438609702,3.737239366124035,2.254709536375497,3945570.363
16,2021,2.2721566340249297,3.7276297253696726,2.2702873946432733,3867489.2989
16,2022,2.27670609879917,3.7396227241270004,2.2849625177756723,4498944.500700001
16,2023,2.28504651076921,3.7156653239498056,2.2853496373016027,4565526.805199999
16,2024,2.2840268775013746,3.7155070793590266,2.278725282650556,4696233.8549
16,2025,2.2724318061726065,3.7191895118565483,2.269392579028569,4243138.1089
16,2026,2.2349238034925376,3.7356776665154077,2.2320275170641724,736514.3139
17,1976,2.260793621219048,3.744719299365781,2.2953958664690854,16126400.41
17,1977,2.2575120262860855,3.7524425056704622,2.2912835158572724,17265676.97
17,1978,2.2635839121080705,3.747989585999259,2.29810409963314,17370225.080000002
17,1979,2.260185576063658,3.7512477147123917,2.2821052965849717,17519114.339999996
17,1980,2.2621034248055065,3.744137797679666,2.2872015793826033,18231159.68
17,1981,2.2567567437995386,3.7579720548858853,2.2818813846139854,18948066.830000002
17,1982,2.248541658932666,3.7671190521949076,2.262854743359221,18729045.509999998
17,1983,2.255841097728035,3.7528923092218323,2.263774529452595,17499922.18
17,1984,2.256103872467803,3.751933640904894,2.26068000161588,17964918.310000002
17,1985,2.266416453862831,3.730197022549042,2.276646839133393,18013311.1
17,1986,2.2653466378412834,3.7386103573581377,2.2738659407437294,18462072.95
17,1987,2.2635205918745784,3.744076749310466,2.27686035770576,18737074.2
17,1988,2.249084231074995,3.7457078929212657,2.2515904731460887,19381443.12
17,1989,2.2631137137885684,3.7400457984872215,2.258997254550635,20163706.759999998
17,1990,2.262370189720148,3.740570098072398,2.2622240971715653,20393937.799999997
17,1991,2.2540004711988186,3.742360897270797,2.2560649647781266,21132753.98
17,1992,2.2768290349094817,3.7172113778319904,2.2615641055545335,21073271.76
17,1993,2.2824666068791193,3.7102668844623836,2.2669246683022384,21370935.57
17,1994,2.298395884092048,3.7133552281747533,2.2750464564901893,22002244.6537
17,1995,2.285641002390876,3.7170687613101197,2.2603934173713753,22946306.9357
17,1996,2.267953013274711,3.715373472343511,2.238834742247298,23134517.532400005
17,1997,2.2638263814097024,3.7276336365454887,2.228429782558456,23604765.454
17,1998,2.2766605034902168,3.733920813572705,2.240716238015094,24378242.4723
17,1999,2.2666520725257904,3.725374380300281,2.22992893615275,25168865.975500003
17,2000,2.2643079870167977,3.717293708760571,2.2240174987271373,25548726.1875
17,2001,2.2651817739518365,3.71417124488952,2.222559936769011,25918567.8571
17,2002,2.272080394284269,3.7139752822117225,2.2385869619121443,25284586.512399998
17,2003,2.264091343117531,3.734705499085814,2.1941591542051677,24271714.8105
17,2004,2.2614755212867297,3.7351763155058544,2.2073788255678486,24467011.123499997
17,2005,2.2595105786200946,3.7405605015894716,2.2068246481941745,26218287.9798
17,2006,2.2541223842067692,3.7428689039390064,2.1808837623490613,26598019.5158
17,2007,2.2619669716884,3.734566689513515,2.1863578870124813,26492425.0404
17,2008,2.261814356420908,3.7343443130534593,2.2054743944081885,25782074.89
17,2009,2.2530784028812016,3.7314905643446767,2.1913439579245058,26096985.9416
17,2010,2.253329460263674,3.7396198843392456,2.1878627508305444,25378873.969600003
17,2011,2.2475436209512063,3.7375918352350426,2.197942992076702,25789523.1862
17,2012,2.251382661255395,3.7422568057067678,2.196617081442263,27541426.790799998
17,2013,2.2503827440038995,3.7478159644428977,2.186377175646014,26662916.428999998
17,2014,2.2516692118830233,3.7467373115429656,2.184028297450038,27667705.655600004
17,2015,2.2570831789863326,3.743925154296882,2.1897644955736237,28809714.1625
17,2016,2.255940897309663,3.758639093469495,2.1940974003619,29387893.415799998
17,2017,2.2644286598127503,3.750605925979227,2.200694122433955,28845115.6207
17,2018,2.2538573116308447,3.7541143399064305,2.187380103906245,29743219.2172
17,2019,2.2499037387850653,3.7551528667038685,2.1859504593852526,30854499.6735
17,2020,2.2530308888991244,3.760895029317868,2.1750705826817414,29694325.659100004
17,2021,2.243917020392993,3.7505112030157024,2.174722943798775,32013398.484500002
17,2022,2.2509214393750465,3.7543383060732327,2.1852265271003017,32319136.3623
17,2023,2.244081239034256,3.756427245820486,2.1871940658644338,32334999.9309
17,2024,2.232568845923632,3.7603926673038246,2.1676960087398576,33518117.1254
17,2025,2.230603671884637,3.759595069217616,2.182141082372256,30837369.739099998
17,2026,2.23537787244503,3.778352612967146,2.1757122698736806,5637930.9368
18,1976,2.277833221830036,3.727002052883733,2.3595310351255208,6481460.41
18,1977,2.2726117233211256,3.7329011466718116,2.3669025436090556,6716772.1899999995
18,1978,2.278500158139594,3.7280627174070213,2.3562035111268176,6777176.140000001
18,1979,2.2808930482216465,3.7214206332468365,2.348010552634737,6665183.390000001
18,1980,2.277637489134157,3.7337436493336202,2.349564413438923,7143156.34
18,1981,2.2824920753317404,3.7298404714802946,2.3452601912455813,7391580.7299999995
18,1982,2.2764954756697158,3.739696518149771,2.3245696903956956,7167411.9399999995
18,1983,2.2991951229993983,3.7135624337143565,2.3521729133934115,6447399.52
18,1984,2.2924220758777767,3.7134910334074194,2.341731646166024,7043285.04
18,1985,2.2975681391736944,3.704534793572331,2.329082802512772,7708841.0200000005
18,1986,2.3026202605773416,3.7154494606949053,2.3522207328681595,7588542.79
18,1987,2.298770409068196,3.7167856936426675,2.3412309221132843,7112702.050000001
18,1988,2.3025168904541946,3.698483156973768,2.339155997553664,7755311.57
18,1989,2.310535597534496,3.6976585875188808,2.343290645525123,8136910.31
18,1990,2.2897592619099885,3.715255790280254,2.324057483120887,7744714.07
18,1991,2.2907116376727905,3.7136540953577133,2.3084700260603093,8160004.44
18,1992,2.3120287589589665,3.6867427306280613,2.3261068372490916,8118374.819999999
18,1993,2.2974542654391024,3.698163465063254,2.3020991010606875,8575533.08
18,1994,2.307693040274136,3.7056737593557436,2.2924410125102352,8978567.3531
18,1995,2.3146647528680613,3.6910200094120538,2.303914851497103,9450760.5659
18,1996,2.3273805724664145,3.6948297279739597,2.3126899558709018,9766016.048799999
18,1997,2.3018413499338006,3.697206344436042,2.2982481177223706,11027063.5657
18,1998,2.28815780975984,3.705432702877826,2.2957220468880926,10974735.0001
18,1999,2.2628492512123843,3.722623416899279,2.284832401747865,11208877.029
18,2000,2.2396880469740297,3.726236818303669,2.2517472725644727,11172237.379199998
18,2001,2.2729196091184085,3.7053168439311643,2.2644565920319084,11476934.4956
18,2002,2.2696321089217273,3.6911266543235306,2.2675262892248926,12426891.445700001
18,2003,2.282971335292226,3.7132554993589837,2.248256255243591,10923887.3809
18,2004,2.2975229623689435,3.717973238364889,2.2476016972438,11020119.6389
18,2005,2.2858719013306232,3.7138205021757367,2.2540834928921214,11041962.33
18,2006,2.294203880400012,3.714129927419339,2.2631764074050054,11020932.191
18,2007,2.2857736819203307,3.7176858450293695,2.248081729153401,11684493.2311
18,2008,2.2817011053313676,3.727134119875648,2.228147691418038,11569938.9198
18,2009,2.2824059079853156,3.702605638889799,2.263741741920537,11662049.2435
18,2010,2.2758948927019986,3.7113874316320055,2.24287304632213,11187593.5874
18,2011,2.278708180285662,3.707229639565738,2.253037450561495,11078880.6989
18,2012,2.275571558333766,3.7326870475661917,2.2504109332048055,11085661.2508
18,2013,2.2785107281989534,3.733908060375021,2.234770834776063,12283987.078200001
18,2014,2.2868894788296523,3.7256595805630934,2.2483738842297494,11556909.4519
18,2015,2.2731189334827184,3.716387355305598,2.245120616728715,12881409.8003
18,2016,2.2806571750832387,3.7266650894863806,2.247753493840715,13503019.535300002
18,2017,2.288438131414887,3.7245589696376395,2.245150381717858,13477966.5218
18,2018,2.2916506066198967,3.729578241728598,2.255342247865491,13843532.9716
18,2019,2.279897376360801,3.7310754207008623,2.2287813564317465,13884880.578
18,2020,2.2576793073416423,3.7395613996857757,2.219943189467638,14663284.9275
18,2021,2.268647412795381,3.7451514604537572,2.2423109264524648,15170760.2865
18,2022,2.28908188947217,3.734071444001994,2.2530739201593155,15128391.1802
18,2023,2.281786719326687,3.7318870504041137,2.2407191255008403,15052429.8053
18,2024,2.2730488969459306,3.7289899408568585,2.2330412455840802,15776827.267699998
18,2025,2.270584615223551,3.709514505731658,2.230903958695117,14485402.2007
18,2026,2.3099586603634585,3.7317645415089062,2.2501183976648917,2463541.1193000004
19,1976,2.3136662472342726,3.7341051687566704,2.4893119043366063,4178844.83
19,1977,2.3221401967206488,3.7290443472351216,2.5162869036069955,4444682.0
19,1978,2.3307736904398237,3.7310882403108696,2.5387846043184634,4780696.68
19,1979,2.343402498671954,3.7123789619333447,2.5589566922383282,5139902.279999999
19,1980,2.3216857589216056,3.7097611629685856,2.5026749180024077,5289061.18
19,1981,2.340721921742569,3.7206157076003197,2.527485093221151,5429225.420000001
19,1982,2.33196863298948,3.7279392506818474,2.5197096997903015,5111477.93
19,1983,2.3446791269811325,3.7264576077976144,2.521529295963965,4526213.62
19,1984,2.340491265249696,3.7285198582376857,2.498190672744408,4636001.34
19,1985,2.3501655539307844,3.7084926554074222,2.5481396407357897,4844537.0
19,1986,2.3557944219096396,3.712923500207018,2.5555534708986998,4801500.02
19,1987,2.352897931642365,3.7014400121010342,2.5129008486791906,5114564.63
19,1988,2.3603129988773155,3.708390531178671,2.521644213688819,5319294.1899999995
19,1989,2.353906898900395,3.7100884872635342,2.5236223457624036,5623631.369999999
19,1990,2.3398793670179727,3.7163390046035856,2.4959911428489816,5584628.13
19,1991,2.331210092668306,3.71415262970567,2.452164933429577,5481953.279999999
19,1992,2.3474916889681507,3.6878870991299983,2.4540241523858466,5552164.74
19,1993,2.333170986101712,3.7027129571465967,2.420462098154095,5786304.41
19,1994,2.3338372297893892,3.6924293808153514,2.4636532894052836,6022935.160200001
19,1995,2.3267407169823113,3.685880665880575,2.4272102431753604,6090568.8434
19,1996,2.313943652593801,3.704804342397779,2.4287705172227327,6538843.9221
19,1997,2.343409789746548,3.693209919648556,2.414723926372332,6270070.6944
19,1998,2.347306463464791,3.7004929582610453,2.40554330526815,5999005.797599999
19,1999,2.3271398842420887,3.7137108651579864,2.39611962970584,6341851.7524
19,2000,2.3083865162474626,3.713404659049008,2.3356811085569738,6602441.933599999
19,2001,2.2984202106148284,3.7118966757527407,2.3236963491040052,6704347.9785
19,2002,2.2712417484130274,3.706488826741255,2.310226502323863,6490282.2046
19,2003,2.278455091682844,3.721031191174008,2.3006822996740692,6284427.4869
19,2004,2.302811531362426,3.7185837618260584,2.319255126621261,5972146.003
19,2005,2.310847843511555,3.7165304913132147,2.336299965950389,6505988.1732
19,2006,2.3086647705935626,3.7056556679058943,2.3278754431392374,6685386.773400001
19,2007,2.298145722177929,3.7198189167917626,2.31419657766626,6385342.2094
19,2008,2.302747455702019,3.7167132064892514,2.3206884273491415,6965340.5963
19,2009,2.298738138993405,3.715391441296499,2.3148744931190683,6714568.895599999
19,2010,2.290470898130363,3.699328871385134,2.319080332221902,6207552.8297
19,2011,2.300937259636159,3.715555073226242,2.315346146054857,6440311.6811999995
19,2012,2.301192684691459,3.7162097893803008,2.296470510636141,6700906.118899999
19,2013,2.3063957592474487,3.7123874982911387,2.3104898519578585,6958683.0405
19,2014,2.3009321840040204,3.7295857733001627,2.3028616748922164,7250208.398899999
19,2015,2.3086405893493516,3.729974759904814,2.338636312917484,7386696.1351
19,2016,2.3203729161933033,3.7057376918678067,2.3363250842909697,6880963.3353
19,2017,2.297562582527406,3.71906357707124,2.2878373868146733,7361122.306
19,2018,2.2763451848049874,3.7460092151073408,2.273743530095651,7447289.3599
19,2019,2.28339146210769,3.730326094606265,2.2880569980732357,7694584.3219
19,2020,2.2814431833126645,3.7252240683654234,2.3032502120124287,7354367.499100001
19,2021,2.273841531018506,3.724912867968397,2.29245513181189,7068501.552499999
19,2022,2.2773247059622417,3.7315756461421423,2.279111907040232,7305848.3802000005
19,2023,2.2850338487173376,3.7320909036492314,2.283833299581016,7667058.763099999
19,2024,2.305148856961744,3.7289930591439746,2.308969250171592,7943780.562499999
19,2025,2.299585870572764,3.7319085594555808,2.3044079322426354,6881696.290099999
19,2026,2.315703188488979,3.749574732433168,2.293223427630988,1300930.7863999999
20,1977,2.3136905598859787,3.728381033810867,2.4538972312167857,1968301.2399999998
20,1978,2.30130708931675,3.7352256477235413,2.4646461412345686,4277918.930000001
20,1979,2.29523840911326,3.742070119591559,2.4412746764388795,4513839.46
20,1980,2.3053155319873664,3.743641594872154,2.4450481168125555,4647253.58
20,1981,2.3239291874653527,3.742275827060055,2.4720880991645626,4601102.35
20,1982,2.3215762008107803,3.728362476557326,2.453976664762255,4517261.88
20,1983,2.3175008559991506,3.713454340771932,2.442297714764776,4275229.449999999
20,1984,2.3083009173824256,3.733942567990843,2.40694717556646,4212000.28
20,1985,2.2997140479644846,3.7320172230805526,2.38287930204305,4269317.0
20,1986,2.304439894066163,3.7225759766431143,2.429894948199103,4445349.96
20,1987,2.2875116167398613,3.7329905923784934,2.382612738397686,4503296.909999999
20,1988,2.2805969464216895,3.7304075427541483,2.3507563005027197,4587419.22
20,1989,2.2761976109211197,3.7285776996765194,2.3335925726372726,4780986.37
20,1990,2.272678907310179,3.7295964454725854,2.3590135812421718,4893908.71
20,1991,2.2831555926363225,3.7360730597490948,2.3674112191845373,4814173.21
20,1992,2.3151665673561213,3.701594987789701,2.387079455408579,5078967.100000001
20,1993,2.285126878949296,3.6971203228036087,2.3476338608878,4925602.09
20,1994,2.305917942227539,3.7145976263929104,2.366356714990681,5102028.6641999995
20,1995,2.297895555728903,3.713499993919511,2.355872067643941,5460233.1303
20,1996,2.2769822224515295,3.712243176416826,2.3202343390372375,5707184.2529
20,1997,2.2606657057013515,3.7071770573132703,2.289699432233404,5880281.5898
20,1998,2.2610871669936388,3.7125972686260997,2.295608358567783,5720728.836099999
20,1999,2.272069958842758,3.7186437604468363,2.3058669895250357,5783420.2321999995
20,2000,2.2582250307210505,3.7099447579010096,2.2878238949396503,5748668.5363
20,2001,2.2855968492847927,3.7126903916846836,2.2993482742817517,5896365.0536
20,2002,2.278116024329858,3.7119641918836392,2.3023202475730544,6370452.5761
20,2003,2.2810618058982857,3.7327813917370642,2.2921153955295126,5811654.1282
20,2004,2.281130528234376,3.7470028529180683,2.274044004790342,5673756.6162
20,2005,2.27229770600404,3.729071886681445,2.273855961820329,5941276.4878
20,2006,2.2763460018066835,3.722577958744673,2.2925243386630223,6176072.9826
20,2007,2.2833570569176826,3.7216036152977994,2.2779760062480814,6172852.4847
20,2008,2.2663212063097884,3.720144226505516,2.2714128489214316,6347075.4856
20,2009,2.2717558083178284,3.734742237936962,2.2746916794899144,6421670.1364
20,2010,2.256881605882271,3.7344890426472297,2.2578959382618957,6365832.826400001
20,2011,2.273757689891995,3.72265707747582,2.2649125518899114,6529619.2743
20,2012,2.2645422378748563,3.7367013049923186,2.2559447706779108,6895656.0554
20,2013,2.2815280829819358,3.7324518352467724,2.2614174304081365,6563590.927999999
20,2014,2.2656098474194746,3.7420095653649774,2.243510989430205,6430151.8341
20,2015,2.2806780811728355,3.7278194146777297,2.268274350559044,6627891.1523
20,2016,2.26849467601422,3.743450684414822,2.2598549055021993,6587764.894400001
20,2017,2.2911064056628745,3.7251458195311797,2.2682437773126676,6531605.9871000005
20,2018,2.267300675953033,3.7252620859075276,2.2409689561863964,6697783.2224
20,2019,2.272776146315335,3.7272293898914515,2.2586098909036187,6591823.5165
20,2020,2.271667850529298,3.7377703395205906,2.251886079622516,6627368.3894
20,2021,2.2524667312842626,3.7302585444931697,2.238591180672979,7152227.5660999995
20,2022,2.2433838627273706,3.727046816214866,2.2241818432700575,7367126.369299999
20,2023,2.2533026511365803,3.740301549090664,2.2183896584173786,7654794.4779
20,2024,2.2640988381449314,3.7124908159263232,2.249750713996849,7030871.8093
20,2025,2.270453748301545,3.7235914771535064,2.261750103155286,6638710.2847
20,2026,2.2935383832892735,3.7035866304874006,2.2770804687526485,1116539.6753
21,1976,2.3185673550201953,3.7157652588607943,2.4313476943040273,5128221.42
21,1977,2.3091831262882545,3.720077734333772,2.434465429739161,5078356.97
21,1978,2.30476152594683,3.718874443290856,2.4288851663189215,4892828.54
21,1979,2.2955688051989656,3.723595133908711,2.4358068091522465,4686726.4799999995
21,1980,2.31937777817436,3.7207793660010946,2.4514069451846963,4953662.67
21,1981,2.3082937586210375,3.720038586318062,2.423524592340141,5217516.62
21,1982,2.2816465880995738,3.7392075298735805,2.3851112543249973,5409660.86
21,1983,2.3099950146274693,3.716571070722714,2.4052755896343982,4940210.470000001
21,1984,2.3013754442415273,3.698694405712067,2.3962988817516777,4980187.16
21,1985,2.281156595472613,3.710056015217555,2.368609494743771,4630630.789999999
21,1986,2.2718969466213763,3.716693037160068,2.3319735359585487,4445331.08
21,1987,2.29133760108272,3.710290447752631,2.3673319215161266,4611332.12
21,1988,2.285724668479876,3.712823413382789,2.342398400404919,4883856.01
21,1989,2.2944264345515557,3.7073765992984797,2.349419956416277,5208993.13
21,1990,2.2797908730833085,3.724095528860943,2.3265392151449333,5311740.52
21,1991,2.2822187611914018,3.7170343324518997,2.3355654421447447,5113287.62
21,1992,2.302890136692059,3.686763151283517,2.3181546491802196,5545892.97
21,1993,2.306137854937318,3.6869023524475635,2.3005751551943097,6067997.789999999
21,1994,2.3107826246005367,3.683843173558018,2.316408670003782,6148230.1495
21,1995,2.2658935464207985,3.7183776079060564,2.263163409003445,6123585.1727
21,1996,2.2837019682091104,3.698997356757205,2.2948908151829808,6603440.805499999
21,1997,2.2994503153316197,3.684633555340264,2.2920891632984906,7184402.2624
21,1998,2.2868975884597402,3.710663146574999,2.3043229752370373,7258237.8657
21,1999,2.2542078423220744,3.7058093254477034,2.2783932019365682,7254093.4111
21,2000,2.246680291320325,3.69656889084483,2.2604445385893497,7425890.5994
21,2001,2.273414934774969,3.7039545049567617,2.267725625292689,7816406.5094
21,2002,2.278748733088748,3.6906556171458806,2.2843309005152954,7659906.2818
21,2003,2.2760575487261065,3.7012214922853692,2.2507312573204388,7218111.1075
21,2004,2.283163558490775,3.697104730762354,2.2613970131318935,6969541.6933
21,2005,2.2671945223107857,3.6987104732889273,2.276182076783057,7191780.8336
21,2006,2.2566941816392037,3.7107734553651373,2.238457022154692,7310462.7895
21,2007,2.2475664098576185,3.706216895334069,2.224758616747938,7352345.0367
21,2008,2.2745791596436233,3.6946601861472406,2.242056751475312,7156946.681700001
21,2009,2.300598546461704,3.6994078778816637,2.2854190485820545,7370072.582800001
21,2010,2.316889828036232,3.7001131739059616,2.2901269495468,7626562.6949000005
21,2011,2.302325777848358,3.710262242036561,2.2656061052080854,7693176.0094
21,2012,2.2882812282081733,3.7234988604784443,2.24365111288413,7658599.409
21,2013,2.293694671577415,3.722054270844247,2.274215334212981,7543085.6821
21,2014,2.292294119938994,3.7116938233683823,2.2655195076289187,7487700.906400001
21,2015,2.2964747909824412,3.700929514123792,2.268985475416093,8046922.4005
21,2016,2.3031060395531453,3.6990439046609414,2.286193933217567,8304808.4623
21,2017,2.2874530017344794,3.7077103394813777,2.2647111433393126,8124395.5978
21,2018,2.2987286348110962,3.697480875357483,2.2809171786287545,8574815.911700001
21,2019,2.2953115821832615,3.7219360515073254,2.280814976589553,8613811.2683
21,2020,2.3056048661187476,3.7233906992575436,2.2726734295005144,8260447.9454
21,2021,2.298252727152911,3.732993859103349,2.2612174425731912,8543372.3796
21,2022,2.2829849955140213,3.7158408066221496,2.270460389967723,8843246.1722
21,2023,2.2800137239454576,3.697179208537773,2.260969436133972,8606019.517399998
21,2024,2.2862195606155304,3.70730839639768,2.269904126816785,9113963.425
21,2025,2.2874858328186156,3.703393496107147,2.2750239407199224,8220362.0052000005
21,2026,2.2813763024982503,3.731044907942846,2.1927377461329383,1508755.2081
22,1976,2.2336503662817098,3.7301236928586494,2.297921528462987,5237366.139999999
22,1977,2.2404859734903266,3.720588658159603,2.302492075052339,5288889.58
22,1978,2.2225199289648523,3.7397364640403303,2.268675932270105,5103835.47
22,1979,2.2345267686452064,3.7304769969678624,2.285195245766723,5331273.220000001
22,1980,2.2411016217718447,3.740010446789956,2.291552631325966,5493683.33
22,1981,2.24237776972534,3.7301941784497883,2.2819693561115972,5715854.53
22,1982,2.233355271350091,3.7399891259904297,2.2769027345105592,6053308.74
22,1983,2.2457864993404972,3.737270376038541,2.279519092207405,5240701.1
22,1984,2.2798097641345705,3.7051509904882463,2.3145208665391586,5381329.99
22,1985,2.266079725950536,3.7019035022707274,2.2733802635541926,5132230.03
22,1986,2.251645742364393,3.724727838598317,2.2613497224499883,5260131.23
22,1987,2.2462378955676354,3.739736828249361,2.2834683562754186,5992515.3
22,1988,2.241302172148029,3.723100757467055,2.257031889930869,6101167.0
22,1989,2.2338465544523647,3.726751941210169,2.255155553007545,6269181.96
22,1990,2.2506062970646115,3.7099984453422103,2.275965277431913,6042580.27
22,1991,2.264466038261761,3.7327669722835717,2.3023312898312573,6557085.850000001
22,1992,2.28890022783385,3.69211020363293,2.29995957305711,6659075.01
22,1993,2.254465979000414,3.702332709457787,2.2501201820290277,6547440.68
22,1994,2.269675122525295,3.6999610288091467,2.258066092418355,6572045.6891
22,1995,2.3037717238159354,3.678427897394167,2.276070608514472,6846571.9785
22,1996,2.277414641288006,3.6986162612588216,2.2753103853355308,6689617.4033
22,1997,2.2782883642678526,3.6873969785189527,2.272549317042905,6764948.5981
22,1998,2.2748205361485043,3.7171725604147303,2.2742800999613224,7367588.976799999
22,1999,2.302445764052493,3.6943470260966627,2.3024855583494706,7417556.7527
22,2000,2.2791353748943823,3.691046008196994,2.262239634118993,7581469.886
22,2001,2.2782847480331436,3.6940957959332943,2.278992785817765,7434345.116
22,2002,2.273491220191965,3.685459481867291,2.264215016633407,7516839.2042
22,2003,2.2912251508053214,3.68660338579281,2.2484949481573655,7213074.2236
22,2004,2.2929799750366997,3.700179788785797,2.2541212557458867,7569598.5188
22,2005,2.283698836654729,3.713359990606588,2.220633723901238,7034398.0714
22,2006,2.2750951272106965,3.7181143142229303,2.2301172176011077,6895294.4337
22,2007,2.2665218038504813,3.724314012692808,2.210703275499509,7708409.9892
22,2008,2.265271425573146,3.7108217674280195,2.2102932336841725,7774068.116100001
22,2009,2.269152064355027,3.7194511239478283,2.223290128033962,7901018.5775
22,2010,2.279351203763147,3.7108346269168635,2.2135917773314664,7961711.768
22,2011,2.2941465641186745,3.7222159973111277,2.220910340903336,7517060.496
22,2012,2.2804379140951845,3.7271014276170757,2.233111234031677,7378810.985300001
22,2013,2.294900575054578,3.710805135481943,2.2455406452916393,7491378.4264
22,2014,2.2795000584345266,3.701337237467105,2.228047207537034,7892992.0411
22,2015,2.277470887303698,3.7144673497013887,2.2374330592126763,8266131.0228
22,2016,2.279112516287522,3.7145771021130822,2.231771223349381,8373270.0646
22,2017,2.2796393231600716,3.6985053469220452,2.2370248163035873,8494034.741799999
22,2018,2.2789642686116576,3.7085460770305363,2.227665088182565,8100852.3069
22,2019,2.275018135386781,3.7160184759104142,2.2366241201067867,8610441.9663
22,2020,2.279194866548243,3.727271481232171,2.2379222789454984,8400728.7463
22,2021,2.294071184473307,3.701187125185227,2.262677341106248,8391817.987
22,2022,2.294800515810543,3.7056976282616287,2.2673077275979594,9082125.310899999
22,2023,2.2706233686546504,3.7155673159184834,2.2332608775647325,9300855.3636
22,2024,2.2889711716742673,3.7014938243703983,2.2528177903782103,9222999.7597
22,2025,2.282988032108244,3.690785840076988,2.241792980692993,8416373.0339
22,2026,2.2972835111246015,3.6957715999492677,2.2380949286748324,1493267.8285
23,1977,2.2323729575506883,3.757754864458656,2.2943968101445416,702113.65
23,1978,2.226379724803966,3.7523325596721695,2.2925098334515597,1477288.56
23,1979,2.246464745246735,3.7519117888707543,2.298101098897188,1410952.51
23,1980,2.268917654906564,3.733348110996449,2.2974539822390425,1484782.35
23,1981,2.249460576930687,3.749416987909361,2.287278066008389,1450263.25
23,1982,2.2461433478176356,3.7422576423182776,2.271984338685843,1523316.12
23,1983,2.2393261013959,3.7356885421740436,2.2635759397521156,1421992.08
23,1984,2.234197971784095,3.7551927344418554,2.2826729171615443,1527669.12
23,1985,2.244123227996734,3.720904136995929,2.2727490916884294,1640069.1500000001
23,1986,2.2584296298485382,3.7089223693105455,2.2905875538847233,1658899.34
23,1987,2.2446709096934865,3.7214238760423917,2.2819591973016986,1744598.12
23,1988,2.2677996970177197,3.71439686689054,2.287323321189708,1931692.8199999998
23,1989,2.2558063166396587,3.720241694941154,2.2734001065329608,2042895.98
23,1990,2.254806530861429,3.7231107969096637,2.290525061284841,2131370.1
23,1991,2.2561183036264074,3.7321737681966076,2.2903736317101564,2181968.1100000003
23,1992,2.297573841425799,3.701537508837366,2.290872580237846,2175430.64
23,1993,2.278686154737542,3.693442873859249,2.273709265315957,2108482.9
23,1994,2.2878020542306343,3.6893059459520305,2.299435756598998,2090927.5409
23,1995,2.293078300790061,3.703555896116123,2.295658996939727,2270376.6136
23,1996,2.263311197013635,3.7114540677915655,2.2557945151267957,2251334.1371
23,1997,2.2552845754835826,3.704066306256501,2.2531217111123896,2333495.1363
23,1998,2.2700692535936913,3.7095295898017464,2.268112936090118,2323327.5457
23,1999,2.2722902214116822,3.7038713047778846,2.2779594280947832,2549982.1342
23,2000,2.2653658242828953,3.6973606538541675,2.270796732407186,2521741.3926
23,2001,2.272792061853624,3.7070121318231175,2.2670412741606265,2739612.6102
23,2002,2.2646217729615628,3.7027592104897047,2.258699021425856,2846697.3716
23,2003,2.2699652315981993,3.7115955113902928,2.2153342586471996,2468142.2565
23,2004,2.278440719031112,3.6984789055995457,2.2480787802171607,2501196.5168000003
23,2005,2.2730180009591465,3.6999314584387593,2.2522735166180405,2763865.459
23,2006,2.2633032371482353,3.707448996189299,2.241190019041136,2712662.5912999995
23,2007,2.254919659132385,3.7070990291299615,2.2289734720944376,2600419.3193
23,2008,2.2557615494122376,3.719215550084,2.241836461822839,2791880.0988
23,2009,2.2670921923282457,3.7306717934177587,2.236951127953616,2878291.9993000003
23,2010,2.269640701013278,3.717486096959749,2.236407845444257,2815968.0437999996
23,2011,2.254356005693255,3.7337544576284514,2.2273128077595663,2789634.5478999997
23,2012,2.2578726488286023,3.7303432564673042,2.247795159177277,2829298.9151
23,2013,2.277410766113697,3.729322879863996,2.253540799333586,2972718.4242000002
23,2014,2.276677829269319,3.720001760997335,2.2480128170615297,3022652.0559
23,2015,2.2789784119054013,3.731876116870698,2.245706952828511,2970804.9418
23,2016,2.2665916636196646,3.710920188645029,2.2438208605322005,3111868.0751
23,2017,2.272628015458418,3.7287929276276848,2.245291345734111,3088631.7836
23,2018,2.262240788389539,3.7428185959970546,2.2724973635183594,3242710.613
23,2019,2.271165792234139,3.75326827429451,2.243570116729116,3063391.2595
23,2020,2.282090541823421,3.743671454753591,2.2551950872626634,3190507.0812000004
23,2021,2.251083094141418,3.737041341307334,2.229592284451802,3196621.9523
23,2022,2.261210527487965,3.736215943180587,2.238049286068217,3284197.6826
23,2023,2.2601466759113804,3.737969323534793,2.239468594422192,3516502.919
23,2024,2.2585495331867818,3.739388347347552,2.2624818832637668,3391701.0597
23,2025,2.257574381356316,3.7326293574609193,2.252878397050134,3227396.869
23,2026,2.271574475121168,3.705439914490446,2.2818009099566394,575913.2593
24,1977,2.2451908189996974,3.764787959784451,2.242892923901548,3876282.67
24,1978,2.2534684395781897,3.777105233109982,2.254730325105632,7945818.63
24,1979,2.2704005590394276,3.765058507643124,2.2625965149291956,7978488.090000001
24,1980,2.2637801423596495,3.75669230194274,2.258764681107792,8540238.07
24,1981,2.2563318433055497,3.7579397990541183,2.253591268922993,8668394.25
24,1982,2.2592966897747884,3.773339308559832,2.2351619540719097,8594380.25
24,1983,2.251680340619235,3.769758427109477,2.221601555169815,8310089.01
24,1984,2.261698221294018,3.764552730806933,2.235352613190375,9052577.059999999
24,1985,2.2580464257110853,3.757488512348614,2.230233012070884,9203125.349999998
24,1986,2.2613971530887063,3.7593472722464023,2.2399099490597596,8912470.77
24,1987,2.263849942096564,3.763826672549883,2.23431106174889,9313168.19
24,1988,2.268295511811456,3.7565614698688234,2.2422365253538445,10079172.920000002
24,1989,2.2712552747921957,3.7452162403785665,2.240195396143109,10589073.89
24,1990,2.2821581158116166,3.7469318830075986,2.2435662200915276,10699967.58
24,1991,2.2524546952431215,3.761749267280625,2.231680823993992,10828244.28
24,1992,2.281869431003276,3.7277382000134343,2.2240761584333066,10932557.420000002
24,1993,2.2977788727168758,3.7213811989098007,2.242969995760161,11275041.870000001
24,1994,2.285384954742341,3.7429409119602015,2.2391937005545044,12411059.4038
24,1995,2.2713179505675063,3.7603228257101304,2.2349758521211176,13160358.6228
24,1996,2.2538146753002932,3.759324702081173,2.215323174290841,13824505.6441
24,1997,2.268723167023599,3.751786962836873,2.230158699406502,13215582.6426
24,1998,2.256328632059812,3.7539487639395124,2.2288174356646238,13788156.8325
24,1999,2.2509517297832047,3.7601541089706583,2.2008946556565663,13903501.872900002
24,2000,2.2583442167613206,3.7561953606217897,2.2041107661920494,13411725.3164
24,2001,2.260634116394937,3.751507769665399,2.2161940665489017,14533141.0772
24,2002,2.258922636997815,3.760118294716819,2.2174644195617934,14363917.6728
24,2003,2.2536412910485843,3.7736984959394717,2.183915643942758,13823540.889800001
24,2004,2.248475982532606,3.7737205521017523,2.1852230228815372,13690221.9739
24,2005,2.2586506344170423,3.7664740119560247,2.1862524161184584,13923322.182799999
24,2006,2.270926335359334,3.762732128590587,2.1822729409882236,14356857.471600002
24,2007,2.265682331672777,3.7656698151565293,2.184478234988352,15154724.8261
24,2008,2.2679912729522496,3.7627390061448103,2.1951663574557796,14937674.8308
24,2009,2.2665319828690613,3.753484110315057,2.1824171424243155,14801887.088799998
24,2010,2.2696978820627955,3.7660974758430315,2.1823504554051913,14479531.691499997
24,2011,2.257248906994559,3.7824518645596856,2.1715459138854807,15393585.0959
24,2012,2.2597076489728964,3.7694537061712476,2.1839300231514693,15705985.284
24,2013,2.267501688609116,3.7695383973874477,2.188179875274298,15773706.3948
24,2014,2.2496769308579387,3.7651250951288926,2.1788146170971348,16164714.8858
24,2015,2.268192303422688,3.757171672087223,2.190953358655177,16542909.5636
24,2016,2.263569451107778,3.761236411940375,2.1782087181026886,17354938.196899995
24,2017,2.252983411563986,3.7747593966079784,2.188691636878823,17293231.0291
24,2018,2.251099140445416,3.7831317320196587,2.172160102353597,17632013.0515
24,2019,2.2532301504567105,3.776413650577774,2.1782187572238074,18851184.926200002
24,2020,2.2428415672559567,3.7950535640267584,2.1834810932625635,17354864.7352
24,2021,2.2424038273826667,3.794568509146684,2.1821838632889548,17807424.765
24,2022,2.241649841043787,3.775993751067479,2.1798493913888994,18277874.542999998
24,2023,2.258020475400627,3.7714012072237066,2.198720948231323,19067275.8125
24,2024,2.256158358989311,3.776550031499697,2.1816888193894375,19103749.0454
24,2025,2.2536715138475016,3.764395999154907,2.175110010747275,16495464.9225
24,2026,2.256083750517686,3.7613742002079094,2.1727952579381746,3251287.1068
25,1976,2.2491072835538173,3.7478848631135993,2.253344463162638,8380525.27
25,1977,2.2436680364030064,3.756427048149423,2.24918617300552,8634948.13
25,1978,2.2482124612490186,3.754187622487233,2.2519273858426465,9694766.58
25,1979,2.255127722808426,3.7559070287420204,2.2438991137508437,10047808.09
25,1980,2.2549789904022406,3.7582700019455784,2.2536942845833763,10762863.61
25,1981,2.269173206237865,3.759190748187011,2.26733870783317,11393416.17
25,1982,2.2693253048246764,3.763294517186291,2.261745350188283,11073457.860000001
25,1983,2.2790577388884574,3.7399840545392045,2.259145040820135,10375069.370000001
25,1984,2.2759760098066693,3.7475887719809697,2.260288318720748,10982730.100000001
25,1985,2.262126434841388,3.7595411635408182,2.2459562214249575,11609522.03
25,1986,2.2643700497142323,3.7559148911447435,2.24217178186697,11880956.879999999
25,1987,2.266064366835399,3.7507292380690966,2.239819304628288,12401294.040000001
25,1988,2.259420482910857,3.7464211150840736,2.2389250621597583,12920101.39
25,1989,2.2587854424178087,3.7453000546011594,2.24009789535031,13264992.149999999
25,1990,2.2614523706524956,3.7534578438272828,2.238231362273729,13240315.34
25,1991,2.2613294301867857,3.752754348245782,2.2288003684879447,12983673.17
25,1992,2.2719884405586814,3.727738726175799,2.230380949241477,13057028.52
25,1993,2.263874218235751,3.7337674880773815,2.2193793397546315,13871079.75
25,1994,2.2680182316617454,3.7427266489712903,2.220900888640676,14078665.046400001
25,1995,2.2533907746979094,3.7479430114529193,2.2125465029179736,13968274.853300001
25,1996,2.261075838420795,3.7483701891299246,2.2267233808451934,14431230.9591
25,1997,2.266222393499765,3.740704272384801,2.2272957016690516,14796968.434
25,1998,2.2629546076466784,3.745281703896333,2.2168342344571133,14666258.918900002
25,1999,2.2635083554472843,3.74472449923062,2.216043789050889,14765669.2889
25,2000,2.2714400531852412,3.7353849017285587,2.2154050497397435,16215596.5903
25,2001,2.2546191285724637,3.738528832594735,2.209298391444879,16310473.7037
25,2002,2.2435234191969315,3.7398613384405874,2.203549405674567,16966096.6796
25,2003,2.254342961179593,3.754171372346451,2.1733888946784763,15663702.007799998
25,2004,2.2475547334768007,3.761358439620567,2.1861764533618997,15202490.9573
25,2005,2.24811680000446,3.7538903309306955,2.1949823314483745,15474835.6908
25,2006,2.265697371324756,3.7470458646928875,2.196123950264455,16034679.936100002
25,2007,2.255081211501505,3.757752275007047,2.18475044233298,16854469.4679
25,2008,2.254024321841404,3.7614370907120276,2.1990882402469527,16876425.775300004
25,2009,2.246626199776213,3.7634241225009255,2.1811909634077016,16131043.039900001
25,2010,2.2400595865761335,3.7638115079944883,2.1835087770222996,16541189.5422
25,2011,2.2447367826047646,3.7683270170579726,2.1719181143722213,17278423.7109
25,2012,2.2350136981974376,3.769963450506467,2.1680156141078273,17253405.7082
25,2013,2.2166904944570147,3.7783057190428937,2.1481839192473418,17402812.2381
25,2014,2.2325565727857293,3.7709776715337893,2.1730191106721386,17807260.3124
25,2015,2.238230357379078,3.772377061621746,2.168650538467839,18524165.1512
25,2016,2.245828980197252,3.7794726784518358,2.177686761582169,19116638.2036
25,2017,2.238004619718541,3.788169920367821,2.1834366439402255,19538154.542900003
25,2018,2.255798898574743,3.7725328048327476,2.202211374412009,20418384.212799996
25,2019,2.2450185478298885,3.764309503921491,2.1795186770406034,20769219.7252
25,2020,2.24631920019176,3.782667222264107,2.177314642900319,20137400.422900002
25,2021,2.2349707302875896,3.7844044362951252,2.1687514205102554,21111391.9317
25,2022,2.239843132272518,3.7735236953457263,2.178722685628907,22078053.854399998
25,2023,2.228172624195926,3.783630412209545,2.175554679871119,22300781.224099997
25,2024,2.2344815302331194,3.786881983246059,2.1728271286262673,22399261.0882
25,2025,2.238742904038855,3.778208077807078,2.184680970183298,21329536.1589
25,2026,2.2408749443207046,3.780587884479577,2.1849743170385043,3719447.7169
26,1976,2.249183678986264,3.7349227563404104,2.295536169222612,11901405.31
26,1977,2.257783408074584,3.7359181035952225,2.2988558038220868,11669861.969999999
26,1978,2.2640404263602774,3.7296039769620974,2.284023485771384,11809580.379999999
26,1979,2.263740383873022,3.723907365469303,2.2794958259062135,12142912.3
26,1980,2.242898143051197,3.7385441424093306,2.2626678478347535,12554614.219999999
26,1981,2.2437755136716406,3.7481817874180017,2.2808762315002795,13300842.889999999
26,1982,2.247563745916577,3.748116507618753,2.2714458096135086,13004690.34
26,1983,2.255792500681735,3.7268258373182173,2.27503189871332,11573729.15
26,1984,2.271069481161874,3.715423658990494,2.2847207278475037,11932982.93
26,1985,2.278434315772817,3.7246242901939683,2.2839325127474104,12076490.67
26,1986,2.280239519419636,3.734210389998385,2.2946066336828483,12755196.879999999
26,1987,2.2791930459716885,3.7276861950202522,2.2998556764746794,13635791.48
26,1988,2.266389091197105,3.732801690671537,2.278067189985462,13827493.77
26,1989,2.262674891165746,3.738335268129462,2.2630817469229827,14748385.58
26,1990,2.262758333650653,3.7309727644815407,2.266705363226903,14491198.629999999
26,1991,2.2547389784799785,3.7412476090042386,2.2575682516432467,14368189.38
26,1992,2.279327824765779,3.714790273311933,2.2706263562305535,15241450.52
26,1993,2.2863842383543305,3.717596683695134,2.2760102669351943,16011309.69
26,1994,2.2928864365444017,3.7129647174570715,2.2811489041059723,16939466.159599997
26,1995,2.2796093299832156,3.7191696673655756,2.2670926635747826,17118963.0218
26,1996,2.2830227252843867,3.7023615980452793,2.269585272910578,17814629.3582
26,1997,2.2817803419907845,3.7090074462842444,2.276575072063799,18243862.032700002
26,1998,2.2815515100422936,3.7165314092447876,2.271276376368859,18935877.322300002
26,1999,2.2908410236020558,3.7182709082137104,2.2728882117393403,19592338.0602
26,2000,2.2750206355947427,3.7246189198691253,2.263361041790453,20382829.913500004
26,2001,2.271955419028551,3.7220020503993347,2.257338754441506,20793884.0472
26,2002,2.2777003003419263,3.7151994783623437,2.2677843691715798,20429943.5704
26,2003,2.2752006335513877,3.7351738795752363,2.23335912625865,18008891.8935
26,2004,2.262939609939348,3.7402682192466297,2.20864547182278,18854823.9581
26,2005,2.2751407596133015,3.731464380316615,2.2258849546649047,19042677.9976
26,2006,2.284239057927139,3.7251968266864757,2.236258021065756,19213879.131500002
26,2007,2.2837549964140242,3.7364465543100502,2.2476351511497614,19472764.2345
26,2008,2.2836986486733584,3.7299865498852984,2.25047747062135,19123813.0279
26,2009,2.280952721201441,3.7279500673559838,2.2458362352957213,18899529.166
26,2010,2.2959471019855844,3.727215307429971,2.2509137579078904,18715436.3591
26,2011,2.2856834627864573,3.739667709914557,2.2478011425555064,18123623.3702
26,2012,2.288901001020901,3.7351056749025244,2.2434526267046926,18597030.8576
26,2013,2.2952249212940763,3.741891003475519,2.25135648147922,19219478.7731
26,2014,2.2907914185512053,3.7441688381745966,2.232452609617085,19585393.7081
26,2015,2.2719147087881266,3.7474397450410772,2.23124343094779,19404007.910099998
26,2016,2.2693060019813065,3.7412151329451784,2.2307600207704006,20030805.4956
26,2017,2.2676389063508373,3.739327040215769,2.2216101199922567,21814602.217
26,2018,2.2711114272784325,3.743336835157204,2.2394887319455847,22363455.5416
26,2019,2.2719101933165575,3.745326460955778,2.231584011435191,21988726.187
26,2020,2.2792241246439864,3.745773066753852,2.2469941865300007,22294803.5432
26,2021,2.287844212255244,3.7455020374726473,2.245875001637834,21993809.0148
26,2022,2.303388943135435,3.7323887906523816,2.2471837240858084,22281918.1264
26,2023,2.2779200008091416,3.7461835166757944,2.2439777449841296,23423793.3135
26,2024,2.289184839111982,3.750432489030926,2.2537266114358294,23732893.608000003
26,2025,2.2846765885819513,3.7421800477696947,2.239500617563052,21739651.4213
26,2026,2.2406737912405763,3.7433470424848037,2.2109448824169586,3898330.902
27,1977,2.2798562196674155,3.731990287129873,2.364903281025699,3542456.76
27,1978,2.2808227749579046,3.7319703189268902,2.367708372298315,7271993.17
27,1979,2.297766103520736,3.732685535334007,2.4069993659525157,7262368.17
27,1980,2.293812556919607,3.739977409794651,2.3811705971326016,7900421.2700000005
27,1981,2.2908255808525078,3.7383325925576614,2.3637057295568913,8324979.18
27,1982,2.29066011657099,3.7470718116548403,2.3659942076798886,8204595.210000001
27,1983,2.289148796182844,3.7332427190460478,2.3715594793988846,7334157.17
27,1984,2.301098392922689,3.722110217932442,2.371318010254599,7693444.88
27,1985,2.3059186295378753,3.7183839083944754,2.3927007880033195,7836062.58
27,1986,2.32156020543567,3.7069119903955423,2.4283029632230204,8227039.92
27,1987,2.290305465280998,3.7223467759349527,2.385314938044131,8069016.050000001
27,1988,2.2867529351382996,3.7121642674799524,2.373394095419949,8524069.73
27,1989,2.2935568742724026,3.706110268992497,2.357879944828386,8871794.809999999
27,1990,2.2993841951971303,3.715072306439705,2.3468996589926507,9125340.29
27,1991,2.297880662531424,3.7185549175502497,2.351168019797406,9108574.91
27,1992,2.3111094613265535,3.6907602728201967,2.3690954956659556,8837134.649999999
27,1993,2.302266154379674,3.691461362747279,2.334377090638213,9295633.85
27,1994,2.311441879713906,3.702786552441595,2.3420576230530448,10166168.4744
27,1995,2.300771821901939,3.7234906339301457,2.329350726262991,10284403.366799999
27,1996,2.294102263061184,3.71379584193356,2.3400526568356184,10430458.514999999
27,1997,2.310578537658362,3.7195016179713893,2.32219687751623,11199664.9225
27,1998,2.2996101353742073,3.708997032253882,2.3052704119127005,12369305.4735
27,1999,2.283224393794638,3.6956066077237884,2.2785548375242803,12729602.742800001
27,2000,2.2936697740003975,3.6913515585307994,2.290922591538444,12580209.708000002
27,2001,2.29960674276192,3.709623257257878,2.3048069673176115,13197717.112300001
27,2002,2.288364053610486,3.705659903277621,2.3016692860851315,13407498.715100002
27,2003,2.2731887294271433,3.7240372128743893,2.242545267095469,12822430.8367
27,2004,2.270207499831237,3.7346343669265023,2.232071794196751,12859160.4632
27,2005,2.274843995916268,3.7287256255811743,2.2226353017346545,12619049.0348
27,2006,2.279290331820824,3.726675278358802,2.221065458715154,12489968.2125
27,2007,2.280469693027344,3.719744332588324,2.226881245141202,12638770.7794
27,2008,2.2782815847238385,3.738711553469614,2.218165037551775,12903560.8539
27,2009,2.264463531172551,3.7333387408182865,2.2154873435705977,12961926.0669
27,2010,2.2620548511301553,3.734773582257182,2.22337942821606,12773652.546099998
27,2011,2.274866462846017,3.733139119809758,2.242103941744983,12673691.7837
27,2012,2.290305885217838,3.7350286688217116,2.248388981573397,13501968.5189
27,2013,2.2688784483401947,3.745863545983253,2.2215390471479037,13710638.459099999
27,2014,2.265487703590721,3.7538927305459624,2.2224557270600536,13797415.8368
27,2015,2.2866746223517533,3.7253046946432984,2.275588298174635,14669967.323700001
27,2016,2.2634607787262015,3.7457297410317594,2.234787741806922,14506590.0164
27,2017,2.282367538966828,3.729868234503483,2.247239356001133,14752833.692199998
27,2018,2.2947228305357608,3.7322274764550607,2.2714507065222582,14947348.3261
27,2019,2.2601012223508836,3.743549558101241,2.238629006163565,15676080.4902
27,2020,2.2558220480197737,3.7409702513588354,2.2408587468702192,15476444.246399997
27,2021,2.2423939873382706,3.7439004916830068,2.195625317267722,15536191.4013
27,2022,2.2567499788821133,3.7414302018991266,2.2022911885125525,16372280.9641
27,2023,2.2580923428971067,3.7505500135443537,2.194348953169462,16552812.2022
27,2024,2.2793748803893794,3.739661601247713,2.252664145730744,15973305.6217
27,2025,2.2881016197779545,3.732341641672261,2.2658080130068496,14893632.4179
27,2026,2.2720286346871146,3.7225865827313487,2.237642211207484,2634269.6436
28,1977,2.257566850822351,3.7180246833533532,2.3643737194757324,1313196.73
28,1978,2.2642938754928092,3.721979004617574,2.383408560784082,2790804.37
28,1979,2.2648178190293358,3.7297006263292576,2.3713148308985224,3133045.64
28,1980,2.2627204783191415,3.727878807622781,2.3520036551612193,3364676.73
28,1981,2.2564777159248766,3.731970319281203,2.3220539508861973,3399294.21
28,1982,2.26260232183689,3.732172206299114,2.316653523885606,3463440.4
28,1983,2.278322829206042,3.7084671854563247,2.319356336578183,2838318.68
28,1984,2.2781937029223545,3.7038208975810156,2.332905387985993,2778142.99
28,1985,2.2567919843278577,3.7017077454803355,2.2976126766037024,2682686.96
28,1986,2.252485776442586,3.6989665421783826,2.2822376341168726,2952476.69
28,1987,2.224098879033776,3.6993681742926907,2.249684276966455,3006080.64
28,1988,2.241563677278078,3.6975719442542268,2.2752636119618854,3065366.6799999997
28,1989,2.272372392862801,3.681435292657587,2.30880574516178,3402127.2800000003
28,1990,2.2555987320838007,3.692732164344936,2.2947233546089154,3417421.04
28,1991,2.267130797314872,3.7032239508970095,2.313444993837061,3386708.3700000006
28,1992,2.3024150157227155,3.67690809132706,2.3228040301648627,3435770.89
28,1993,2.303408864599891,3.684950744805909,2.30790533215167,3617780.8600000003
28,1994,2.2836763849894623,3.6994044000990276,2.333794601033107,3958077.9688999997
28,1995,2.301520481401266,3.69421681836156,2.3021042913999743,4045754.8796
28,1996,2.264652840309417,3.6959248923321684,2.261174627767817,4165035.7041999996
28,1997,2.270673772279596,3.7075294961588026,2.2576766647925752,4253739.679500001
28,1998,2.267446639003188,3.7158110841410052,2.2795402118037984,4581526.319800001
28,1999,2.2395256973706004,3.721903780970669,2.268110949784093,4377008.2883
28,2000,2.255929382780733,3.710173684218373,2.2486527151836544,4463613.9695
28,2001,2.264091130262622,3.7048090253344026,2.250002683159151,4369495.749499999
28,2002,2.2873896852371502,3.6920240717767827,2.289766103049205,4513790.4566
28,2003,2.305103754652399,3.6914760908654203,2.306718651977631,4249217.647100001
28,2004,2.2772001669587962,3.695539091084844,2.2639378190406343,4448604.6613
28,2005,2.2609668233129425,3.700141872988701,2.2726079347006807,4461710.9686
28,2006,2.3027347298117777,3.7053607660066117,2.307333376057252,4221788.0997
28,2007,2.308110159515995,3.681841721106834,2.285568256617667,4397439.395
28,2008,2.2787777227190915,3.695179867624777,2.256309082043819,4496692.3868
28,2009,2.282608621445994,3.7101710765218883,2.261681319704991,4382842.3077
28,2010,2.2725226163574983,3.7069651011871003,2.25476759097728,4378674.623199999
28,2011,2.285290289524435,3.7132516976097967,2.272330062895708,4518218.9286
28,2012,2.297166542400069,3.701577883552115,2.287114831369659,4610286.7767
28,2013,2.2966691844078237,3.7272308202670494,2.260120824867458,4721289.1273
28,2014,2.2748341479192224,3.7094452557127258,2.2642627167955287,4623282.9423
28,2015,2.276749563221199,3.7050095591079306,2.2616507609646836,4372555.5923
28,2016,2.293092907793708,3.6826862375736487,2.2556023614268894,4483196.6295
28,2017,2.285770370695186,3.6930778927113805,2.2569816413960173,4496772.6755
28,2018,2.295181159929549,3.6976244668648413,2.2618809651403837,4597609.043
28,2019,2.301515857357176,3.6887357191611807,2.285073728279532,4798950.8906
28,2020,2.2826159385377442,3.6981798967719826,2.264357402791153,4678029.5161
28,2021,2.2759848034274284,3.7130604113680437,2.2575767024947324,4635663.2319
28,2022,2.279673251574773,3.707454312246056,2.2568535550545104,4913136.340399999
28,2023,2.2987938498906435,3.688178651033054,2.264765001798098,4743033.967800001
28,2024,2.2969938748347487,3.7067321278706817,2.264629012466383,5201479.641899999
28,2025,2.3006534138269057,3.7164946658709246,2.2709890298953916,4682756.6021
28,2026,2.3125300575105334,3.7236860803489202,2.284846488212778,855468.9624
29,1976,2.3046855309121734,3.73626852553088,2.453505813000808,23128870.11
29,1977,2.300232357345416,3.730797999553652,2.431470163626442,15350059.350000001
29,1978,2.2827532597948563,3.736478119863388,2.386339930516384,7723722.58
29,1979,2.27292897758478,3.7430518187849233,2.3534780709720375,8217172.7
29,1980,2.2834448527644415,3.7421109241318296,2.3565872551892815,8374103.049999999
29,1981,2.2804933849910274,3.744220860991272,2.3430865034644266,7786283.469999999
29,1982,2.2727576972241224,3.7510258944175434,2.3288490556394814,8085335.64
29,1983,2.3120912444866475,3.7127617336935996,2.3861532719170446,7196430.09
29,1984,2.304194027609723,3.716959984124519,2.377565054383614,6918916.14
29,1985,2.303861999514487,3.7081746040980255,2.3496910499276042,7484236.99
29,1986,2.2941362708472903,3.7187165810266536,2.3364868654309054,7885826.9399999995
29,1987,2.3011203562928086,3.721207233369097,2.3423292312502166,8292739.01
29,1988,2.2906481921544923,3.7150261673580642,2.314421393183856,8270653.45
29,1989,2.3000345485391778,3.7200539698912998,2.322700127523786,8602947.09
29,1990,2.2978856492554547,3.727756533466006,2.3394444743968656,8309196.82
29,1991,2.281550953963583,3.7317276002527406,2.3294192232633724,8714465.260000002
29,1992,2.298510983166779,3.696575240905611,2.342057250552986,8607884.4
29,1993,2.2974794077164007,3.692558529512296,2.3463402374474938,8837094.95
29,1994,2.318434172308245,3.6985520888602728,2.3672071236800134,9879395.3625
29,1995,2.306384118018517,3.712835733874683,2.3361381420624125,10501184.9771
29,1996,2.27436802143184,3.722637690550517,2.2931731711018184,10768690.749699999
29,1997,2.286567749333448,3.700990760084777,2.306260205018587,11089728.9398
29,1998,2.2650305436914113,3.7020112149502897,2.256030100359612,11274484.4626
29,1999,2.2767960364043103,3.7147243356284996,2.2786645291680308,11704825.8047
29,2000,2.293086825833567,3.7141529994770326,2.282456724343948,12693879.9483
29,2001,2.27846578877713,3.7100262701677273,2.299490887318569,12005845.105199998
29,2002,2.2826358357982124,3.7078819678531425,2.270272772901804,11705053.354600001
29,2003,2.297073773474525,3.7157764929689656,2.262213159771412,11733354.8837
29,2004,2.2837248133133756,3.7106949751321125,2.258009352310676,11255950.4415
29,2005,2.280225139348386,3.719570654545948,2.248823576181564,11231932.2664
29,2006,2.2750286040830963,3.711025877028924,2.249849663773878,11249281.842
29,2007,2.2646773195499064,3.7177434807268996,2.228429464169855,11175503.7996
29,2008,2.301229575681255,3.7009918047757866,2.265610082417612,11221585.2102
29,2009,2.295034504886024,3.7052756287881943,2.2516156650369106,11179558.4247
29,2010,2.2984874375516897,3.7093998348655832,2.2609187832249535,11036550.326699998
29,2011,2.307678928940242,3.7223139574718673,2.2689968529076023,12236572.5843
29,2012,2.3102096276316804,3.706524481484206,2.2676918042154313,12356671.0431
29,2013,2.305157159869654,3.7281883385963694,2.257711661198963,12393541.067599999
29,2014,2.307630488683659,3.7141298568109633,2.267263649844184,12272231.287500001
29,2015,2.2947367093829927,3.713014973175229,2.2661761791406643,13623944.0559
29,2016,2.3058238499869836,3.711200217363154,2.2657746601415067,13364919.45
29,2017,2.3145548113830743,3.699158037714173,2.272146024252447,13311791.2539
29,2018,2.2813518132992296,3.7182619954803378,2.2512111720490706,13995970.690299999
29,2019,2.270409029637577,3.743341522024126,2.227087150910174,14435878.3816
29,2020,2.307727795943395,3.7427305029795543,2.2740206589654774,13935047.0366
29,2021,2.2805088614539306,3.739790280320669,2.2382199968683265,14334442.7643
29,2022,2.2557293074803675,3.7482635076466857,2.207716653519703,14071573.021399999
29,2023,2.2818472530053064,3.7366293340458867,2.2405885454044285,13644455.594600001
29,2024,2.2811003464318627,3.731094287066671,2.2303761207340473,14076993.2052
29,2025,2.2714795387329048,3.74487096468154,2.2398744080495705,13332352.325599998
29,2026,2.274786237564353,3.7247129667037435,2.244750619929941,2560502.796
30,1976,2.247021226080123,3.7470043380605245,2.312127167878259,14503930.44
30,1977,2.252158490606544,3.74073006364888,2.3080731066561624,8177432.62
30,1978,2.304765103005705,3.72887639982972,2.5044050841339276,1317313.15
30,1979,2.3050010265085703,3.726676877784525,2.506765961983415,1391790.75
30,1980,2.308720235557842,3.7258815284789586,2.501391837629287,1453165.82
30,1981,2.3048375149568465,3.7392334724054206,2.4860955793397794,1461296.0000000002
30,1982,2.295734244883611,3.735087462799072,2.451509328514157,1418735.93
30,1983,2.312893711170729,3.706717680487793,2.4928885751989065,1311613.1600000001
30,1984,2.3092982511376774,3.703155917855214,2.4588619623249377,1378824.31
30,1985,2.293985772977761,3.71464916530273,2.464508295818996,1494024.69
30,1986,2.2907920659087706,3.729556297847364,2.4542541707962924,1525149.86
30,1987,2.306321004517986,3.7202472232303365,2.4656463333319607,1536124.7
30,1988,2.309294800161017,3.714835262487583,2.459827437416656,1524292.75
30,1989,2.310207060685807,3.709279796262901,2.4585932673377466,1523035.64
30,1990,2.2968793520461266,3.703763487755944,2.44111360835918,1553131.72
30,1991,2.2988656649329484,3.7160618221030464,2.4404460737858353,1586386.7200000002
30,1992,2.315947571128564,3.698383414370625,2.4368045890856846,1622225.72
30,1993,2.324745798072467,3.694369391267773,2.4579241578488897,1656489.4500000002
30,1994,2.3210481518107584,3.6882309888990332,2.4311075712055654,1722814.8094
30,1995,2.3101266157925804,3.69397429799926,2.3935477608317806,1623759.1456
30,1996,2.3054156944348225,3.6960741358385123,2.3907102562919893,1722197.1934
30,1997,2.269506881908802,3.7196187117150585,2.357017020425081,1766394.9105
30,1998,2.2819296138054512,3.7049436062184493,2.3637793099828293,1861498.9797
30,1999,2.278413803574749,3.712465400140475,2.3515827980470574,1919447.1236
30,2000,2.2846547106175517,3.713936106906842,2.3671531786322633,1801608.5665999998
30,2001,2.3016439842859118,3.70139568378058,2.3793388898521752,1874680.4664
30,2002,2.309599073018814,3.699331404630317,2.3762271937931327,1933241.1902
30,2003,2.3173406002256947,3.690370281911852,2.377118727925854,1906899.0309
30,2004,2.310822642209486,3.699002061413994,2.347807278233873,1865044.4351
30,2005,2.3040388433525565,3.6995488821931497,2.344189857379678,1919067.9003
30,2006,2.3139771231608477,3.703785497297268,2.36404435148132,2023433.5474
30,2007,2.3362068954254633,3.6969848293738456,2.3889795898344612,2074868.1956000002
30,2008,2.337322576290779,3.6990665123491535,2.400159113208381,2080191.1929000001
30,2009,2.315484458571879,3.6979648022243246,2.364999237371597,2044946.4147
30,2010,2.312928776147967,3.6810365197705353,2.3363034165419876,2033790.7974999999
30,2011,2.3031665642078054,3.6964708105317405,2.3251323617232327,1984577.506
30,2012,2.2862324249261183,3.7265199768306783,2.322532868267964,1999574.2639
30,2013,2.3187411864826766,3.7066789072354105,2.34341682486202,2178040.6423
30,2014,2.2812028878416557,3.7380044358330915,2.3021014923002414,2163764.7501999997
30,2015,2.302439836002737,3.7223797645833603,2.3037947475405214,2315398.1349
30,2016,2.2988409430710566,3.719482302849146,2.31373432095296,2335301.1535
30,2017,2.293923400940032,3.719363740651523,2.311373658646819,2373526.2145999996
30,2018,2.3003339751928866,3.7253035475113796,2.326527230710861,2337306.4487
30,2019,2.3004280980955634,3.7185850768277446,2.3141334502979363,2435037.2409
30,2020,2.2841619729670737,3.7122912305590456,2.3083732391844385,2526012.9971
30,2021,2.296849978591838,3.723592123747761,2.3197673925851774,2638588.6259000003
30,2022,2.296306087644417,3.7259187208653066,2.2860763147067145,2826972.8104
30,2023,2.2708615193587787,3.7296342913734883,2.312659732476797,2994209.3460999997
30,2024,2.2947382643656007,3.724809017573821,2.316048321680494,2935934.8179
30,2025,2.3022515270824617,3.7223592479232575,2.3110072641883814,2675221.5648999996
30,2026,2.3048411006407967,3.744429987945055,2.2861182552320676,468034.712
31,1977,2.325777331975826,3.729499112149336,2.498247427650634,1391076.64
31,1978,2.3087213458411595,3.7282834130777927,2.471601268487449,2937516.46
31,1979,2.326421841235141,3.7179381688214486,2.4925008876902863,2800278.87
31,1980,2.326263663654869,3.7323143161604895,2.5131560624534606,3058211.25
31,1981,2.3404547722915274,3.7289311117740027,2.513393207459533,3149647.8099999996
31,1982,2.3349246499603913,3.730372556124406,2.493736710445892,3054999.26
31,1983,2.3520883177563143,3.702197880134552,2.508720367236283,2777609.87
31,1984,2.3463149568113786,3.704150188884518,2.541100073198165,2831623.04
31,1985,2.3426489746107544,3.703564858162107,2.5242970969901815,2895776.83
31,1986,2.3241903395462082,3.695735454132535,2.483004719331261,2757056.93
31,1987,2.3321804840260496,3.7021603179122526,2.4840815915334975,2753299.7999999993
31,1988,2.3021274154301947,3.7215663389911726,2.4314024332955713,2951832.32
31,1989,2.2947660679111026,3.7131546654707734,2.435314910696933,2996588.66
31,1990,2.3266055435547894,3.709324001475643,2.4669325584176627,3177827.13
31,1991,2.310684557234489,3.7153489947662406,2.432967274146259,3333841.1599999997
31,1992,2.3171541780029057,3.6845506032575193,2.426418759465756,3098745.4000000004
31,1993,2.3284359577717972,3.67390877033331,2.4183320937081203,3121873.81
31,1994,2.349253718781606,3.679727730224826,2.422123995406211,3472023.3787000002
31,1995,2.351212415047207,3.6886548590500463,2.4649121364180147,3774659.5193999996
31,1996,2.33472561727892,3.6976996081603,2.4580081523523396,3894104.5416
31,1997,2.351240539826894,3.6840856621382922,2.4726183734212586,3844352.9965
31,1998,2.343787733934679,3.703167214469633,2.4603845228617294,3802441.2628999995
31,1999,2.3423437572894463,3.689590856265695,2.448490796277663,3812284.7779
31,2000,2.3381400493150903,3.695910042853832,2.4328707654255415,4002268.7824999997
31,2001,2.32005755514554,3.700481127555111,2.415239373288516,3914519.8947
31,2002,2.3165312550226136,3.711429817956226,2.359034896167457,4028771.0448
31,2003,2.324034166646653,3.7219926626104316,2.357631936248578,3914800.083
31,2004,2.320714005912662,3.6880237519317998,2.3717807047761545,3990442.2247
31,2005,2.299848242628017,3.695310197301239,2.3317476469195375,3884623.3924999996
31,2006,2.3016576387754766,3.6959527459857133,2.312120395583491,4004793.6545
31,2007,2.2971953073192983,3.713899380683318,2.3024582936362488,4150501.8078
31,2008,2.304929985163877,3.713357102043365,2.3033291210824807,4235159.6367
31,2009,2.3178672326774903,3.7205960186066087,2.307579355538145,4087175.9477999997
31,2010,2.312745477477114,3.693748723615952,2.311684206380644,4263609.3519
31,2011,2.2973781072524173,3.721964820976563,2.314300374074931,4267815.2643
31,2012,2.2862186496096135,3.7320162725053962,2.3016492553588335,4352570.4314
31,2013,2.299147327734931,3.723427373277621,2.3261678531810674,4366770.7265
31,2014,2.279295700543533,3.7311441248023107,2.2761513895566092,4297107.130899999
31,2015,2.278550411443235,3.710589687475678,2.27097920250148,4248145.026799999
31,2016,2.273860817230789,3.725202659378951,2.281212509776789,4341383.8551
31,2017,2.28346851506633,3.7261533569756486,2.275552127359043,4586013.9038
31,2018,2.2995154221208227,3.716887281553729,2.2800636642685626,4559842.778299999
31,2019,2.2949395175817933,3.7124336288968522,2.29023637361449,4585765.756
31,2020,2.3031563826128485,3.702646937475952,2.300242107862816,4870868.0245
31,2021,2.268473990898071,3.7218060130271975,2.247094679350605,5018582.6894000005
31,2022,2.283017269338396,3.713805647980714,2.2741747762662032,5121801.2128
31,2023,2.281589090502519,3.7213330129952005,2.2759529406936756,5046754.653000001
31,2024,2.26943794366754,3.7211736556011106,2.2488959991845436,5079494.4534
31,2025,2.285431978672493,3.7294084596481873,2.2662387072400256,4806453.4569
31,2026,2.2916412854362647,3.7202116202030298,2.293509699344053,902315.318
32,1977,2.2397009764914357,3.749939589462827,2.3229562947573283,525737.73
32,1978,2.255815280899008,3.7346385442857084,2.333612784969519,977596.47
32,1979,2.2335279152045406,3.7335659289297682,2.2895863299787433,968484.23
32,1980,2.2474967716244145,3.7481385528984834,2.2976995713042476,1142796.11
32,1981,2.2371834446462158,3.7552468565528097,2.2595333430633917,1285427.9
32,1982,2.253730259194617,3.739312047848017,2.273385313020634,1447565.9400000002
32,1983,2.276881458968595,3.7328259158356167,2.286330809607685,1310631.02
32,1984,2.290812757178539,3.712497651284924,2.315855281407337,1361462.6099999999
32,1985,2.2663332998822012,3.6961694163086865,2.262623338895714,1254966.33
32,1986,2.2538875960889464,3.715407886932359,2.2445277578241125,1453534.23
32,1987,2.274416428274556,3.715298834636067,2.274772591193927,1616188.9100000001
32,1988,2.2751099997145072,3.7084772292242967,2.259767903619158,1671302.01
32,1989,2.242522586658021,3.726829713242671,2.2532224274163988,1734823.2100000002
32,1990,2.248489266716067,3.730629879655249,2.239415060411086,1980560.8800000001
32,1991,2.2378765395232576,3.7183288658592684,2.2289798382871138,2103379.81
32,1992,2.2645974461746694,3.6783219527977358,2.234883458649295,2051779.2600000002
32,1993,2.2744791609428003,3.687519315610212,2.2427004377929505,2230109.08
32,1994,2.310607761356623,3.671060388073733,2.2694252583490417,2214038.4458999997
32,1995,2.2788086805646177,3.689774742421375,2.2629883120825625,2544588.5620999997
32,1996,2.269062806782917,3.693562852512804,2.2316836280065107,2744703.5425
32,1997,2.2612009752388116,3.693572563472407,2.2424003382530615,3011865.2115
32,1998,2.278726052121411,3.6812242698520645,2.231735250170312,3053867.9253000002
32,1999,2.2849550468293947,3.6764479167525894,2.2269753366078744,3070449.201
32,2000,2.2713478339805433,3.6888333843664487,2.227738648206705,3375931.6148
32,2001,2.2710762511576554,3.697468597663436,2.248466587143369,3499325.9648
32,2002,2.2692280962447064,3.6983542162806162,2.2454497434072715,3813798.8163
32,2003,2.263902020306217,3.725207302811082,2.192011791404072,3383763.3304999997
32,2004,2.267963599413163,3.725039641239815,2.220584287804189,3503215.1338
32,2005,2.280621223292598,3.701904132540959,2.21765931455768,3638394.4253000002
32,2006,2.2916635532771577,3.697950466514049,2.2197073093131467,3937670.0687
32,2007,2.3113808713251234,3.6973216443220283,2.2294003574079615,4296309.1075
32,2008,2.306563018251324,3.7015994696194165,2.233260611806391,4528362.430299999
32,2009,2.296815188475555,3.7004901700019257,2.2170664572122396,4424813.7138
32,2010,2.275551726694309,3.7060789331871553,2.2126832990689933,4013013.3069999996
32,2011,2.2671682649879403,3.718199827484279,2.205676946754709,3979150.7056000005
32,2012,2.279078477992159,3.6977674176072854,2.224535806615923,4286467.2455
32,2013,2.281283243055924,3.696734929280139,2.221859295904188,4269961.5488
32,2014,2.2829108271850655,3.709523353338391,2.2135574474474717,4342831.8596
32,2015,2.282507450295922,3.709941633265777,2.231949418918357,4852012.780099999
32,2016,2.298726388712881,3.6825368288267466,2.265259629837205,4752094.198899999
32,2017,2.299038491670275,3.6834908102867936,2.2386436190725227,4685265.443399999
32,2018,2.311283482111718,3.6833275526174596,2.2364727086682805,4735329.2305
32,2019,2.2735298985693175,3.7113619804252034,2.2237302712804885,5499903.406900001
32,2020,2.270498603417471,3.7287010910480696,2.230026567944798,5654553.7765999995
32,2021,2.254090037707418,3.7210745666670384,2.20633879532938,5630810.3177000005
32,2022,2.2841095453826328,3.7063836081211283,2.2333827338684076,5832525.485100001
32,2023,2.2794371777312303,3.7233262236036957,2.229831087256224,6168279.250700001
32,2024,2.290978216755945,3.7170953660233694,2.2354662082213146,6558306.249299999
32,2025,2.25358698972552,3.7243393629531543,2.2164226467244212,6439118.9728999995
32,2026,2.30853854853281,3.6946243306449285,2.271524415238072,1194211.6735999999
33,1977,2.2342872722195546,3.7651573929095346,2.2922500553720364,705065.2100000001
33,1978,2.2440451982038017,3.7690019332093154,2.2803293336174497,1423912.6400000001
33,1979,2.2394859638157834,3.7442995178332623,2.2542189684544574,1554229.0899999999
33,1980,2.2489420994327842,3.7605901463961287,2.2731062597732956,1751591.9100000001
33,1981,2.2581488661349387,3.7547634282226374,2.2700721444915795,1767917.11
33,1982,2.275704796188265,3.7515374848446017,2.284637011066702,1827945.6
33,1983,2.268118121793391,3.7545313570097747,2.27472347558773,1658084.81
33,1984,2.2550287059714855,3.750472421828991,2.261772738299118,1751094.91
33,1985,2.2772079792882773,3.738141072671847,2.281549582019764,1693200.0
33,1986,2.2605723516871024,3.7416633816004907,2.2791223924581754,1838338.45
33,1987,2.2670279806517617,3.735884579582263,2.268333942083525,2067309.1400000001
33,1988,2.273821958823742,3.7517643127622207,2.2536233760479627,2162658.12
33,1989,2.2811672548285817,3.747552236366065,2.2828919027175703,2321309.3899999997
33,1990,2.2551216272876156,3.761529121173542,2.262780741298151,2344756.71
33,1991,2.2548272905172357,3.7363300096777907,2.2584097680750412,2321785.06
33,1992,2.267766997788736,3.722244457522299,2.2607907855709617,2340937.23
33,1993,2.262132996019299,3.7318645030203537,2.247852629165544,2308295.3899999997
33,1994,2.2677169141441826,3.73500876209954,2.253420962580248,2544958.6024
33,1995,2.2505057474719834,3.723087958549006,2.2539042673087324,2620367.6168
33,1996,2.2494894922980344,3.726711443519055,2.2562229651681447,2419901.4942
33,1997,2.2390915699295273,3.742623714666129,2.232481990406527,2572306.5086000003
33,1998,2.2701728893055733,3.7230359031628018,2.246397979303705,2795239.5678000003
33,1999,2.2743114638625994,3.7222841274534457,2.2518114036764905,2873010.0380999995
33,2000,2.2823579045803704,3.7134604012860977,2.264704334150088,3084546.7797000003
33,2001,2.281298267365688,3.7211215035677676,2.2571491867632947,3062941.8023
33,2002,2.2519862617763864,3.731930926231487,2.2406874020894585,3082984.639
33,2003,2.2335155175327617,3.7620410174058536,2.1754224948451397,2984693.268
33,2004,2.2503143349665615,3.750140811297193,2.194981494488343,3110820.6671
33,2005,2.261089972392452,3.734746084554333,2.199595992782127,3259401.8755
33,2006,2.2714189326310272,3.7337150453948813,2.2108846230226176,3356671.1426999997
33,2007,2.2703184868608424,3.737313727806802,2.2186326917954378,3412774.4624
33,2008,2.2609625906784916,3.7382200425464633,2.2132953382139338,3347017.5873
33,2009,2.2660257982548484,3.7316603015909102,2.208814603714687,3257916.2364
33,2010,2.2626443767503184,3.738473081759036,2.2146323111658917,3395072.7522
33,2011,2.259713957595272,3.7377069609428863,2.214800862325343,3461540.9441
33,2012,2.2592938146101504,3.743522466494295,2.2024042159456143,3492466.6621
33,2013,2.262788532248834,3.7462590660480277,2.215737986716701,3520096.2096999995
33,2014,2.2586716534535376,3.7604574392521446,2.206037006329216,3352670.515
33,2015,2.2577046003596966,3.766600384774284,2.190998021381525,3414712.4401000002
33,2016,2.259997138883864,3.745678163939875,2.1973479915017986,3484227.4091
33,2017,2.2414451785040326,3.762587149046129,2.2034419135530405,3510852.7134
33,2018,2.2564406468891267,3.7576329126351653,2.2125047002300335,3728506.688
33,2019,2.2515067367365695,3.762985147557014,2.2148047361011693,3783541.4552
33,2020,2.268052209298788,3.756708766458961,2.222029795404615,3639268.6688
33,2021,2.2321676718968426,3.755039773127473,2.172776934028293,3625871.4715
33,2022,2.241310932323001,3.7477685844405513,2.1997983762200586,3943903.3075
33,2023,2.2493271337279808,3.7591300303056348,2.203173418892825,3980834.5195
33,2024,2.2532518329658306,3.756007471061915,2.2184631031848765,4170342.5037000002
33,2025,2.236713149515513,3.7647810612216683,2.207189795926747,3719085.4302999997
33,2026,2.253114336625291,3.798558657178819,2.2111262531745814,716491.7084
34,1976,2.2293357501014563,3.760854279615964,2.218937216466474,11163050.85
34,1977,2.240569395214094,3.753806755048549,2.2335065119196242,11258847.51
34,1978,2.242555029343847,3.751751512653286,2.23953967176996,11924915.81
34,1979,2.260427310958369,3.747876739229912,2.2482114834978035,12184450.83
34,1980,2.2568319579002623,3.757256703582114,2.2496782612501454,12755532.76
34,1981,2.259652958426923,3.7636924901196136,2.255573167429418,13208090.78
34,1982,2.269837398772305,3.7644696817445253,2.257166946091417,13323038.78
34,1983,2.2802822681340085,3.739958872499652,2.243425559043212,12382491.82
34,1984,2.262754608175082,3.744698729683404,2.238019165271975,13409393.69
34,1985,2.2587110016573013,3.7469354801621964,2.226737566000008,13359892.72
34,1986,2.2616868895006097,3.7516142817734504,2.2289448474395477,13717970.129999999
34,1987,2.2619624679910566,3.7551480244528217,2.2332234578958365,14376345.829999998
34,1988,2.2551983573099386,3.7517228526884594,2.234430835599303,15155964.89
34,1989,2.261774443669482,3.7513401136869526,2.231678930867238,15864392.07
34,1990,2.2699335200793858,3.7455755701261384,2.241548034382516,15960604.57
34,1991,2.2582631556068073,3.753786755028764,2.2379306912229753,15571103.419999998
34,1992,2.2814052893723864,3.7317039223874993,2.2394793246617253,15648596.19
34,1993,2.266894156292564,3.731985709620172,2.222622945388561,16030161.46
34,1994,2.2680537664644476,3.7356603251010956,2.222381405090137,16595108.645799998
34,1995,2.2610424356450225,3.738984958416314,2.217511307067569,17077317.8355
34,1996,2.2572368233089026,3.735542128528817,2.219589209651474,16712987.8792
34,1997,2.2638015294476257,3.7297558083568316,2.2178741460147116,16976344.317300003
34,1998,2.2674541975605704,3.7242903733830777,2.223366241725216,17753921.2654
34,1999,2.2499001886402445,3.738651938265313,2.198813302925493,18180349.4547
34,2000,2.263653623441424,3.7344752510881145,2.2171728382985516,18692906.1675
34,2001,2.277346431686103,3.7331231762278967,2.231836419521106,20051543.233799998
34,2002,2.2570055256507326,3.7300909256522754,2.202766601704396,20657030.5853
34,2003,2.2582041061415885,3.7507018253776376,2.1700117366784495,19147691.009399995
34,2004,2.2516772443518946,3.749557323832789,2.1713783511977947,19067064.005400002
34,2005,2.232989158429801,3.7493118874063747,2.1509384807289567,19723963.2892
34,2006,2.2495140443889943,3.7448548205562977,2.175580405557716,20379540.5949
34,2007,2.25482789662289,3.747100748392482,2.175449878310683,20356152.116400003
34,2008,2.254052698687433,3.7384380690363863,2.166282855668987,20292657.4646
34,2009,2.249401189621501,3.7428028175471075,2.16912435075327,19654082.5935
34,2010,2.2585971163195917,3.737507110308094,2.17735909376164,19451105.6164
34,2011,2.257076079423587,3.751883442836664,2.1699483569972484,18903137.2484
34,2012,2.25767139607643,3.763035418786646,2.1743470763107395,19984527.7717
34,2013,2.2580617541866617,3.7535076405641443,2.16914154108593,19320473.0863
34,2014,2.277005188276708,3.7498936652560007,2.18610141323876,20153078.5406
34,2015,2.259997198948914,3.7549690097743937,2.1741396970535747,22494414.5513
34,2016,2.2390391178439515,3.756880265896271,2.1603029118536017,22477608.4589
34,2017,2.2636479176187674,3.750849990742117,2.1798031064039933,22356134.6712
34,2018,2.2507630435915593,3.7506636520943326,2.1569288494005496,22757069.9096
34,2019,2.238184975099841,3.7495241916087694,2.1529050336650712,22895893.308900002
34,2020,2.243922818058685,3.767543732006802,2.1616190951521608,22158365.4012
34,2021,2.248015422622783,3.766936469824959,2.1709246226020795,23082130.660600003
34,2022,2.260319008577637,3.767630481652539,2.1747258631300963,24524334.0524
34,2023,2.248984966990992,3.759104299055247,2.1775046087348056,25877291.077300005
34,2024,2.2504502944006273,3.7690517749346295,2.1799719557804065,26461208.843799997
34,2025,2.250192982726315,3.7654979577040613,2.1764208716680113,24471468.6541
34,2026,2.2419382336230345,3.767089744069998,2.1756191530118203,4256653.9713
35,1977,2.2658062515136166,3.7423677924730647,2.3680093300083946,911518.72
35,1978,2.2692365235597025,3.7416403529005144,2.350317732556288,1981444.46
35,1979,2.2527874248543593,3.74822775977901,2.3423985014112407,2065111.87
35,1980,2.2521072989047415,3.740669782550298,2.336899467897412,2210777.7199999997
35,1981,2.255887735784682,3.738728205660972,2.316226469521393,2222731.6100000003
35,1982,2.2491840920288575,3.7314416424284422,2.3249534174545716,2331768.7700000005
35,1983,2.2521324310765753,3.7220959043600543,2.3283012513180648,2126973.92
35,1984,2.261285685431303,3.7345746131763025,2.3200570934386784,2306005.5700000003
35,1985,2.2769177973901584,3.7325358219172085,2.343627924783866,2345762.79
35,1986,2.2732969682373225,3.72962295180913,2.324762874850223,2418897.38
35,1987,2.2635384117529798,3.7224693586502795,2.3271742921736767,2404311.4699999997
35,1988,2.260119753544698,3.7151720787647533,2.343701615425536,2475837.08
35,1989,2.2600850246209783,3.723491060197918,2.3278490315950737,2375207.37
35,1990,2.2502942816603437,3.7160178608078325,2.3079852498395055,2415737.6399999997
35,1991,2.24553955937898,3.721803042798137,2.2992413109076195,2544596.86
35,1992,2.2644366800116686,3.6773719997892433,2.2759435220172115,2759022.42
35,1993,2.227979161977861,3.6986785823303636,2.231237705661188,3002041.87
35,1994,2.2551909147127946,3.712951787321966,2.2700744197236697,3064583.5439
35,1995,2.2809299554882774,3.7046784736739653,2.2689940172297156,3104234.5348
35,1996,2.262716173874254,3.6972408475486516,2.2833086830311315,3201831.6722999997
35,1997,2.2638319966610294,3.7086287076052824,2.295609678117704,3247153.3607
35,1998,2.259152206560832,3.7138841766826194,2.2822702263252737,3439699.2106999997
35,1999,2.261369160320586,3.7152053933016544,2.268980610072469,3305426.8077
35,2000,2.261154659902182,3.703564782463597,2.2728833141369673,3406242.5743
35,2001,2.265104801413933,3.708121869699874,2.2808014790114997,3308424.5285
35,2002,2.258351284785694,3.68265716653566,2.2796751470622127,3404114.7349000005
35,2003,2.253086908088879,3.698708587279029,2.229371082048781,3387828.1925
35,2004,2.2386896036992656,3.7307555687692484,2.223696914157595,3739942.0915
35,2005,2.280547322714174,3.729857964436125,2.267743991767146,3883327.1935
35,2006,2.26706962057683,3.7364043045982878,2.2572831271066165,3800723.4580999995
35,2007,2.263650439778726,3.7351951482661736,2.2660719410826933,3952728.2675
35,2008,2.263190774764591,3.718007680251624,2.264956899772051,3972916.8985
35,2009,2.2640862019855286,3.710845026891738,2.257052882887152,3682645.484
35,2010,2.27663445588742,3.7190321512512075,2.2425254059427955,3907577.7043000003
35,2011,2.2569713766549926,3.7374499447930702,2.2533294620407824,4142764.2353
35,2012,2.252417842946557,3.7459448379683464,2.2414278366991227,4391862.5912999995
35,2013,2.229910235632928,3.7635477920062987,2.2193632019694314,4021613.8273
35,2014,2.271252650713366,3.7456745604406496,2.2311174731622736,3871839.194
35,2015,2.2769447661659608,3.7068878955257496,2.240243125446007,3707933.4310000003
35,2016,2.2647071134577157,3.7267045071177627,2.237126079436273,3733740.551
35,2017,2.2836671291433404,3.723760429210644,2.2533620761506543,3813998.4584
35,2018,2.272680010287209,3.732907172101915,2.243644537764891,4058034.8791
35,2019,2.2754363930470274,3.7147281232399667,2.2417542649875815,3937904.6795
35,2020,2.267758031856431,3.72621863875148,2.250555560848524,4155079.8297999995
35,2021,2.2705216800757104,3.7193897463233996,2.2600235551617174,3923051.9250000007
35,2022,2.2774546304693533,3.7333320977734026,2.2615968636684043,4187692.6656
35,2023,2.269879908537155,3.733650943623206,2.2537832116190955,4382390.5773
35,2024,2.2661114770307704,3.7171523729470763,2.2276110507141027,4497874.9907
35,2025,2.2472710092286374,3.7254429540691225,2.2251878950088173,3953834.8357
35,2026,2.2333696155868643,3.7322718748055244,2.20767351714129,742612.1123
36,1976,2.250997418423944,3.7418445572586227,2.2587305957130264,24845641.75
36,1977,2.250552275786689,3.741891448524064,2.2501423986526685,25167819.16
36,1978,2.251384737652149,3.7455881210942934,2.252635198349902,26927280.389999997
36,1979,2.251557840411729,3.7510551630881093,2.2521810386131698,27888330.52
36,1980,2.256763033626512,3.7492416046329144,2.253739503269608,27952632.130000003
36,1981,2.2610114883377683,3.7494019464204653,2.261215045446687,28851345.21
36,1982,2.25719390676523,3.7581400039159507,2.2626433677993365,28700251.659999996
36,1983,2.2710937816428127,3.7314987229105907,2.2581150841473585,26743284.87
36,1984,2.267169750221409,3.728157132452725,2.2577050569162282,28064639.57
36,1985,2.251853969695994,3.734602177520295,2.2411484847707297,29606734.769999996
36,1986,2.247434438733741,3.735376133211569,2.2328500903553667,30036492.0
36,1987,2.2517715710468313,3.7320979765357087,2.233617600020749,31128516.089999996
36,1988,2.2492852287768614,3.73449678073082,2.229877906009308,32416783.020000003
36,1989,2.2465020381703136,3.7386030947937345,2.227305797496863,33286370.919999998
36,1990,2.2440620642457545,3.7351955816256335,2.229151790766979,33520691.730000004
36,1991,2.254858094609638,3.728125241014481,2.2379047683189723,33102231.260000005
36,1992,2.268956991728842,3.709823745779166,2.239229101367638,33725350.11
36,1993,2.2582172384323136,3.709893110350189,2.222113479431231,33663737.589999996
36,1994,2.254156547897033,3.713207081303339,2.2216485730847833,33677552.6017
36,1995,2.2552754434507047,3.715503064709922,2.2251244476259853,34036776.6451
36,1996,2.2586098223957802,3.717698830407091,2.2258066829206298,34632224.3256
36,1997,2.2583988201245693,3.712956431098966,2.2249935572838977,35322383.055099994
36,1998,2.2546740702500188,3.720078721923654,2.2137581111747138,35520522.7782
36,1999,2.2467978367341352,3.709171775759879,2.2171313560682155,37263464.0478
36,2000,2.2522996702075444,3.7162637019889657,2.223985103289812,37787792.77329999
36,2001,2.2510952027205975,3.712447178130248,2.2147926462875605,38940293.4259
36,2002,2.2510627195099677,3.7095944969584114,2.2124559467555844,39696498.3095
36,2003,2.232778220528279,3.730778113434083,2.1762885686135367,38632266.3216
36,2004,2.2384483038900154,3.727198288061551,2.162921147578764,38134703.71430001
36,2005,2.2433834390682303,3.7185393403759806,2.1861957266849514,38167437.08930001
36,2006,2.240380163399373,3.7322605950807284,2.188059332816286,39305307.555099994
36,2007,2.247102693847102,3.7283819776072433,2.1831425118471817,39408122.0037
36,2008,2.2428411099085754,3.733286234501116,2.176170857578605,40621577.1318
36,2009,2.2469082944616092,3.724954957779712,2.1700252213309086,39912038.1228
36,2010,2.2426970134222755,3.7213450711905796,2.166024353436379,39840922.2099
36,2011,2.223616581075398,3.738227696799496,2.1546047993836135,41259032.016100004
36,2012,2.249150191599545,3.735691767447894,2.1727029026996894,40352119.274299994
36,2013,2.255317122302324,3.7317197297856306,2.1766407020653005,42170319.5151
36,2014,2.2448927944365713,3.7409452398401277,2.164277591186057,43663186.2336
36,2015,2.2397162907687793,3.7401115002656335,2.1715557299600454,44244120.1694
36,2016,2.237276380109947,3.744195064522446,2.166300638973574,45678322.1801
36,2017,2.2391306124281543,3.743079861318224,2.1707518563504773,45431894.5346
36,2018,2.24128095002071,3.745010668274211,2.1760009392809763,46722885.2756
36,2019,2.2400345443954075,3.7394277486588368,2.1632235458638727,46481443.2019
36,2020,2.237296283205332,3.7418251115466767,2.1587659210527255,45739712.65189999
36,2021,2.226278623005386,3.7439067664941152,2.158916452101081,45422098.2825
36,2022,2.241161554316216,3.7415432110376057,2.176893953326045,48946875.0946
36,2023,2.24140466308363,3.7297887230300644,2.1744741242294188,50835183.092199996
36,2024,2.2343582651006204,3.7360539436745035,2.1795470684284246,50401871.2704
36,2025,2.2339662002112513,3.756292863989653,2.1698696910801964,46296130.278400004
36,2026,2.2501432150945355,3.722153729134917,2.2056536729690923,8244316.774
37,1976,2.2477805846168186,3.7459128406655453,2.2965483547064536,19500215.080000002
37,1977,2.25147242492357,3.7434457239470995,2.2971208333046453,13653693.04
37,1978,2.2509331241958996,3.728525591338984,2.3272356669488246,7658737.19
37,1979,2.2503708448410347,3.7269670184848707,2.3338542818799795,7909063.75
37,1980,2.2446916872185207,3.739821001771192,2.325529481181733,8601731.33
37,1981,2.243021765836109,3.754687533874887,2.3068757110654294,9171750.610000001
37,1982,2.2431603580839314,3.7394370144078324,2.308378625646744,9643106.29
37,1983,2.2643037772758494,3.7235079727924094,2.3302027661304514,7987733.140000001
37,1984,2.2639311316840423,3.712029717959976,2.317141154301347,8157331.449999999
37,1985,2.255446361762596,3.7184424995289507,2.2906389970849603,8738114.85
37,1986,2.252205234356091,3.7171294944185584,2.2841690496846163,8934384.9
37,1987,2.2630595071072555,3.7106997625417373,2.2968255640461868,9233357.44
37,1988,2.257793141171865,3.710932807960199,2.2908465759541583,9783736.87
37,1989,2.2543804494036395,3.713741368595121,2.286176085721522,10531662.25
37,1990,2.254760885869117,3.720472161692048,2.2753442446113183,10304824.68
37,1991,2.2669710454914913,3.7156357622065777,2.285093781116142,10473915.879999999
37,1992,2.3002409751685278,3.6777625501356304,2.304101187419119,10855147.52
37,1993,2.276892116874579,3.702494054205123,2.2897519603457632,11057764.41
37,1994,2.273290450115254,3.7076224632506873,2.280510605933796,12140085.2795
37,1995,2.267042019055667,3.7167405789853474,2.261486854409243,12280412.623300001
37,1996,2.2708604162346306,3.6995036111617474,2.2677438332446243,13073312.1554
37,1997,2.2791600165498416,3.6943007016781695,2.2809056547562716,13457969.5854
37,1998,2.2608729181917906,3.7112824850011576,2.2642809238535753,13888513.495299999
37,1999,2.262273368907989,3.703238954564264,2.2656905532643057,14325044.7489
37,2000,2.265954322521642,3.6954557877943315,2.2618547843037504,15122034.451299999
37,2001,2.278231972065511,3.6988424177813837,2.2707765301667395,15246401.715799998
37,2002,2.258789020582274,3.7086143098136195,2.2531318679317205,14586066.527000003
37,2003,2.2696412817624556,3.7005465899361436,2.2381961880436236,15589448.822999999
37,2004,2.269800221943504,3.7075681221192633,2.2205616355998807,15671905.565200001
37,2005,2.274732738103192,3.701114676240709,2.2319429394065327,15696756.3465
37,2006,2.273840006201224,3.7055229044668367,2.237805233713076,16441938.3794
37,2007,2.273104298496333,3.701918547778215,2.2416063593647397,18141644.0546
37,2008,2.2616268207285604,3.718157916763328,2.222703659400263,17837137.8741
37,2009,2.2648060324815984,3.7256399233869746,2.216437900246294,18131000.466500003
37,2010,2.2760696820981243,3.7094133324897784,2.2479099316429405,18415617.6247
37,2011,2.2417251014935338,3.7333508588440814,2.20302936933757,18059684.0911
37,2012,2.2732459660695583,3.715064396015425,2.231760362132049,18827344.833800003
37,2013,2.271746972770465,3.7242149032786322,2.2327516763783786,18274555.0002
37,2014,2.272884661229815,3.718235236781309,2.2333171943438144,18655688.7227
37,2015,2.2721964208415386,3.7202656584629117,2.2085257504414497,19247557.4916
37,2016,2.274920608295703,3.727740985304148,2.22459839111217,20568630.5282
37,2017,2.2607347740922004,3.744880437308457,2.2205269933896075,21215929.0019
37,2018,2.274813507199112,3.737831732960362,2.2298885338970953,22569954.5294
37,2019,2.2717823157383017,3.7244214345008584,2.2080354420235655,22307325.2804
37,2020,2.280724817046578,3.730234483910758,2.2202806609509342,21471017.5082
37,2021,2.2816946601715022,3.723518044456621,2.236030527867244,23607324.82
37,2022,2.267891943681771,3.731756775196303,2.224890013973994,24347471.961400002
37,2023,2.275177125633493,3.7387239606339797,2.216657437594981,23899938.2473
37,2024,2.2716310592178264,3.747903981593826,2.2116966206637354,25179118.9918
37,2025,2.271372310318338,3.753615185066583,2.225189126460085,23121821.5607
37,2026,2.294672242819753,3.757665781514578,2.240599990074832,4339026.0462
38,1977,2.374259422637077,3.7133434541355936,2.6730615953593446,654175.45
38,1978,2.3694259267336006,3.71206394495858,2.6485738177566205,1349181.65
38,1979,2.3398464623763213,3.7317022722718654,2.600724753584398,1377887.16
38,1980,2.37093884336767,3.722370288051982,2.666762684026896,1400333.8600000003
38,1981,2.3772364145178844,3.720686999829177,2.6458453227743095,1456473.35
38,1982,2.3672174108406265,3.711730929206666,2.624148380815261,1442693.98
38,1983,2.3875268459734333,3.7093115622490296,2.6600480657994034,1358709.79
38,1984,2.370656446071349,3.711700484830859,2.6623644334543086,1363859.38
38,1985,2.3749938784882443,3.70191835126245,2.621996479643455,1287238.53
38,1986,2.376283735796559,3.696008890181833,2.620041942283602,1286836.4
38,1987,2.361247031300233,3.701641232774078,2.592668934783429,1340619.2099999997
38,1988,2.347993093538432,3.6994177468859966,2.543256203328461,1394645.92
38,1989,2.3402001708928832,3.699969096336146,2.5269190707363434,1361504.04
38,1990,2.3238979685823726,3.70423044756922,2.5146719123675654,1324828.71
38,1991,2.3310302910921252,3.706287702280318,2.519155875057118,1309169.06
38,1992,2.3584873468895653,3.6814024694218017,2.5369075597584785,1301539.74
38,1993,2.357012327302296,3.6763225487586673,2.5258185871703525,1305253.67
38,1994,2.362505953477226,3.689858203437194,2.545855581733965,1402862.0721
38,1995,2.356759409565604,3.6924631776410237,2.5252148686801594,1369592.8969
38,1996,2.3652276472859897,3.6969838159248853,2.546780275878947,1456484.1815
38,1997,2.376111645200748,3.692846255573844,2.5625177679795947,1490823.7915999999
38,1998,2.3603066571469307,3.683932956277697,2.5240732571996505,1485597.1883
38,1999,2.334349303189499,3.6916890445570716,2.474873165695833,1465784.6365
38,2000,2.3221177752635365,3.6978754022420963,2.432197456118683,1469937.0133000002
38,2001,2.3317372163336794,3.6808241627110294,2.4445882131291268,1473611.0799999998
38,2002,2.3312932832813247,3.677860979438027,2.445036187533247,1539119.2554000001
38,2003,2.3399554032413525,3.692814595474016,2.4344432746267524,1406678.0644
38,2004,2.3345765226801385,3.70000280217383,2.4388267138182256,1443828.7909
38,2005,2.328604748726073,3.720819244920844,2.419173009038203,1539084.8393
38,2006,2.3288604375830406,3.712640653522154,2.3931474887467257,1590813.2781000002
38,2007,2.331848715220129,3.6940686731330423,2.3949424401547565,1505723.0757
38,2008,2.328611320644992,3.695892551204495,2.4072354647709284,1554491.7963
38,2009,2.322578592686078,3.701489486229356,2.3852561755762722,1529577.6884
38,2010,2.339791607548737,3.7048276451147815,2.3746646150075468,1564909.0140999998
38,2011,2.3268656135248116,3.721394999788743,2.370605398092341,1614013.2903
38,2012,2.323610755102172,3.721729891392937,2.3732640523154984,1784738.3913
38,2013,2.3212330530841707,3.7172142235217436,2.3967688025145013,1820144.9818
38,2014,2.3204265641089723,3.68571867982267,2.397517847644234,1806440.4489
38,2015,2.327611916673876,3.7036461815378425,2.382722426123377,1782977.5854
38,2016,2.327815859899608,3.706037267138694,2.3790678525453357,1850302.1557
38,2017,2.323393625758588,3.7024000006751887,2.3582780366150717,1901539.7245999998
38,2018,2.3026142513068524,3.7125476459406843,2.335597336132448,1715185.6935999999
38,2019,2.2788190015455227,3.737776891653508,2.308578425017213,1836340.6049
38,2020,2.301831159476868,3.7267755056610836,2.320790066627856,1847478.1297
38,2021,2.29303539396589,3.7035379776920214,2.326673532217756,1818305.5714
38,2022,2.304829275101299,3.718352969286741,2.3407936434603775,1988096.1072
38,2023,2.311096716397651,3.7257993078884377,2.34022472549407,2102598.2807
38,2024,2.3143303759726193,3.7237307966879074,2.3212847209049325,2013928.6894
38,2025,2.2744653362249485,3.7328028609903217,2.2889985967271493,1861306.2981
38,2026,2.2531786119646946,3.735955528924917,2.307743482611378,369381.7971
39,1976,2.2662146119142794,3.7372484621745135,2.2967706426546135,14069157.950000001
39,1977,2.2532749345290135,3.740943785021541,2.2880274773981206,14362776.010000002
39,1978,2.2648369088129017,3.73495628898043,2.2966373100410427,14351581.159999998
39,1979,2.2628729133613033,3.735269947142406,2.2893144702537267,15413287.56
39,1980,2.264749885861303,3.7399479434526373,2.2909588597798787,16105841.870000001
39,1981,2.270268615806438,3.7426196744113125,2.289846465294543,16026002.18
39,1982,2.2654242183450393,3.7541748659467298,2.2808260823120645,15979334.08
39,1983,2.282879632137639,3.732249257667364,2.293416503574478,14814879.24
39,1984,2.282706776979863,3.7312461733065203,2.282487010665721,14998317.520000001
39,1985,2.281654105361529,3.72594759737707,2.284895786577011,15649497.52
39,1986,2.273315086372726,3.7304126979390957,2.2775506767318996,16037592.89
39,1987,2.271321851855864,3.7335182961544935,2.277688756367073,16005780.63
39,1988,2.273923039896294,3.732551838017519,2.281167148003475,16808046.520000003
39,1989,2.2689290175960557,3.7380929562277707,2.2790421336304134,17679666.06
39,1990,2.2745933732753842,3.7312499203810816,2.275481339725739,17669719.84
39,1991,2.282687446696281,3.724529347710416,2.2746904628197524,18237087.96
39,1992,2.2988344960853992,3.709226556409445,2.2873610506910262,18803619.299999997
39,1993,2.2870630627656334,3.7144787045583603,2.2712675088393484,18837566.22
39,1994,2.289493696824998,3.7117167021446225,2.26834856006023,19322093.598500002
39,1995,2.283426021417812,3.709099005157025,2.267451250546976,19629102.4477
39,1996,2.2831769477879913,3.721078269696871,2.274400073333498,20395527.8703
39,1997,2.296851544616446,3.7084811782634124,2.2678987012461946,21296259.813699998
39,1998,2.2947960337755613,3.7125955124713435,2.26592996146173,21719473.3146
39,1999,2.2752500281405426,3.7206277495714626,2.2489385937526967,22620532.2414
39,2000,2.271454185071386,3.71834685826551,2.2391841155207612,22956271.691800002
39,2001,2.2722584837226703,3.706928125933934,2.2415247728340026,23812915.4115
39,2002,2.2802312717130064,3.717423966855574,2.247693378975629,23520425.3697
39,2003,2.2785623363100953,3.7328556680633023,2.2242265121136215,21324309.243499998
39,2004,2.282952558755725,3.7190136943325136,2.2318874756698763,21622427.123000003
39,2005,2.279141018790584,3.721897605724812,2.230748340325356,21169892.2734
39,2006,2.2958146487261195,3.7217832593924216,2.2372212350231813,22458403.6707
39,2007,2.284933220388241,3.7170858584533275,2.2388827306732098,22886514.2894
39,2008,2.282383056063508,3.7285796385224614,2.230768049465717,22713926.6595
39,2009,2.2849631224620555,3.717071122572948,2.2241867390450762,21373455.9937
39,2010,2.290176260905554,3.7088210408475017,2.251092906584591,21071852.636699997
39,2011,2.2795602498665355,3.7163596273579413,2.2405339213473465,21213349.647600003
39,2012,2.2853637958329176,3.7212586045328586,2.2461747612731235,21711577.9882
39,2013,2.2860624798940155,3.733311281403159,2.2375799048959726,21897725.7311
39,2014,2.280191849284288,3.735605450050698,2.223345233391109,23122212.8138
39,2015,2.2907680698131325,3.724706017356663,2.227517668293194,23945338.8064
39,2016,2.28624778026072,3.737679239234262,2.2332075548873056,24418772.9535
39,2017,2.2840774798093393,3.7242763303725086,2.2335495221802297,24771534.2633
39,2018,2.2681900308353047,3.741105114835546,2.2157728594463286,25441627.6566
39,2019,2.2857012740546874,3.741700502937575,2.2263237566614795,27229471.2632
39,2020,2.2827766246576964,3.7356691400960416,2.2411084848741925,26332246.9486
39,2021,2.277716689327416,3.7270248841437486,2.225257879062534,25609953.125
39,2022,2.276686321372095,3.734268009805227,2.242330940238588,26970768.356799997
39,2023,2.27374040849508,3.743861076868552,2.2277914911200734,29337512.214500003
39,2024,2.260844442267716,3.755983461779214,2.2225754025145337,29017074.7625
39,2025,2.2684821204204053,3.740690894350414,2.206212297116436,25712322.7319
39,2026,2.251390090822346,3.725408451199613,2.2009269501870294,4633039.8303
40,1976,2.2852767144120265,3.7295406129162503,2.3779585743607137,6308613.76
40,1977,2.271036488750416,3.734965089272901,2.3734200757673296,5641835.54
40,1978,2.2655083510403844,3.738584230925605,2.302072379255871,4475867.7
40,1979,2.263840451980964,3.739489686859598,2.296092696323699,4788864.3
40,1980,2.284509519794151,3.729778087281699,2.3585551153887856,4916837.459999999
40,1981,2.278053103039669,3.7329553411499137,2.3409528205086745,5162343.48
40,1982,2.278454148847041,3.731768657077395,2.334080747520798,5362672.41
40,1983,2.3003838023291125,3.7022436119250233,2.361142208286529,4963164.899999999
40,1984,2.2934248012657967,3.6999837627041083,2.3376495739124423,5054337.29
40,1985,2.281220063700968,3.7176717947964764,2.301579270954387,4908901.780000001
40,1986,2.283898765360519,3.7156798271265274,2.323418810781054,5287625.42
40,1987,2.2631929471913756,3.7244702056216856,2.2906431425367195,5242219.27
40,1988,2.276270947559649,3.715198507458742,2.3027489750364323,5014045.09
40,1989,2.244606378299837,3.7206340648950262,2.2574548003831767,5204311.43
40,1990,2.2704876063039183,3.7202907394835725,2.2783996867919285,5317250.83
40,1991,2.2835048973136343,3.7167510559974093,2.3191849400140567,5620704.659999999
40,1992,2.299056052968387,3.6983282908532438,2.345001158457196,5494893.390000001
40,1993,2.279791794012681,3.70548590733047,2.311389414592424,5528286.72
40,1994,2.28189144394484,3.6882404256080927,2.2976966157658225,5678332.0371
40,1995,2.2792298583783905,3.6858833864364806,2.2975283947485434,5936371.5071
40,1996,2.2906638640399635,3.6970242291771847,2.321883747979952,5981791.6411
40,1997,2.2810626626960104,3.705492447688031,2.3043524167434515,6109464.1183
40,1998,2.2900811244251993,3.7015108433763615,2.292268970477404,6206333.28
40,1999,2.2756779968933096,3.7161819797452753,2.2807635642339394,6431425.4885
40,2000,2.284920343889466,3.701895063748628,2.3171583589877396,6364577.9528
40,2001,2.27828077251469,3.6999292261066303,2.2999584874694197,6438797.1896
40,2002,2.265588117485317,3.698862521519275,2.278392873825964,6617761.5446999995
40,2003,2.278683595872893,3.6983675428644354,2.258998590613845,6468647.4757
40,2004,2.288275112586602,3.7013243715900277,2.2398177105275656,6443698.5413
40,2005,2.2980900118504115,3.7006815169650786,2.267509063817013,6658339.465899999
40,2006,2.279529653653121,3.7076607357384117,2.248381504706393,6332020.8756
40,2007,2.266557025159368,3.7168523433686187,2.2302498540355615,6666399.5985
40,2008,2.2913356173469754,3.7075724958791954,2.26777238279098,6982489.7423
40,2009,2.3009580748401706,3.6845899920871177,2.263834492930054,7024432.754299999
40,2010,2.277700799013912,3.698015746476723,2.2474008003729806,6731941.519099999
40,2011,2.279422027481977,3.7098058600044674,2.26925377894074,6964124.012
40,2012,2.273966684985834,3.719982929132459,2.269172014830583,7424919.623
40,2013,2.29443845270687,3.703487834704492,2.2711651445176533,7116621.382900001
40,2014,2.276681580361625,3.7236595370566414,2.2655517661711126,7020721.162599999
40,2015,2.2960530147868425,3.72376526023729,2.2974734667451835,7727535.953299999
40,2016,2.2865161688943045,3.7212742018027747,2.251881272819489,7698106.0507000005
40,2017,2.2853176476287587,3.7150341612854056,2.256029250048382,8033763.056299999
40,2018,2.287754991894902,3.7145606191321963,2.259672885374154,7677812.8173
40,2019,2.2888289578911447,3.7136292384997103,2.2679970356093833,8031957.894100001
40,2020,2.2914403179191334,3.7137581419146026,2.2977856269022072,7959046.535800001
40,2021,2.304943353952333,3.698089203606708,2.299983975890795,7821059.2598
40,2022,2.2758017056018645,3.706588322369713,2.2682077928782065,8668380.818599999
40,2023,2.270268103648814,3.7246988555899594,2.249625903106494,8948240.371000001
40,2024,2.2613395039510147,3.731178926262447,2.2340347397644207,8979518.3541
40,2025,2.2856437139666936,3.707517715777314,2.2498502481771183,7905792.6469
40,2026,2.306159403337561,3.7095759567757836,2.2949119619398366,1608771.3372
41,1977,2.26158610719351,3.725645485446317,2.319925884983348,1776168.87
41,1978,2.2574351311857668,3.720260928227615,2.331519948559148,3718677.1799999997
41,1979,2.2599637425940142,3.7090225612383874,2.3439093184992204,3811268.6399999997
41,1980,2.249608355653455,3.7411884144199927,2.3162491750718526,4415466.37
41,1981,2.2533044269315985,3.7485780134531126,2.3268481808606705,4895135.409999999
41,1982,2.258145519824075,3.732080421364173,2.3340320014986005,4891841.3100000005
41,1983,2.296219845905874,3.7038085633174025,2.3703205643402123,4093998.1
41,1984,2.2606667265824947,3.729406319952625,2.3358099845564344,4026441.36
41,1985,2.264955942941013,3.7246411139905944,2.321955619217432,4263783.800000001
41,1986,2.246502643673622,3.7085799526077925,2.280353208793057,4396257.01
41,1987,2.2686934265360374,3.7073923429113362,2.298020234999073,4476142.48
41,1988,2.2604789519590587,3.7215080115631296,2.293436654942446,4787426.98
41,1989,2.2479524007557976,3.7287703224538515,2.2944500878739706,5002021.26
41,1990,2.257218192086868,3.7289611427446987,2.3139856943415724,5174974.319999999
41,1991,2.26024865489668,3.734946727154333,2.2997571115980326,5574123.83
41,1992,2.271371457740149,3.7160467491581524,2.2730515318821305,5688691.45
41,1993,2.2478943321609712,3.7086158026468565,2.2540598546648734,6010891.920000001
41,1994,2.2632852533871985,3.7194195052200816,2.279234534687955,6515471.4409
41,1995,2.271068769395707,3.7043484523246017,2.2833515354336607,6481421.3971
41,1996,2.2831142370120334,3.699028600863915,2.2966098534879547,6297192.9431
41,1997,2.2664007561368993,3.70063626260394,2.2925870933970645,6341865.229900001
41,1998,2.248415005595085,3.7169371986514514,2.258013768558382,6656902.494999999
41,1999,2.2527283142669146,3.7234172207812146,2.2645270006100615,7067129.3023
41,2000,2.270288075774708,3.71086028023578,2.272702206569233,7698629.778100001
41,2001,2.2794612968767702,3.700504803894774,2.2819912155534365,7717013.619
41,2002,2.2643340029765544,3.69717792761271,2.2557586480950493,7311095.2394
41,2003,2.2773440667308744,3.7135317816650097,2.2356267987172114,6455173.0115
41,2004,2.278062813155467,3.7161539752843207,2.2657962438189894,7050351.8624
41,2005,2.2740471660174624,3.716644124807809,2.2677264843494687,7413534.680400001
41,2006,2.292975774129247,3.7032510164556696,2.285042592256719,7752722.4018
41,2007,2.279238338809727,3.7077520692783668,2.2591995424851925,7850540.9026999995
41,2008,2.295374018793135,3.709689323121569,2.2718752591537097,8402419.139899999
41,2009,2.295885321137351,3.7173501314016826,2.2659325427842614,8037771.8223
41,2010,2.2736182396000384,3.7179239428108906,2.253395036889465,7937059.4224
41,2011,2.2825626292328747,3.7137038081815055,2.2647356743973823,8455818.1356
41,2012,2.2913731962563473,3.7180423923398607,2.268978623266039,8631531.378600001
41,2013,2.283101743640503,3.7335637413089313,2.25724225607447,7980619.4831
41,2014,2.2755490468404247,3.747432554632592,2.2293060108559675,8144911.6345
41,2015,2.275259446009987,3.7298404146805484,2.2593732835998384,8910871.7426
41,2016,2.2575507671273676,3.7386916365841962,2.233138807758501,9265215.9747
41,2017,2.270331081169301,3.7350640636773376,2.247636293975286,10100034.3355
41,2018,2.2845666333686103,3.7296280203311682,2.2698985227145503,10146102.843
41,2019,2.2784973058667606,3.730327924742472,2.2499195423043057,9968736.2923
41,2020,2.26566426348442,3.735640458046129,2.2475398396195585,10815013.2046
41,2021,2.268923169891387,3.726258292910074,2.259570848216756,10658674.3871
41,2022,2.2629152377241835,3.7326974034875042,2.2572297620441817,11112829.2505
41,2023,2.266742632486805,3.736894513711999,2.253474972685639,10841800.9231
41,2024,2.2612383179584388,3.7475971625311133,2.2415344488721245,11232456.1004
41,2025,2.2714498132615493,3.7273475623924233,2.2537642653463292,10285866.0498
41,2026,2.2716328824042322,3.728590871113577,2.256195281970015,1760977.0736999998
42,1976,2.2684817620665845,3.7413458241889557,2.2934652563455216,14451209.5
42,1977,2.268693276070316,3.7364357283250187,2.294791930860734,14394255.629999999
42,1978,2.2645688631110557,3.7436937408962865,2.2826034678057066,15303163.71
42,1979,2.264154695956098,3.7496853888998243,2.276212438555804,15486905.399999999
42,1980,2.257106219197406,3.7554286417358838,2.2620627203997143,16729632.32
42,1981,2.261427406724608,3.738603797732501,2.269668017710533,16808671.220000003
42,1982,2.266114578451919,3.739717280645881,2.286715031288264,17068239.59
42,1983,2.280459034564171,3.73177954335049,2.278089266620514,15556751.64
42,1984,2.2830789886891694,3.7288855843313375,2.2774017139871017,16177479.370000001
42,1985,2.2809761563571227,3.736720892233705,2.282105912172375,17196700.93
42,1986,2.275624739674568,3.7398883385739023,2.2865022826855843,17379637.85
42,1987,2.2825937834557277,3.7245018965918235,2.2853720715600194,17263167.98
42,1988,2.277262704320697,3.730460854290748,2.2707960154559053,18097061.380000003
42,1989,2.280320032797444,3.7287608762520894,2.2734776327901107,18989114.75
42,1990,2.2844736481991474,3.72390972498238,2.2768551667878354,19370588.35
42,1991,2.276884594132328,3.7345244524332526,2.274282237918454,19636405.31
42,1992,2.2993038547643914,3.7022381901148202,2.2858727067572753,19439664.02
42,1993,2.2967333329917774,3.7049555802809278,2.2774476521956935,19342598.5
42,1994,2.2871160722847685,3.71984998004535,2.2696716221151427,20440633.349299997
42,1995,2.288599193052885,3.7164142819899144,2.2731087670868906,21259269.940700002
42,1996,2.276845336658809,3.7239833674685827,2.2397863279780474,22079224.5467
42,1997,2.2791305534994315,3.722741420529379,2.243286028311059,23528000.9461
42,1998,2.2843505520899545,3.718008164409603,2.263545880522145,23325235.207500003
42,1999,2.2769204704013304,3.7199945551864184,2.247940279334176,24305527.119299997
42,2000,2.2673386902588186,3.7318740929304237,2.237063960690767,24928729.2874
42,2001,2.26616072306745,3.7189676558443807,2.2474293284301328,26184288.6197
42,2002,2.282189637906555,3.715851517632215,2.266703803582083,26182123.5448
42,2003,2.2971281597863737,3.7306055824605506,2.242185912079631,24847472.412199996
42,2004,2.2783934219181528,3.7259767813920743,2.239572866719299,24624537.2242
42,2005,2.266834849163254,3.729288103907345,2.2164454047152646,23855667.9715
42,2006,2.280662805950469,3.729536753740722,2.225129023273828,24561509.7092
42,2007,2.280944806931387,3.719193620956669,2.2227133302760964,25523794.5285
42,2008,2.283346108848172,3.7274934050400654,2.2327003845676066,25646304.1931
42,2009,2.2892893594374026,3.722906753493778,2.2359114785274734,24891341.252200004
42,2010,2.2783491766194497,3.71888019656834,2.209174046068111,25462321.6203
42,2011,2.27925971476575,3.7249366191747044,2.230909530952075,25196306.0867
42,2012,2.293273785627176,3.7335147978969525,2.2357206705917663,26091450.9293
42,2013,2.2918509305248422,3.732901945419407,2.241104225334948,26783979.019500002
42,2014,2.2745285819841716,3.7425530029617016,2.210604372364131,26965666.9383
42,2015,2.275223409323139,3.7409503765372287,2.2019895580045414,27849406.1656
42,2016,2.272417222618272,3.743016150526514,2.2130430595366053,27050652.1251
42,2017,2.282772391293497,3.736663879191136,2.2347661513546857,28056956.1725
42,2018,2.274425373579894,3.748698355589665,2.220682832470116,29638220.2875
42,2019,2.278841148169862,3.7419433093603733,2.2307091026144525,30280832.272200003
42,2020,2.27739587737465,3.7519084039459183,2.2201120131477863,28890483.3182
42,2021,2.2860663202154714,3.7378123460705805,2.2230341796861746,29144316.9608
42,2022,2.288762050331925,3.742970571714183,2.2367664551311512,32027472.512100004
42,2023,2.279147931509508,3.730732134079473,2.2237570539969327,33462902.7478
42,2024,2.2763719360205923,3.7381253084066643,2.232308889518408,33619466.8856
42,2025,2.2770464974620883,3.744722174337342,2.2141097306944912,30598427.9957
42,2026,2.2717986130741172,3.731349817045834,2.205570211507813,5522895.2048
44,1977,2.2757984300683938,3.727706788663008,2.2714928198706943,641344.57
44,1978,2.2866485071308764,3.7504671827895724,2.28017405906956,1281289.21
44,1979,2.248773256615874,3.7462683436843536,2.2494683319006885,1432884.51
44,1980,2.2425144582137313,3.7406601467846934,2.2282013729731953,1356984.24
44,1981,2.263693030872463,3.7474699258037805,2.2639661177936454,1365606.57
44,1982,2.2637351362817975,3.7533909628927433,2.2587276189280745,1442160.15
44,1983,2.283279037806005,3.7371345529046844,2.2599701458969026,1338666.4100000001
44,1984,2.2766983746197726,3.7535624203763573,2.2627336814083163,1468999.84
44,1985,2.2744816174528935,3.7511760940713343,2.262131475365562,1562046.52
44,1986,2.274779040511669,3.7456433586293647,2.2536045497168375,1647190.97
44,1987,2.2749318403166,3.738652354440339,2.252118304644949,1724592.0
44,1988,2.250864365320449,3.7601431417601003,2.208729369137255,1842127.49
44,1989,2.2541097570047186,3.7502980413600704,2.2210041188924317,1757535.75
44,1990,2.250396732613811,3.7452805246878316,2.2260884283363533,1819608.4500000002
44,1991,2.2607947696859165,3.7405239831087957,2.2313983963883635,1799165.9400000002
44,1992,2.2823054744672406,3.716639213011825,2.25463001890352,1864384.0300000003
44,1993,2.272448058492795,3.743794112302988,2.2632624312045606,1820616.98
44,1994,2.248817925704754,3.7336273670781943,2.2402340663520652,1856440.8329
44,1995,2.264541616929353,3.7380501095670713,2.224752541213811,1901825.8828
44,1996,2.2592336599279075,3.7211321737545826,2.2303076565089994,1875980.9796999996
44,1997,2.2772688993432704,3.7210457024461734,2.248791904655551,2031387.0217
44,1998,2.297944625455911,3.7252455451412816,2.253325580815433,1960154.9891
44,1999,2.2875332010658083,3.721055599521784,2.2436159314035895,2089005.1137
44,2000,2.2652296836154036,3.714642724398891,2.240777903407517,2332864.033
44,2001,2.273732807283446,3.715589333476003,2.2316981565335503,2334553.5982999997
44,2002,2.252362570338765,3.723336188800469,2.222832844921508,2330606.4619
44,2003,2.2350376027130032,3.7413546694304687,2.1856417791945715,2135037.1202000002
44,2004,2.2418582312684605,3.7463691920855267,2.193060566027771,2169759.1547
44,2005,2.2472771903726256,3.7459932269840155,2.197410727146106,2253328.4529999997
44,2006,2.25531526603641,3.7356960451346044,2.196915553408804,2232667.1915
44,2007,2.249881365423022,3.743459414083519,2.1891471182938935,2364807.0915
44,2008,2.2547365923032507,3.7275451613061756,2.200225216802008,2265189.8277
44,2009,2.246986284840284,3.739380326276986,2.189188254025478,2232737.4714
44,2010,2.2475347252975673,3.7434615807523866,2.1946619428480467,2395674.0497
44,2011,2.2510741450790737,3.7327370537208395,2.2037406683806484,2387901.4289
44,2012,2.24846547951875,3.752648993736417,2.2025611327172756,2255782.5933000003
44,2013,2.2375347214848156,3.7571276044135726,2.1878680908283306,2374212.9017000003
44,2014,2.2422161133400498,3.7575057481362446,2.1793697682861874,2486879.7035
44,2015,2.2441454468145703,3.745174086404429,2.1921927594270127,2381058.5915
44,2016,2.2442766283088362,3.7327097273915215,2.196993166268367,2379856.7783000004
44,2017,2.251611445687239,3.734892071060757,2.2089185471347896,2714830.2702
44,2018,2.257824829368658,3.7304005158198645,2.222785423736109,2795652.8384
44,2019,2.243535010352856,3.743412097276734,2.1920415725532547,2781988.229
44,2020,2.254952722243285,3.7503146059408747,2.20564163397635,2684356.1835000003
44,2021,2.268387473396684,3.7259251753854175,2.2283628396193786,2954139.6404999997
44,2022,2.261791329017995,3.7420263283321296,2.2145595772383126,3135097.3961
44,2023,2.283148782260707,3.7490079744873626,2.2306515565636698,2797755.8137999997
44,2024,2.2616283757875624,3.7277621919712747,2.197715947692683,2961210.2981000002
44,2025,2.2365286652563854,3.75866083683835,2.2012251604237867,2767168.1509000002
44,2026,2.241638299655124,3.7490853659946457,2.181709546241956,456473.6154
45,1977,2.2541748205889034,3.7255221907152185,2.302946142880396,1581170.68
45,1978,2.2701724164420707,3.7338742169089127,2.3115623893625536,3345112.4099999997
45,1979,2.2482616960080395,3.7403684889262143,2.2853051821213444,3771014.0299999993
45,1980,2.2465789891336856,3.748536485239899,2.2858173085774425,3783321.34
45,1981,2.2477193660637664,3.73904289993002,2.2854332295842545,3651233.56
45,1982,2.2718218135370294,3.720630130853511,2.3108823317269938,3657158.3899999997
45,1983,2.2676834938457606,3.706845646545289,2.3026505960850367,3116605.67
45,1984,2.2577030877208193,3.7137274240134572,2.272174983231918,3429507.87
45,1985,2.248277673213792,3.711687305336926,2.2527170434638406,4147325.41
45,1986,2.260885984997985,3.6971280236237862,2.2663794446758363,4338472.85
45,1987,2.2541369034877836,3.7128382352340332,2.2637451526562837,4412597.199999999
45,1988,2.233731817176403,3.7151164541656754,2.271749226147688,4659491.78
45,1989,2.2458252174105735,3.708756527244445,2.2844459458511848,5089612.41
45,1990,2.274137870314274,3.709205000597726,2.288538345962769,5044095.85
45,1991,2.2857371853262416,3.7095688967814557,2.274116890895079,5262866.92
45,1992,2.314116325362784,3.684884257479552,2.300610700278367,5493666.4
45,1993,2.2971839096432394,3.6905341824427094,2.2741904338278527,5302549.14
45,1994,2.2891592605733857,3.707475825179374,2.269173447339346,5800964.5991
45,1995,2.2682602034414314,3.7070157876529426,2.2587022140700608,6068722.437899999
45,1996,2.2783027710980575,3.7019991446134637,2.2608916908142285,6053438.9244
45,1997,2.268660554729546,3.7015463935303656,2.2436908663010593,6487797.3085
45,1998,2.2535696712534192,3.7180217069982353,2.245457940875649,6690026.4892
45,1999,2.252769918357604,3.69570338319314,2.229540090514645,7127761.5419
45,2000,2.275231836130243,3.7033047260014276,2.2546932174940806,7412732.3971
45,2001,2.2728602727419163,3.711572967542723,2.258808725540942,7177705.3414
45,2002,2.262077967086551,3.7072847184901074,2.251302106595391,7421079.527600001
45,2003,2.2465713596361994,3.720612260399289,2.2281448520808675,6706470.003
45,2004,2.2750165618626914,3.702055531134731,2.2241771333173634,6881855.871700001
45,2005,2.3022558535991515,3.6929145780621626,2.2477909873425226,6960870.8199000005
45,2006,2.2902512509495296,3.6968655603696403,2.2220355683240616,7416895.727299999
45,2007,2.2959278995340515,3.688885651859166,2.246440887707993,7193514.546800001
45,2008,2.281960070877807,3.6960099534125646,2.2435504144722986,7836036.818200001
45,2009,2.299907736268599,3.697432798479905,2.266291105295872,7451070.8516999995
45,2010,2.2822241097624314,3.700348625299162,2.2506186164169395,7388944.598599999
45,2011,2.283969594024972,3.7059607958259964,2.245654605900714,7912669.571800001
45,2012,2.2680080599373293,3.7241135602051925,2.216056663999564,7825144.82
45,2013,2.261278715582338,3.7325986194847434,2.2148652339962016,8259550.7401
45,2014,2.276208894850585,3.7063272253817097,2.255807356752865,8314791.5325
45,2015,2.259006741889236,3.7160240143098817,2.2128833169139965,8819237.0286
45,2016,2.2717280141189353,3.732670887754066,2.2172180324696176,9547845.3353
45,2017,2.2719777784504274,3.7314559446737583,2.2311061503751977,9952656.1244
45,2018,2.2807219029259045,3.723114014347568,2.2352004349507673,9938636.7425
45,2019,2.3021956828073513,3.721317621698941,2.2510092848991663,10576350.9656
45,2020,2.305551324644952,3.7310185329128385,2.252104654281266,10754825.686900001
45,2021,2.288712978941288,3.7312940770207734,2.238325736034134,9764046.1177
45,2022,2.2693519293740754,3.7284172691891917,2.230139109122593,10102208.219600001
45,2023,2.281629285442864,3.7424180041048083,2.2206283694368976,11365372.6444
45,2024,2.279632229622703,3.73104338635894,2.2338890368442987,11777122.9542
45,2025,2.2588874651025606,3.730451852103444,2.20588638819327,10580904.543
45,2026,2.247783065621211,3.721987418987266,2.1978263293010265,2179938.5904
46,1977,2.376076714724604,3.702717876133276,2.6765829768538207,665745.4099999999
46,1978,2.3778720311950243,3.7029239598030435,2.6579435530252122,1343890.4599999997
46,1979,2.3688110287843016,3.7064279427950066,2.620765010286372,1337724.62
46,1980,2.3603113516551577,3.7176054568237085,2.5989319280797925,1426161.21
46,1981,2.3667277288481112,3.7123839308166744,2.6333705123575815,1438420.96
46,1982,2.3620818125918968,3.7049117123089137,2.6214302509503775,1368090.81
46,1983,2.3535662401733117,3.7019334904229826,2.588344152039344,1253152.31
46,1984,2.351524753530959,3.6929419226923836,2.5730237044450237,1250736.51
46,1985,2.3785417234783557,3.688915015393236,2.6312808028775376,1292969.9600000002
46,1986,2.3710590003939047,3.6941902822073347,2.6104974895423694,1319681.08
46,1987,2.352986149381331,3.6992193061421093,2.5852449893605227,1266749.06
46,1988,2.3566230983392686,3.699746855344938,2.587938687891477,1396115.8
46,1989,2.347654624879422,3.701030939527037,2.568845898261701,1452246.91
46,1990,2.33285200132088,3.709215682320704,2.5488340011897495,1341229.44
46,1991,2.3365678445336213,3.7116724444176765,2.5432225768817656,1371459.6600000001
46,1992,2.3597348399670923,3.6795067114173006,2.531793614941517,1393799.2000000002
46,1993,2.365375154485339,3.680166133685561,2.5355308638825784,1354124.75
46,1994,2.3652742548963657,3.673691363025645,2.529262312168088,1416346.2439
46,1995,2.353157962560752,3.6842499079966067,2.533360917658195,1541311.9027
46,1996,2.3492097606617905,3.6961457895987535,2.4778600152644614,1516155.5969
46,1997,2.3472010439219146,3.687193296389474,2.4815816652636578,1541085.9017999999
46,1998,2.3264971449067176,3.686428344369856,2.4505795111516457,1580796.2818000002
46,1999,2.330116109450124,3.696339520635906,2.4398681264022515,1623125.0277999998
46,2000,2.3300787465795145,3.6894436543196703,2.4319671072501885,1760898.5781000003
46,2001,2.3320403759195276,3.68983553488054,2.452902104258424,1803161.0244
46,2002,2.3338516035181014,3.6863148002568966,2.434706332556747,1838324.4895
46,2003,2.332253587790472,3.7047574612003005,2.3966384384542065,1674273.3795999999
46,2004,2.3474031207482606,3.692278964860455,2.421362491374421,1634114.3161
46,2005,2.3633485745191423,3.693503418376795,2.4404962504320253,1701029.0923
46,2006,2.3536519096683874,3.6913601478611135,2.45819767431726,1763679.5608999997
46,2007,2.3415925030949327,3.709960594026571,2.4136540159354616,1816886.9568000003
46,2008,2.350472858710222,3.697449360621981,2.4088383213574374,1838489.1386
46,2009,2.3422196686569543,3.6961037643734094,2.4212463460597395,1826294.6607000001
46,2010,2.3399674343791768,3.7002476923550973,2.4015661809138784,1782311.472
46,2011,2.3378428715859987,3.7030488090377913,2.392232739799771,1853318.4172
46,2012,2.3378283158328568,3.7067218852570254,2.4001377376402937,1784807.7103999997
46,2013,2.3437799460770976,3.7028396880055476,2.403142737139227,1873145.4796
46,2014,2.3437013340509676,3.6991119346055448,2.39671548055022,1928000.9703
46,2015,2.3218922348593267,3.700475063723493,2.374561446018352,1966792.5114
46,2016,2.3266870409787885,3.704748390930387,2.38558638632236,1940024.1278
46,2017,2.311127372708909,3.722090927752135,2.342002827242624,1915871.7015
46,2018,2.3389117845759855,3.721998190256096,2.3574565392116296,1945772.0543
46,2019,2.33540138948957,3.703283309264599,2.339434570616669,2082999.5691999998
46,2020,2.3465631583170943,3.696308093395232,2.36378164445311,2056303.0081999998
46,2021,2.342903282240693,3.692556087710652,2.373440340437861,2147680.2278
46,2022,2.318875211259958,3.7180918913369,2.369104846806082,2223660.7276
46,2023,2.3316938312867643,3.7109369016018943,2.3556276211569345,2265818.4744
46,2024,2.314768571302492,3.7221026686921905,2.330084225207988,2355800.0242
46,2025,2.331636333775791,3.7091935491974257,2.3585846119426974,2206675.2636
46,2026,2.3095618592748917,3.727690027068998,2.3436676716465614,358935.5111
47,1976,2.2662138476074207,3.722969908922865,2.3470400181873834,12874771.71
47,1977,2.274879531432462,3.7243646846525,2.352607352504211,9704099.809999999
47,1978,2.2882431288216893,3.7257950030738956,2.361724823769736,5433983.92
47,1979,2.288786827378692,3.7271684703057835,2.3711516674863393,5762664.12
47,1980,2.2771339011891776,3.742602776131972,2.34745676486305,5945202.0
47,1981,2.2780866925985768,3.7375179563679453,2.349404578919642,6195475.92
47,1982,2.2821635723671316,3.7287265894392942,2.352315576453008,6137865.9
47,1983,2.2966205474740686,3.709199961880021,2.3522867216651107,5510842.48
47,1984,2.2919440400771665,3.706271262019513,2.34756862174873,5990310.33
47,1985,2.293674626198458,3.6995738458855247,2.3499956800363586,6121604.7700000005
47,1986,2.2888053952586183,3.703961619625626,2.336010708606171,5942065.35
47,1987,2.2985181267630836,3.6997279029855625,2.3453232522382335,6488601.140000001
47,1988,2.2969915771120917,3.7131306780010935,2.330151434604108,6201735.73
47,1989,2.29225133696939,3.7117012058104746,2.3206681418778192,6641770.630000001
47,1990,2.290268293742829,3.7143392604858936,2.298195523437684,7021855.970000001
47,1991,2.283797386910681,3.712126439206162,2.3085376040674968,7110444.8999999985
47,1992,2.325629189108018,3.682121662401099,2.3382176173209017,7499636.58
47,1993,2.3362525659936595,3.668430964839709,2.3383835008388125,7488770.039999999
47,1994,2.2988034039965877,3.702176178994229,2.32851278891524,8358780.043
47,1995,2.2979484080841406,3.703196309069201,2.3078651779206605,8878742.9195
47,1996,2.2570425375279206,3.7018266213773736,2.289651637260165,9357196.278299998
47,1997,2.2717893026489926,3.6943909495434153,2.2839301316516565,9841509.5535
47,1998,2.3009884524028035,3.692830540103284,2.2963802923095034,10097509.0647
47,1999,2.294077394659525,3.688233086490791,2.3000944885062444,10407959.762600001
47,2000,2.2782979183229752,3.6994858334384793,2.2626732513933923,11276240.764800001
47,2001,2.2703109031103645,3.7040017695372427,2.2520007661450445,10698097.373
47,2002,2.2735104203278063,3.690634838111388,2.267276406703377,10816943.4878
47,2003,2.2856732616492637,3.7076000324946556,2.2595540101949125,10441824.9187
47,2004,2.2832702237277753,3.691729783524915,2.244977760391332,10407639.444200002
47,2005,2.2885282399058724,3.6975726740632187,2.2576157793447105,10407163.960099999
47,2006,2.293155740550734,3.7042825718632137,2.246833181823751,10636766.218999999
47,2007,2.2968971219285113,3.7082970511023445,2.249634133687659,10617458.215599999
47,2008,2.2867425889164616,3.6998450572815402,2.234029701707805,10834203.5169
47,2009,2.2721968805352284,3.707106436178883,2.219449860540197,10979835.7513
47,2010,2.2798378131685944,3.6919114474918295,2.2335106087136603,11133116.3068
47,2011,2.287572565533326,3.6942738219066023,2.252809442463901,11574044.641
47,2012,2.2803573447986394,3.707748637730739,2.2451234656619707,11738658.4974
47,2013,2.2703941855775946,3.7105140300160873,2.214643213184366,11354718.1907
47,2014,2.2684297098649977,3.6990457931242466,2.2044371616299494,11513909.3206
47,2015,2.276951606267326,3.705324636362612,2.220985829795152,12402532.0299
47,2016,2.291578097615764,3.713984184076055,2.244556955856704,12905188.5548
47,2017,2.2769450338586137,3.7131162646791536,2.2199592383714157,13418041.8752
47,2018,2.2846202918273173,3.7147390808571967,2.2302084940768423,13807800.0772
47,2019,2.2662608581726627,3.721843064947326,2.2292797516617298,14301599.6118
47,2020,2.274646245871887,3.7332904174274537,2.228819731348314,14387997.9855
47,2021,2.290250878279875,3.7257772398119835,2.251349523884907,14587111.752400002
47,2022,2.2787529032603424,3.721747626948622,2.226020276671459,15532915.685999999
47,2023,2.286563707553771,3.7213223356478125,2.2329028014448378,15916840.9749
47,2024,2.2930284971921875,3.7335898919001123,2.2322642225608296,16183019.9405
47,2025,2.2881774653404414,3.7388519703678895,2.247981127220329,15229858.5378
47,2026,2.3131745668686525,3.728433173403101,2.297546779672234,2728668.1771
48,1976,2.2495618709170575,3.733553143039246,2.3075575622082023,18939352.669999998
48,1977,2.2432602115740323,3.7387761478775134,2.3013425099366676,19097541.55
48,1978,2.2440728161186208,3.7330055827195077,2.2946135556437564,20474590.84
48,1979,2.2513479777338934,3.731967786744031,2.3029669984190497,21248181.27
48,1980,2.2542127584801204,3.7329627719988827,2.2980268851008425,22736617.110000003
48,1981,2.2625998523493913,3.7299378345575045,2.2923546215107864,23185567.11
48,1982,2.259834623483464,3.737729645952794,2.2864013327450228,25478777.310000002
48,1983,2.271125049582481,3.71617485137917,2.2956125202290205,23835286.39
48,1984,2.272147138073219,3.715466329004368,2.300411984444032,25827722.84
48,1985,2.2609381326518787,3.716291865559722,2.2659857556904504,24676242.92
48,1986,2.263814093531389,3.71655367401281,2.2548327615666444,25442612.700000003
48,1987,2.2569883831393707,3.721425566002762,2.254597886234942,27099091.500000004
48,1988,2.2555383374707794,3.7233881941350737,2.257063659824997,28210898.08
48,1989,2.2380812677090436,3.7318754262327105,2.2442341557152106,28191485.020000003
48,1990,2.254936555870719,3.7162447660262226,2.2615705189876456,29264204.19
48,1991,2.264049451142655,3.712308091165337,2.2606815896529997,30004400.61
48,1992,2.283602316042082,3.6934735582000258,2.2599920488117817,30702967.5
48,1993,2.269081652931537,3.7000748356300392,2.2473526662271293,32442082.2
48,1994,2.2591642766099165,3.7081097448910465,2.250556236493814,33008163.4569
48,1995,2.2689220106242516,3.7060490185072448,2.2678713064644827,35396731.7225
48,1996,2.277445277183986,3.7014300285986312,2.2637156278505772,36252372.3819
48,1997,2.27102461306838,3.707735309184261,2.262063742701909,37587440.576900005
48,1998,2.2671659401225135,3.7128630233249886,2.2619942518559824,39260002.0192
48,1999,2.257046704088445,3.7132523290860835,2.2582742033644703,40994369.3509
48,2000,2.265591693503167,3.7091596955678,2.251605203860021,40180838.483799994
48,2001,2.2695874793626487,3.7011644065562344,2.2530346266339834,40679368.391499996
48,2002,2.2661739729804515,3.711743226337204,2.2565608205343874,41031968.3018
48,2003,2.264469025931073,3.7128756655762505,2.2167791395021355,39092948.9644
48,2004,2.2701601954924895,3.7181407779316746,2.208161564486369,40752141.6711
48,2005,2.270885022985218,3.7154997945463575,2.213452094987255,40902492.5032
48,2006,2.2737132088310137,3.716837446046306,2.21522883190285,42720830.959199995
48,2007,2.2724616191373923,3.7177980408334657,2.2152546250244405,42452964.4576
48,2008,2.2654668847862767,3.7186333315789755,2.209284759471568,43489353.936000004
48,2009,2.2646250648521464,3.7219110001707763,2.201422700464203,44658810.6966
48,2010,2.279727981555785,3.714468054255183,2.2301853373752847,44121811.714
48,2011,2.2655826214119084,3.7254908935703845,2.209730353383231,45879549.502
48,2012,2.2615732857467603,3.725702473198493,2.197927784532456,48565686.1276
48,2013,2.253162855637098,3.7339093891645705,2.1876262649729186,48974948.9895
48,2014,2.2635914596975564,3.7317505803457833,2.2068148259504357,51103938.27330001
48,2015,2.2683377087748093,3.728614576288555,2.2101846614237974,54091358.9858
48,2016,2.259650552983239,3.729652214308357,2.196004547969657,54918522.18
48,2017,2.260724747515201,3.7376785731513764,2.2034554271811286,57188538.6838
48,2018,2.2636883221823787,3.7405926867303942,2.203256357357185,58891205.144
48,2019,2.265772114132847,3.7422711570142617,2.198667956115406,60883903.6602
48,2020,2.268942144228187,3.7400678370292373,2.2009474121626837,63231832.0213
48,2021,2.2644110244953075,3.7389570606126754,2.197444362628096,63646760.335499994
48,2022,2.2656692446756224,3.727870444503579,2.21276925600042,67496699.0771
48,2023,2.2659920836856324,3.7274969169427004,2.2112441517482586,69912258.9051
48,2024,2.2646601315636463,3.737923812193847,2.2069440983465354,71328933.9872
48,2025,2.265035597406682,3.734691971182038,2.202223842696978,67803108.1706
48,2026,2.2794899540343643,3.734241800552972,2.224345941493608,12232568.3473
49,1977,2.2342714015059255,3.7307028267176,2.289005654676118,905099.1
49,1978,2.264665744198858,3.733347246342813,2.345119121517166,1919306.3599999999
49,1979,2.238365894060107,3.755180654877611,2.291162171543463,2058811.6400000001
49,1980,2.2424763382051447,3.7511532785897734,2.285379434869331,2214245.15
49,1981,2.2519406152989356,3.7534887066892892,2.282429629325849,2306736.48
49,1982,2.2494435383075047,3.7500627309536463,2.284162686092189,2334326.43
49,1983,2.2303463193252044,3.740060861084144,2.2702767004279645,2026731.8299999998
49,1984,2.243863598057875,3.7433962550664246,2.2957687643513065,2358959.67
49,1985,2.25321953090192,3.737175129445534,2.2975783483139707,2631965.42
49,1986,2.2514652554251224,3.7419169743525242,2.262792559967486,2572652.61
49,1987,2.2257610317280974,3.748891010999995,2.246967833757722,2689356.4499999997
49,1988,2.2256632673683887,3.7455641171294234,2.2566539574149256,2839957.42
49,1989,2.259435374308962,3.7284543978057294,2.2800799196969406,2949517.77
49,1990,2.247247915000553,3.740526422853808,2.2654403823889915,2801495.9899999998
49,1991,2.2456878935688387,3.7401165687108167,2.267214792679213,3083496.3
49,1992,2.277010972064196,3.719129984898091,2.2819611163209585,3106376.56
49,1993,2.2706590293599236,3.7287450864862772,2.2746540587579216,3413078.1899999995
49,1994,2.2762216453562045,3.7132620957168836,2.2904427611700617,3857386.3616999993
49,1995,2.278312450401034,3.702168015908579,2.2986489056617256,3758437.3345000003
49,1996,2.256520423782218,3.732054394555898,2.2396651872271973,3986691.0539
49,1997,2.2671840864927315,3.7113728415302067,2.243076423936793,4048548.5531
49,1998,2.2629255714968255,3.7074800310184286,2.2568850560842684,4251551.8167
49,1999,2.252152334213432,3.7193208483071385,2.2389451405050766,4538660.0150999995
49,2000,2.2521446513540173,3.7255262434140097,2.2254220536975873,4771164.3390999995
49,2001,2.257185723532614,3.713961015386204,2.2406989962764716,4688477.339400001
49,2002,2.2750511122525086,3.7141564506992695,2.2457203509983805,4451323.3453
49,2003,2.2695861217614297,3.7269405267808455,2.2126532030588013,4560815.904200001
49,2004,2.2412837897821003,3.73145059026164,2.2035648765168747,4556372.5818
49,2005,2.2634999764551322,3.7115078193081845,2.2208590723218515,4602899.1548999995
49,2006,2.2723977860039573,3.7244137843061202,2.2326867353332798,4936557.0644000005
49,2007,2.274940447473087,3.706767803485717,2.2257825124852575,5090010.1059
49,2008,2.266420102578931,3.736367107637634,2.1937439787591493,5355017.6236000005
49,2009,2.2524419465475005,3.7321474075808303,2.1974159434549465,5537621.9701000005
49,2010,2.2891188262009994,3.714001863364561,2.252710475289056,5318064.136
49,2011,2.2833052310664135,3.7071543455423,2.2449834598511353,5308787.9976
49,2012,2.253077903680161,3.730687150121746,2.2019581975147493,5361850.5252
49,2013,2.259193233398933,3.7347928527028826,2.217246575461555,5896815.7662
49,2014,2.2720927733449345,3.747692879911898,2.213226447328253,5874615.9055
49,2015,2.254143831718102,3.7286928919239353,2.2147801436188255,6337993.398499999
49,2016,2.262135258414984,3.7386099974338403,2.213689333399151,6783267.0034
49,2017,2.254379150513151,3.7430285561570433,2.208976151675259,7155519.4654
49,2018,2.2570722131005225,3.7401962869036804,2.1942666214441724,7021034.745799999
49,2019,2.275229044634796,3.7227442461310547,2.2254366787381272,7565498.4867
49,2020,2.2537357693439475,3.7338830488798296,2.2090753786921637,7488207.271300001
49,2021,2.2279407131865536,3.749666655000741,2.188598361436567,7785485.120599999
49,2022,2.241221710471488,3.7475339508528953,2.2037049070550876,8306450.6537
49,2023,2.257251768952686,3.749568479999545,2.22619311034748,9028462.1124
49,2024,2.2528221508473574,3.7373429458040555,2.220729771740923,9234436.3414
49,2025,2.2512999833631424,3.733427646368432,2.2175668276305505,8110150.4572
49,2026,2.233280316456986,3.746360612076209,2.1760477721461458,1493801.6713999999
50,1976,2.2581388643841693,3.7388620064160176,2.3117296991403533,5100447.010000001
50,1977,2.2536672650744363,3.7446786591699737,2.329523538940586,3033236.38
50,1978,2.252936979941183,3.7305963065406935,2.345217093925262,881063.84
50,1979,2.252923540427081,3.747081121078564,2.354120712695904,884755.12
50,1980,2.252377252914127,3.7522543576521263,2.3499009534964306,924598.7299999999
50,1981,2.2682958810349723,3.758562114930428,2.351573948796882,989043.77
50,1982,2.2764471315490398,3.7505880268101706,2.3589223735752176,935305.28
50,1983,2.2842097905635903,3.7183544709038827,2.369171976941257,819641.29
50,1984,2.2571539983010305,3.729194329371849,2.3198724283553958,889375.77
50,1985,2.271096354635369,3.736972010595524,2.32040894083348,929806.0499999999
50,1986,2.279698547459328,3.7249886017243345,2.319819920727188,1051886.58
50,1987,2.2722877552387324,3.730609003765074,2.317587562707078,1095457.67
50,1988,2.2549894741935117,3.740440787453235,2.2810557291745437,1118902.56
50,1989,2.246971369748592,3.7477159663451123,2.3062082426347787,1141195.3599999999
50,1990,2.239779429025582,3.7441280250023725,2.3008630256145097,1146312.9100000001
50,1991,2.2419885915561903,3.7359872449387446,2.292396264303891,1201742.23
50,1992,2.2734339182043937,3.705167848038475,2.2861320971085197,1245862.2599999998
50,1993,2.2720952084561805,3.6988203773755983,2.2971148793997536,1240467.61
50,1994,2.2654168525571285,3.7044667682892305,2.283106935933583,1352448.98
50,1995,2.2640617744120064,3.7088493492255488,2.272288739700734,1377815.6750999999
50,1996,2.253109297704822,3.722460094469382,2.2746710405002366,1302113.2255000002
50,1997,2.2541944807797174,3.7255783200685824,2.276285368026605,1316622.1075
50,1998,2.2421195345506746,3.7153749787515156,2.234779117517105,1345525.5400999999
50,1999,2.2470670550152985,3.7127817052531222,2.241105596964128,1481118.8785
50,2000,2.243836863222022,3.716119649519139,2.2562753944627163,1452314.489
50,2001,2.239713813307469,3.719479201413635,2.250500736608439,1517321.8218999999
50,2002,2.23766300556838,3.724481730162046,2.2514381269238783,1596680.9087
50,2003,2.2455073768336313,3.7413643434301305,2.217212161794597,1541393.1838000002
50,2004,2.249577529798624,3.7320767672986257,2.235183935904154,1583299.8682
50,2005,2.235409850792712,3.726471243665441,2.2315368378209617,1596460.9549
50,2006,2.2342557819788462,3.7349915572310914,2.2330366887993836,1653281.8221000002
50,2007,2.2322135935897793,3.7375497753145157,2.2241105516334927,1622197.9687
50,2008,2.2515656915778526,3.7213116786157827,2.2429682710164456,1600730.0918
50,2009,2.261973439033506,3.7196222417653484,2.250246241497877,1634646.04
50,2010,2.261651790182875,3.723337536705968,2.249677871826141,1632567.8385
50,2011,2.243269277500872,3.727120199598704,2.220422107367338,1574457.6809999999
50,2012,2.2550202149086096,3.729994209750712,2.240302313333772,1652169.2497999999
50,2013,2.2540081474582387,3.7394972025720654,2.2476863064912633,1687843.4505
50,2014,2.2558555919803793,3.734441377925571,2.2520653427363726,1666159.9403
50,2015,2.2462784899250257,3.7371216091661594,2.2384177051127585,1659917.9768
50,2016,2.2538207141373015,3.7346059784729286,2.232637162973802,1626171.4231000002
50,2017,2.2532658716351115,3.7282254862907998,2.2347200250873063,1642617.4692
50,2018,2.239070725321965,3.742439076159775,2.245421515585571,1686128.6131000002
50,2019,2.2527255332081495,3.723672569000582,2.2384024453734424,1797321.8185999999
50,2020,2.2391720692568113,3.746726940869415,2.215152625539307,1711473.6056999997
50,2021,2.2602063358950795,3.730713444158506,2.25066743956367,1707865.8576
50,2022,2.2556671015509266,3.7392363211171435,2.2333149472015106,1857206.9758000001
50,2023,2.2302604993002952,3.7290261456959506,2.221244517958567,2010472.6142000004
50,2024,2.2469064203598967,3.73131968759223,2.244189550271413,2001581.3657
50,2025,2.2547351645471236,3.7403227648254616,2.224005076468682,1660411.3177
50,2026,2.226278991120448,3.7645778308112994,2.197841832408551,282191.9392
51,1976,2.234895259802571,3.7518141334165174,2.2583325942976504,7803905.819999999
51,1977,2.2489621105210884,3.7595998849734578,2.2780242786214018,8419033.16
51,1978,2.245023513919259,3.7633109187910994,2.271789610000307,8806099.24
51,1979,2.2461773216222785,3.756429630934833,2.256705594217616,9058704.27
51,1980,2.2506614508447518,3.7554443379718987,2.2573705735555643,9477580.1
51,1981,2.262596804574323,3.7553685650161506,2.2727562051710057,9784551.839999998
51,1982,2.247250954881221,3.7633076019751175,2.2629507408026734,9832927.07
51,1983,2.241817386716268,3.748053411855128,2.2356163973081187,9390974.010000002
51,1984,2.2532346726527286,3.7458104921028204,2.2317075842437712,9993786.33
51,1985,2.2653498846612576,3.7538283318508845,2.256372648090353,10206544.92
51,1986,2.2865149625792136,3.7400684838522174,2.280158845765002,10143444.61
51,1987,2.2674320454884764,3.736141939798497,2.2407973052236363,11000039.24
51,1988,2.248726703239462,3.748164215359023,2.2177429931991246,12022305.04
51,1989,2.244968476601591,3.7466826898960295,2.243239513718418,12321204.73
51,1990,2.2572679267109708,3.744100798569353,2.2681828450235537,12466638.11
51,1991,2.2474437605791495,3.7431750888680737,2.2438388873313313,12558763.829999998
51,1992,2.250381668687784,3.727726475462124,2.2252517351988077,13226826.65
51,1993,2.251177683528185,3.74042299845179,2.2245236536850985,13149702.120000001
51,1994,2.275237079502953,3.7315912860958402,2.2521704622800303,13666915.790600002
51,1995,2.2672116752710276,3.727339017410412,2.2417772892016097,14366962.4109
51,1996,2.2460250481710737,3.7390366742831,2.193126727715004,13550112.5539
51,1997,2.2523898639321605,3.7464402629795024,2.2153319366148043,14507403.6792
51,1998,2.251093028779872,3.7483549183394267,2.2061964131557295,15678539.219599996
51,1999,2.251825302944696,3.747837791476427,2.20325227200197,16228992.4069
51,2000,2.249760710384652,3.7442115692625793,2.20339627681214,17023899.3501
51,2001,2.245321534191347,3.741571247324799,2.208244090068809,17416951.6935
51,2002,2.241760604864153,3.7346016744239416,2.2026411518660414,17639033.4103
51,2003,2.268251309338596,3.7402148347186297,2.202580393434297,16996529.919600002
51,2004,2.263729456555694,3.735635790215201,2.2053992832655975,16646288.3685
51,2005,2.257384599222854,3.7557645840906115,2.201076979682496,16642543.363500003
51,2006,2.2538583800238867,3.7327297720516612,2.190744346865625,17308342.5639
51,2007,2.2670466898633026,3.7446957708776685,2.1991191025438606,18443369.7174
51,2008,2.279865114581375,3.738990715909126,2.209923867218584,19775712.1774
51,2009,2.2591739533032857,3.7432706873959205,2.196777367702535,19660437.0815
51,2010,2.265415187576484,3.745588636447246,2.1860538606624482,18883384.989
51,2011,2.256564569299837,3.7569011563716224,2.1786685649017077,18737987.1566
51,2012,2.254497658040892,3.76019373920846,2.166823394803199,19311159.445600003
51,2013,2.2516219960657273,3.771385791883869,2.180306580545392,20216859.9426
51,2014,2.258263605745097,3.7699340485115393,2.1812449445819344,21055774.4827
51,2015,2.2434922021020514,3.761082017745685,2.1798236980810985,21065120.1618
51,2016,2.2352205808233956,3.765436653421082,2.173573778432134,20832346.7395
51,2017,2.246758646906868,3.772084092957334,2.1635032343233465,21878328.7918
51,2018,2.2482917847263963,3.761049824479251,2.1834428981113185,21746296.7831
51,2019,2.2482862380638307,3.768095561265978,2.18750445702249,24184358.6788
51,2020,2.2448118404518187,3.787061071591038,2.172834836381285,24344375.3897
51,2021,2.2521918538536205,3.7739524395392805,2.1982332043201818,23495177.3504
51,2022,2.2335975509557944,3.7757774276793667,2.1719704108645965,24832232.6625
51,2023,2.234612484935214,3.7671940639907993,2.175411825453436,26314172.253
51,2024,2.24008355480417,3.763617154786594,2.180291642730941,26093403.4331
51,2025,2.24628289994349,3.7749597339972873,2.184553624778401,22049831.8792
51,2026,2.225218925375554,3.7798741306449575,2.146182502709524,4265023.761600001
53,1977,2.263218704662095,3.743704726942538,2.3486988221929184,2782028.79
53,1978,2.2690119657862966,3.734016255074813,2.316851269750368,5830549.27
53,1979,2.261570318705829,3.735996217803154,2.3069340601459594,6203749.12
53,1980,2.251673930619258,3.742059776156926,2.2896256663694277,6987338.54
53,1981,2.2644876161814715,3.7408818171575047,2.283570364602736,7002187.51
53,1982,2.259072055397647,3.752912458204495,2.2858633986345356,7023520.2299999995
53,1983,2.2701832128412764,3.7309927513775607,2.302001848521239,6990270.029999999
53,1984,2.254988012458637,3.736330617042613,2.2862097168754314,6905244.109999999
53,1985,2.255013778699236,3.7384296258831653,2.2919503892458035,7489911.61
53,1986,2.2613962980253133,3.7317185299601534,2.2818047670984796,7746568.52
53,1987,2.2688387700005057,3.731250265086741,2.2775957834767357,7825970.539999999
53,1988,2.256036539820484,3.7253374767418426,2.2531981836223727,8091258.52
53,1989,2.2538722960092294,3.728039562749316,2.256318429436236,8575734.44
53,1990,2.262250365657021,3.7283900226399456,2.262458773549214,9122766.14
53,1991,2.256159336523802,3.723536902284419,2.252202354953547,9347971.719999999
53,1992,2.2721845692238603,3.7098657437524425,2.267630241019012,10477088.4
53,1993,2.2842209165273033,3.7055122223705474,2.262741071016141,10769620.45
53,1994,2.2806075610526415,3.7162077122504464,2.2723198987351707,10563826.510799998
53,1995,2.2620711306312233,3.7177449035571164,2.2669273110746326,10519305.8516
53,1996,2.249882835398061,3.716328017195689,2.237874743066553,10947873.1647
53,1997,2.246725067736772,3.741877088937813,2.2397862906882926,12708467.6457
53,1998,2.260405761781883,3.710930952335829,2.2580818618011613,13266955.9811
53,1999,2.263595531303844,3.7151107070530744,2.2520959921750245,13524148.3183
53,2000,2.2548832213327925,3.71467121138779,2.2442517699440456,12989470.7851
53,2001,2.2721936891682537,3.717690112285669,2.2565195912772906,12853810.3194
53,2002,2.259263286647054,3.7192197891492382,2.2424593975341898,12785377.3724
53,2003,2.2626039395713207,3.722656495632537,2.2430767910417417,12440870.3506
53,2004,2.2909362488274128,3.728927014106378,2.25546648156913,12979899.933400001
53,2005,2.2691774847822375,3.7239384786049134,2.210058171441081,13797958.3472
53,2006,2.269653529050032,3.736096249551807,2.219306654039143,13619541.5625
53,2007,2.283486854604031,3.719777701068688,2.2408864059493774,14122602.981199998
53,2008,2.2766185273338193,3.7222095222251372,2.236169261505104,14674845.0778
53,2009,2.2796477158112984,3.719213357293936,2.231936881326237,14412830.5329
53,2010,2.27805957999826,3.726862545280742,2.2149861773765385,14442377.646700002
53,2011,2.2566042006442526,3.7292689374387566,2.206007014481426,14703672.1769
53,2012,2.250375907927935,3.7342911372754473,2.201783888340247,14750522.6323
53,2013,2.254141087579492,3.741343665598412,2.200190907216423,14808058.719
53,2014,2.267051846898219,3.743306795187487,2.207729875530598,14948759.8017
53,2015,2.2508348223885117,3.741902610480105,2.2287418641337546,15743197.897000002
53,2016,2.2607694879898244,3.7410801172700694,2.2164733337333375,16812301.530700002
53,2017,2.2567132418801505,3.7372794885220806,2.216400873285394,16504763.986900002
53,2018,2.2600912614415143,3.73297578248503,2.2220744308347893,16536266.864500001
53,2019,2.257145602916014,3.7417148468241357,2.2079994199612716,18117673.2824
53,2020,2.267779836982863,3.748014412773575,2.229297022900847,18544628.152400002
53,2021,2.270064377040662,3.7403940174163535,2.228003308241632,18121447.831
53,2022,2.2515525184639866,3.7570228420348464,2.2279262718366697,19419290.1011
53,2023,2.2470892851002433,3.75240381404655,2.2200897521475125,20535573.9444
53,2024,2.2536886836545516,3.7615367799875274,2.2110164640905907,19617728.6943
53,2025,2.2434482419854533,3.754128672679469,2.209937508589844,17777890.040799998
53,2026,2.2067118738556895,3.765440355672135,2.186498170050579,3144936.5867
54,1977,2.243730331028164,3.7105777727473965,2.303128818447318,832866.7100000001
54,1978,2.2672155387961737,3.7155619318378825,2.324996248269208,1875794.2200000002
54,1979,2.2817768943366454,3.713740264883883,2.3321316873842264,1889210.31
54,1980,2.2582181125236436,3.727169081688039,2.3112942169559245,1960829.31
54,1981,2.25710444365386,3.742498539197275,2.296885711829333,2097462.59
54,1982,2.268768943628209,3.721358598568494,2.3207584703321875,2097924.83
54,1983,2.310743193139753,3.685396472340331,2.344116790528653,1790992.53
54,1984,2.2812111927053165,3.700303704375622,2.3083279549076936,1954356.8699999999
54,1985,2.2367073064768848,3.7099652794827116,2.2542542045754073,2011222.58
54,1986,2.2350771602621027,3.7328487616726798,2.2491544299535007,1827244.21
54,1987,2.2348669071804865,3.719605503310377,2.25460824347252,1911346.94
54,1988,2.228557819479672,3.7031647934781406,2.2509507961083965,1947199.2000000002
54,1989,2.256007928479553,3.696958326113544,2.2748461946792817,1898977.8000000003
54,1990,2.263916833682992,3.7206758639324464,2.2688573037124424,1972462.0799999998
54,1991,2.2856423003530577,3.7085863422585796,2.309951364743284,2063212.53
54,1992,2.3407183575086226,3.6703124178081925,2.3188070364342224,2154327.0199999996
54,1993,2.341490387428376,3.68639156144714,2.2972806715345464,2132626.81
54,1994,2.3148510859740594,3.6836325823074043,2.2843768054457643,2362810.8505999995
54,1995,2.282322392214301,3.7036372328214617,2.267519508268517,2477988.1951
54,1996,2.2659626429387285,3.695179524290778,2.249752071381113,2577505.7018999998
54,1997,2.311286658500125,3.6812822544970953,2.295793200871074,2797611.2057
54,1998,2.302256795400671,3.7015391643281124,2.283110007829552,2752594.8719
54,1999,2.3071520608278053,3.686065497770562,2.280287245959121,2799696.9037
54,2000,2.2856891137778557,3.6837231331572875,2.2664593202233903,2882535.3441
54,2001,2.3140347688378324,3.6796117844931144,2.2960191174239064,2994790.5779000004
54,2002,2.3110818116633607,3.685428661364044,2.3025951058134733,2872724.9895
54,2003,2.3210479129818165,3.684153868292819,2.292744241199224,2568657.4286
54,2004,2.2957807408095854,3.687065409271256,2.271860880159391,2606042.9264
54,2005,2.280541384094329,3.694721112930856,2.2464263599142553,2697021.9113
54,2006,2.304246935557532,3.6825858492109176,2.2565709179115347,2800033.1205
54,2007,2.3102431154939715,3.692266333811036,2.2470714061362753,2836970.1733999997
54,2008,2.3223677977064363,3.7015512634200873,2.2776027822766087,2731529.8699
54,2009,2.2883173865821154,3.7022461362735286,2.2510691152704947,2899932.9979000003
54,2010,2.2698597501647004,3.7068275517446505,2.2205387557325094,3038259.0100000002
54,2011,2.275041187882523,3.7077832786797646,2.2298059486392723,2805282.639
54,2012,2.3027231123447787,3.7099261595079898,2.247437735655546,2925144.6723999996
54,2013,2.2845844028644615,3.737161991689512,2.2382314920070767,3165454.1175999995
54,2014,2.263594486278597,3.7155434987552054,2.2466510537903694,3027612.7355
54,2015,2.293830847127183,3.711512414476611,2.270609953589814,2961489.5047
54,2016,2.300305996362211,3.699043450767635,2.260353161736608,3137245.6176000005
54,2017,2.3163380441361565,3.698031607353077,2.270440103622146,3093991.8847
54,2018,2.312915212433304,3.704998642842331,2.2813388310108085,2982740.4025
54,2019,2.3162543438511,3.7124475964444508,2.2892295198160513,3065555.0028999997
54,2020,2.307235184814224,3.699180222451232,2.289188229349352,3091509.9433999998
54,2021,2.271182858111405,3.7126527952494937,2.256451116731023,3388256.0472999997
54,2022,2.2936384991145466,3.7140531969930657,2.2899530704813498,3356056.4915000005
54,2023,2.3244777032156536,3.696084049076466,2.2922027881734723,3319044.0158
54,2024,2.3016484944453337,3.70849079460046,2.2779255212299887,3251181.9823
54,2025,2.3133209738920852,3.6948604114779076,2.3014552046079952,3080603.1929
54,2026,2.3152830990960234,3.7075978953869217,2.304393784061689,602268.7911
55,1976,2.2575182787769257,3.742886777439223,2.3271935635297805,6219708.38
55,1977,2.2884609254141557,3.7363776711677827,2.3909406568824427,6651438.029999999
55,1978,2.2856852277406823,3.7367291196784604,2.4047275212841646,7001739.62
55,1979,2.292559179239268,3.7368832569490684,2.3735107312225185,7426090.51
55,1980,2.2916421962417686,3.731851701356885,2.3654881385945425,7385589.710000001
55,1981,2.279174332828226,3.7349896997646996,2.355999525792457,7608338.78
55,1982,2.272233645652808,3.740198670745284,2.3386723049528553,7621729.07
55,1983,2.270426606126864,3.723529465451804,2.304218416265489,7075731.38
55,1984,2.284018447928105,3.7236941546946913,2.3301205989136697,6973287.159999999
55,1985,2.3060183570999606,3.714208581840003,2.380349503129924,7071245.2700000005
55,1986,2.2714603486140446,3.7363340760975285,2.3348935391074312,7502206.98
55,1987,2.278454833764197,3.7306234931448166,2.326148364838603,7579098.999999999
55,1988,2.2765166206824703,3.732743379964978,2.351699539424875,8310718.869999999
55,1989,2.2981063307724323,3.729601727382858,2.3832562692813535,8871478.64
55,1990,2.285965201128822,3.72342355121533,2.352254792748842,8774348.510000002
55,1991,2.2977170632906816,3.724060849337511,2.3525774314572785,8672538.27
55,1992,2.313546755329995,3.6993512401685127,2.363964517006562,8806059.18
55,1993,2.31062915556348,3.7073714719132576,2.3567225418992455,9735825.71
55,1994,2.3072846953265396,3.7119926678847257,2.3641160287939598,9942177.948
55,1995,2.3025195452243508,3.7087570179270926,2.365285647163635,10723557.8879
55,1996,2.2868380730502924,3.711355959618128,2.3369837057398133,11355125.668499999
55,1997,2.2907129345085906,3.7069227492444266,2.312904437981946,11474933.423700001
55,1998,2.2764786549509015,3.707891563453854,2.273052685978639,11080308.236900002
55,1999,2.2781011453800475,3.7010659961836794,2.286514888618612,11139307.2963
55,2000,2.2803682289823266,3.7208453353302136,2.2898372090669055,10744334.9188
55,2001,2.2967203606064244,3.7064876338450543,2.297181071034969,11300963.875
55,2002,2.3056463127989737,3.700666415484224,2.3040866418108643,12015146.3599
55,2003,2.284252767987329,3.7208273288505582,2.259308720293923,11215396.486
55,2004,2.2877882509032115,3.727993849662546,2.2726745811923266,11192706.3831
55,2005,2.292579144068466,3.72345661830566,2.262119934709211,11245510.8215
55,2006,2.299173285908302,3.7120698636109615,2.274944118769297,11251741.877099998
55,2007,2.284866555518419,3.721252628417144,2.2555233506552823,11264366.9172
55,2008,2.2940874259139146,3.7312649101544353,2.2725196873316413,11847383.1863
55,2009,2.3003857658901574,3.703626966541293,2.2740700685113464,12153663.3821
55,2010,2.290232322931473,3.7056083635101564,2.255858976270442,11970824.645699998
55,2011,2.2992639585885737,3.7301580251928748,2.2550003128741745,12318905.7969
55,2012,2.2924556294827467,3.7296056692822965,2.253029862801075,12357200.4044
55,2013,2.284330410439557,3.7283144069650698,2.2636193482140854,12585255.8148
55,2014,2.2952587680730576,3.736913839177748,2.2770290355852594,12748557.436999999
55,2015,2.2963782436329896,3.7184328838917007,2.2809846127017255,12910385.465100002
55,2016,2.284119540833646,3.7358179585471207,2.2624490923319236,13155599.1452
55,2017,2.298936919829912,3.725294399374789,2.2900085562967902,13285086.839699998
55,2018,2.295745223784411,3.7267896687524007,2.2821373085244843,13483718.475599999
55,2019,2.2926596029337256,3.7234294328189335,2.2477268815315723,13119465.3292
55,2020,2.2982550172412934,3.727282224217126,2.2726772615264004,13701953.9945
55,2021,2.279650868155375,3.7401349901929963,2.2607551835119777,14085342.8434
55,2022,2.302747476285656,3.7192742115750206,2.2833173449320383,13974819.140600001
55,2023,2.2815193599588186,3.7222943777198583,2.2578710862972073,14587511.5753
55,2024,2.298531637161124,3.7339372312366117,2.2582626173061566,15063644.415700002
55,2025,2.30232800191428,3.719859152210206,2.259296409094875,13942438.9077
55,2026,2.319819828300334,3.7192028390845833,2.3009893739059772,2522530.8924000002
56,1977,2.282191716969424,3.739446227571851,2.458919305475933,371769.98
56,1978,2.277585856806519,3.7476796332924986,2.4459287316099037,691006.8699999999
56,1979,2.2747480154091413,3.73999963139595,2.4237309809873335,756707.9
56,1980,2.276315779302203,3.7415438186208476,2.410856092183121,847640.19
56,1981,2.2752860917575553,3.7525621267811844,2.428626810435074,894025.7300000001
56,1982,2.256778609348026,3.743062234573799,2.3660727558561225,984200.93
56,1983,2.2676054435257424,3.7291823211962467,2.3881994924154424,878835.63
56,1984,2.2464607442549744,3.749546473298621,2.367381387749026,865952.8300000001
56,1985,2.2643896227252487,3.7367298371153557,2.403955163187862,755269.22
56,1986,2.2669047256735695,3.7340685057343816,2.38411907698281,698523.08
56,1987,2.2479184168345534,3.742292163096609,2.3369842683915567,715837.0599999999
56,1988,2.2560395450857333,3.737688203239235,2.3644563907751524,759531.92
56,1989,2.248107986929359,3.728706904652156,2.354484863729509,766453.1799999999
56,1990,2.26582525369588,3.7272742247869886,2.3792153303162644,825621.96
56,1991,2.2725542380479604,3.7332037695811495,2.3940310248449204,874945.29
56,1992,2.275717470482323,3.6880570133702277,2.372070730776873,864585.7
56,1993,2.2652418157110548,3.7102269321119055,2.3720418029074946,867354.5900000001
56,1994,2.2924414552708123,3.697212609385616,2.439092439095539,915070.342
56,1995,2.2891712818257766,3.704578576321858,2.4052897413538843,954383.6004000001
56,1996,2.281104192291026,3.7239332659187436,2.365912126307708,985846.2831
56,1997,2.2885579145470603,3.7041596486156965,2.398429023815236,971965.6507000001
56,1998,2.2980121224389025,3.7007514108846826,2.3993335646473506,943738.9967
56,1999,2.2914752543166292,3.690168126418139,2.3682086876094983,942144.3486
56,2000,2.299441646282542,3.6823053827775065,2.36285363654835,1036042.7810000001
56,2001,2.2842108739873868,3.692794679997736,2.3570554647640303,1067716.2059
56,2002,2.277189131213617,3.687631720646911,2.3546460581227096,1068394.755
56,2003,2.297418748753595,3.70639210210669,2.341589145748992,1000922.2235999999
56,2004,2.3047228071090347,3.697921597861296,2.363420187866905,1011591.773
56,2005,2.3029239004759368,3.70973343651448,2.392714856194346,1043856.7393
56,2006,2.313550801204349,3.7029305691314574,2.3917005556364233,1050588.9563
56,2007,2.3112095254412095,3.6939362293381532,2.3844182155400757,1061447.3489
56,2008,2.3183165516088153,3.7054805867204594,2.3825118818745663,1094316.2444
56,2009,2.3017027449278795,3.711656727627536,2.3470178450712478,1079795.7519
56,2010,2.271572350686952,3.7049101410096443,2.3171226414005583,1085748.7988
56,2011,2.2741551480506654,3.7118802168292975,2.3344582654236294,1066816.9786
56,2012,2.248919515164299,3.735444265395646,2.282077034166095,1097526.3232999998
56,2013,2.264528107849248,3.740865999751401,2.293459411534645,1116986.1539
56,2014,2.2836857527590784,3.728403674365046,2.2983999391119623,1192685.7027999999
56,2015,2.2826125370699764,3.721078615209338,2.3228622062006092,1222179.7969
56,2016,2.266960206583774,3.705877600213239,2.310228255487269,1195972.5252
56,2017,2.282010269432913,3.7157977086458844,2.314207106158241,1158664.8047000002
56,2018,2.278650761237921,3.7114010631066137,2.3338929981145218,1154293.1127999998
56,2019,2.2556290464305446,3.708404095314057,2.2915230924904737,1286845.3952000001
56,2020,2.2530300999686883,3.7188028716179566,2.2801784548354638,1296194.6782
56,2021,2.282089686631886,3.705125995280898,2.349247633191341,1336237.7614000002
56,2022,2.30068611993954,3.7109337347483318,2.329925362996516,1323187.1266
56,2023,2.2958097764464127,3.713027684556395,2.306964425598026,1281930.7263
56,2024,2.273565136674467,3.699015926874655,2.3084954784134646,1354082.6167
56,2025,2.2589936561379216,3.6980143210076926,2.2881226135436887,1260074.1918000001
56,2026,2.281172481538837,3.7150598599566025,2.2851097997307317,226262.39370000002
