STATEFIP,YEAR,mean_abstract,mean_routine,mean_manual,mean_rti,total_emp,n_obs
1,1977,3.118157652032487,2.8056774253721413,3.312756169268817,-1.26564598868889,3757673.51,2512.0
1,1978,3.0988713697209276,2.83378078212015,3.346109019480204,-1.26209859760853,7272990.160000001,4988.0
1,1979,3.080069712362499,2.833175158455872,3.347115893774597,-1.2566635733766405,7813500.279999999,5160.0
1,1980,3.068924619156473,2.8415017059551873,3.34863623730064,-1.2503260771459195,7820746.620000001,5856.0
1,1981,3.077581999905057,2.8161748467631047,3.2953018006806114,-1.2433284423854862,7401964.78,5082.0
1,1982,3.096882417682675,2.7971124213349756,3.2602730294473536,-1.243679751512507,6791689.76,4516.0
1,1983,3.1144238138862654,2.7451725860545815,3.2420837857780964,-1.2639632364846827,7323407.46,4747.0
1,1984,3.110930180030001,2.7759394535679607,3.2704784944460963,-1.2637571219812307,7897232.84,4488.0
1,1985,3.1111335213127167,2.7667281384802567,3.1968938609461586,-1.2413216759761139,7939714.6,3403.0
1,1986,3.130589347119268,2.7582500043219254,3.2026692815711644,-1.2524990410448869,8552547.89,3194.0
1,1987,3.115104421062708,2.7728133884928066,3.240863617927012,-1.2555197636936732,8719729.56,4051.0
1,1988,3.1324307085824485,2.735454466051183,3.2461218016043354,-1.2740604180922026,8537494.36,3930.0
1,1989,3.137615064698789,2.741370571800367,3.215361036285117,-1.2635107729551007,8936095.66,3953.0
1,1990,3.1420755431077807,2.759956985216285,3.2218184807011108,-1.2609678570743394,8775989.36,3967.0
1,1991,3.1056173099523496,2.7729347499576273,3.235295763930099,-1.2515349000813907,8724742.93,4086.0
1,1992,3.104374516324587,2.7966013556900986,3.2538119365315588,-1.2482427987284954,8928330.39,4140.0
1,1993,3.1007651087896475,2.7856529849406364,3.236796434776909,-1.2447776374657664,9269668.25,4144.0
1,1994,3.14128925915702,2.7540435133360446,3.223858645129689,-1.264324990003617,9460393.4445,3916.0
1,1995,3.1484045213712366,2.7670094251066075,3.1825348124073933,-1.2487166868939787,9811928.7107,3917.0
1,1996,3.1712363340889484,2.746236710563327,3.171734187269463,-1.2584246290621506,9927186.6972,3808.0
1,1997,3.171354617462784,2.7351836348811704,3.1410519896428037,-1.2519311028691484,10268876.6721,3895.0
1,1998,3.191109756071933,2.7336268693572703,3.129916404937162,-1.2557684262549962,10201181.511200001,3836.0
1,1999,3.200972776779545,2.7318737954211336,3.129422171556534,-1.2580211210422858,10344757.3733,4015.0
1,2000,3.1768965037755383,2.7173025422762254,3.108297737368505,-1.2512096003968916,10294232.4974,4094.0
1,2001,3.168611669347537,2.7035209435291954,3.131878189001673,-1.2605141991974589,10066536.8883,4614.0
1,2002,3.2084606994866074,2.690865568282031,3.077673144693613,-1.2573619203351694,9802941.8674,4668.0
1,2003,3.1821991564643364,2.7277061181384186,3.132725656571441,-1.2571186872585864,10348716.294,4582.0
1,2004,3.163455540527481,2.733142061638829,3.182721629069361,-1.264877068804067,10345218.515500002,4279.0
1,2005,3.1877126195653114,2.7469070535272366,3.217284071264866,-1.2780015256788648,10428003.873399999,3567.0
1,2006,3.162339929066393,2.720906603487061,3.194231530039754,-1.2736549638218315,10352895.283999998,3330.0
1,2007,3.1897951299908165,2.72827913571139,3.175974959318159,-1.2731961513427463,10432672.280000001,3263.0
1,2008,3.1740889117567397,2.727035855152964,3.160573556374538,-1.262104218447023,9960882.520799998,3123.0
1,2009,3.2160183794630623,2.6954394185367727,3.141598480758237,-1.2804412551485682,8823696.9081,2851.0
1,2010,3.163518710437264,2.7516223697480027,3.229455075685455,-1.2776787856153164,9158921.9855,2908.0
1,2011,3.2125169388358095,2.7376755455793575,3.141673656848236,-1.268506511802179,9378225.3069,2885.0
1,2012,3.214711202417014,2.722940527668024,3.1576020661538937,-1.2764125095628813,9294296.1847,2792.0
1,2013,3.1976400568342784,2.7229042190160153,3.139566994741891,-1.2635862632233117,9645424.977699999,2846.0
1,2014,3.162353468321936,2.7342912700250244,3.1973621281128155,-1.2690284828494622,9713837.788700001,3626.0
1,2015,3.1760856321915196,2.73762105092959,3.189123501526934,-1.270256321670569,9558606.8007,4754.0
1,2016,3.201980187166248,2.712577517098245,3.132064663640394,-1.2672585866875328,10079033.002799999,5342.0
1,2017,3.199966252054855,2.720320150334887,3.1625897529922957,-1.2716188842378715,10627032.6602,5663.0
1,2018,3.2099664674571096,2.704269098037522,3.145863277529095,-1.2742827441935372,10493211.798700001,5377.0
1,2019,3.2273780828463443,2.6959700186779747,3.1345279225604563,-1.2807158458272612,10739346.8211,5284.0
1,2020,3.237699711662961,2.692228885155147,3.105964603513471,-1.2770117513123649,10282028.2238,4575.0
1,2021,3.23682378706961,2.7088074224631753,3.1292103644621743,-1.2780631997786565,10484178.2696,4869.0
1,2022,3.2249452731616834,2.7164729291725656,3.1631966106375864,-1.2825203783613095,11652285.232900001,5046.0
1,2023,3.239915611095756,2.6846247893464326,3.124071849143053,-1.2834009624351537,11581282.2756,4665.0
1,2024,3.2304385123236465,2.7098420573715165,3.159900078679703,-1.284644077029473,11442872.3051,4214.0
1,2025,3.2498631112043688,2.672181102172378,3.092463662200371,-1.2826817773581745,10505591.1171,3590.0
1,2026,3.289081781617643,2.643194931557077,3.0437972702542173,-1.2832845822881,1764186.2299,557.0
2,1977,3.220095104936715,2.650679767271544,3.067520217645212,-1.2688888241405738,345591.64,2330.0
2,1978,3.1880357640308157,2.658745000534725,3.0600124715807295,-1.2555791811757466,743341.3300000001,4431.0
2,1979,3.2229154634204726,2.6599898435022737,3.0605197157595287,-1.264416969413107,720988.32,4035.0
2,1980,3.208864004345033,2.6821421644336625,3.0533323598989988,-1.2496774581964956,790475.7500000001,4087.0
2,1981,3.2046357246804673,2.6971152531544536,3.095866297276057,-1.2556829605071238,847099.3999999999,4266.0
2,1982,3.2061356414982964,2.6598877620342884,3.0732612107763866,-1.2628179913297541,866273.6499999999,4769.0
2,1983,3.2150776439378412,2.638176266161108,3.0955916487882966,-1.2828218213678697,1012751.5599999999,5480.0
2,1984,3.21554521354861,2.63736769211041,3.0873364648387236,-1.280098566745325,1160997.7,5552.0
2,1985,3.2243148942564437,2.643568337817092,3.1074157033989787,-1.285867939305803,1202282.6800000002,5776.0
2,1986,3.2318814947072694,2.6106527494513885,2.9948276139162977,-1.263217518279435,1143839.3800000001,5524.0
2,1987,3.228014755596906,2.618444523921072,3.0028572172787626,-1.2611281248527884,1125550.38,4987.0
2,1988,3.219070803363592,2.6183226891475258,2.9982711105041298,-1.259611716058705,1083808.71,4848.0
2,1989,3.2217735624124124,2.6285890289916605,3.051645611122915,-1.2728527118786777,1092038.19,5066.0
2,1990,3.221752710110567,2.628259992623211,3.0375414783226975,-1.266915207483279,1264969.0999999999,5180.0
2,1991,3.226839179744032,2.626585848049818,2.994078358212607,-1.2564266690262476,1296903.8,4963.0
2,1992,3.202463688209614,2.632060781566799,2.9736752056475066,-1.2400565922683084,1322297.54,4637.0
2,1993,3.1912672789424095,2.6460960098156794,3.028960755392372,-1.2503347772593576,1393913.6900000002,4748.0
2,1994,3.2317232751023433,2.587593992981596,2.9566906576817,-1.2611374906726533,1390224.1863,4149.0
2,1995,3.2636659112217505,2.586283719115057,2.9537816720259418,-1.2721942147518168,1359092.1183,3393.0
2,1996,3.284374387421213,2.565103640819726,2.9187748754362297,-1.2734021022007205,1345304.1834999998,3201.0
2,1997,3.2605475956557908,2.596380030140707,3.0046326451561836,-1.2825359416604345,1431668.5358000002,3425.0
2,1998,3.2721048407828897,2.601404723065261,3.0233182034447985,-1.289510832778214,1507262.4178,3522.0
2,1999,3.2571874182085754,2.613248419442876,3.0411670849414,-1.2875228362331872,1462856.2494,3583.0
2,2000,3.22682702670668,2.6109561855760077,2.9941571142291985,-1.2636845115419708,1493483.589,3585.0
2,2001,3.246084623621918,2.6297593270558957,3.033017800904054,-1.2745043324006526,1523781.4787,4480.0
2,2002,3.243172021131252,2.6042703179258506,3.032031853822322,-1.282030900767264,1511662.7622,4938.0
2,2003,3.242949087181531,2.6257394100119322,3.0673322709459563,-1.2860140045923414,1485625.3034,4802.0
2,2004,3.255069197247758,2.626460810105224,3.0674614954613166,-1.288708120795089,1483689.5987,4641.0
2,2005,3.2688065534859985,2.6440666320323185,3.0609672506096097,-1.2853979206121515,1617550.3286,4637.0
2,2006,3.28194587039923,2.659215123619416,3.0638138742346657,-1.2862733747282038,1684076.7449,4698.0
2,2007,3.2689270394444963,2.6419136834935424,3.0741042547317847,-1.2907625790580362,1690920.163,4640.0
2,2008,3.2515312094595545,2.6504221771635077,3.116276230537929,-1.2965509327410691,1774021.4814,4652.0
2,2009,3.263088602728558,2.640338558855096,3.0768205160440343,-1.2890048357122688,1647934.0706,4290.0
2,2010,3.261196224962713,2.6562813275310035,3.0755698914005456,-1.2842855767098988,1643354.9030000002,4081.0
2,2011,3.2794214209334513,2.631657660271312,3.0459006482150004,-1.2881878932898452,1714674.1632,4006.0
2,2012,3.2953782478185456,2.650170051755127,3.047730205519711,-1.288056026923755,1662544.8888,3799.0
2,2013,3.2941550442899086,2.6258963762384373,3.0330924884966763,-1.2916880831111412,1656307.1646999998,3612.0
2,2014,3.270479826991605,2.652095483576651,3.056667678135635,-1.2823699785105644,1659862.3691999998,3587.0
2,2015,3.2792044624713985,2.664876223767723,3.1311749542568883,-1.3015299526987232,1581009.9379,3378.0
2,2016,3.2809384695722508,2.6016044421751636,3.003878616529156,-1.2862258354979554,1580436.6319,3450.0
2,2017,3.2900727879287732,2.6076656966654617,2.9925759388831827,-1.282650210495128,1579502.0167,3271.0
2,2018,3.289856900373699,2.6111892166495854,3.007818025059096,-1.2838415243125674,1538286.9303000001,3087.0
2,2019,3.326799854473943,2.5777306198761334,2.9551697708537508,-1.2917256076116312,1458740.6511,2917.0
2,2020,3.3412544291089192,2.5844154672551403,2.9851129335851208,-1.305630982275619,1413622.5877999999,2532.0
2,2021,3.3375030562055694,2.5948516511703477,3.0145066666543836,-1.308589876008883,1444572.9670000002,2509.0
2,2022,3.303315164905461,2.5692209815868483,3.0419361747708966,-1.3139360635883275,1545047.5027,2475.0
2,2023,3.3467242171848963,2.5945525252044894,2.9987657203965266,-1.3051883034471208,1584398.4747000001,2609.0
2,2024,3.317443995856412,2.6053301798590858,3.0167347492819276,-1.296715444543666,1583037.2228,2405.0
2,2025,3.320721938514446,2.5871798514943447,2.978929850821639,-1.297143974407007,1546648.5578,2401.0
2,2026,3.3151941496112296,2.568021320591914,2.9385005662662937,-1.2864282621205814,285891.71140000003,436.0
4,1977,3.1879022201245797,2.6775904661864436,3.098984018938684,-1.2627951160357134,2182812.29,1602.0
4,1978,3.1598113415382607,2.708622932014041,3.1486511711326015,-1.2590427814144343,4547807.13,3224.0
4,1979,3.1783723733553573,2.70992495741508,3.171732369647655,-1.2726587019918716,4874251.87,3273.0
4,1980,3.192848084203719,2.711915617799262,3.1016254018978677,-1.2550452088067106,5461769.06,5572.0
4,1981,3.1634581467163434,2.730017807814457,3.116000488708515,-1.2439273044770809,5824622.49,4808.0
4,1982,3.1981729187300703,2.685396281557059,3.052444301889895,-1.248934349532975,6162216.37,4210.0
4,1983,3.1739570119967215,2.677759843322211,3.1243295564866247,-1.2695362379600743,6506975.13,4313.0
4,1984,3.1942906779348177,2.653650003114009,3.0582971521810327,-1.262656198051776,7085811.840000001,4185.0
4,1985,3.191812174619072,2.648057503532643,3.061333139488758,-1.2649299452710405,7768642.63,3726.0
4,1986,3.2058978984997744,2.643722959462151,3.0732057631831644,-1.2737251940013334,8303246.699999999,3781.0
4,1987,3.191420992753644,2.6526420980737555,3.0432676715036195,-1.2549649798589286,8465686.51,3736.0
4,1988,3.200160537835182,2.6453120502907623,3.021635692148122,-1.2533270653455357,8343077.75,3788.0
4,1989,3.2136854326646556,2.6323443624893694,2.992310309947331,-1.253703760633983,8424843.49,3766.0
4,1990,3.203135502890648,2.6271024210295173,3.010104405877084,-1.2576666838205752,8952625.24,3797.0
4,1991,3.197331609916084,2.6272793112401622,2.983718101330883,-1.247503120210731,8946212.629999999,3570.0
4,1992,3.2046907179520177,2.6261774246595153,2.9500425516738105,-1.2393757391294413,8831726.77,3337.0
4,1993,3.2098313084032077,2.6154251368679597,2.9887701343046396,-1.255443893880999,9088219.02,3352.0
4,1994,3.2141610904458893,2.622435627993274,2.990610445985685,-1.2552145230054381,10108240.9275,3763.0
4,1995,3.2315179970849,2.629262844251597,2.9825775629343267,-1.2585693869178642,11196744.887,4387.0
4,1996,3.2214547163857548,2.6327460487306285,3.022692182964999,-1.2671206190166815,10923568.7894,4440.0
4,1997,3.203393888439333,2.6347865532883983,2.9796373641233833,-1.2469149941001823,11903121.0943,4603.0
4,1998,3.223503515733347,2.628259154628862,2.984241158049818,-1.2560770705391833,11842521.009,4647.0
4,1999,3.2416127181516745,2.6144462671892934,2.9847986180636883,-1.2630537425004433,12493785.3909,5026.0
4,2000,3.223581785506245,2.604041897077062,2.977341680141755,-1.260405436556026,13770058.488899998,5288.0
4,2001,3.2560601307874095,2.6229857919283894,3.0188331625758513,-1.2779461561811136,12492571.9232,4435.0
4,2002,3.2726705412375345,2.6046654492233916,2.9658771316491306,-1.2719437777956828,12923928.136300001,4653.0
4,2003,3.2667551420404033,2.5949358648012764,2.948842622031824,-1.2680132471189798,12728129.5231,4491.0
4,2004,3.242143189769045,2.6191259126897655,3.032369119472664,-1.279331304215073,13476659.1215,4465.0
4,2005,3.229609599916284,2.6243012103764394,3.041507678877896,-1.2779712962828216,13979206.1037,4385.0
4,2006,3.226568073679674,2.631951957583117,3.106511914820974,-1.2951671673995073,14738927.0218,4445.0
4,2007,3.2722537858235863,2.6334908198524682,3.0303623583777903,-1.282103741526436,15825521.905299999,4474.0
4,2008,3.2604699877603274,2.63351911599541,2.984875561572872,-1.2636814757505583,15563738.7914,4015.0
4,2009,3.297105332684555,2.594977992257274,2.935140050928781,-1.2711771162806589,14607552.6855,3522.0
4,2010,3.3001182707591226,2.579636204489075,2.9114268605939557,-1.2730264426486404,14115299.3335,3509.0
4,2011,3.2958307661301003,2.580710727910892,2.896244234433922,-1.266109406027341,13794341.4566,3467.0
4,2012,3.2815007480975957,2.609774979819405,2.959158787226687,-1.2727499342884379,13452755.905599998,3462.0
4,2013,3.263271853790226,2.599066374892393,2.9418621703905132,-1.2631579239759634,14309696.990500001,3499.0
4,2014,3.2943938157190376,2.6143832755802445,2.965624331782387,-1.2757067754946887,13813376.5776,3753.0
4,2015,3.271871648617413,2.6075952847001944,2.964257919112191,-1.2694001359869211,14377125.8124,4376.0
4,2016,3.2876066916603297,2.5799591207272536,2.9338629733150974,-1.2746944888114713,14911637.2177,4581.0
4,2017,3.274294440153394,2.5650859871859484,2.923599987243259,-1.2703850940151655,15196399.860199999,4189.0
4,2018,3.270702187033983,2.583505352778274,2.951456664566481,-1.2731725701382837,16417931.527400002,4489.0
4,2019,3.2782212979750254,2.5916703303392414,2.9398908999356044,-1.2667900848475069,17087083.8938,4501.0
4,2020,3.297984119184815,2.5966483877472606,2.955190224536118,-1.2769456865860052,16736968.486200001,3898.0
4,2021,3.299514993649015,2.6061690880609687,2.9953187154209973,-1.2880927210311717,17091638.506,3831.0
4,2022,3.296843951243484,2.6059513482736074,2.9993408182685175,-1.28820423895223,17862132.193,3838.0
4,2023,3.3231974457316507,2.578147656696471,2.965526675250228,-1.2947337388903366,17832067.4137,3661.0
4,2024,3.297932402253447,2.5877799444360488,2.9732664202208703,-1.2837036942131796,16796358.7967,3315.0
4,2025,3.3141285833209935,2.5698998668501503,2.9279992817610494,-1.281621142279788,16159879.7742,3033.0
4,2026,3.351750323669427,2.5723295922263816,2.9508222525569616,-1.3025208097091914,2885244.5907,498.0
5,1977,3.0391457219831195,2.840457207505849,3.307580406374382,-1.2311224823324332,1810581.8599999999,1544.0
5,1978,3.056045227870826,2.83962802776065,3.327146449615309,-1.2383695063183666,3970097.93,3133.0
5,1979,3.0501855128524706,2.8327885373917145,3.283062705548392,-1.2278496968802877,4204826.54,3178.0
5,1980,3.036019295281538,2.839757491429248,3.3170556455402567,-1.2313488340162062,4229933.99,4961.0
5,1981,3.059135759531387,2.816192312334034,3.29317597063589,-1.2396900206150265,4302839.58,4123.0
5,1982,3.0531855729252264,2.8146067946320947,3.247550868009568,-1.2234488915605592,4213971.89,3654.0
5,1983,3.0514941540515057,2.772467693611016,3.2440615953425582,-1.2391004696745034,4261072.930000001,3829.0
5,1984,3.0779247668234806,2.7871593333346487,3.2709104982810198,-1.2492654017076363,4520916.92,3697.0
5,1985,3.0645711280410737,2.7897876499955134,3.3048800672196017,-1.2559020435056625,4785481.2,3902.0
5,1986,3.06717166917188,2.770809355152034,3.2791351717586394,-1.2564809065563096,4761333.92,3856.0
5,1987,3.070222839030855,2.788897361805015,3.253218419523276,-1.2416188950830518,4780319.760000001,3894.0
5,1988,3.0796919458612293,2.7664251869358067,3.271723073071632,-1.2564352111717791,4842242.73,3965.0
5,1989,3.074191957106016,2.7732304766413085,3.2844730787034124,-1.2554754247855517,5118012.33,4043.0
5,1990,3.090338438702221,2.748676956062182,3.2476467705645424,-1.2584985650838496,4811208.300000001,3938.0
5,1991,3.0712632566179954,2.7718909869979815,3.2531407948556534,-1.2458767625444418,4785588.01,3999.0
5,1992,3.0983286288005174,2.783399223469594,3.2523162026419623,-1.2500902729695056,4902733.26,3934.0
5,1993,3.0830556711747374,2.787983910186096,3.2541907696777375,-1.243182156618194,4944023.43,3819.0
5,1994,3.097256501799475,2.7448539781246315,3.227806785348449,-1.2530731856641606,5181514.2321,3666.0
5,1995,3.120852545474442,2.7652216886950054,3.193356527854777,-1.2439144569483063,5680170.3412,3738.0
5,1996,3.0920698408325875,2.8218954360046773,3.2797441655245065,-1.2441884467555766,5634865.985099999,3800.0
5,1997,3.0966782851665013,2.783852624844065,3.263394400577334,-1.2546759795951619,5532444.6711,3648.0
5,1998,3.132186839927394,2.733903013617196,3.160546272136591,-1.2496673631138548,5437111.4012,3541.0
5,1999,3.126264411388577,2.7714233391108234,3.218309007834578,-1.2531551693610121,5704282.767100001,3644.0
5,2000,3.1441372382545674,2.7436173568491573,3.1966221057491455,-1.2588352734474195,5974015.6153,3800.0
5,2001,3.132265253619772,2.7297970955331508,3.185747545080894,-1.2548964309702617,5411635.978800001,3361.0
5,2002,3.145717533833662,2.7198058629524042,3.173664837192923,-1.2615627461083718,5819222.6566,3542.0
5,2003,3.1498578725337065,2.7401296002648583,3.217823057515221,-1.2687884953135662,5563397.0385,3262.0
5,2004,3.1556316109756515,2.7473029901510637,3.229231130076013,-1.2721289747494087,5782350.5866,3260.0
5,2005,3.1599621614964017,2.742566164553318,3.233599708734588,-1.2764870994526647,6253357.7248,3492.0
5,2006,3.1606990683762466,2.751908686659121,3.2676997027075645,-1.2858385628054276,6046812.410300001,3141.0
5,2007,3.1337100235101514,2.7717660513032443,3.297740551839881,-1.278219782005599,5850958.7837,3057.0
5,2008,3.171561490329207,2.744466573842385,3.2386206075916966,-1.281487229025937,5814667.864,2956.0
5,2009,3.201254677258065,2.728521805571362,3.1778528932649897,-1.275910737397094,5704441.323900001,2869.0
5,2010,3.1574830710254402,2.7405671058191987,3.203013068593399,-1.2694064034050967,5352462.029399999,2615.0
5,2011,3.1861313124898376,2.7118750952045843,3.143859405064845,-1.2658841212924594,5418731.5868,2617.0
5,2012,3.2003350109872453,2.6644903112578677,3.1296318202626234,-1.2818363482105033,5181020.9453,2527.0
5,2013,3.1896042712037675,2.6875998166061508,3.161939329307818,-1.2805984272064401,5086494.4435,2572.0
5,2014,3.1752593804316156,2.7326790250288115,3.187778334208813,-1.266753286085352,5307039.4551,3128.0
5,2015,3.2073206139665227,2.6583615454519496,3.1005989514170365,-1.2763902879979692,5364681.7272,3995.0
5,2016,3.2144747433252268,2.672836252963463,3.1422431471799994,-1.2889582713655008,5549594.1362000005,4340.0
5,2017,3.21622054297905,2.6579531993884054,3.096984660782477,-1.2795822056812638,5665338.0030000005,4497.0
5,2018,3.2197632683814144,2.6811365936030334,3.1669231138741876,-1.2937445194713322,5565442.7443,4259.0
5,2019,3.202220573069341,2.6912628010297124,3.1751744969956537,-1.2881824686131287,5681662.072000001,4135.0
5,2020,3.215911865582503,2.679168978282769,3.150160332690892,-1.2878288493707777,5229060.387,3214.0
5,2021,3.2204537054155744,2.666422481114554,3.117052103625097,-1.2833173407537506,5410168.5293000005,3447.0
5,2022,3.221078850558547,2.6747503131616353,3.1233662144346663,-1.280213672679635,5743066.569399999,3493.0
5,2023,3.2426142423827966,2.687968353535525,3.163238313334,-1.2971357359588551,5725778.1858,3419.0
5,2024,3.2555976278865084,2.653012051468609,3.1241231959129596,-1.299475330696515,5794100.879000001,3407.0
5,2025,3.2181610639255025,2.6786559547245288,3.1385091374987097,-1.2839724631864942,5464648.2876,2912.0
5,2026,3.2810606661643544,2.6244508150879864,3.07164293496875,-1.2960669173460835,956783.3276000001,471.0
6,1976,3.1514481809180763,2.729507308159618,3.0640136084928846,-1.2238192687735443,60017285.199999996,36132.0
6,1977,3.1659925924933385,2.725830563596509,3.0592237861507643,-1.2282917685856765,56010962.5,33632.0
6,1978,3.1686236041424163,2.7199098786708316,3.050968432978487,-1.2283669383063067,51982109.85,30354.0
6,1979,3.190729863683336,2.7106682395857633,3.0201026937619955,-1.2273876015000433,55133438.16,31611.0
6,1980,3.202230437418663,2.699886615037391,3.004472417899146,-1.2295603818513803,56713397.92,32006.0
6,1981,3.2108974694507744,2.7036294482155956,2.982434655209532,-1.223143131889403,58552394.07,32482.0
6,1982,3.222834762061933,2.689967255416873,2.9566212942446475,-1.2218808232711624,58562845.769999996,31499.0
6,1983,3.2129038210812833,2.66831396975627,2.9523356664252445,-1.2276814077352736,60446030.550000004,31618.0
6,1984,3.220917869652912,2.6647013402870128,2.9537320887523264,-1.2321455015905127,64070350.099999994,32275.0
6,1985,3.219395743952979,2.6556865747903537,2.964890749210247,-1.237026176304693,66897089.67,30786.0
6,1986,3.2243264773692117,2.6537711428689557,2.9645372979357023,-1.2387380310506668,70116651.75,29876.0
6,1987,3.2259323374727487,2.651269934924669,2.9635671481043,-1.2407860084518851,70890426.71,29233.0
6,1988,3.231489200935129,2.641759924029408,2.9665395007171216,-1.2473167754608538,71996316.75999999,20038.0
6,1989,3.2432052560142224,2.6397311249418554,2.9552351380377337,-1.2478683924256408,72391643.62,22563.0
6,1990,3.2265317520042833,2.649327416972511,2.9884101100735827,-1.2496156222058832,77660955.26,30628.0
6,1991,3.23347895116837,2.6417947260689942,2.967831728551072,-1.2475447732047964,75224788.47,29574.0
6,1992,3.2255669495501387,2.651919335889998,2.9514128776933277,-1.2368201441887856,74207553.67,27288.0
6,1993,3.227073733645697,2.640504095495018,2.9532554320424267,-1.241160931573191,73475327.35,26173.0
6,1994,3.2284374610502944,2.6299525458559323,2.9326000739668268,-1.237609597546402,75627284.98310001,25685.0
6,1995,3.2336708427785386,2.625540298986613,2.9229867585461746,-1.2383772225643839,77679187.4998,25200.0
6,1996,3.2513529011471283,2.6113955367808552,2.897423684526655,-1.2396477142962599,79311068.3862,25099.0
6,1997,3.2487147126387463,2.6251072731495286,2.9173681548706814,-1.2417897661966535,82464030.7195,25972.0
6,1998,3.2489639058723956,2.619307547442078,2.9303110637689023,-1.247177849720814,85504874.972,26825.0
6,1999,3.25941222735151,2.6131874349567714,2.9235941636326475,-1.2512392789547897,88212279.4892,27238.0
6,2000,3.2641648621566,2.608738992940577,2.9170798648073544,-1.2523170121817442,90209544.3882,27669.0
6,2001,3.2680185408656213,2.601024772805241,2.92742646136792,-1.258541871482625,90620925.0971,26569.0
6,2002,3.255449658016609,2.6062228114090833,2.948659170428803,-1.2600906886119019,86239630.7922,25471.0
6,2003,3.2649476909217325,2.5932753584721553,2.916830991768921,-1.258561010476338,85026492.82859999,23422.0
6,2004,3.263838134989536,2.6090815398017595,2.9436285116210317,-1.2615864600077342,88241468.3569,24521.0
6,2005,3.264563677945269,2.6082131756422147,2.9528496806638844,-1.2641294179411726,89572281.75639999,26877.0
6,2006,3.278400500860997,2.59227448092218,2.961171072728823,-1.276309595152944,90156884.58360001,28059.0
6,2007,3.271298498360313,2.60232514141561,2.9706729224490824,-1.27418920910152,92415734.2265,28029.0
6,2008,3.278611427983533,2.5933137341817116,2.939572024841334,-1.2685295229344438,91074029.64400001,27758.0
6,2009,3.2864275201547666,2.5787274413323584,2.912907967664744,-1.2681094625969207,83427779.6408,25808.0
6,2010,3.281971007013485,2.581004125911074,2.9050633780677266,-1.264304349115505,80999263.7376,25388.0
6,2011,3.2807655086764727,2.5903614609838486,2.9120114830416037,-1.2613654683599076,81422815.0815,25227.0
6,2012,3.3081859568380247,2.5747156471854735,2.8958478864734545,-1.2701541248745414,83607205.7989,25731.0
6,2013,3.3036726985230813,2.586605574776707,2.912029284355141,-1.268980941987214,85453354.8531,25981.0
6,2014,3.302495063831412,2.5879683072660735,2.918121918519771,-1.2707785781195178,87371916.21849999,26421.0
6,2015,3.2920477110144373,2.589286975326592,2.922368876256494,-1.2680897038324128,91230188.5227,26472.0
6,2016,3.2984224831753863,2.5748878066671383,2.9150797665843937,-1.27319956905131,94153900.5059,26743.0
6,2017,3.31102954791009,2.576427569608869,2.9193736967273654,-1.2776023291993719,94806919.4149,26432.0
6,2018,3.3096008328832207,2.577091943575167,2.931076481924559,-1.2811710376283332,96796691.1057,25877.0
6,2019,3.312416025166136,2.5662250387040872,2.906823679177178,-1.2771282273864848,98563943.5726,25678.0
6,2020,3.3312575050953037,2.569262013374907,2.9190783984817728,-1.2839814340173146,88719084.9432,20474.0
6,2021,3.3249954036306124,2.576621101164909,2.9383987679485837,-1.2877617664853367,92490276.20719999,21572.0
6,2022,3.342043114427337,2.5625542223547417,2.92385578002951,-1.293238800032698,98727290.94929999,22163.0
6,2023,3.344056644921298,2.556770307709048,2.908175164988769,-1.2895388397698124,97502516.2193,21349.0
6,2024,3.3394927987787657,2.5565427890206522,2.9133747130914824,-1.2891095974220568,96797689.5484,21344.0
6,2025,3.361838968794311,2.544780912401043,2.876865032958268,-1.2878062353699717,90179956.1487,17932.0
6,2026,3.357121322186111,2.5247204919164643,2.8545982786745263,-1.2877195804998538,16122009.6475,3199.0
8,1977,3.15580444390932,2.692653238280685,3.112984196954603,-1.2533372497496997,3297855.51,2832.0
8,1978,3.1869876568448046,2.698618327820256,3.0577216931246833,-1.2436996046409265,6415183.14,5831.0
8,1979,3.2129605384065214,2.6687163780399885,3.0183602259528817,-1.2475017593013467,6903673.9399999995,6174.0
8,1980,3.222984135742913,2.6672361258584054,3.003692695974027,-1.2441047194054915,7282961.609999999,6392.0
8,1981,3.227452068604789,2.6625055339707897,2.999291702902828,-1.2453998322721522,7901758.850000001,6921.0
8,1982,3.230065702067945,2.6353650190223354,2.9658030338230112,-1.2438823665804393,7932036.35,6904.0
8,1983,3.2159621857901994,2.6126246468039516,2.967667478928018,-1.2500329942037516,8595123.989999998,7174.0
8,1984,3.233132703152403,2.618582781084884,2.9694856077373353,-1.2530095502989682,9168031.95,6501.0
8,1985,3.2616439612761523,2.6089517785223815,2.937417182893135,-1.25664236307198,8844659.91,4711.0
8,1986,3.256268210979757,2.5799481964880613,2.8958688094261342,-1.252674642500011,8565403.129999999,4107.0
8,1987,3.2560111029883925,2.578593454259199,2.883207051359935,-1.2466645547680293,8348910.46,3985.0
8,1988,3.243024542263373,2.573312387965942,2.87029131671974,-1.2417613837363668,8668315.52,4047.0
8,1989,3.2314125976076644,2.60617563139633,2.944632928103576,-1.2494814502177016,8773159.24,4087.0
8,1990,3.2458279434811748,2.6009414814735297,2.8975433477233197,-1.2421286250331116,8702798.89,4150.0
8,1991,3.2581501694583017,2.575228208237966,2.896168948890162,-1.2542253440221185,9102019.279999997,4315.0
8,1992,3.2599226252971807,2.6018661416266604,2.9070214283933526,-1.2496088898860922,9369507.440000001,4412.0
8,1993,3.257726536813755,2.596318263947318,2.8807011904422435,-1.2422342179409283,9993835.87,4729.0
8,1994,3.270278286097608,2.607239894973069,2.8991518479784353,-1.2464527553175557,10611616.397,4821.0
8,1995,3.2761932218186223,2.595736625015963,2.8858641961599605,-1.2489600935285887,11258200.2524,4987.0
8,1996,3.279189363767696,2.554921184470391,2.857086274833409,-1.2536318847433991,11603738.030100001,5016.0
8,1997,3.2907090620250115,2.5652687549430326,2.8766625988333727,-1.2607170758796318,12125413.9465,5432.0
8,1998,3.3239692842346296,2.5478794500743027,2.8524767444567396,-1.2679170114574356,12669208.738,5603.0
8,1999,3.301549083171674,2.5528124465305435,2.8581512061166334,-1.2618923437180827,12968840.3409,5754.0
8,2000,3.308346074842825,2.5528906082689713,2.8716579287147064,-1.267280672197434,13816848.619099999,5581.0
8,2001,3.324320564202612,2.5589798257797303,2.8748565640085397,-1.2725522820161297,13261654.906100001,7332.0
8,2002,3.2995639951313307,2.5603670084788503,2.933900947438898,-1.2827541814286778,12820936.1916,8255.0
8,2003,3.3017025711775956,2.589146964979666,2.965174528337293,-1.2843799775178955,12379198.8127,8001.0
8,2004,3.3092767077978933,2.5616013719320367,2.94312340021839,-1.2914215294610647,12886977.241500001,7946.0
8,2005,3.321282181416945,2.5783842530712135,2.96784746419885,-1.2964314916555426,12721886.4279,7694.0
8,2006,3.3294712403581292,2.571788623508062,2.9022101423382463,-1.280815761803272,13693445.1415,8189.0
8,2007,3.3469948149939075,2.5529177007712547,2.879549223645009,-1.2844662397399766,14216665.8203,8251.0
8,2008,3.346152406621817,2.564387729899835,2.9109242510685305,-1.2888532096289564,13926066.3536,7901.0
8,2009,3.3569703228028365,2.5608709995391465,2.8567679710165526,-1.2749543649272326,13121538.4556,7544.0
8,2010,3.346472876620783,2.551391215109388,2.8711120592734023,-1.280722520100481,13256994.3508,7564.0
8,2011,3.3275835335077084,2.5426406510598833,2.8576765761927714,-1.2729964061544834,13143126.364,7393.0
8,2012,3.3251737824090863,2.5625476322240903,2.85252764396298,-1.2642275278678985,12924902.134,7457.0
8,2013,3.335354639492827,2.5691731375679865,2.8557009373906124,-1.2675188762881562,13222803.309100002,7619.0
8,2014,3.356395632961929,2.5416459075001647,2.876013093837405,-1.286553162230222,13776379.9799,6515.0
8,2015,3.341011131896387,2.548838247388809,2.954851499358792,-1.306705791813707,14074548.0891,4682.0
8,2016,3.334207627467247,2.5521367516290714,2.9203015590796815,-1.2919722556826152,14411030.586,4045.0
8,2017,3.365705174932577,2.517927532116906,2.8758587346357096,-1.2982935687057546,14755703.7908,4040.0
8,2018,3.3594157766152275,2.53145328272239,2.8942927132631158,-1.2983984844199858,15993977.0108,4289.0
8,2019,3.344245482245037,2.5305109556412666,2.936889957640688,-1.3059820835452536,15990848.2993,4076.0
8,2020,3.3661834303057465,2.5357669298316172,2.931417026572685,-1.3112495420236536,15357835.911,3568.0
8,2021,3.3988941541028543,2.507477969056816,2.8767835936181454,-1.3127520825595698,15524305.0874,3648.0
8,2022,3.419427132574148,2.483659159129942,2.8179700429733,-1.3061649782611389,15843572.3462,3696.0
8,2023,3.4269713755700524,2.4950268060465213,2.7821605668570295,-1.2936253825410944,16099388.709400002,3404.0
8,2024,3.3977110077038515,2.5284933292081084,2.8601790879988322,-1.2998535547089303,16120457.5717,3326.0
8,2025,3.3627276098138443,2.5178327609611206,2.8906035949783653,-1.303208369047082,15257672.54,3039.0
8,2026,3.3880291497907824,2.458425516227015,2.8123554840197422,-1.3068254264119001,2588031.2098000003,490.0
9,1976,3.13228234932564,2.845986783175345,3.1180412154754573,-1.199823182514002,7218574.22,4436.0
9,1977,3.1305287353061493,2.836066807646772,3.112438975225789,-1.200246403806759,7301150.720000001,4540.0
9,1978,3.1418824644013794,2.8301500264874475,3.0779216349518976,-1.1966189799429392,7572547.35,4447.0
9,1979,3.1703620424077306,2.832562684612966,3.0631614084504264,-1.1997666571383656,8106768.779999999,4894.0
9,1980,3.1999879138243825,2.798146580976285,3.0229556911601527,-1.2064702053788388,8511083.66,5551.0
9,1981,3.2004744052681415,2.783558530105057,3.0467722244778814,-1.2165337502708171,8728580.73,5188.0
9,1982,3.237093167667526,2.753208360888945,2.9770378835726867,-1.215134276067206,8355345.03,4633.0
9,1983,3.2204866769649656,2.738494296587901,3.008019684522905,-1.2279437810522649,8490298.56,4666.0
9,1984,3.2160225888147465,2.7690324289664883,3.0281552547103896,-1.2207295991438363,8925795.48,4974.0
9,1985,3.2128511592165343,2.7716523372653286,3.0180466832161055,-1.215908273237749,9170878.98,5077.0
9,1986,3.2381206213827896,2.723553188498228,2.984769452240259,-1.2299445874425126,9384410.120000001,4877.0
9,1987,3.23218544226786,2.711903228471875,2.9991241857212576,-1.235929965380189,9521050.64,4424.0
9,1988,3.226426281001206,2.732296669601735,2.9996267857807752,-1.2265916386170725,9617468.969999999,4072.0
9,1989,3.244400821951255,2.717878027608725,3.025583279074541,-1.2457947705449746,9489100.45,3982.0
9,1990,3.242399090523977,2.714120796902383,2.9833873715609744,-1.2347463536354553,9549437.299999999,4070.0
9,1991,3.238756761373033,2.711319190480253,2.9697872763568953,-1.229224859457896,8770812.51,3662.0
9,1992,3.23597376799062,2.7122591119118136,2.9532332495274063,-1.2227156735846767,9079974.99,3748.0
9,1993,3.221784947607848,2.6765975521974927,2.976981717076625,-1.2352850065411707,8590854.77,3504.0
9,1994,3.232733513217278,2.6553386868394493,2.9589867766539393,-1.241976167433443,8237670.2174,3252.0
9,1995,3.3224967783268577,2.603002488498139,2.865945215032804,-1.2556172550125155,8069376.1742,2968.0
9,1996,3.2877818906976852,2.628386514299614,2.899790954689177,-1.2481930148969076,8471223.399099998,3153.0
9,1997,3.27441289240194,2.6303947828891427,2.9305307053146032,-1.2539750781289472,8534821.9992,3271.0
9,1998,3.257933333139525,2.6400934794302153,2.936600748592118,-1.2503452713537555,8753027.3286,3348.0
9,1999,3.251831230339752,2.6154819935053264,2.9113465689066995,-1.2465115598583911,8906335.157000002,3419.0
9,2000,3.272621825378798,2.6323075413577155,2.9222695633067155,-1.2501108303026975,8799217.8192,3336.0
9,2001,3.2834181226604207,2.5996559894297087,2.9231704418522435,-1.2650612487709514,8929891.1116,5302.0
9,2002,3.288299918435123,2.602006459702712,2.9158887901459485,-1.2630943711464229,9139390.4747,6487.0
9,2003,3.2903575597266386,2.601028025204872,2.897737412799819,-1.2575328652744062,8552421.7722,6162.0
9,2004,3.275681829343543,2.6060888025654707,2.939411394102766,-1.2656426503708251,8695649.9104,6779.0
9,2005,3.2668095236405796,2.629443962463266,2.969924661664238,-1.2633804164949227,8840915.0438,7549.0
9,2006,3.2704359710308166,2.616109488407956,2.927709204696551,-1.255219038803617,9193574.9059,7926.0
9,2007,3.2859646212002995,2.6030503858076335,2.9209410780559004,-1.2642968799312517,9157827.6831,7556.0
9,2008,3.2785129797409684,2.60670027103153,2.9266897018399374,-1.2611757126651277,8974197.3968,7620.0
9,2009,3.2946726251136105,2.5762739934265086,2.895303145281911,-1.2659540000770042,8196830.3871,7200.0
9,2010,3.2946567180838566,2.589166984123634,2.8913446711248967,-1.2593903747519466,8146322.0844,7233.0
9,2011,3.3004294985351557,2.594623882279112,2.8927603442989964,-1.2600341836534308,8317304.9789,7137.0
9,2012,3.307696209075426,2.5765158564131476,2.8579520262382423,-1.2581533753711949,7899112.036,6569.0
9,2013,3.3098613390986316,2.568463164005267,2.8938834805760627,-1.2736239078929803,8097751.4967,6568.0
9,2014,3.3198744856177527,2.565140182469237,2.8724764580807776,-1.2702561570920454,8141055.637599999,5481.0
9,2015,3.327349025960915,2.5603020669976595,2.8591758582560196,-1.2721019241189708,8460316.0015,3743.0
9,2016,3.3095909846782177,2.5741230148745884,2.874212665986735,-1.2659845517206416,9033493.918699998,3244.0
9,2017,3.296627735004757,2.5829797188901864,2.8656985654345255,-1.2557618423935142,8443478.014400002,3039.0
9,2018,3.318317118841316,2.592878228529897,2.884648405884976,-1.2646937799217666,8814328.5084,3004.0
9,2019,3.312741881110373,2.590046310719581,2.9096301586772966,-1.2712767402722922,8861702.970800001,2929.0
9,2020,3.345476642222597,2.565338975433725,2.8949205777613654,-1.2835906304195992,8023961.716499999,2446.0
9,2021,3.358593821478737,2.552769455575078,2.9088807607028793,-1.2940104324825472,8490389.8954,2530.0
9,2022,3.347831821408229,2.553238546668981,2.8706131203950247,-1.2804470977380724,9153775.5147,2617.0
9,2023,3.3547910362641487,2.558621977927388,2.8368758161460366,-1.2744936012447428,9147704.6774,2657.0
9,2024,3.315003750589261,2.565679988118619,2.9464935121977107,-1.2936851042161208,9066095.3355,2704.0
9,2025,3.325441419700698,2.5802251676107373,2.941370595519463,-1.2894956876106287,8247727.4426,2261.0
9,2026,3.3404713415839544,2.5736959875131897,2.903675843371124,-1.2833866204361097,1439802.5501,363.0
10,1977,3.1022718356704204,2.707595460846429,3.1741622762601875,-1.2533295171283954,491458.31,896.0
10,1978,3.143940419647753,2.722640729012031,3.225325985289474,-1.2719063163868174,1066131.55,1773.0
10,1979,3.112421754935795,2.6940874028528077,3.168343782406599,-1.255259494200622,983257.0700000001,1584.0
10,1980,3.122823932831657,2.7143390548898663,3.166321001970426,-1.251784301204075,1033718.0499999999,3311.0
10,1981,3.134400341253591,2.6863520833659322,3.1473151059938456,-1.2597574118185266,1054828.09,2815.0
10,1982,3.1565931435968864,2.6623924437216195,3.111146762247691,-1.26189525924764,1090119.6500000001,2634.0
10,1983,3.137167174253282,2.671004956366452,3.1546942595528855,-1.2683371657593172,1155544.6400000001,2796.0
10,1984,3.153184709475797,2.6950760236047966,3.1523520752614385,-1.2649109538100947,1202135.43,3053.0
10,1985,3.137090966762889,2.6920601407106823,3.1814686522929354,-1.2681422269796445,1230574.6199999999,3052.0
10,1986,3.174896904738446,2.6646064163657,3.096540982423322,-1.2622060950021754,1248124.51,2919.0
10,1987,3.1752368610610744,2.651746657787497,3.0980350004389248,-1.2670056873353233,1300802.1099999999,2991.0
10,1988,3.192242165713618,2.6540339966568474,3.0933669054450217,-1.2683902048478233,1350073.15,3053.0
10,1989,3.169142912097321,2.6808871106078294,3.0955961404654966,-1.2551589463130501,1427013.5,2983.0
10,1990,3.182690664605093,2.6703351981800925,3.1058443997977006,-1.2639303117607446,1481480.0599999998,3011.0
10,1991,3.1604456217591856,2.6606502426665215,3.0839601794018487,-1.2524310991651424,1478239.93,2729.0
10,1992,3.208890762794948,2.65465628922131,3.084127916468005,-1.2712249108194051,1380196.6400000001,2422.0
10,1993,3.2142923798862317,2.644567607981079,3.1185313164134163,-1.2866499790075339,1464209.5699999998,2495.0
10,1994,3.189581714679889,2.640234469228174,3.0339891856389687,-1.25899478781367,1549258.4523,2521.0
10,1995,3.196472248828455,2.618433290083694,3.0522672529623622,-1.2758264633203913,1472284.4147,2389.0
10,1996,3.207414745817286,2.609000402441442,3.0003394130128784,-1.2646157548188328,1525857.7699,2548.0
10,1997,3.227359699037643,2.639679304183621,3.0239639495828725,-1.2624897940882516,1547565.2955999998,2526.0
10,1998,3.219238081055183,2.641826173979577,3.095024036321438,-1.2833602346903827,1594870.5611999999,2691.0
10,1999,3.2093088726590127,2.6416926198985475,3.0926114299961003,-1.2815260057534563,1700713.7693,2821.0
10,2000,3.215211109544171,2.6301949308726416,3.077920006590642,-1.2819926656988265,1786293.0858,2887.0
10,2001,3.2305651850884374,2.6201758355406115,3.0418890290684804,-1.2788474113065134,1856747.7587000001,3677.0
10,2002,3.2485447876278983,2.5999852398160397,3.04031952714796,-1.288320364872752,1733996.4583,3917.0
10,2003,3.233425532294151,2.6188282543120405,3.044330961529815,-1.2810213149688392,1704939.9530000002,3792.0
10,2004,3.2125827285361344,2.633894776954997,3.1004054420818425,-1.2876479251022217,1754015.2785,3961.0
10,2005,3.236223790519763,2.639081985584371,3.118561502899039,-1.2975125749829572,1786660.8196999999,4323.0
10,2006,3.239861605281805,2.626974728085524,3.1066657427857693,-1.2998696827234608,1932558.0767,4776.0
10,2007,3.2594654172125077,2.630744549299895,3.0540710467488923,-1.2864576047631677,1862082.8736,4529.0
10,2008,3.2626086705340858,2.6307332905730534,3.0588556326275147,-1.2901507315345246,1860354.7566,4371.0
10,2009,3.2443688924580947,2.612997599935616,3.010514367749201,-1.273530189386183,1651200.6121,3961.0
10,2010,3.2390739775270965,2.63414278292229,3.0605647580907878,-1.280987090453902,1640346.0847,3931.0
10,2011,3.2409425028354817,2.625551517204009,3.0523524098732073,-1.2827185176546716,1662218.8939999999,3956.0
10,2012,3.2574539627026167,2.5971471288038184,2.9771459817924653,-1.2750756810513737,1691372.3231000002,3859.0
10,2013,3.268371533171856,2.578508216744137,3.004493280497177,-1.2939378898439766,1599884.0264,3708.0
10,2014,3.2651363947957983,2.6066482179020847,3.006245208026159,-1.2800024188692183,1762396.7752,3620.0
10,2015,3.2583028619715693,2.5879894046694893,2.9877414293144504,-1.2766835921414195,1882220.6202000002,3019.0
10,2016,3.260079330312078,2.5815055501542528,3.045879111514785,-1.303626442907581,1919608.8686,2947.0
10,2017,3.2471877564270346,2.593842186064399,3.0265689839230125,-1.288346152856651,1946011.4134,2799.0
10,2018,3.29428578550744,2.6021271974762707,3.0419336511606665,-1.3011404805994298,1979466.1022,2777.0
10,2019,3.2812903843016863,2.589524479353217,3.0069552531653803,-1.2914653473756077,1846313.6346999998,2337.0
10,2020,3.297494933342547,2.579724779627074,3.042420835031142,-1.3100642854851072,1751104.4593,1959.0
10,2021,3.2770167067560334,2.627020561376169,3.033568282070536,-1.2831503207076114,1948611.6434999998,2270.0
10,2022,3.298523768459265,2.59303409378354,3.0223618560325582,-1.3001666975545612,2091126.0554999998,2304.0
10,2023,3.2846999226444016,2.569039124674729,3.033612118925569,-1.306903834991363,2008716.4375,2180.0
10,2024,3.316200561586764,2.5720350715295615,3.0294284397459306,-1.3135032442666024,2025627.5636999998,2140.0
10,2025,3.301356621863025,2.562212086709305,2.9478201090639127,-1.286997491243438,1837561.9847000001,1925.0
10,2026,3.3856226035409533,2.4946714704319373,2.8226745045076407,-1.2997350606826912,318128.5703,317.0
11,1976,3.1166622608175443,2.601374168715347,2.851004459831996,-1.1869927677342709,1099257.0899999999,606.0
11,1977,3.086073195337004,2.5984579983910208,2.905787686629915,-1.1907670842238027,1104893.55,965.0
11,1978,3.0914945646639502,2.6054554664751928,2.9161397159247775,-1.193625466613595,1218304.78,1330.0
11,1979,3.1495916421234686,2.635738144647475,2.9312863889815137,-1.204959755641347,1236251.6,1363.0
11,1980,3.178896459192262,2.568738702023269,2.849455468926481,-1.2102800415662227,1217001.3399999999,3346.0
11,1981,3.1647352871511623,2.572278217630586,2.8475924460479787,-1.204708187561349,1172245.1500000001,2671.0
11,1982,3.1828337709471155,2.5503274198095536,2.8193568022182482,-1.2076507649133406,1247168.27,2606.0
11,1983,3.190502092789941,2.540099290909454,2.7997768555567264,-1.2092270178752758,1271244.0699999998,2730.0
11,1984,3.216022825308299,2.5329171007049767,2.8591235566905313,-1.2387974737695648,1296310.33,2831.0
11,1985,3.223481243849013,2.569021668237031,2.878573319873793,-1.2359887407738825,1296842.6800000002,3004.0
11,1986,3.2673706770508715,2.533898865957361,2.795855806025675,-1.234005961325777,1370424.86,3128.0
11,1987,3.27377721200052,2.549274246380547,2.8125428026097223,-1.235932763940671,1483049.54,3253.0
11,1988,3.2713499612557784,2.53213695668528,2.7706243899825624,-1.2280793476968068,1509218.29,3371.0
11,1989,3.27272225641175,2.549945232322367,2.7880992845646624,-1.2255289391878739,1494992.84,3021.0
11,1990,3.2977264024065276,2.5036274570375676,2.751840001864654,-1.2392165461993283,1465776.9700000002,2966.0
11,1991,3.285247363807664,2.4666263153590045,2.6741853410562517,-1.222758104709131,1363381.22,2721.0
11,1992,3.2691448800579552,2.490751026915726,2.652352504679892,-1.20584996188592,1270209.02,2441.0
11,1993,3.324998252834065,2.492482706625084,2.654106265849407,-1.2205554375234469,1205599.99,2285.0
11,1994,3.354229101934972,2.494610194749986,2.6695535284281027,-1.2322741575422358,1226432.7418000002,2461.0
11,1995,3.3510371562370986,2.482538596463562,2.6591111828686,-1.230643875396883,1194831.0431000001,2671.0
11,1996,3.3772890979203805,2.475997107052902,2.621049199380004,-1.2297271927184432,1128582.9493999998,2425.0
11,1997,3.346781065343513,2.4865158128044826,2.5976833928070624,-1.2073446713804143,1089739.4274,2301.0
11,1998,3.3709491321165554,2.4783191820913824,2.624601145329475,-1.2297026203954884,1184906.0735,2526.0
11,1999,3.3644077562313575,2.4701438210712356,2.655023964401759,-1.2379019223199363,1281071.6445000002,2713.0
11,2000,3.3731943299150466,2.4599441542207514,2.654198561089479,-1.244692217315775,1473271.5537999999,2999.0
11,2001,3.3547546937017847,2.490948332303059,2.6776155332817058,-1.2358600906738293,1438743.5027,3396.0
11,2002,3.389523521270602,2.475127388394308,2.6837770522104067,-1.2532848263475909,1313184.7588,3115.0
11,2003,3.424883715211534,2.4418157675093273,2.6046165380770407,-1.252381795228624,1420459.5022999998,3117.0
11,2004,3.411992378403855,2.444395398326629,2.6335427548824604,-1.2575804555961012,1365953.4722,3375.0
11,2005,3.4272871737968447,2.4231969069835375,2.581437369902474,-1.2523411225044823,1353657.6489,3923.0
11,2006,3.4576433124972517,2.424886875505488,2.555365968725971,-1.2513706794256008,1410440.391,4299.0
11,2007,3.452172230359117,2.414951702015931,2.5327398503892122,-1.2454820934430388,1505722.1904,4399.0
11,2008,3.458738312810567,2.4006658308729927,2.51602396541997,-1.2432828948808685,1576964.6049000002,4576.0
11,2009,3.486871813616333,2.3868989612250773,2.5265388820618355,-1.262208906274274,1497572.1272,4315.0
11,2010,3.5237342597509174,2.357792454846377,2.4393919716231633,-1.2539226119524973,1530240.0799000002,4385.0
11,2011,3.5386243956275485,2.3749231367371832,2.484187658133017,-1.2659726044435329,1491394.9391,4368.0
11,2012,3.5491298340935775,2.371126031374366,2.4615774712192238,-1.2606449995796782,1589736.4679,4506.0
11,2013,3.564589925347961,2.348350954348219,2.4054882245308082,-1.254121694300232,1615129.4042,4486.0
11,2014,3.5943060577009103,2.348556372421333,2.4232560440278252,-1.2692891551914793,1668499.5132,4803.0
11,2015,3.5621506666148317,2.352620493405653,2.430435248264904,-1.2611868002229099,1738449.5788999998,5387.0
11,2016,3.5729976834823205,2.3354499597163128,2.415757281412325,-1.2646024268926754,1865428.4729,5954.0
11,2017,3.607092793027937,2.32825630032169,2.4003699067617097,-1.2701275730085424,1928983.873,5873.0
11,2018,3.5979845792345677,2.3276614403879536,2.404078513124005,-1.2717612905535094,1985660.0653000001,5473.0
11,2019,3.620149931862935,2.3144443333122,2.393871160680606,-1.2785539181806747,1960658.4375,4776.0
11,2020,3.645209425285635,2.3172149631872494,2.396501887999714,-1.2862966844335202,1892576.72,4327.0
11,2021,3.677561023491168,2.288435135514962,2.344166040297252,-1.2842666655607873,1975677.1576999999,4444.0
11,2022,3.6452649326278173,2.3105717751415833,2.370662048892357,-1.2795335252621078,1870404.2601,4310.0
11,2023,3.669277973545901,2.293684916377751,2.334210406016664,-1.280187363416679,1892779.3711999997,3804.0
11,2024,3.6595124520819033,2.291204001477306,2.3474394558100484,-1.2831287847417574,1902039.4079999998,4086.0
11,2025,3.6755971755977623,2.2784132526706635,2.327720132813114,-1.2850705459159706,1830599.1332999999,3693.0
11,2026,3.668686719235545,2.278249333264654,2.347703532153874,-1.2927115881877769,335836.5464,668.0
12,1976,3.1378380573213955,2.686198916069474,3.1310700556538666,-1.2539794219706084,14470593.25,8485.0
12,1977,3.1290667966113324,2.688774429599561,3.152067190186873,-1.2570626835890013,15052123.6,8886.0
12,1978,3.1354964197150634,2.682415629721279,3.146901160917163,-1.2578648521265532,16808776.29,9205.0
12,1979,3.1417304892323914,2.6914479750532907,3.163980598025676,-1.2638390084529425,17898740.259999998,9923.0
12,1980,3.1536957628935425,2.700987432956729,3.173229740150309,-1.2678719188962495,18973897.060000002,10322.0
12,1981,3.154084468415481,2.690775937345919,3.1495196728173895,-1.2623748889759883,19606461.21,10386.0
12,1982,3.175342045181206,2.676392159908769,3.074939633724507,-1.2491105218485303,21646897.26,10317.0
12,1983,3.1545652312413393,2.6587149650298083,3.0848019196694336,-1.2545198932368373,22118269.909999996,10448.0
12,1984,3.1568882335232344,2.6572088773193583,3.110333863961029,-1.2655532360506352,23939025.800000004,11370.0
12,1985,3.186925677116629,2.6448649443236905,3.0900436402868183,-1.2720761683071824,25701782.19,14246.0
12,1986,3.1859924859749125,2.6422476978372287,3.05969921005224,-1.263342913595112,27318048.68,15021.0
12,1987,3.184318224943485,2.6450770812448368,3.064299605219877,-1.2621079880491777,29409406.240000002,16230.0
12,1988,3.197264756244526,2.6208249742281065,3.0432882441210274,-1.2662243227300545,31167343.6,17000.0
12,1989,3.190404081885537,2.633621912044368,3.0576391562936855,-1.2646912972739859,30209563.549999997,16329.0
12,1990,3.1927024546708025,2.6218156934154315,3.0228762011940935,-1.259745776994256,30746365.43,16147.0
12,1991,3.1952194079003116,2.633407849876216,3.023568546819667,-1.2567959568101155,29766494.81,14657.0
12,1992,3.184682412361234,2.6401288798199816,3.024962176059539,-1.2523084678625853,29978327.73,13957.0
12,1993,3.1854359218359525,2.623026493173602,3.0202939115787935,-1.25681841894294,31039445.33,13832.0
12,1994,3.1943752145159565,2.625616799865928,2.9999252953635565,-1.2511797882595228,31353468.193799995,13267.0
12,1995,3.199062008071497,2.622972699793969,2.9995685451001686,-1.2560830949545976,32337463.404,12698.0
12,1996,3.2080145398581257,2.627841772526366,3.0068926539041523,-1.2580877933735453,34188202.64749999,13126.0
12,1997,3.2042497814480164,2.6307655572015243,3.011116336016826,-1.2560240256214052,35270288.102699995,13320.0
12,1998,3.218292872536932,2.6128651099070437,2.992672904780155,-1.2598232163712055,36277665.869399995,13706.0
12,1999,3.2080036984164173,2.6229406330910625,3.038270759124788,-1.2688167097365284,37333846.12019999,14236.0
12,2000,3.219161138254951,2.61020371791663,3.0217341521712826,-1.2719933918897015,40239245.440000005,14755.0
12,2001,3.2284381043173664,2.600274364229716,2.9933954781304832,-1.2686879363633803,41268181.3009,14822.0
12,2002,3.2371654683917517,2.5953052813355044,3.0048230929807382,-1.2770175363487775,41208416.0939,14469.0
12,2003,3.250665088825422,2.623485862910147,3.0023766203108853,-1.27112812392357,39095740.56249999,13832.0
12,2004,3.2356352819412737,2.6162562870550876,3.02204663837473,-1.275160725796021,40849548.4384,13340.0
12,2005,3.2315826907981107,2.6308422432199654,3.0659108561519006,-1.283296255934569,44227653.2296,14200.0
12,2006,3.2199792247106926,2.6278446663051174,3.0852891629333947,-1.2877032041455947,45378626.8231,14324.0
12,2007,3.236607640897879,2.6274731772892106,3.064927317082665,-1.2857984820534432,46508501.3644,13935.0
12,2008,3.2668510373117168,2.613186653210881,2.998788033494034,-1.277737720710829,44163513.034499995,12697.0
12,2009,3.2920252259869165,2.5844560530322447,2.9374759605861014,-1.2763654182233193,40064468.2272,11449.0
12,2010,3.2701342023028297,2.588697504839131,2.951179785144734,-1.2715148769042444,40154719.307900004,11373.0
12,2011,3.2775095389106035,2.575075130938351,2.93920152432418,-1.2733401133407911,38482400.640099995,10532.0
12,2012,3.2678871763091633,2.5816844375426466,2.9446210059948057,-1.2720498359472727,41108427.415699996,11103.0
12,2013,3.256856942782931,2.577414031740786,2.955213175484726,-1.2737000528114388,43343666.0756,11579.0
12,2014,3.2555649948740997,2.5895016449812975,2.9789565919172496,-1.2754448848668047,42818806.01189999,11498.0
12,2015,3.2432113553031123,2.587991774288475,2.996164006431565,-1.2778989460208516,43328444.462,11805.0
12,2016,3.262118773908561,2.5778280130984266,2.9825811307158805,-1.2831972059685313,45459026.6336,12347.0
12,2017,3.274676346589135,2.580915549887814,2.979049363088815,-1.284877314540436,48510992.6563,12740.0
12,2018,3.276836892463999,2.5938309720711383,3.0248697946069187,-1.2942974924991593,49622161.1801,12371.0
12,2019,3.277096198449336,2.591799674141642,3.006809656920672,-1.2911941499132353,50485867.756699994,12235.0
12,2020,3.3128753803613185,2.5743541675410757,2.976347695489896,-1.2956942078014935,47487398.379,10050.0
12,2021,3.270115939613056,2.59245317227703,3.0365727136900618,-1.296623777563803,50212603.589,11167.0
12,2022,3.294095205646373,2.5874761991124093,3.018055174508801,-1.2992614458166976,53001457.006000005,11314.0
12,2023,3.286831968923588,2.5894105877715368,2.9945046611431327,-1.2878285804495844,55499537.4475,11131.0
12,2024,3.2977354174026074,2.572942635028525,3.0018908870508056,-1.297536765632098,55952767.8235,10978.0
12,2025,3.303912277669538,2.5607243265791744,2.9961206689967113,-1.302146361353369,52403663.855,9257.0
12,2026,3.290107736919525,2.5670985028857496,2.997984139363559,-1.2976712944578628,9496387.3074,1671.0
13,1976,3.100484091853996,2.731762778821557,3.202986382828806,-1.250893238184835,9736052.61,5823.0
13,1977,3.10928141795167,2.7404471803303383,3.204779118063623,-1.2500628603967288,10208237.6,6218.0
13,1978,3.1333656544762807,2.7162815729306957,3.147727379493726,-1.2474461922349027,10260879.95,6308.0
13,1979,3.1196566250187723,2.7386948422480417,3.1301906015327385,-1.2307251493732283,10367430.94,6273.0
13,1980,3.152145580814382,2.724569375900736,3.1185421995435365,-1.2402241704873018,10477717.04,6272.0
13,1981,3.158652406528213,2.7086650269926307,3.114279367135582,-1.2453102560923328,10995515.700000001,6335.0
13,1982,3.157414114719714,2.7168617704858957,3.136075695746683,-1.2488555810530817,11442766.120000001,6232.0
13,1983,3.1222571944414597,2.722237903388882,3.153407973231184,-1.245988218698433,11704618.25,6161.0
13,1984,3.1333216903266075,2.7183676417336877,3.1677335725454068,-1.2550965398096952,12609079.79,5912.0
13,1985,3.159938314226687,2.67077278526072,3.113240543992809,-1.2609892050466411,12970807.690000001,4528.0
13,1986,3.1562334446653337,2.6755217634887587,3.0979398902071655,-1.2550348058413752,13759121.33,4020.0
13,1987,3.173663368574052,2.6941219097792524,3.140051477550209,-1.2673032308687433,13783704.360000001,3885.0
13,1988,3.201675420147979,2.673073886322957,3.0749752364555865,-1.2602210329546522,14611192.360000001,4134.0
13,1989,3.1950211256973238,2.693330630958249,3.0770439146816115,-1.2527088492739533,15275313.850000001,4105.0
13,1990,3.2062673920561693,2.6663489611962654,3.0114297481034455,-1.2418753299213008,14790147.309999999,3672.0
13,1991,3.1846068344118157,2.676502322666376,3.0478412175994607,-1.2436796666327476,14515156.47,3495.0
13,1992,3.1642758251891143,2.6580594477409605,3.064176209272631,-1.249976825822788,15167347.440000001,3637.0
13,1993,3.1884995173962007,2.6463191933305064,3.05352605369086,-1.2621598630415807,15531203.32,3578.0
13,1994,3.199892597364567,2.656060199695262,3.0694373668926156,-1.2657452279141044,16685921.258499999,4756.0
13,1995,3.215992032713994,2.660370116949325,3.0720148927682613,-1.2680984452310327,17158544.8441,7710.0
13,1996,3.2150536978745388,2.668157852636833,3.0680066354634037,-1.2630575091018723,17859130.7993,4925.0
13,1997,3.222447972037932,2.6786086421246176,3.079780225292847,-1.2665796941614886,19342404.5388,5336.0
13,1998,3.211687736823712,2.669170092463609,3.0525994928863787,-1.2585335822174704,20453041.5224,5582.0
13,1999,3.2090491154396417,2.6666181929282238,3.0819720640103934,-1.2668350340566354,21114375.8736,5479.0
13,2000,3.2423199234526088,2.647877030635126,3.03675579693357,-1.2672435785435463,23377226.355699997,5618.0
13,2001,3.2691257700066205,2.6456137150765073,2.987694814478391,-1.2611436046818802,21844678.0541,5013.0
13,2002,3.2470126451501566,2.6596834327776113,3.056758368533302,-1.2702616704490275,20990599.896,4892.0
13,2003,3.255412987970645,2.647443263989582,3.051500611017383,-1.2779481704959101,20988737.2185,4786.0
13,2004,3.2725855103675654,2.6292842100941547,3.066640034956162,-1.2954811589344104,21618782.1295,5370.0
13,2005,3.2584780161408133,2.6536353122750453,3.0661783026919465,-1.2834340753265578,22128518.0312,6662.0
13,2006,3.2494108903502084,2.6522827586872153,3.081321775875431,-1.284563105574776,22708570.0665,7083.0
13,2007,3.2660741832817424,2.6474682165385346,3.0572614645556024,-1.283352758047221,23468661.267800003,7115.0
13,2008,3.2868101147960305,2.627181416791336,3.022693149651529,-1.2842091024917968,23452439.371,6804.0
13,2009,3.285856923639815,2.599475948957923,2.997586059759045,-1.2858840309939463,21682959.9259,6258.0
13,2010,3.28812412012999,2.6327650299447645,2.992195793305226,-1.2727234034057169,20875073.951199997,6127.0
13,2011,3.2901637098052485,2.633884857928299,2.9818844047534045,-1.2683589440805474,21319166.450000003,6040.0
13,2012,3.3016327996637207,2.621779935580727,2.9705659758140643,-1.2721481295092707,21391766.862,5979.0
13,2013,3.304050507905491,2.6282190719788843,2.9593998660023004,-1.2665769844334607,21430124.1989,6114.0
13,2014,3.2980085436511484,2.6157306523538355,2.9837562100911246,-1.2778669429307332,20738466.575200003,5941.0
13,2015,3.298305602522292,2.6191603691173815,2.978871323691925,-1.275622569950864,21926310.2641,6177.0
13,2016,3.248404273557043,2.6225885932299944,3.0411986597528005,-1.2802332352785974,23035364.0202,6309.0
13,2017,3.269831466778149,2.6174562805222856,3.0200739625123347,-1.2835970556313074,23565150.608200002,6478.0
13,2018,3.281831098138737,2.623747851446239,3.011269687041307,-1.2803679059838433,24330029.4493,6461.0
13,2019,3.2728637391619384,2.6451776406952874,3.0143373009287884,-1.270316680548173,24640724.2024,6265.0
13,2020,3.2965882363072656,2.633565933164508,3.006717380135966,-1.277302236740204,23843433.7104,5098.0
13,2021,3.3083506471827624,2.6150902889197045,3.022758339751906,-1.293347211621452,25139380.1558,5444.0
13,2022,3.2976143044203754,2.621388836314348,3.0203323888459956,-1.2881465340074556,26659233.5664,5084.0
13,2023,3.339597534253751,2.5961982041167606,3.00428907790433,-1.3046295216693455,27138269.286199998,5181.0
13,2024,3.330073591403123,2.6031641657242606,3.008654034344441,-1.299045674093726,26861258.8838,5014.0
13,2025,3.340503999977706,2.5942559800679237,2.9642434591869824,-1.2899327299357155,24786873.659199998,4648.0
13,2026,3.291978202225779,2.6163924711755056,3.0048571546879033,-1.27757528935612,4377876.2683,741.0
15,1976,3.0903728716743353,2.7244231889101855,3.1626107124737617,-1.2375018339974662,1505322.92,835.0
15,1977,3.0971104970725234,2.6954055145456186,3.1108013929731477,-1.2311484626308336,1645690.74,1612.0
15,1978,3.082257829451077,2.708763081072055,3.0537059015743724,-1.2062133352391424,1631966.5900000003,2334.0
15,1979,3.114619734386423,2.680663614685682,3.0819675540285387,-1.2344070296883722,1758995.5399999998,2542.0
15,1980,3.116385550432338,2.6413082136153796,3.032579662159291,-1.2320131006701012,2043836.7900000003,3909.0
15,1981,3.141852207091424,2.6504352880084645,3.035252923804606,-1.2361906112567873,2006880.9000000001,3607.0
15,1982,3.1498749941436652,2.665946114408732,3.015293395177445,-1.228535743250973,1849898.4200000002,3326.0
15,1983,3.1614015830939204,2.6393443695109164,3.028406347546442,-1.2486976379964194,2040391.27,3638.0
15,1984,3.1407087837765504,2.6319001356549605,3.00126500227747,-1.2376576058249928,2093015.11,3425.0
15,1985,3.1468409731834006,2.6184542745449773,2.9867292895602886,-1.2371106222495787,2060478.4899999998,3137.0
15,1986,3.1825382829794386,2.5981661099371425,2.973533496368799,-1.2489263143174543,2204227.8299999996,3207.0
15,1987,3.15268586238023,2.576101961311584,2.949011745390316,-1.240180894481812,2307134.25,3360.0
15,1988,3.161004359835414,2.6122587507141315,2.9562674980214787,-1.2314479036368373,2438659.99,3418.0
15,1989,3.1639317742303907,2.5867308357292615,2.9832152498587297,-1.2492095938000822,2539502.9299999997,3493.0
15,1990,3.1521035649394955,2.5860109766197237,2.9821774428084415,-1.2443928172645553,2601049.4100000006,3422.0
15,1991,3.18795796552642,2.5952610348355445,2.99963272801589,-1.2568873226181347,2736562.42,3472.0
15,1992,3.1967081908693658,2.6022095249776704,3.0142103999685377,-1.263798038530247,2706197.8200000003,3314.0
15,1993,3.1792919267183994,2.6091739077627403,3.034635283909534,-1.2628530358956604,2885609.75,3354.0
15,1994,3.1568918222245004,2.6265677461115304,3.0317122634598217,-1.2511246691512559,2736786.0887999996,3114.0
15,1995,3.1614027583515467,2.58632086079651,2.9545448103347582,-1.2438859036041947,2693909.5760000004,3043.0
15,1996,3.1622744044873854,2.578199139040785,2.958689992149659,-1.2467851925215037,2814323.1717000003,3076.0
15,1997,3.158296711748272,2.5853269887806243,2.9755726179268143,-1.2493142211559873,2607703.357,2782.0
15,1998,3.1523568293856474,2.561132137625867,2.898451585266547,-1.2295586282527644,2618764.405,2675.0
15,1999,3.1503263973172793,2.5505498839741683,2.8944390319382887,-1.233376230744501,2571335.7928,2631.0
15,2000,3.1559248814558236,2.600537786060049,2.979829128195005,-1.2453259881664434,2666712.4881,2832.0
15,2001,3.2007103275742876,2.5961411609879046,2.9171521338474347,-1.2375586609001301,2837688.9461000003,3978.0
15,2002,3.196370497463741,2.577513581995047,2.9801229363408424,-1.262203348286447,2871064.3915999997,4332.0
15,2003,3.20290964726592,2.608875625117519,2.9934483760222457,-1.2585632132774798,2857050.3538,4194.0
15,2004,3.2086723062774642,2.60048052854552,2.9785707629838303,-1.2592876320426674,2870206.0095,4336.0
15,2005,3.1860435564590746,2.6053978828419564,3.0166221622419176,-1.264888087670629,3044606.4415999996,4988.0
15,2006,3.175942785195481,2.6037628946643974,3.0177277422146362,-1.2634772428883185,3117113.2884,4853.0
15,2007,3.1829281458423484,2.62924523306487,3.0668761145941605,-1.2715660784495986,3112475.1692999997,4944.0
15,2008,3.1919743839286414,2.6315815688761903,3.056122645780485,-1.2680027310418422,3014865.9306,4761.0
15,2009,3.2415462618528297,2.6058177649982133,3.001394789868902,-1.2736707795711006,2850426.7674000002,4619.0
15,2010,3.2013758521782636,2.596326774220565,3.0467652661300653,-1.281247633592643,2816026.3844,4619.0
15,2011,3.207430813237052,2.6076360418680675,2.987695171133693,-1.2607028945200247,2909589.9867000002,4702.0
15,2012,3.214912909677086,2.590110610142664,3.0089100133243303,-1.2753739448772201,3004383.6788,4664.0
15,2013,3.220415663701162,2.6163117273439336,3.034255250847537,-1.2752899793049615,2927388.0548,4434.0
15,2014,3.200491150291355,2.587023093933199,2.988724667867516,-1.2662948996040384,3019295.8382,4463.0
15,2015,3.1909754447173104,2.6076546790829602,3.013612851338703,-1.2630060117363768,3206689.1248999997,4508.0
15,2016,3.197815410089914,2.6336884574954467,3.067354238187199,-1.2740000898688206,3201632.1996999998,4426.0
15,2017,3.2207051536232005,2.619636325244054,3.0352279007959653,-1.2730878698488157,3179715.2481,4294.0
15,2018,3.2510731290336072,2.6044490942084666,2.9451288758467173,-1.2578249757064424,3089191.8698,3980.0
15,2019,3.2162399850502323,2.6010283703665547,2.9880711146635277,-1.2637636968916681,2993645.3060999997,3664.0
15,2020,3.28320624217136,2.5892494058672,2.9755854740811394,-1.2856987662748216,2467125.6272,2732.0
15,2021,3.2539124967155644,2.603433327207998,3.0063606649802397,-1.2822665467987315,2820531.7279,3105.0
15,2022,3.291557855818755,2.5648722185865664,2.9331359060402535,-1.2793475341443363,3076877.5505,3266.0
15,2023,3.2816112744937977,2.560121063124017,2.9350359308694416,-1.2813271291191246,3111545.3362000003,3264.0
15,2024,3.2801111453596485,2.5915861754833345,2.9638181564887405,-1.2799675502136767,3162605.9517,3287.0
15,2025,3.2767643509687976,2.605820138052453,2.9695326934357364,-1.2741367963511354,3102236.4434,3091.0
15,2026,3.2635268254496896,2.632462677179196,3.064998054825065,-1.2907605531505522,569017.3141000001,573.0
16,1977,3.1248057065714625,2.7263336078057634,3.267335976033715,-1.280318728809814,861981.3500000001,1844.0
16,1978,3.123136382775571,2.749114698045984,3.251587035897579,-1.2668683152633033,1774295.3699999999,3571.0
16,1979,3.1125229557598013,2.750513241474584,3.2628094480031122,-1.2664261467540776,1853084.1099999999,3589.0
16,1980,3.123461381209599,2.734810726797933,3.214077554659373,-1.258069302492595,1840928.9100000001,4851.0
16,1981,3.1207615046385295,2.7349898165610838,3.2090217320186016,-1.2567897625626934,1745485.29,3850.0
16,1982,3.121947609261006,2.735033611248722,3.1969475958931417,-1.253113286998876,1713367.58,3438.0
16,1983,3.117346618789902,2.709214838724933,3.183787760553522,-1.259862433219314,1792290.6,3602.0
16,1984,3.1216157234514346,2.691618236226116,3.1715833198235175,-1.2622855898444734,1964190.07,3864.0
16,1985,3.113322534562884,2.69269361702884,3.175500911546235,-1.2599159401709736,2012757.31,3992.0
16,1986,3.109444696210242,2.687994615709418,3.196472180516351,-1.2659052442979526,1946549.5899999999,3720.0
16,1987,3.099069686171114,2.712299858571123,3.187576670780102,-1.2553626090114853,1915647.31,3697.0
16,1988,3.0976915326469827,2.7230687715987316,3.209086474147679,-1.258318637740025,1960584.7400000002,3735.0
16,1989,3.120281336569268,2.7061909676920304,3.182474075660661,-1.261149462347422,2070324.13,3957.0
16,1990,3.160032499792998,2.694889912544632,3.1625983916826534,-1.2686637363152817,2172198.4299999997,4238.0
16,1991,3.1641202930028016,2.6732757487422494,3.1509324962490943,-1.273650790548913,2215283.71,4029.0
16,1992,3.1380282415528917,2.7108708718502483,3.1853222972844684,-1.2649207203475705,2488320.29,4197.0
16,1993,3.150305608316635,2.6951807138207893,3.1532991580363543,-1.2629504231819584,2599912.4899999998,4323.0
16,1994,3.1627181224334513,2.6835229588987857,3.130057936152592,-1.2649218842224157,2695029.3629,4459.0
16,1995,3.164973926544355,2.6971464691327824,3.15316229734003,-1.2677289174094986,2718106.7974,4129.0
16,1996,3.150967113617721,2.71021777113285,3.1704857155114037,-1.2640803514214494,2855753.7664,4235.0
16,1997,3.180589979638752,2.6820485171020003,3.160810389185373,-1.2805508812374276,2915092.1363000004,4337.0
16,1998,3.1553273647116913,2.688271407968927,3.1637919261799605,-1.2721642918104463,3151487.8022,4681.0
16,1999,3.168437063261038,2.6720971525303763,3.1590647387877424,-1.2779503950448534,3158178.9576,4611.0
16,2000,3.1585252671404866,2.6684270802026413,3.1322456182062663,-1.2691456105903416,3280770.3959000004,4703.0
16,2001,3.1829586173214146,2.6541613329867917,3.0854266576701623,-1.2654350147417843,3237917.0515,4576.0
16,2002,3.1959893508869683,2.6609470045552435,3.1149795685168504,-1.2750874843413713,3188031.0490999995,4497.0
16,2003,3.194997774763883,2.6469996047117164,3.113446002950059,-1.2822835215069943,3087201.7518,4085.0
16,2004,3.206766402634348,2.6271971913967826,3.0869197161377873,-1.2865164835846004,3148147.6831,3772.0
16,2005,3.229993905263457,2.6638935323950648,3.12811792073634,-1.2902024170676967,3437763.3938,3917.0
16,2006,3.2279725747141503,2.645648576284082,3.096387683739977,-1.2856474410400207,3576247.5624,3936.0
16,2007,3.217918515669309,2.6578159897056732,3.122689563913603,-1.2884973055640192,3589567.7192,3811.0
16,2008,3.2412607385157655,2.6692385009211224,3.1074547816748166,-1.2888851208667933,3268836.9864999996,3279.0
16,2009,3.271575644459091,2.6353970100007253,3.018096711295166,-1.2789095426448738,3007593.7231,2965.0
16,2010,3.2440600358979728,2.632284000613579,3.051443098888615,-1.2824115341230184,3090218.9477,2990.0
16,2011,3.2303156284296546,2.661043732351049,3.0803869408888134,-1.2752389360908252,3192064.5336999996,3151.0
16,2012,3.2248948213611515,2.64196344965718,3.1257609082154874,-1.2969005279079886,3187329.635,3036.0
16,2013,3.25968175484232,2.6147570865736927,3.027020078479187,-1.2839604966023195,3252414.8907,2972.0
16,2014,3.2220324863950784,2.641838031076148,3.0560356680737675,-1.2713704960296741,3342703.9849,3453.0
16,2015,3.2434112318108657,2.618786920877894,3.0248504948929598,-1.2743353168757683,3533118.9064,4117.0
16,2016,3.278588598331095,2.6206731786219337,3.0229745906701875,-1.2858639645212233,3471625.6059999997,4425.0
16,2017,3.29764621727664,2.617299925501395,2.993056026091092,-1.2822949159020727,3543660.4829,4354.0
16,2018,3.265582697622118,2.637602898431496,3.066028643534605,-1.288540563458653,3771905.3375999997,4376.0
16,2019,3.258960785343051,2.627896834006311,3.035995363772287,-1.2806748708363105,3845862.9250999996,4319.0
16,2020,3.3120947325327514,2.589240816825124,2.985841902092531,-1.2937843594898686,3901119.4762000004,3920.0
16,2021,3.2664499685093147,2.620104643017644,3.0449142874485147,-1.2880575288856264,4075077.6861000005,4169.0
16,2022,3.299961065310537,2.5991266996366447,3.0199373386393145,-1.2964970461590244,4139633.8428,3857.0
16,2023,3.3004437107082314,2.5887320145664323,3.0295800999198166,-1.3080879411308468,4261860.9947,3887.0
16,2024,3.316537171194729,2.5817352575442203,2.9842542396360097,-1.2969228656054315,4501714.5435999995,4199.0
16,2025,3.318829025152442,2.581241924951898,2.9983775413286606,-1.301859272120816,4235826.4932,3550.0
16,2026,3.305058686080412,2.587180594956894,3.065516050214924,-1.3174362179018342,820811.3404,662.0
17,1976,3.1210352865513094,2.819828899570831,3.145376888038851,-1.2103316095625787,24495877.380000003,14730.0
17,1977,3.1319293637475107,2.80891333341123,3.14812816456756,-1.2184283515659249,26323225.520000003,15394.0
17,1978,3.1357305342133204,2.797759427406868,3.122509675602061,-1.2163114434911892,27084580.490000002,15211.0
17,1979,3.1405711946135835,2.802622650334743,3.126281413856507,-1.2168184187362652,26980155.080000002,14928.0
17,1980,3.1442223636685296,2.8008650006838627,3.0933691438284043,-1.2089904861603809,26660979.37,14787.0
17,1981,3.1632245320359194,2.7801478906282737,3.073839423502943,-1.214446105444615,26280666.11,14096.0
17,1982,3.176580030616664,2.7514660896085896,3.043150592741467,-1.2171204024342281,24442627.48,12756.0
17,1983,3.186693681081631,2.733155788939995,3.035201145251023,-1.2260806240400843,24371318.159999996,12211.0
17,1984,3.164604179248055,2.731803520532422,3.056041656692022,-1.2257119935058576,25302983.82,12668.0
17,1985,3.160023040106714,2.747907511989914,3.0595157566265754,-1.2197953792584024,25803534.08,13910.0
17,1986,3.174999319248289,2.735570491528559,3.051757951522147,-1.2267609290047898,26898004.21,14264.0
17,1987,3.1782033607653144,2.7213912135195844,3.0589493136041077,-1.2347858957727855,27252824.71,14337.0
17,1988,3.1785388434132935,2.7180889931736703,3.0523388522559087,-1.2327691018374995,27652117.79,14423.0
17,1989,3.185400450035607,2.7123743404300584,3.0316116459536597,-1.2293031589988437,28730789.17,15072.0
17,1990,3.172979401047968,2.7166970243648167,3.031866915586679,-1.2245898424853368,28149433.169999998,14971.0
17,1991,3.188787563058877,2.706054659615827,3.0174861782476636,-1.2283917307331185,26996583.41,14097.0
17,1992,3.189658247955078,2.7101819762391357,3.022496361949118,-1.2297355231976241,28256377.41,14329.0
17,1993,3.1910640033938096,2.703576052465211,3.03256132374566,-1.2362166262118433,28405367.590000004,14030.0
17,1994,3.1944909828786727,2.717441146400489,3.033876825781258,-1.2326334653334403,29254355.5629,14099.0
17,1995,3.199366196835632,2.7181151337165166,3.027178789932347,-1.2309739700057285,30225507.112099998,14514.0
17,1996,3.1935054106712526,2.710058314717012,3.0357810283571323,-1.2332810075901413,31579463.415799998,13503.0
17,1997,3.2185354365768633,2.6879351889369887,3.0068166442239654,-1.2400034289522992,30889637.9712,13285.0
17,1998,3.232796238119575,2.679401504287657,2.99117689597442,-1.2421896498936036,31791954.607999995,13526.0
17,1999,3.228077424468201,2.6608322946919607,2.9755163367307804,-1.2425212548644935,33696064.4182,14158.0
17,2000,3.2169421108102925,2.670057047809121,3.001811293749949,-1.243342629164363,34362035.3507,14316.0
17,2001,3.218981271651095,2.681782121464007,3.0176946565246485,-1.2444131464878683,34176461.73729999,13970.0
17,2002,3.231737816673422,2.681292080097525,3.0155440071245825,-1.247526797117364,32743778.7212,13065.0
17,2003,3.2438212460607443,2.6955419325675365,3.0356709539878723,-1.25399819346473,31398162.525300004,12405.0
17,2004,3.22348632516011,2.6841928192827833,3.0237449569891295,-1.248577514746285,31402338.012700003,11854.0
17,2005,3.253355464821879,2.6557488349156357,2.9948608629403433,-1.2591987118151704,31405801.5713,10718.0
17,2006,3.245076161118341,2.664654751667414,3.022761933262596,-1.2610917593606135,32082836.4546,10250.0
17,2007,3.220663134706677,2.6738469448527877,3.044153931339637,-1.2569812906492241,32333453.7425,10242.0
17,2008,3.2242491244541567,2.6710745200424744,3.047860781195129,-1.2612316793161968,30799539.1377,9703.0
17,2009,3.228194343009117,2.6547802456704064,3.0115408193480953,-1.2541267479094331,28488275.403899997,9230.0
17,2010,3.2232523239368542,2.6701667337508446,3.012303425656803,-1.2503892899148832,28711281.7302,9219.0
17,2011,3.2428040013722343,2.637669207661355,2.9980310912807666,-1.262517862747134,29052406.858000003,9063.0
17,2012,3.2547792775266253,2.6329525020236035,2.958352966945673,-1.254884724608396,29966205.8353,9512.0
17,2013,3.277585764767151,2.628259150827392,2.950361121315604,-1.2604660157344503,29297782.3812,9197.0
17,2014,3.2764748607286367,2.6188641794632668,2.9468038157632104,-1.2608151358503243,29857776.0948,9329.0
17,2015,3.2701642877553745,2.6178332507899866,2.974543579351076,-1.2686493058351809,29577606.2879,8780.0
17,2016,3.297578927333569,2.6248768200213695,2.9695247523685633,-1.2733931739458846,29606887.0035,8721.0
17,2017,3.2654163470947912,2.654870523907182,2.979053395091073,-1.2552772815920716,30158981.1135,8571.0
17,2018,3.268886974682252,2.6404732614565254,2.9800283030763124,-1.262235298818348,31303999.374900002,8442.0
17,2019,3.2852740944258385,2.6261909745127636,2.9486969594389794,-1.2610211868670478,31489472.362999998,7855.0
17,2020,3.341140186250805,2.5989743844474567,2.8898432450525227,-1.2671002854982292,28251883.7811,6480.0
17,2021,3.339208845230331,2.587596491546358,2.8754102581443073,-1.2648805223564286,28604793.7444,6526.0
17,2022,3.31091831883861,2.6132548145738235,2.9382655394133446,-1.2663714861846418,31097023.152900003,6644.0
17,2023,3.320983785588592,2.5971736929461926,2.9271434085426917,-1.2731977284961902,31685077.119500004,6638.0
17,2024,3.334469619229819,2.5985765827892315,2.903511590660322,-1.2674063605646182,30183421.917099997,6199.0
17,2025,3.311639784506224,2.5996061662475998,2.9498147501354466,-1.2772235122149287,28478310.4853,5302.0
17,2026,3.3201867119145434,2.5739980389536736,2.9096180093603126,-1.2744208582060446,5159157.3248,878.0
18,1976,3.0384264343853977,2.919216134680608,3.3263986590666406,-1.2148504974400731,13850725.0,8614.0
18,1977,3.0417714258189994,2.9175427834260637,3.3132568701174745,-1.2123046989499908,13235944.11,8526.0
18,1978,3.038680009955991,2.9397358383412184,3.3288715777170053,-1.209522284147975,13804673.660000002,8772.0
18,1979,3.0450466695571117,2.9245651285909844,3.3349103029740714,-1.217323408499745,14130588.72,8737.0
18,1980,3.055448232655585,2.8952533943082392,3.3053486183283924,-1.2204073782752152,13374508.399999999,7974.0
18,1981,3.0668758696443756,2.8811210939530763,3.2793642357161574,-1.2188538636003932,13655459.4,7786.0
18,1982,3.0755865392810184,2.8401316857965595,3.237777850115939,-1.220326306617434,12137418.72,6954.0
18,1983,3.073803558125991,2.854035365979539,3.2171690919357125,-1.212751370915459,12240825.88,6763.0
18,1984,3.0875923855616505,2.858662044897226,3.2197799199221526,-1.2169508875460402,12895489.56,6784.0
18,1985,3.0993921648906024,2.814655310357024,3.2072554583578343,-1.2309239022365275,13760699.22,6224.0
18,1986,3.0920162185355697,2.8065380774734288,3.225205482425521,-1.2350892645189753,14065023.489999998,5784.0
18,1987,3.0710328220576466,2.831026840477785,3.251092774832196,-1.2295405232059646,13917772.77,5494.0
18,1988,3.080235041757795,2.822424434844617,3.236910250176799,-1.2308951794601573,14239771.76,4812.0
18,1989,3.0967327450329227,2.820348035453582,3.188673349756522,-1.220138692620747,15364053.669999998,4780.0
18,1990,3.1139208966239322,2.8005387520747473,3.2065817074116993,-1.2386504142449444,14766543.38,4612.0
18,1991,3.1260919040180286,2.7970185314018634,3.1733140310762398,-1.2334650982664979,14032422.59,4228.0
18,1992,3.1042055979266543,2.830663421773117,3.214659461503367,-1.2294726420692417,14550571.069999998,4362.0
18,1993,3.12736980496568,2.7991680841442395,3.1956708238357194,-1.239558096544882,15653906.240000002,4821.0
18,1994,3.124749667220394,2.8357506509667947,3.2417177216461086,-1.241073217135616,15964741.2272,4594.0
18,1995,3.0978909943902813,2.8595251843808085,3.2763630865811524,-1.2351139242651876,16481527.3506,4456.0
18,1996,3.126362437739464,2.8314767987406224,3.230336541337007,-1.2376701075509673,16362052.9012,4551.0
18,1997,3.157690868131865,2.80975825068309,3.174056963019233,-1.238107873722195,16679877.9912,4681.0
18,1998,3.1344327988441854,2.822931732720604,3.1645762308740943,-1.2235224511557652,17805943.6201,4961.0
18,1999,3.1485597095496334,2.799988895424336,3.1737135301714665,-1.2379349158451272,16872917.664800003,4577.0
18,2000,3.1461769405349047,2.781930931050093,3.182006569431617,-1.2456466164521407,17227862.4801,4654.0
18,2001,3.1522477114159084,2.7833878242198544,3.1563561149327843,-1.2361499781218779,16989655.189400002,6391.0
18,2002,3.1631001081548855,2.755595444547716,3.133006091471939,-1.2419454188359274,16901607.7174,7131.0
18,2003,3.172733000665443,2.7685590187619535,3.1595630312692795,-1.2518501256622123,16257569.7621,7085.0
18,2004,3.169774326749441,2.765917702131481,3.179602842455626,-1.2573866303586438,15914933.244599998,6408.0
18,2005,3.170060694301497,2.769670409524645,3.2015238039067015,-1.2627700144199634,16004306.558600001,5754.0
18,2006,3.189347554501446,2.760711401518634,3.209132360454829,-1.272724929758432,15989355.485000001,5237.0
18,2007,3.186669698564687,2.7515576490986273,3.169788558271592,-1.2627378799476532,15751829.5277,5115.0
18,2008,3.1798262414489407,2.764981609116875,3.1523893059611288,-1.2493415618814891,15114657.623900002,4973.0
18,2009,3.1826701934198134,2.7294989218722012,3.108591464420028,-1.2493025925925278,14001222.710199999,4663.0
18,2010,3.170573566165678,2.7281251963005344,3.0920731869974154,-1.2398200712331693,14030482.1784,4581.0
18,2011,3.1800035625189254,2.747313529081717,3.121774840372038,-1.248903713771702,14287360.0246,4482.0
18,2012,3.1711613297337036,2.7547621022500546,3.154213008092159,-1.251232829057648,14300187.7489,4459.0
18,2013,3.2138784571908525,2.711054419774015,3.1150755136325716,-1.2672252586744597,14073124.0743,4362.0
18,2014,3.1854331398212805,2.735908908822561,3.129338010837011,-1.25729834326437,15386978.672300002,4787.0
18,2015,3.1983910335182153,2.7296438411302097,3.1134686245210474,-1.2573506697795607,15932970.716199998,5023.0
18,2016,3.2039502684789563,2.761926093370858,3.1452968536392185,-1.2567363216396226,16713267.5399,5407.0
18,2017,3.2223112886948595,2.7433049045998943,3.101891153974971,-1.2565172341293347,16298382.539700001,5191.0
18,2018,3.202845123008191,2.7323907678679573,3.1086182037458676,-1.253761439256095,16587383.769899998,5103.0
18,2019,3.212352488922045,2.7206558800082754,3.1159234445103694,-1.262743260208658,16359264.795400001,4798.0
18,2020,3.2479846690188054,2.6932885218879066,3.0504052053404442,-1.2620363477030747,15448598.207499998,4061.0
18,2021,3.2573459720172004,2.7131010025409226,3.103028814575219,-1.2766337493013475,16380068.4908,4314.0
18,2022,3.253590495121986,2.690082811837935,3.1008813758478175,-1.2807654525730146,16839590.419600002,4085.0
18,2023,3.227869044953633,2.707035033821309,3.128833335539281,-1.2777584716641899,16866420.3605,3973.0
18,2024,3.2476739377568062,2.690100416844328,3.071482274526394,-1.2704735253494983,17066692.3392,3945.0
18,2025,3.238403528847363,2.6743033123539086,3.078880941528441,-1.2759329182056043,16585118.7953,3450.0
18,2026,3.2730380899189226,2.691150037527246,3.078273028900457,-1.2772746664108556,2970426.068,576.0
19,1976,3.0849505799111023,2.750966673459603,3.145836563819491,-1.224527277447705,4660489.79,2888.0
19,1977,3.0650960843954604,2.7850946985599654,3.1962794189420207,-1.2246730228195046,5412142.67,3844.0
19,1978,3.0546820948146833,2.7941519438459412,3.2335252023065175,-1.2298886745208806,6416525.369999999,4800.0
19,1979,3.0759875657228983,2.7808199942219956,3.228092178662949,-1.2381550094261353,6434020.859999999,4852.0
19,1980,3.106781820135122,2.7632063259939623,3.190596929767683,-1.2407331769553147,6059992.74,5812.0
19,1981,3.110992953141867,2.745065115718657,3.146775988045779,-1.234181557768512,5884501.1,5014.0
19,1982,3.1212806068184182,2.730779096073822,3.1164677056729744,-1.231012663110493,5231922.25,4409.0
19,1983,3.108471566579944,2.7259287377861856,3.152950627194294,-1.2427511314647048,5294454.6,4378.0
19,1984,3.111951805418792,2.721773920426578,3.168941942619046,-1.2518724745816132,5365021.75,4071.0
19,1985,3.093310702387948,2.7249611691021083,3.183837537656554,-1.2499512287745007,5899573.49,4032.0
19,1986,3.073957727771515,2.7114325250240614,3.1878468405900136,-1.2499877306255123,5886838.199999999,3930.0
19,1987,3.0817492303518406,2.7289177961969306,3.165158113300681,-1.237870034929492,5937225.54,3956.0
19,1988,3.1011195191638143,2.738941229030345,3.102047845098547,-1.2215542714745318,6342587.5,4150.0
19,1989,3.117722897604307,2.7220823770310947,3.1020730722560836,-1.2326956765912223,6226609.8,4004.0
19,1990,3.1325421160089584,2.6902458961422515,3.1208566233498303,-1.2539748529713601,5921370.68,4066.0
19,1991,3.13235138369801,2.6917648820996356,3.140321388432327,-1.2582518280145323,6253991.36,4386.0
19,1992,3.128727129599377,2.7216905099500655,3.1387200994313376,-1.244410256270644,6463522.68,4499.0
19,1993,3.1282938483704017,2.7276964794552314,3.1337406700604906,-1.2395612051483968,6940303.05,4700.0
19,1994,3.130574767609396,2.6966275890174414,3.0977170068042517,-1.2416266097317787,7096900.987,4456.0
19,1995,3.134501347242524,2.7063160331136484,3.0902834815486515,-1.2358760744317498,6951687.0362,3993.0
19,1996,3.175472550431452,2.6803855561226744,3.07475956635632,-1.2523162594977022,7151769.222399999,4062.0
19,1997,3.1583734952215226,2.7108602948638656,3.1158410836021795,-1.2491079683992252,7408035.565,4056.0
19,1998,3.164934729589312,2.706614796573284,3.1155975836296124,-1.253869458776953,7252101.8409,4039.0
19,1999,3.161063784679224,2.7282209915011477,3.113889343393433,-1.2474034060036012,7421827.8123,4060.0
19,2000,3.16466536706639,2.724200440399146,3.114799579517747,-1.2462289492823435,7376647.942300001,4007.0
19,2001,3.178380071247437,2.70061213483834,3.0617948259805443,-1.2384439948489065,7439125.9871,5538.0
19,2002,3.1510984635609987,2.6697573176036533,3.0488258819841776,-1.2390492848261307,7672485.9184,6466.0
19,2003,3.185130056233794,2.6988343476994707,3.065828897865492,-1.2493846468303507,7113360.6251,5862.0
19,2004,3.1936012607859663,2.697272289666743,3.0964309385414515,-1.2611784213081692,7150096.1447,5929.0
19,2005,3.167978429109807,2.7181495800573527,3.1339317123122163,-1.256036557936596,7130321.616,5941.0
19,2006,3.1872652263651045,2.6928607866342933,3.10788582336402,-1.262061088756612,7258276.5394,6048.0
19,2007,3.1677912046240455,2.7018092504344353,3.1287135350795032,-1.2615269626128587,7432197.6415,6299.0
19,2008,3.187311375008441,2.7092496843901146,3.0994901973481603,-1.2538649760673144,7215400.3299,6159.0
19,2009,3.190813154121115,2.679882547179921,3.0296133800840184,-1.2425118102481383,6949864.564800001,5909.0
19,2010,3.179652097115058,2.6814486758573692,3.102324656494958,-1.262970475432514,7050755.028,5959.0
19,2011,3.2042879338735544,2.6901809501393577,3.094927250458964,-1.2644058246211807,6804408.992000001,5640.0
19,2012,3.179683468570539,2.6979324348151863,3.0900911873631123,-1.2526748154053537,6699990.4234,5518.0
19,2013,3.2002283446656463,2.6651853302651176,3.0436530145325675,-1.2556875498207487,6742919.4783,5496.0
19,2014,3.227481476474591,2.6661647059513816,3.0390680412125977,-1.259786768007144,7007912.2006,4876.0
19,2015,3.208574653039715,2.6728424844041054,3.0636059542698173,-1.2597359187213446,6970112.4393,3522.0
19,2016,3.2212606347857764,2.6687896518623546,3.094800851964034,-1.2769633027982223,7428957.865499999,3422.0
19,2017,3.2448474107557397,2.616584197664248,3.0233635317562007,-1.2784371102713996,7142991.2833,3264.0
19,2018,3.2414465657891127,2.642146421456941,3.018317147573074,-1.2673581006666437,7046099.223899999,3148.0
19,2019,3.2102403145883254,2.6399948757418747,3.054542131420487,-1.2696787322892482,7700589.088400001,3462.0
19,2020,3.2506771097945335,2.6576051897108233,3.1137984689409697,-1.2956514919471998,6649692.3339,2674.0
19,2021,3.213002866803701,2.6728266049636296,3.1457207745169966,-1.289659679668761,7217734.2864,2782.0
19,2022,3.2339295383144404,2.6925095017127427,3.1268061076554687,-1.282037779036916,7822029.036,2782.0
19,2023,3.2333067490516454,2.644207938045791,3.106697282282064,-1.2926301361163546,7701423.535600001,2844.0
19,2024,3.263128553899324,2.6356171531411112,3.058904110601944,-1.2894128806733507,6869464.3081,2564.0
19,2025,3.224609005864987,2.6442118831506694,3.11449454099586,-1.28924481266901,6378611.2529,2283.0
19,2026,3.2685086744370744,2.6782326490673203,3.146050820971257,-1.300332695526422,1087086.2310000001,381.0
20,1977,3.1087946073551755,2.7663088889869107,3.148312880714972,-1.2249951413588054,2245109.0300000003,1944.0
20,1978,3.138742006130931,2.7681919925374134,3.1200358355162066,-1.2250077257843326,5211379.2,4045.0
20,1979,3.1688469945734483,2.7791092692847075,3.1334561717511398,-1.2364041457867714,5469569.83,4134.0
20,1980,3.1578503283727417,2.776469671889477,3.1451785862903323,-1.2365594955213537,5238817.33,5160.0
20,1981,3.1470792293060508,2.7895127732261944,3.1454292453700785,-1.2272260373050092,5511807.390000001,4559.0
20,1982,3.18904434054059,2.7255074063774427,3.0583461865013852,-1.2321389715851858,4980653.5,3880.0
20,1983,3.1593817254980876,2.6822882089197515,3.0590438799745088,-1.2404391978075378,5074208.470000001,3878.0
20,1984,3.157456631807429,2.7160370572973624,3.0636108800257746,-1.2314922037534344,5362221.78,4191.0
20,1985,3.1521796043771855,2.7143752421366694,3.0949876999167882,-1.2398861998153174,5924625.02,4474.0
20,1986,3.177428623882327,2.6825798126777296,3.062232943857069,-1.2492035448082832,5695801.97,4268.0
20,1987,3.1629313301513835,2.679848388828453,3.054682604229273,-1.2424599731815644,5888339.32,4413.0
20,1988,3.173124637435597,2.67528509684993,3.045456560884152,-1.242972375413259,5995166.299999999,4424.0
20,1989,3.1775921163368683,2.6712843069772925,3.0320945523895504,-1.2405132259263816,5852877.07,4345.0
20,1990,3.1586612523726103,2.644670910807829,3.0113254745103384,-1.237850142064412,5579481.61,4297.0
20,1991,3.175041140070335,2.674461048827495,3.0657772464647866,-1.2487858313325113,5490870.37,4141.0
20,1992,3.170138306150426,2.713363503812198,3.0630737450182153,-1.2347329331206487,5685772.08,4208.0
20,1993,3.167411837073526,2.7075474187602966,3.0719331814706385,-1.2398246743572947,5922655.93,4222.0
20,1994,3.176220068245093,2.6931873062817897,3.0480823175785914,-1.2382602864873644,5971295.8882,3879.0
20,1995,3.193944659366292,2.6747998872791343,3.04994982297076,-1.2511148470063134,5710025.0481,3674.0
20,1996,3.2166906742712147,2.653577916836253,2.9831774971273255,-1.2455717567868447,5922517.1999,3767.0
20,1997,3.219092102149825,2.625880061301905,2.9578391151989165,-1.247455705041888,6278004.9623,3923.0
20,1998,3.210908233623712,2.6490679051603916,3.0255526674985553,-1.2582596006318114,6807082.7851,4249.0
20,1999,3.204739610446099,2.6571337693199912,3.036896888628703,-1.258249480382932,6983134.2261,4244.0
20,2000,3.2022961309503395,2.6602270594680957,3.044357067348648,-1.2597102728470893,6729654.9471,4121.0
20,2001,3.2224686036745784,2.6688819456489914,3.0681525170854576,-1.2680172606701738,6565837.7611,5086.0
20,2002,3.2487272612929887,2.638137521237122,3.0270852543777504,-1.2710946948426578,6747164.773,5812.0
20,2003,3.2159252789842596,2.658171924557904,3.048558397076199,-1.2608715889130586,6245979.6,5516.0
20,2004,3.225622805921188,2.672137154233063,3.069668673311772,-1.268732951745563,6331653.3572,5287.0
20,2005,3.228529651284867,2.64662109380269,3.0752992000422696,-1.281029785277637,6465844.1556,4819.0
20,2006,3.2610232866447832,2.649850762307004,3.032299619119557,-1.2773313035264346,6742288.2592,4764.0
20,2007,3.248755698970508,2.660564758696966,3.022423811158876,-1.266212081509711,6907508.681,4931.0
20,2008,3.2543520410072757,2.6446078073344936,3.0118490676083702,-1.2695397203950314,6848419.3604999995,4794.0
20,2009,3.237683311186966,2.6307510356488155,3.023981395778809,-1.2731720831842126,6473479.795,4402.0
20,2010,3.234922612730352,2.6134312044856296,2.9999528120336847,-1.269401946588583,5928439.2743,4016.0
20,2011,3.2438217742420123,2.635703855560124,3.0063567915870437,-1.263057874570324,6078562.500600001,4060.0
20,2012,3.2376520588823894,2.6092915734549065,2.986768683851549,-1.2659133236044477,6116793.3,4024.0
20,2013,3.258633990124001,2.6275209284642678,3.015283905255928,-1.2748927934987684,6558884.095900001,4364.0
20,2014,3.2507401896004327,2.666016519981218,3.065404526568542,-1.2761669747612507,6541642.6082999995,4213.0
20,2015,3.2671699773342024,2.6564920187993137,3.0130624856433723,-1.2657888988544976,6527399.968699999,3698.0
20,2016,3.269259416113772,2.659854037492326,2.999611814829419,-1.2601919745720327,6464615.4328000005,3651.0
20,2017,3.283345502593579,2.618603006356055,2.988666147425361,-1.2762673368980815,6566671.9366999995,3631.0
20,2018,3.245515028457954,2.65551473925055,3.051664221347325,-1.2724410937772583,6831085.599,3699.0
20,2019,3.2151107294848305,2.653950794732411,3.0268333409185364,-1.256060688368951,6754494.9761,3543.0
20,2020,3.2513674917776676,2.6618903770682043,3.039941777681051,-1.2668309264959927,6394302.2982,3035.0
20,2021,3.2869203906675346,2.6440526565907865,3.0215368009617207,-1.279800573877157,6608528.9621,3084.0
20,2022,3.2948026610651184,2.62139650900024,3.014182868314268,-1.290017658588834,6641077.609200001,2795.0
20,2023,3.2987134385245183,2.647940756869169,2.9860623716863173,-1.2696609730529096,6932398.9692,2859.0
20,2024,3.2746452134698893,2.6367439536525072,2.987898786882454,-1.2667932504000217,7087023.164100001,3011.0
20,2025,3.289501552632877,2.6004927095421775,3.013328823965549,-1.293160468968529,6419717.6826,2637.0
20,2026,3.297276988999132,2.6311860425941584,2.9940302489465442,-1.275023986963517,1135410.0666,455.0
21,1976,3.1172969635827035,2.8057398349584255,3.217702943100649,-1.236953359094316,6981085.5600000005,4180.0
21,1977,3.092234780652422,2.826726620127571,3.2320163538642404,-1.2286639651106817,7185563.71,4417.0
21,1978,3.0819795716977954,2.8200641247320615,3.2627672197998363,-1.2381179289710464,7488952.8100000005,4627.0
21,1979,3.0882286541682684,2.8401748531058786,3.307937090642878,-1.2468683574443509,7595165.620000001,4654.0
21,1980,3.098171312077024,2.818506402122448,3.244175349842135,-1.237700731348072,7462281.37,5708.0
21,1981,3.1132525145680034,2.8074172072439865,3.2248745077566636,-1.239466574341122,7322260.259999999,4836.0
21,1982,3.1333230513625416,2.745759597264936,3.2269401766943453,-1.2665721311161706,6618005.779999999,3975.0
21,1983,3.120991032051249,2.7377240452774787,3.2239217065197683,-1.265453664629271,6860092.03,4076.0
21,1984,3.079455373294443,2.7527225789322904,3.195169178159337,-1.237774071946978,7662844.93,4214.0
21,1985,3.0734665220404565,2.7432604563513485,3.236641319795568,-1.2519649396510393,7730300.449999999,3887.0
21,1986,3.068301419519145,2.777398383176959,3.2522711558723256,-1.2441119025237624,7598428.299999999,3627.0
21,1987,3.0701361208836304,2.790538918879039,3.33565848678416,-1.2668397419998083,7679952.010000002,3656.0
21,1988,3.083840211710699,2.7919218588497667,3.3320802864903762,-1.2689758906128694,7876628.140000001,3678.0
21,1989,3.1128106409938727,2.7617565345041086,3.2802031044253614,-1.2716024404613235,8095796.12,3706.0
21,1990,3.1280315521960573,2.735845900383154,3.235832487693603,-1.2684209270056463,8089395.1,3654.0
21,1991,3.116592785951064,2.7581523544612763,3.239951988074004,-1.2611374228291974,8157272.219999999,3811.0
21,1992,3.128714479862837,2.752250387006266,3.2412667879835113,-1.268375410176393,8152831.2,3875.0
21,1993,3.1466431804797304,2.742327138808092,3.206387551609816,-1.2637780811655757,8418187.94,3872.0
21,1994,3.126914738920867,2.7376814333287567,3.144563768501515,-1.2387154509486857,8716623.530000001,3791.0
21,1995,3.1058097153570503,2.7648419020666872,3.205686052166676,-1.24182707248226,8935100.8713,3673.0
21,1996,3.1421671754271316,2.715964324301569,3.1717193768866925,-1.2576208670975488,9009756.869600002,3684.0
21,1997,3.1519266913447463,2.723383101237222,3.1575824618659594,-1.2550714148125166,9370791.5593,3821.0
21,1998,3.1805494286366143,2.7223939376296244,3.1485354149734315,-1.2615014640259872,9731785.6436,3967.0
21,1999,3.1835471557402015,2.711105642439186,3.17059452507624,-1.2738040490692815,10107912.646,4114.0
21,2000,3.1316245877801934,2.7193425418395702,3.1662390174003314,-1.2538025985299,9530202.6717,3817.0
21,2001,3.200044558812208,2.6973025457675024,3.097158474403095,-1.2581485496056346,9147922.025700001,4181.0
21,2002,3.1612877738009555,2.715077919967942,3.1392110484356963,-1.25720290337905,8319150.298599999,4059.0
21,2003,3.169616438824155,2.727280653246226,3.1382932524669656,-1.256294605225694,8648360.2199,3956.0
21,2004,3.166153933352629,2.735427720712987,3.177658888878548,-1.2630121896156297,9079580.556899998,4302.0
21,2005,3.1553397842255526,2.7417061372373426,3.1926587562305597,-1.2654754069607974,8769704.4049,4132.0
21,2006,3.139282544262766,2.7531666146039937,3.1905675926830015,-1.257118268098063,9573270.67,4345.0
21,2007,3.150230104019217,2.7459612195133385,3.183279803194412,-1.2565677383476712,9457078.451000001,4359.0
21,2008,3.1474591614291088,2.7312169279669862,3.1938993018290582,-1.2644003413100557,9387255.509799998,4387.0
21,2009,3.175105807547009,2.7240120802598646,3.1827048782975274,-1.2738624506155123,8639266.8647,4012.0
21,2010,3.203939362189108,2.726109457127899,3.155590164232819,-1.2720661951703072,8316555.9791,3811.0
21,2011,3.2131022425178037,2.723445337455236,3.098268440115684,-1.2576482934730633,8686947.5022,3925.0
21,2012,3.194336870196016,2.7391698177285857,3.1025929769687233,-1.2452503730034952,8802193.3045,3985.0
21,2013,3.1950365661417623,2.750460716617467,3.1348019252292576,-1.2547655104937432,8691512.756900001,3841.0
21,2014,3.1974161535333754,2.72898849100553,3.1316280556260017,-1.2612707976362443,8663329.7679,3814.0
21,2015,3.1939888158259566,2.6980946992978754,3.084843622827978,-1.2551539867790347,8306191.0744,3224.0
21,2016,3.2202092176137542,2.676512027187301,3.1145603852421893,-1.2761251659860002,8657663.908400001,3215.0
21,2017,3.202993366179816,2.7074494607004995,3.19275993574362,-1.287194436238123,9134536.7447,3392.0
21,2018,3.2011941313150243,2.708556259695437,3.1413746375812734,-1.272099184420487,9328462.9417,3224.0
21,2019,3.2186945260472553,2.7258913221000514,3.1365525175471034,-1.2681831466881095,9929885.367,3125.0
21,2020,3.2418085591591908,2.749399822109528,3.149307385173302,-1.2692669071022769,9177510.1598,2562.0
21,2021,3.2133793532881683,2.7129426272838315,3.093062532675475,-1.2553101911145894,9209141.0396,2601.0
21,2022,3.221396996577778,2.703204269232025,3.1494167644007796,-1.2803811911825729,9522041.4087,2495.0
21,2023,3.2294987240903104,2.7007561847888857,3.126564163126429,-1.2776372323436165,9515714.923999999,2309.0
21,2024,3.25073522441167,2.650499640657372,3.090038588868952,-1.2880642932559176,9661992.6447,2271.0
21,2025,3.264758904696396,2.6470021609189716,3.0969787574736545,-1.3006201971631435,9158388.888799999,2063.0
21,2026,3.230518141343151,2.6282017528515063,3.039328664170822,-1.2704702186463412,1603582.1178000001,328.0
22,1976,3.10562170484635,2.774012850090674,3.292278565545559,-1.2642885658002678,7908154.04,4803.0
22,1977,3.11552196229964,2.7470062514647307,3.232299582860627,-1.2576402268623716,7606153.76,4852.0
22,1978,3.131930295908453,2.7431664855259874,3.2583014470330296,-1.2716759361439238,7541391.77,4810.0
22,1979,3.136192599553681,2.740771698507242,3.2524716377444935,-1.271805966234697,8004609.850000001,5002.0
22,1980,3.113312396924743,2.765429842410965,3.2490407343227035,-1.2574782723228497,8356715.09,5137.0
22,1981,3.1559750270967384,2.7519180425805065,3.220748356729382,-1.2667467036294635,8535828.43,4901.0
22,1982,3.1781878796887253,2.717508000669046,3.1674802602226886,-1.2667480779466322,8423424.25,4409.0
22,1983,3.1498031160589735,2.703194816832735,3.2287035269003943,-1.2835726233418718,8193573.909999999,4212.0
22,1984,3.1285802361357513,2.7148478355245853,3.253299851026021,-1.2813200593953982,8982830.88,4224.0
22,1985,3.1359648628835153,2.7027256288662516,3.1924586231019103,-1.2690215074753388,9021644.620000001,3883.0
22,1986,3.133792154566999,2.6869478565044966,3.1517645903538605,-1.2615538210278847,8621254.23,3330.0
22,1987,3.141441431612344,2.6632197678790948,3.1440276654804125,-1.2692167336453513,8135713.76,2947.0
22,1988,3.1583406344826064,2.662374776147074,3.1051824209772896,-1.2585714827366257,7959475.32,2921.0
22,1989,3.1713538259732967,2.639619035867846,3.0738545527719876,-1.2639618772585717,8419159.65,3041.0
22,1990,3.160845209219577,2.689357217345231,3.172216883507046,-1.2760182262599769,8634530.129999999,3247.0
22,1991,3.1724280118519315,2.687328420665803,3.1371252230935878,-1.2671780136312187,8432958.6,3152.0
22,1992,3.1704890834601667,2.6776466318198517,3.154203928208457,-1.2780786218045797,8364040.659999999,3026.0
22,1993,3.1741831924045822,2.6655265661343575,3.116363719556307,-1.2679434449496405,8526950.25,2887.0
22,1994,3.129364836446317,2.6920487959004054,3.1496017378131014,-1.2527945958123075,8424635.41,2950.0
22,1995,3.1439944067196546,2.7075534097753957,3.1756836288053347,-1.2629212540927512,8679980.888,3308.0
22,1996,3.165477007763948,2.7024638426075125,3.1753787130941458,-1.2723874362886423,9230652.4179,3522.0
22,1997,3.161437224991755,2.7105950414141295,3.1792438904154428,-1.2689498861227972,9430865.7082,3666.0
22,1998,3.1859051949673387,2.6897822038658146,3.1307153350893473,-1.267232995005828,9689811.024799999,3654.0
22,1999,3.1820214276019922,2.661186098026844,3.125343983975327,-1.2745093882223542,9232249.185899999,3520.0
22,2000,3.2070121785844417,2.6546011246017214,3.1306241231023564,-1.284968283428792,9228310.683600001,3429.0
22,2001,3.203229258464077,2.670791835044615,3.128198238361146,-1.277846110870127,9485119.3345,3368.0
22,2002,3.19056854652148,2.654673048358865,3.1000076256080478,-1.2701228913821012,9365399.709700001,3463.0
22,2003,3.196641686738268,2.652003468823614,3.1136164658519854,-1.2807181434444135,9484722.3445,3372.0
22,2004,3.1863471768737677,2.680277732467585,3.159225295478558,-1.2827562074908394,9264052.679299999,3088.0
22,2005,3.184199594211079,2.696494696522932,3.1639982508979734,-1.2774453729511948,9585113.155399999,2688.0
22,2006,3.2031371370998754,2.6907099998607675,3.1472876407108545,-1.279672324835864,9247474.1239,2716.0
22,2007,3.2106449501712175,2.6888038547211233,3.096124761770764,-1.2636876820245355,9521564.4671,2753.0
22,2008,3.191235112620854,2.693459463464865,3.1524260756805296,-1.2763587733189357,9655374.1058,2790.0
22,2009,3.237129777033054,2.66230302111269,3.0913873032289367,-1.2824054526494535,9066494.734199999,2682.0
22,2010,3.2439299532524632,2.6606678750033215,3.0488024316249596,-1.2698992756665266,8652296.4766,2519.0
22,2011,3.205930878503581,2.6905650641193906,3.1151267288275646,-1.2701808093830755,8527844.9627,2440.0
22,2012,3.2360334285813663,2.6788056318318554,3.1997848249282557,-1.310105549394851,8968168.1316,2534.0
22,2013,3.2147498301289787,2.6587596318762476,3.0981037840442496,-1.2803620067070267,9460441.094,2900.0
22,2014,3.205469985121078,2.674505460762936,3.1329969527926056,-1.2797021676526288,10295425.6673,4102.0
22,2015,3.2249977962865035,2.67193463874412,3.1394382839340387,-1.2902450119484032,9560301.381000001,5757.0
22,2016,3.2344131425970253,2.6459891348174933,3.0861804723024475,-1.2854105727646798,9309309.8448,6038.0
22,2017,3.2246898761494363,2.656533397095526,3.156858070838075,-1.301843251022293,9924264.256500002,6139.0
22,2018,3.216295544945834,2.6562086609433733,3.137407604676004,-1.2933569109457725,9286323.352200001,5554.0
22,2019,3.2257924465436485,2.668383085619288,3.140309716236989,-1.2921056591816333,9333580.2306,5558.0
22,2020,3.25375792998775,2.652276560442353,3.118566075743745,-1.298163958909844,8928702.6766,4711.0
22,2021,3.234992043899143,2.6518535506006087,3.1686489290153155,-1.3096152566504469,8970466.7007,4775.0
22,2022,3.2422355397634948,2.6331743107444763,3.1168942390558976,-1.2996765558394285,9474549.3428,4787.0
22,2023,3.2596036127803476,2.6288516215517643,3.09966509013185,-1.3005386545254278,9543515.1915,4676.0
22,2024,3.269470967323959,2.623769714750753,3.091347000271818,-1.3029289561579067,9189223.9137,4359.0
22,2025,3.2330709805656697,2.644212017491303,3.1044720657958544,-1.2895821028328671,8477918.361499999,3768.0
22,2026,3.2076328405629435,2.6433932514236997,3.175783743438839,-1.3065987038017366,1617213.9054999999,682.0
23,1977,3.066534330477461,2.7992514482802897,3.3601298438404066,-1.2695995602318997,916661.2,1356.0
23,1978,3.092418894215199,2.794501958320253,3.312083541534409,-1.2623359512567318,1874233.45,2670.0
23,1979,3.0759262526616906,2.813032085794656,3.3294926639591913,-1.2565090726987316,2014673.8,2895.0
23,1980,3.078069641153303,2.8191345077299483,3.2896413389903296,-1.2436526217422395,2106743.97,4606.0
23,1981,3.0766775564531286,2.8113096894141854,3.3000928982330455,-1.248785659218137,2164796.19,4095.0
23,1982,3.085162247637347,2.768275925279611,3.2549690300437972,-1.2499951662284494,2094365.69,3669.0
23,1983,3.0652058443201433,2.773026524868002,3.2767782258125244,-1.2517789176451708,2099521.3200000003,3742.0
23,1984,3.0833782156486658,2.7840907268198967,3.2742634259720167,-1.2541308882672548,2241003.6899999995,3621.0
23,1985,3.134775933953693,2.74408455067121,3.249522548825073,-1.2769415133450985,2391323.4000000004,3297.0
23,1986,3.117864638975496,2.7138456879961366,3.2102953626554758,-1.268475367452204,2506140.4299999997,3295.0
23,1987,3.1453698966834067,2.7159520912031425,3.2326085848536943,-1.2831981070431004,2589652.4,3541.0
23,1988,3.1340212221479335,2.7081776987417094,3.224704695167494,-1.2776755687878778,2583996.1500000004,3423.0
23,1989,3.157986018104089,2.6958375822655527,3.168507016382102,-1.272082898939509,2756094.1399999997,3572.0
23,1990,3.1659132371282297,2.6768454579419365,3.165484510022617,-1.27955455825663,2766644.2399999998,3454.0
23,1991,3.1377680244486545,2.6676594914864804,3.1338795810220597,-1.2640805045933912,2568032.7199999997,3036.0
23,1992,3.151161514371478,2.716654304557721,3.1539195603887333,-1.2563784172124666,2651550.4299999997,3119.0
23,1993,3.153178260338518,2.7032394967716806,3.104260258006612,-1.245944936945525,2597363.61,2992.0
23,1994,3.165168277358484,2.688073632085569,3.138457289379137,-1.268411584093797,2591908.0194,2885.0
23,1995,3.1459932069946173,2.6886530350049296,3.145830125197701,-1.263408220691788,2797656.4419,2989.0
23,1996,3.1752138091631372,2.6685495525241674,3.1177194078770323,-1.2703979210101968,2945791.972,3070.0
23,1997,3.1691319170157133,2.6722614823925577,3.1187601708445767,-1.2661683855670967,2843977.8916,2958.0
23,1998,3.167322141601187,2.6980776374795483,3.1558745180006773,-1.2684061277394072,2860264.2675,3042.0
23,1999,3.1680042002965534,2.6549563533449505,3.137817663827067,-1.2773907403055982,3110715.2289,3242.0
23,2000,3.173944135133254,2.672278719249533,3.1349408504771197,-1.2712813387222412,3205089.7533999993,3282.0
23,2001,3.192025895090723,2.6497073479953634,3.09921645844428,-1.2749800233648099,3160190.5117999995,4914.0
23,2002,3.200761895877581,2.6622268307073567,3.124210572849957,-1.2815776736669524,3145430.1891,5438.0
23,2003,3.1960676269471135,2.653104208708643,3.0763411551069555,-1.2693584925036339,2988603.6156,5473.0
23,2004,3.1825359445227663,2.6648186341393334,3.131733761948958,-1.2779460127468814,2970660.3507,5573.0
23,2005,3.1996871329369516,2.651537291564413,3.1224295050665045,-1.2846786660512108,3078120.603,5998.0
23,2006,3.218569226874216,2.6630375459045004,3.140780024360542,-1.2940341118439123,3230210.2548999996,6193.0
23,2007,3.21657101448501,2.6398107654972782,3.105897166582516,-1.2878975666749883,3172421.3458000002,5982.0
23,2008,3.234605411628509,2.6337600159518817,3.086410423478672,-1.2905453008200187,3125476.8731,5837.0
23,2009,3.270653876387568,2.621319967248885,3.0415016175853915,-1.290242361406377,3008174.2314,5804.0
23,2010,3.2528468088782243,2.6196287314747555,3.0465405037303728,-1.2869172765478123,2869453.1718999995,5557.0
23,2011,3.2645269799206096,2.620434575270382,3.0111980745530196,-1.28067497167219,2823313.6558,5126.0
23,2012,3.252840411329895,2.6067692562991325,3.016473001089472,-1.2836750777460892,2865788.8922000006,5076.0
23,2013,3.2565010397972918,2.630924360049356,3.0377143147394032,-1.2833034992859453,2832429.348,4742.0
23,2014,3.2705761526606043,2.6266491534039083,3.0104908258662104,-1.2799918206725909,2885300.6215000004,4028.0
23,2015,3.286540068921637,2.64298146362782,3.03453450155219,-1.2850721461943027,2865500.2076000003,2734.0
23,2016,3.26478180564103,2.6437574624519926,3.052637924998595,-1.2819840839118475,3058947.6069,2499.0
23,2017,3.3024517369766904,2.6446016042212857,3.053656413968293,-1.2947496330604926,3024222.5992,2517.0
23,2018,3.2731033183192144,2.640503696137295,3.0413719627152567,-1.2845685383530487,2990522.3569,2263.0
23,2019,3.278623556777444,2.5723966149602564,2.9652518065971076,-1.2871090826502427,3171356.6163999997,2259.0
23,2020,3.3175310569635306,2.588226780500458,2.9607893220572516,-1.2917443860135944,2858398.3779,1858.0
23,2021,3.308396245044411,2.5891138387632555,2.986832645726816,-1.2952121280053066,2903331.1828,1742.0
23,2022,3.339757909764978,2.598044384125341,2.9506480453090624,-1.2900879188421552,3078561.5591,1785.0
23,2023,3.3305451958524803,2.5566026092986847,2.9389039095228817,-1.298470628563457,3179056.9382,1829.0
23,2024,3.304371758725618,2.602630331386616,2.985229491081531,-1.289200821800003,3281132.0193999996,1795.0
23,2025,3.319434048045398,2.574857489242946,2.9638783160992306,-1.2961357513548781,2892689.5811,1607.0
23,2026,3.280322410645394,2.565014140257171,2.9801989127861357,-1.2987223248602162,483584.1884,263.0
24,1977,3.200453206237334,2.67106567538553,3.055775124470542,-1.25291150994445,4553174.31,2651.0
24,1978,3.1967916514691015,2.6808832578574155,3.0625362786198105,-1.250671322110486,8601520.81,5100.0
24,1979,3.19409136846174,2.7156143947965843,3.0892979223919945,-1.2470171832564805,9133813.879999999,5342.0
24,1980,3.190510735800117,2.7000796358064902,3.0587999595684474,-1.2388609996957687,9225413.790000001,5554.0
24,1981,3.2075956362607467,2.683305273123772,3.0431245896355446,-1.2459520261579415,9108367.51,5473.0
24,1982,3.2271414682333717,2.651483158318582,2.986653660602229,-1.2445045984720853,8975703.27,5512.0
24,1983,3.2310271856933643,2.624363785960534,2.960478770330678,-1.2495024338324987,9503737.75,5852.0
24,1984,3.225169438223761,2.631720056539606,2.976846523489338,-1.249772183335018,9746278.690000001,5604.0
24,1985,3.2504242135669874,2.621977175089844,2.9651639958502334,-1.2565742625955565,10158253.68,5342.0
24,1986,3.2383853513399847,2.6180560335073886,2.9803275743308557,-1.2595808911681852,10842580.48,5122.0
24,1987,3.239762769837295,2.6161662339284097,2.958139881024933,-1.253663508467466,11572137.62,5182.0
24,1988,3.2427383163563395,2.6076631822341962,2.9431297974883384,-1.252767286248825,11583402.360000001,4084.0
24,1989,3.2492221452662142,2.626607160521691,3.0063050706270933,-1.2668821631368972,11875885.9,3673.0
24,1990,3.2631629437169347,2.613959088992695,2.9815203323566286,-1.2646979027258374,11903387.850000001,3617.0
24,1991,3.2697429586290654,2.58780306773294,2.9348262886160934,-1.262999259276509,11887200.99,3590.0
24,1992,3.232913483944437,2.591554903393589,2.927236032806155,-1.2483964263975407,12172911.71,3618.0
24,1993,3.2372166243174565,2.5975722805906125,2.9499894113342555,-1.254838297315475,11460424.84,3202.0
24,1994,3.2974956701055445,2.5757976561163,2.86794112324907,-1.251359877468015,12159912.6954,3244.0
24,1995,3.315132692533448,2.5656990973902385,2.8484091507284393,-1.2578664639220671,12046067.731099999,3341.0
24,1996,3.3261811605469904,2.5560622908953583,2.8256339887604813,-1.2596342825701639,12019451.9842,3346.0
24,1997,3.3053313788024608,2.578320056372432,2.8717421279303417,-1.256816769323418,12589684.5834,3398.0
24,1998,3.307657645069387,2.553177103672804,2.882386451306289,-1.270931194587016,12462977.957399998,3291.0
24,1999,3.312232830504245,2.5608021709293167,2.9052848263246642,-1.2772148343627925,13282906.524099998,3438.0
24,2000,3.3000755625428533,2.5753703258593523,2.887795352856814,-1.2611758227179841,13608448.1643,3586.0
24,2001,3.328771631843394,2.558314594705393,2.877277203057287,-1.2715472420477318,13321312.428399999,5094.0
24,2002,3.335754665640121,2.5449520563358354,2.8785627738480564,-1.2777010131072395,13277131.3545,5614.0
24,2003,3.3388357786680376,2.5568477832630596,2.890784371392391,-1.2810968147256092,12844068.811099999,5199.0
24,2004,3.3270482950007496,2.5619866079592155,2.9216326523362905,-1.2872556762421903,12978669.600000001,5873.0
24,2005,3.333549285429155,2.5589712097649606,2.9051104333815134,-1.2846217722461608,13661725.8702,7185.0
24,2006,3.3317102991669048,2.5799764370816063,2.9262426791744574,-1.2816305400503083,14392427.1029,8065.0
24,2007,3.351131536356851,2.5576098783996892,2.878855269717745,-1.2799681150134232,14241104.6472,8018.0
24,2008,3.367323301152728,2.542967326470585,2.9013062435873977,-1.2979850191662423,13713522.4938,7850.0
24,2009,3.337009402207287,2.549623847518083,2.87435674658957,-1.2759996973580034,13098579.7198,7558.0
24,2010,3.340207194717854,2.555183587196598,2.8735699416336957,-1.2761579027020926,13015151.3504,7324.0
24,2011,3.3712633017888805,2.529065857317878,2.845006323698232,-1.2844743549784574,13317827.1718,7565.0
24,2012,3.363217307514385,2.5344836859609803,2.8418688338666236,-1.2812731856047408,13255197.634300001,7269.0
24,2013,3.374689985772535,2.5254519454417688,2.8372506666912924,-1.2836830042881076,13391110.4402,7212.0
24,2014,3.3634070542135395,2.520089576630371,2.842486441579083,-1.2846157224247334,13276289.6223,6072.0
24,2015,3.3549790017104955,2.5159171279170156,2.854870326097617,-1.288662063733444,13793633.852700002,4297.0
24,2016,3.369160516164969,2.5232015882955117,2.8728151234922708,-1.2944017107051773,14905645.5557,3958.0
24,2017,3.367365953474657,2.5138610403321016,2.8395209926032567,-1.2887281923730511,14804682.917,3907.0
24,2018,3.384505734351619,2.519196565654309,2.854275302767244,-1.2955055618127014,14851662.745799998,3867.0
24,2019,3.4056776854038415,2.498924799105646,2.7814302516844998,-1.2870022311790381,15463382.556499999,3602.0
24,2020,3.4132726670755003,2.5329442963855753,2.832698910864891,-1.2912126723017212,13821165.1774,2996.0
24,2021,3.434543055593053,2.491140294928303,2.828282304511027,-1.311789377025459,13446816.712,2938.0
24,2022,3.3995268375574574,2.514508691448841,2.840977302864287,-1.2983195733156019,14484623.4978,2918.0
24,2023,3.402235601184419,2.522588434923426,2.828514199267551,-1.292420506006545,15520988.871199999,2954.0
24,2024,3.4301811688172164,2.509203097192829,2.827057050514654,-1.3014237073653994,14207288.874499999,2669.0
24,2025,3.365737281126441,2.505562434092284,2.8501402269940495,-1.2898037318755167,13777054.1237,2429.0
24,2026,3.419192271231661,2.4570199951389933,2.710311739668553,-1.2772531402261886,2528874.638,434.0
25,1976,3.1484432928287718,2.787610790293919,3.0729071045197296,-1.210240181368104,11822247.54,7247.0
25,1977,3.139937496995676,2.8033579892618183,3.0853944943650706,-1.204733967057305,11846374.04,7047.0
25,1978,3.148496975193407,2.7950534129357543,3.0733001214646767,-1.2039064741965662,13523307.110000001,8604.0
25,1979,3.1668554802365496,2.7860908231569868,3.05659917225211,-1.207821255645673,13675778.52,8594.0
25,1980,3.17358319080027,2.779747268293345,3.0361295977465,-1.2065080361444693,14239491.759999998,8803.0
25,1981,3.1851619418986767,2.7644098371801458,3.028282324595643,-1.211702448617484,15065252.77,9143.0
25,1982,3.1990588082561358,2.745400182542765,3.008352428140729,-1.2143707918663313,14495187.28,8845.0
25,1983,3.2018381203596142,2.74610336748827,3.048261660131613,-1.2294757553525832,14272773.2,8775.0
25,1984,3.210939814796935,2.7277897089992087,3.009360740215529,-1.2261221549919528,15443587.870000001,11359.0
25,1985,3.2429658840769005,2.7008141650186523,2.9621144059182822,-1.2291856078848855,15414991.030000001,14652.0
25,1986,3.246949782870537,2.6913378305175533,2.9546524564567784,-1.2315775511034255,15716816.43,15648.0
25,1987,3.253999660512178,2.679235034117325,2.952955223591662,-1.2366826403246283,16000731.789999997,15663.0
25,1988,3.2629339439896654,2.653008925073281,2.942609412563072,-1.2446955093376078,16209693.5,15425.0
25,1989,3.2669434147801,2.634171798362403,2.904803401403106,-1.2386636289952866,15845935.48,14970.0
25,1990,3.268788067119807,2.6315104319756037,2.9092334203183343,-1.2420902731296823,15596544.82,14472.0
25,1991,3.2845255363060373,2.6184978566341828,2.8823122583347915,-1.2429788149863787,14073985.2,13184.0
25,1992,3.2818171075852254,2.6343625383678604,2.871551990669738,-1.234459708936335,13978045.92,12967.0
25,1993,3.2717108421686816,2.63202241328511,2.8803688381069894,-1.2339483363963821,14318310.469999999,13038.0
25,1994,3.297378138134693,2.602945556595973,2.8742930444325263,-1.2492626869215957,14797079.371800002,13387.0
25,1995,3.292204184196651,2.6039064694212333,2.8916909393356094,-1.253067910588799,14787081.3081,13333.0
25,1996,3.2825664241445134,2.629337861203462,2.899841407045352,-1.2451675771261903,15946861.1218,7341.0
25,1997,3.284379485240861,2.6309068083289855,2.878197665001546,-1.2396827693644454,16534962.396499999,7710.0
25,1998,3.289593129828559,2.6292927235379087,2.9112577149203807,-1.2510049573983,16138896.1724,7530.0
25,1999,3.2896546603585017,2.636627317591707,2.9405873296855924,-1.2580221246710412,16388445.462299999,7700.0
25,2000,3.3132945496689747,2.607437806055874,2.895382819615657,-1.2586052237130907,17239493.003,7526.0
25,2001,3.312748549410887,2.5918926224188685,2.8838450344560065,-1.261707512275656,17236491.8249,7312.0
25,2002,3.31266922106311,2.5730347796444506,2.880386394491048,-1.2662140120628906,17024198.792,7140.0
25,2003,3.309103543601002,2.584954156935392,2.8905271396007497,-1.264569352309884,15855333.539,6561.0
25,2004,3.2859240231344042,2.5644602251902806,2.901480979216335,-1.2697797409125884,15422105.3891,5974.0
25,2005,3.28854160145716,2.572974747726897,2.9418611099138126,-1.2798929240894878,15169315.2088,5213.0
25,2006,3.300751981845182,2.577166101971404,2.9403861012027814,-1.2815933215331006,14747034.4173,4712.0
25,2007,3.3500607346712035,2.555002301620788,2.867930537797048,-1.2809329661415405,15408894.2909,4773.0
25,2008,3.3315613250978324,2.5487596132889325,2.863234170567224,-1.278814982506973,15111261.9992,4694.0
25,2009,3.3323888878227,2.534229470261951,2.851015890308857,-1.2774025974801189,14375220.1581,4505.0
25,2010,3.3230338131317203,2.5590595992998963,2.8896907306874593,-1.2816120249541463,14915999.9264,4602.0
25,2011,3.3463547066390955,2.564696401899428,2.873497561124123,-1.2795181198383285,15441043.701,4757.0
25,2012,3.342667942093634,2.5227403573881073,2.7941257857161563,-1.2658831909321515,15001836.5416,4600.0
25,2013,3.3399698991888926,2.49725780739975,2.7865944996914593,-1.2702294784846535,15046879.912999999,4396.0
25,2014,3.327097240869075,2.503392739185706,2.8272933611061855,-1.278521526505858,15341245.493199999,4889.0
25,2015,3.346507955449706,2.523766058688222,2.811161899631387,-1.271381934242039,15613997.4765,5557.0
25,2016,3.3643710116517904,2.507932856002911,2.8133089820901787,-1.2828928627941727,16130735.106800001,6290.0
25,2017,3.348675473989206,2.517848775647215,2.841576130308198,-1.2830539748134153,16774287.369,6461.0
25,2018,3.3397299599024444,2.533724468513162,2.8658076502667376,-1.283046456204524,17031970.147,6190.0
25,2019,3.3648458621058093,2.533731286043482,2.843773979153751,-1.2824953535522163,17594286.6084,6078.0
25,2020,3.43774936037633,2.4822326301803312,2.734774229369059,-1.28521064822248,15472582.112499999,4975.0
25,2021,3.438411161693507,2.473552313096293,2.752600806586139,-1.2952181522004975,16493737.7629,5329.0
25,2022,3.4408602371092503,2.466919427031899,2.7787051576487896,-1.3063831433629403,17672548.3741,5578.0
25,2023,3.4040866829488627,2.4997692044319777,2.838396191950484,-1.3049474479814869,18083540.6348,5633.0
25,2024,3.4153751616531727,2.5009037696797694,2.8268369750217963,-1.3031073320607385,17986024.803900003,5518.0
25,2025,3.406831820167231,2.5190483005666593,2.8018012671998966,-1.2892482209753473,16723915.9109,4778.0
25,2026,3.368473933391228,2.5485466839407396,2.878722930661606,-1.2938469559850407,2868690.9687,765.0
26,1976,3.079030662715561,2.8596266132185457,3.185189869043206,-1.203135236758503,20909362.380000003,12702.0
26,1977,3.072543759851353,2.8742683805290716,3.226668023131605,-1.2087024379910198,22635164.049999997,13899.0
26,1978,3.07484141395829,2.877683910677381,3.215459127193,-1.2041559099441674,23715230.189999998,14154.0
26,1979,3.0748666713040653,2.891763720372277,3.221345715350366,-1.1998912646495308,23737365.299999997,13997.0
26,1980,3.1018448670346856,2.8490652756847035,3.163420660192905,-1.2036883121832747,21156929.240000002,12247.0
26,1981,3.1139249456375313,2.8242652723566346,3.1529035888669514,-1.2140839701273494,21508571.58,11864.0
26,1982,3.12058525189289,2.797713258491299,3.112581572754177,-1.2106891295239885,19637290.82,11052.0
26,1983,3.106284531815519,2.790893424388961,3.1295723862186358,-1.218010645446914,19836647.03,11178.0
26,1984,3.121384225730471,2.800376844861353,3.1270780745232005,-1.2163990351438805,21791742.66,12878.0
26,1985,3.123677923994005,2.7956561573339895,3.1208007962290747,-1.217487290595355,22380362.58,14870.0
26,1986,3.1313572827852263,2.802392763585443,3.123816018317775,-1.217690076038925,23061350.01,15472.0
26,1987,3.1295393020742392,2.784915185445096,3.1168533484556855,-1.2202938480606524,23359574.240000002,15638.0
26,1988,3.149184327860775,2.774668529404566,3.1083955298577073,-1.2260897417459937,23481894.240000002,15585.0
26,1989,3.1611491751453014,2.7704526012787203,3.1113988197013587,-1.2311362256159355,23579070.659999996,15378.0
26,1990,3.153102599087179,2.7672087441118114,3.0947208804141955,-1.2244969309029876,22540298.15,15290.0
26,1991,3.161801994685338,2.758800281273027,3.0814593308841176,-1.2255335038900343,22596811.96,15210.0
26,1992,3.1674049566864326,2.761683055081926,3.0821000203388516,-1.2267268017305548,23126602.700000003,15378.0
26,1993,3.1665588714860546,2.7564257231506897,3.0667392381786116,-1.2237631710951868,23943196.580000002,15462.0
26,1994,3.17713223652701,2.736597827107906,3.056326873428938,-1.2300930078133812,24782802.5384,15554.0
26,1995,3.180704302359637,2.7419328317249128,3.0624739501867513,-1.232386932681088,25034399.9807,15901.0
26,1996,3.1921178748894525,2.7492075206719973,3.0721341306681103,-1.235277743107411,26619105.891,11856.0
26,1997,3.188948545232627,2.7435517738327757,3.0686103508313565,-1.2359950916240752,27851260.8539,12396.0
26,1998,3.198158634195758,2.7259966389428834,3.0645983672982267,-1.242734853800959,28897167.485400002,12547.0
26,1999,3.2037711820159176,2.7234961989344995,3.0602796392290643,-1.2432513987641356,28830861.789800003,12464.0
26,2000,3.2168158554376247,2.7225881416080173,3.0570695699905226,-1.2459032350653607,29021388.9176,12445.0
26,2001,3.2163288052138936,2.7106566782387604,3.0563293615085705,-1.2501700503162396,28249914.3618,11408.0
26,2002,3.2147099427680956,2.6938127642423586,3.0347181243872936,-1.248259150429744,27089228.6579,10575.0
26,2003,3.222076313241095,2.7097130199343114,3.045227113074046,-1.2496247683290143,25441222.301699996,10093.0
26,2004,3.2247233307797263,2.7046677100816505,3.038588997070677,-1.2492549140892324,25312063.080700003,9601.0
26,2005,3.235502393992564,2.706997401418022,3.0643775845797654,-1.2596690762738338,25768142.6852,9046.0
26,2006,3.2507581812739175,2.6915654694618247,3.028337474667559,-1.2580997100012765,25371575.424599998,8272.0
26,2007,3.2599898613731697,2.679564990527048,3.0204698772595404,-1.2622282361901984,24786841.4477,7877.0
26,2008,3.255844783806238,2.663319566655936,3.0200659875784375,-1.2657163417893855,23802265.0251,7548.0
26,2009,3.267481996482782,2.6329647584434164,2.9827573302399184,-1.266759664465668,21209034.4478,6937.0
26,2010,3.2570125408807535,2.6545325320658537,2.9854116463247835,-1.259972173152528,20242012.1933,6609.0
26,2011,3.2611177961897195,2.6602998487126723,3.000929589881832,-1.2635359868861558,20600310.780100003,6563.0
26,2012,3.238047285527816,2.673452962223922,3.0153892996330174,-1.2555660358050649,21322121.3229,6813.0
26,2013,3.2615227085432807,2.667267012141169,3.004134699760001,-1.2613335555309135,22556098.670100003,7038.0
26,2014,3.2834941746298365,2.6576887907197997,2.9708113764064485,-1.2589992203447575,22653345.6228,6934.0
26,2015,3.2304505659177103,2.684348124665315,3.024261781203365,-1.2508303925596227,23286558.8469,6776.0
26,2016,3.2374826205628593,2.6658521245540303,3.0048411024013157,-1.254351067091985,24763371.081100002,7202.0
26,2017,3.277584195789781,2.64640846719189,2.976581469140909,-1.2640001304287345,24356534.287100002,7082.0
26,2018,3.2765522841026096,2.651071041352214,2.9889069135577957,-1.266284543919689,24758689.171299998,7013.0
26,2019,3.279534970858198,2.6632611463416747,3.002754507550735,-1.2663802124424097,24646499.4674,6689.0
26,2020,3.32076244787161,2.6356494951385585,2.96574857805082,-1.2764022538867963,22207197.076899998,5437.0
26,2021,3.2901753050445737,2.647862936501657,3.0030313256697876,-1.2757809252311223,22982563.5071,5646.0
26,2022,3.275920184806826,2.642444358762798,2.9970288788673267,-1.2720463794010266,25198662.536700003,5661.0
26,2023,3.2974089186139453,2.612082864163705,2.954203403669632,-1.2749283370995743,26516938.0766,5896.0
26,2024,3.2930408410167096,2.628707746505064,2.985817282905116,-1.2789614521836608,25844337.221300002,5521.0
26,2025,3.320090079775705,2.625409927124092,2.9715862240594495,-1.2814979488144878,22926978.5712,4405.0
26,2026,3.2940665647623906,2.615390199243962,2.950873224997711,-1.2719153830248366,4021701.6332,719.0
27,1977,3.1420153838502585,2.7031899609833263,3.1267110062112438,-1.2494443158786734,4235902.609999999,2967.0
27,1978,3.132464009933316,2.704891548759847,3.1067915909712194,-1.2392201792049677,9168816.38,6182.0
27,1979,3.1438755161700445,2.714892944191457,3.113809989627187,-1.2421642561224442,9766602.61,6474.0
27,1980,3.1554216570088296,2.708219138564883,3.058010633469512,-1.2293914476009093,9459221.260000002,6113.0
27,1981,3.1522988296625343,2.7174746732498707,3.0434555320379646,-1.2217382380498183,9414007.849999998,6008.0
27,1982,3.1735310316098997,2.6707405660955628,2.995398037936587,-1.2276036624486548,9265078.73,6009.0
27,1983,3.1517054704468843,2.665059330030585,3.0287898695232656,-1.2366007917780957,9654152.120000001,6427.0
27,1984,3.160946103940857,2.6636947270290103,3.030206807023833,-1.2394710503978983,10331978.68,6749.0
27,1985,3.159864536615112,2.6621488829353464,3.0256815399961403,-1.2386883433499025,10284786.49,5228.0
27,1986,3.163011030733902,2.6820813555443195,3.028970511808575,-1.2343642029522508,10259495.77,4348.0
27,1987,3.1615484776279326,2.6606201128851463,3.010224409217849,-1.237215487603542,10567053.229999999,4194.0
27,1988,3.1519009158147386,2.6629779322647775,2.9932418312571385,-1.2257152382754972,11390236.999999998,4459.0
27,1989,3.1565614425896724,2.682261082051268,2.999893347944456,-1.2226192648033614,11013007.56,4075.0
27,1990,3.181047681058681,2.672003449570185,2.99337195622827,-1.2309133864471953,10916854.19,4025.0
27,1991,3.198159110266,2.6342836285631015,2.95331740331203,-1.234983223708626,11208875.510000002,4056.0
27,1992,3.16956919353888,2.6595251628803322,2.982604494365518,-1.229539187724668,11304715.35,4152.0
27,1993,3.1639823851952795,2.6756850502851277,3.0125388892416334,-1.230096121032201,11574422.45,4146.0
27,1994,3.1920486346253583,2.673609418206535,2.9869861802705127,-1.2295206305833228,12709518.447,4447.0
27,1995,3.1756944342895514,2.6610551052568865,2.9566999855595997,-1.2191039903951428,13165062.9655,4665.0
27,1996,3.19185495382165,2.6627622358611687,2.986126556380924,-1.2318731956390923,12792755.212,4753.0
27,1997,3.20845562493412,2.6469777794882523,3.0160231887003914,-1.2534486192251062,13312979.2893,4982.0
27,1998,3.2212642213727283,2.627265595808257,2.9584874633630123,-1.24611232936832,13843429.010100001,5250.0
27,1999,3.231696349528586,2.6319816080835623,2.9242442716493198,-1.2366754312589723,14100176.5799,5209.0
27,2000,3.2257106296135087,2.6512121321907496,2.964219826362088,-1.2419094446450891,14706610.944599997,5300.0
27,2001,3.237706482876191,2.6389767498495593,2.9459468147569834,-1.2411613734012805,15021261.317000002,7078.0
27,2002,3.235171435037141,2.611952899047837,2.9463877241692256,-1.2517295585030803,14963719.7794,7874.0
27,2003,3.2622598436195904,2.610832031969867,2.9506464290977736,-1.2628037170737456,13912434.867399998,7203.0
27,2004,3.250895983004768,2.609701234495964,2.9484449703377598,-1.2585671792982285,13706237.3276,7371.0
27,2005,3.2583467014200354,2.6115683438337554,2.938864328721301,-1.259123108501636,14075928.1828,8612.0
27,2006,3.240550190892026,2.6173719408484732,2.9510000945445363,-1.2540268791058375,14143342.2998,8752.0
27,2007,3.2589939915395068,2.620832812111698,2.951862360158847,-1.2584551729276552,13772316.495900001,8627.0
27,2008,3.2717285108282135,2.6082203731227254,2.9425672802895577,-1.263389984454253,13432006.5374,8379.0
27,2009,3.266571036878031,2.6040501740322353,2.9125564276868223,-1.2524393192599719,12854762.564800002,7986.0
27,2010,3.248610737472106,2.5887699996955935,2.9032741584135406,-1.2498612433112293,12899896.122499999,7949.0
27,2011,3.2468041667007883,2.6076012127147776,2.940437588083382,-1.2566243396555485,13312753.4617,8098.0
27,2012,3.257834558121724,2.6435589409858116,2.957724463508266,-1.2520316788292682,13069996.0221,7889.0
27,2013,3.276375567200805,2.612434856813243,2.910517068896546,-1.2543612811907339,13568998.2966,8051.0
27,2014,3.2923893005651865,2.586570691015043,2.901261323421377,-1.2624599443761653,14082282.242400002,7182.0
27,2015,3.265489021346424,2.6273200134926524,2.9348164684046774,-1.253605885296373,13831016.733,4929.0
27,2016,3.2816518129336716,2.611757492157306,2.8966913294300727,-1.2483010677387787,13897210.185899999,4240.0
27,2017,3.283071461760295,2.6158433652103743,2.9494741188664166,-1.2676371320235682,14490799.2814,4340.0
27,2018,3.292283783780223,2.6280468648993134,2.980264159889315,-1.2763534425206837,14205538.152400002,4190.0
27,2019,3.312805681968063,2.609344507525935,2.8956968608561384,-1.2603681441153596,14304087.0513,4079.0
27,2020,3.3160333012357412,2.597582605887023,2.939298561767703,-1.2771365463225253,14177529.901499998,3643.0
27,2021,3.3187015173544414,2.5827691664208805,2.923095662790376,-1.2790036075929143,14765104.294,3582.0
27,2022,3.3304806949577004,2.565463341926096,2.8923783800039904,-1.2757970605835163,14864709.342,3567.0
27,2023,3.331967747030454,2.5663701336371667,2.8604266627197488,-1.266388555122645,15064850.077800002,3469.0
27,2024,3.318534933335704,2.5576887784518867,2.914711183730489,-1.2850120740413824,15219709.0444,3560.0
27,2025,3.3380857948656155,2.548487854587408,2.8822118174593987,-1.2837319069273798,13221031.026999999,2838.0
27,2026,3.3256713052749864,2.51986507346194,2.7997854222306047,-1.2679314841126803,2221366.5861,455.0
28,1977,3.010452022458597,2.8719465522869894,3.37876990983538,-1.2335230513151403,2089474.44,1794.0
28,1978,3.0121554539804976,2.86251161756287,3.3791135896453537,-1.235534138669067,4378171.489999999,3672.0
28,1979,3.0413568347833935,2.864577517524814,3.3817365543432816,-1.2457988430739544,4519449.32,3750.0
28,1980,3.0761099300466594,2.8448799386416534,3.346044837791467,-1.2492667295543805,4773152.1,5382.0
28,1981,3.0856395364008797,2.8340341922742693,3.3130656710663824,-1.2444504459988646,4537866.8,4545.0
28,1982,3.0985478477844715,2.7967250354734454,3.2823919180381322,-1.250001963513339,4366652.24,3972.0
28,1983,3.0584177389509244,2.836859429747138,3.363640908193148,-1.2524886051264452,4514957.08,3938.0
28,1984,3.0418269627347603,2.833708551529084,3.360515275821256,-1.2521048529807763,4779208.890000001,3911.0
28,1985,3.0553649568764985,2.817913776586371,3.3020715384190447,-1.24181547060399,5057301.74,4081.0
28,1986,3.0571811631232686,2.8086721738545553,3.3132094573617903,-1.247573843866076,5196913.74,4100.0
28,1987,3.0663441357158523,2.8019244481870786,3.3044020312412052,-1.2496472158329488,5354891.9399999995,4104.0
28,1988,3.0716162590555958,2.799463077052364,3.2984599954013616,-1.2504323919919587,5386961.92,4183.0
28,1989,3.087708041521288,2.7612697312137797,3.2672781371860578,-1.257712199397975,5343912.59,4079.0
28,1990,3.0907260672979526,2.79875730752691,3.2964058495539525,-1.2547505319226155,5428636.44,4271.0
28,1991,3.078212927155259,2.818171805505911,3.3151815369253477,-1.2531804908573714,5264057.069999999,4123.0
28,1992,3.0820085624789875,2.8006174853691963,3.302572044901761,-1.2578561926130496,5457680.03,4307.0
28,1993,3.0816793204180466,2.8208502559341326,3.331801707507209,-1.2577182778054379,5978073.83,4502.0
28,1994,3.123383529731114,2.7665442950546333,3.2532370069372707,-1.2632752903699906,5854998.6598000005,4070.0
28,1995,3.102160848109739,2.764635749784052,3.2238057544841916,-1.2488166268751821,5707977.5599,3287.0
28,1996,3.1154408157571556,2.753637065235394,3.22638934897111,-1.2559699856981181,5957517.4675,3335.0
28,1997,3.0981301780896398,2.7928214725690177,3.244019311823307,-1.24388056428709,5777703.1151,3267.0
28,1998,3.1298911062534116,2.767709223127406,3.22174050786763,-1.2550255479971693,5828660.447,3222.0
28,1999,3.133588683949442,2.7151691928783586,3.225327991454228,-1.277590016680585,5925952.896000001,3106.0
28,2000,3.1242451291806996,2.75043169399007,3.190307712531485,-1.2493085508736013,6400529.1205,3301.0
28,2001,3.1026700382193,2.793100757386297,3.254799673859661,-1.248248379903403,5927644.9084,2933.0
28,2002,3.1323952168616604,2.7540463394378656,3.246044932873898,-1.2680348408156408,5929416.625399999,2996.0
28,2003,3.1223188213431703,2.7658384043438553,3.2554549967231066,-1.2649484431998554,6109490.4128,2972.0
28,2004,3.1214697518917918,2.765146815281591,3.2477646295487714,-1.262261577586079,6452131.5975,3207.0
28,2005,3.11675086384829,2.7498632179583207,3.2092303246979577,-1.2572612194742463,6286790.345600001,2891.0
28,2006,3.112190406238159,2.770597104573667,3.2456704320472163,-1.2578893743590658,6428133.8537,2822.0
28,2007,3.093659645385831,2.784943751930668,3.3024380656543326,-1.264468505591953,6701501.1963,2963.0
28,2008,3.1165360679950878,2.7900920990577736,3.245472220624201,-1.2490758028960756,6113227.1656,2681.0
28,2009,3.135982133628424,2.75219584770379,3.1969404054586636,-1.2522969755943285,5554722.4666,2451.0
28,2010,3.1306015036415737,2.7434767317345172,3.2304579699757734,-1.2643870517044946,5605680.709,2520.0
28,2011,3.1188247085369976,2.748991312708903,3.255059573200719,-1.2669911335268633,5596951.1145,2402.0
28,2012,3.1433760658486904,2.7412226572284353,3.2410265125655435,-1.2743878387766923,5462384.645400001,2295.0
28,2013,3.19775731169052,2.7404442981943467,3.1502281720718117,-1.2598483940933467,5368043.5223,2196.0
28,2014,3.1857211481390504,2.7265283064796173,3.192267201891391,-1.2763877500386664,5488531.975300001,3112.0
28,2015,3.1269460140382432,2.757879174278437,3.290375965024103,-1.2786073051045823,5419509.0112,4322.0
28,2016,3.1352422899118597,2.746172538685921,3.247242127894798,-1.271289164048174,5527064.4468,4533.0
28,2017,3.1472038339252983,2.7598657642163467,3.2479120813219255,-1.2734662594305879,5829022.506,4716.0
28,2018,3.149059180728563,2.7644400431312954,3.2581670143945827,-1.272659935875402,5803145.4098,4496.0
28,2019,3.1691120879328656,2.7379705577763094,3.247060226998627,-1.2861996287695185,5861288.1638,4339.0
28,2020,3.158420134922426,2.752281046341842,3.2715005598436058,-1.2853839473283053,5455801.187100001,3657.0
28,2021,3.186992026006046,2.7635300933149827,3.2722521260466455,-1.2894981616651862,5828887.0295,3840.0
28,2022,3.218007042313607,2.743087797056513,3.230292456782659,-1.2931898205434025,5793183.1239,3599.0
28,2023,3.178329441466925,2.7615524870604946,3.296590118858605,-1.2970900255913227,5735765.6888,3304.0
28,2024,3.2144498142051585,2.71748212386177,3.2200905940697817,-1.297485085911932,6189704.4043000005,3517.0
28,2025,3.198594759669855,2.708439784600733,3.2177485789846503,-1.2931032991960065,5690357.207599999,3172.0
28,2026,3.2299026862407567,2.7160581398808215,3.2055127912577968,-1.2947277892156956,951594.8994,526.0
29,1976,3.112659226860853,2.7500469888893853,3.1747633188670723,-1.2400365125371215,28022314.22,17010.0
29,1977,3.112684185395278,2.7433525879872143,3.178490479048754,-1.2431417564489875,19682775.79,11826.0
29,1978,3.1050214407550167,2.767353197581323,3.18217066544479,-1.235230540828698,10146345.7,6278.0
29,1979,3.114532353458506,2.7609725881641376,3.17586420730474,-1.2366353030605342,10713429.530000001,6349.0
29,1980,3.1280214718937693,2.7560734589100306,3.122555881341223,-1.2239582996446225,10359419.03,6061.0
29,1981,3.125843389946129,2.768337760730094,3.148034829437623,-1.2271513601881099,10814736.510000002,6246.0
29,1982,3.13822584748452,2.742738980917389,3.156691511541617,-1.242199873731579,10318374.05,6115.0
29,1983,3.1203503704629703,2.7398212915669786,3.1613384578902117,-1.242206439240713,10497022.16,6085.0
29,1984,3.1323659025190413,2.7466606389259836,3.1742054585341166,-1.2476025251633525,11205424.290000001,5957.0
29,1985,3.135291420050766,2.7276619442012033,3.130674270038781,-1.2414045713107813,12238920.57,5810.0
29,1986,3.131316683401749,2.7356954449989153,3.1334398466463456,-1.2384251268112165,11926910.719999999,5138.0
29,1987,3.14817305246683,2.698931547203245,3.0858234870956576,-1.2409460579856184,12226256.450000001,5002.0
29,1988,3.14279190013642,2.6997328598104735,3.055551142863969,-1.2282681812776708,12503275.88,4258.0
29,1989,3.1459798568661053,2.6919648817667987,3.075352517076656,-1.2361907633548324,12591189.99,3892.0
29,1990,3.1539194276801674,2.6934550365363825,3.0829922032622568,-1.243162214007941,12085181.63,3781.0
29,1991,3.1339053611584022,2.6983316634058867,3.0833044438044284,-1.2347836321742203,12324818.489999998,3855.0
29,1992,3.1246741634333564,2.737085687316648,3.087891069099627,-1.220911636151802,12831707.84,4044.0
29,1993,3.1616358184959594,2.715129958048132,3.0964959192513493,-1.243682173757847,12807173.040000001,3896.0
29,1994,3.1818933066131643,2.6998609682106953,3.0864471045163384,-1.2522784955586113,12739371.174299998,3540.0
29,1995,3.1445946434935474,2.673513355680237,3.0655733134927114,-1.2411554140263028,13507520.245099999,3648.0
29,1996,3.1429919901620216,2.6817923152919714,3.107915977769642,-1.2518424454915222,14118900.3779,3865.0
29,1997,3.1955284937875335,2.70813957298335,3.1328428255266534,-1.2697873382775955,13865298.56,3717.0
29,1998,3.177963777794271,2.6782336574798404,3.0667874639192436,-1.250406834058876,13437297.2179,3587.0
29,1999,3.2315719449576585,2.6486157931467944,3.0439214423337497,-1.2688905081565753,13891183.5823,3680.0
29,2000,3.2249459038059407,2.650135066616424,3.0167022647597723,-1.2570471696971928,15294935.4342,4034.0
29,2001,3.2028854672927554,2.6580587655309698,3.0878354070194614,-1.2713547255923323,15259876.2605,5299.0
29,2002,3.194792232361087,2.66415714281239,3.117733462724213,-1.2756615054057077,14046607.3423,5526.0
29,2003,3.2309691576069963,2.650235446066396,3.0595718330729076,-1.2724048966610364,13764162.1317,5234.0
29,2004,3.2198788024507357,2.6643648228367693,3.068808294343115,-1.2694994495022467,13492938.3629,5103.0
29,2005,3.191600364243824,2.69181266095509,3.1056570572861277,-1.2609437922886488,13819672.927899998,5540.0
29,2006,3.188532872887043,2.679516890065199,3.1111140716901065,-1.2676043706836788,14790816.252799999,5758.0
29,2007,3.2196580165980166,2.6855450562524528,3.0922148993710903,-1.2681167178933626,14982834.4971,5597.0
29,2008,3.2184520073196743,2.6789171371097407,3.09575938145743,-1.271404742581275,13976065.0307,5306.0
29,2009,3.2204438317596296,2.6491403777268285,3.0616522401559982,-1.2722387764369034,13584418.1615,5243.0
29,2010,3.2145711409947477,2.6691915080157873,3.086546885094041,-1.2714189410791124,12725714.0642,4956.0
29,2011,3.2500192763476003,2.6514335156559716,3.044634897842831,-1.272512923328629,13551318.8554,5023.0
29,2012,3.214427031231335,2.667899790717315,3.041312557430674,-1.2545113470979472,12888754.5189,4624.0
29,2013,3.235024892039546,2.645073108876841,3.0176502683375825,-1.2613523845869377,12779420.387899999,4599.0
29,2014,3.2463307959380594,2.651883903678302,3.0185534860283276,-1.2625510417703687,13459871.744600002,4600.0
29,2015,3.26118840370278,2.6210240706506567,2.9707714010834168,-1.2651936395724876,13792311.8392,4280.0
29,2016,3.267983386591691,2.622462847825463,2.9892366964512482,-1.272009148002439,14359508.556400001,4249.0
29,2017,3.253575874333137,2.638670552169248,3.012761955002577,-1.27071558697842,14185515.250500001,4300.0
29,2018,3.2743583938140475,2.634209790399801,2.9834075020894146,-1.2669313763117191,14513674.861500002,4143.0
29,2019,3.2836962092515356,2.618307832127965,2.965912748727113,-1.268791732862609,14023916.962100001,3817.0
29,2020,3.279207108453435,2.607531362768193,2.992265093782258,-1.278841897686825,12350439.6956,3107.0
29,2021,3.285111012769527,2.611542569482609,3.0095508017339045,-1.2849468878629924,13794404.5228,3515.0
29,2022,3.295083609065879,2.606058331301376,3.0113791975310265,-1.2891539963148573,14956814.140099999,3612.0
29,2023,3.2675081542592928,2.6215918928958626,3.0305333080969175,-1.2857110916468064,14960584.6675,3584.0
29,2024,3.2640194468603734,2.6215539928297837,3.044600441111656,-1.286686895344014,14580630.0779,3395.0
29,2025,3.2719506406120686,2.6244056728330665,3.015370507249662,-1.2786541324962104,13187483.225000001,2859.0
29,2026,3.257271886775948,2.6263068116512054,3.0341328738497433,-1.276728229842956,2422756.2234,549.0
30,1976,3.141116313343008,2.7120189562473205,3.143530863534453,-1.2512125195660644,19225656.08,11316.0
30,1977,3.1359096869523437,2.705285945887241,3.1562451315072044,-1.2572005150181023,10874084.25,7765.0
30,1978,3.088737732236515,2.7609963679786893,3.2902973071004284,-1.2628002621015595,1499810.22,3527.0
30,1979,3.1033113747926584,2.7435736486805156,3.2866777024967146,-1.2719085582844478,1530581.53,3254.0
30,1980,3.1279510656698064,2.7304634472766742,3.255160597117215,-1.271519575876728,1478812.48,4546.0
30,1981,3.117104319526358,2.7630232074576178,3.2480869067061415,-1.257445996230436,1663683.84,4538.0
30,1982,3.1324896643008495,2.7421408396028686,3.1962374380375866,-1.2528250735553994,1581921.9699999997,4102.0
30,1983,3.1075218474145005,2.7141169774859013,3.2257800394313594,-1.2669302389848158,1600994.76,4063.0
30,1984,3.1302021693321027,2.7027213550415636,3.194010442992786,-1.2640578023128848,1748274.8800000001,4313.0
30,1985,3.1257567312292127,2.6418582493971514,3.1338987477605675,-1.266357893140392,1648974.6900000002,3946.0
30,1986,3.1229449926516937,2.627261932162916,3.1240368891491923,-1.2678002246147857,1576564.14,3862.0
30,1987,3.1310722602355052,2.636848139269058,3.124856477966963,-1.2663824644261414,1566491.22,3917.0
30,1988,3.1243881252591756,2.6513772380577274,3.127596897879654,-1.2609810385684055,1518132.62,3783.0
30,1989,3.119591101022616,2.6656650132871453,3.130830554261431,-1.2519301607371436,1607851.45,3953.0
30,1990,3.1136566254071534,2.6329138905681866,3.108301682071581,-1.257420426080023,1603485.0299999998,3942.0
30,1991,3.1591055398689636,2.6201885670564495,3.0649901909937003,-1.2622189211020256,1653590.14,3996.0
30,1992,3.144401271463992,2.6681870199977076,3.1556783183265185,-1.2696197909528104,1678504.54,3937.0
30,1993,3.1352273577961345,2.662118854252087,3.1363556419925525,-1.2620776076124713,1714459.04,3961.0
30,1994,3.1442990543305704,2.647086105388089,3.0960609501711094,-1.2548380305414932,1863148.2406000001,3889.0
30,1995,3.138121671041313,2.655150781715604,3.1432185584868795,-1.266372521988059,1924704.5833000003,3900.0
30,1996,3.1421277432133548,2.668425386665642,3.1291229200903015,-1.2596509364733504,1919980.0876,3795.0
30,1997,3.158962778450649,2.643488496807836,3.1149302197689996,-1.271229068326902,2056472.2244000002,4000.0
30,1998,3.1405117349635763,2.640474634644079,3.1199449268351973,-1.2663471996718665,2076303.8663999997,4186.0
30,1999,3.1583865095362853,2.6547240308341697,3.1437119297459186,-1.274403416975607,2147796.863,4287.0
30,2000,3.1445099622872537,2.676787707388324,3.181731511357807,-1.2758905772504792,2147984.1849,4116.0
30,2001,3.192526944770259,2.62483614513902,3.1161179483526418,-1.2856466987572968,2076881.2507000002,3649.0
30,2002,3.197870171614633,2.6302080544338566,3.1046230026519583,-1.2831666977368243,2113174.6776,3717.0
30,2003,3.178618731648278,2.66442380920789,3.1272455124976273,-1.2740754192012975,2173815.7383000003,3741.0
30,2004,3.1820399729052578,2.639626922335426,3.1352233615638374,-1.2852551273866109,2141036.0861,3452.0
30,2005,3.2077705078637972,2.6488277437475642,3.1727713570851175,-1.3020890261783564,2194586.402,3221.0
30,2006,3.1951321273711626,2.668665481374428,3.1665750220253885,-1.2882724769520137,2260628.9818,3187.0
30,2007,3.175539573903689,2.6762199745226924,3.13766013191574,-1.2710955362000478,2320250.5099,3222.0
30,2008,3.2144540653050453,2.657259183034318,3.1241376222733175,-1.285280725663719,2281187.6547,3062.0
30,2009,3.229136477129771,2.6548171174810054,3.111399327234832,-1.2869425544451736,2011642.2486999999,2621.0
30,2010,3.2368642678075803,2.6196165938176734,3.019552490167877,-1.2716574384302495,2050701.6903,2609.0
30,2011,3.197775937645161,2.631150818614157,3.052426645032588,-1.266529392879457,2113743.1964,2675.0
30,2012,3.2205278493643146,2.625190410491314,3.08234395636161,-1.2843490973105804,2128969.3221,2662.0
30,2013,3.2273325328544784,2.6465550429327873,3.0518504086509846,-1.2680425285860246,2140647.5483,2698.0
30,2014,3.2590642729324384,2.6240167693227456,3.057214692615731,-1.2860833162312693,2385111.6265,4034.0
30,2015,3.253598281753725,2.5957133794314164,3.0376192069344925,-1.2893011989054333,2333718.3321,5542.0
30,2016,3.2428205447341316,2.5941110733921047,3.028244733630499,-1.2840793828024861,2300037.2645,5820.0
30,2017,3.2634894127934584,2.5836807416015635,3.0122483493774266,-1.2910901226475984,2270033.3611999997,5369.0
30,2018,3.2510824930783877,2.6116717026533918,3.0328249144739834,-1.2831936698579474,2376366.9049,5017.0
30,2019,3.266638988420815,2.618900736905021,3.050913080138617,-1.2895906658695417,2506338.8858,4935.0
30,2020,3.303697838991699,2.5788257941330865,2.9692257250028105,-1.2903563462438967,2446828.1216,4441.0
30,2021,3.2997282941758694,2.5792465478926223,3.0196215287357866,-1.3055061220350015,2550953.4285,4400.0
30,2022,3.2972872962893227,2.578023327632921,2.9923402262651866,-1.2950867569563875,2829318.2265000003,4203.0
30,2023,3.3298864062445808,2.5508987813454214,2.98221900262006,-1.312232043045984,2859334.0908,4232.0
30,2024,3.334064868167831,2.5707621257638795,2.9688504930237456,-1.3031111298786386,2706471.1172,4213.0
30,2025,3.329033919407665,2.5572979591269775,2.9171616455411176,-1.2894024512771654,2453920.8752,3532.0
30,2026,3.3170852748688473,2.562007805248984,2.9746313266832827,-1.3032669246501536,476654.6673,629.0
31,1977,3.1239596322262426,2.7201329855126883,3.184659680732794,-1.2571942770061442,1603713.23,1614.0
31,1978,3.127525616923105,2.723727703309601,3.1634440395604395,-1.251386370851439,3360201.75,3130.0
31,1979,3.1151143489994118,2.7364021821208433,3.1987355856138313,-1.2539239796951656,3398407.21,3123.0
31,1980,3.1286480615044825,2.709721719827171,3.1436000810949247,-1.24839765043964,3256545.4499999997,4898.0
31,1981,3.1399422112921758,2.7047249347151507,3.143678756786701,-1.2539254366428558,3383652.5,4583.0
31,1982,3.1249584875708423,2.68155203682482,3.0992677499884675,-1.2430758574650476,3104522.15,4115.0
31,1983,3.1100163287154103,2.664808890443648,3.1042534834577644,-1.2474392548384567,3210461.02,4100.0
31,1984,3.109979142814474,2.7113435566970163,3.142807160866871,-1.244945587162147,3258855.9799999995,3984.0
31,1985,3.0885933891429618,2.6844313190502787,3.129431214926907,-1.2418285638378814,3366176.2,3964.0
31,1986,3.085319204483669,2.6868503893799476,3.1222157807989532,-1.2383504716638216,3384215.69,3927.0
31,1987,3.099516305043736,2.6793812075265784,3.1378749847071776,-1.2524196363889852,3287881.1700000004,3983.0
31,1988,3.1353178652039317,2.658238121823142,3.095014335980845,-1.2536282026174355,3514868.98,4144.0
31,1989,3.132886944521901,2.6687957733182297,3.034617350318835,-1.229835436750029,3589797.0100000002,4188.0
31,1990,3.1445621502048513,2.659786150115548,3.080741589535524,-1.251989710002844,3552182.29,4317.0
31,1991,3.1653404114351695,2.628194516168475,3.0298015552640734,-1.2511891506175767,3606063.4699999997,4442.0
31,1992,3.1419449590713255,2.658910056488176,3.050635786015984,-1.2422475019843011,3751153.5,4737.0
31,1993,3.1406212899526778,2.6416032003076495,3.024959119009976,-1.2396570592698257,3928539.44,4746.0
31,1994,3.143886598128414,2.665614927469006,3.053332839467767,-1.2409383796720506,3781984.6761999996,4189.0
31,1995,3.162800751964418,2.657950885330952,3.0598733682089456,-1.2524189517222966,3799295.2361,3892.0
31,1996,3.170574296279529,2.6437857233405797,3.0233913405297552,-1.2480952463481154,4085342.9515000004,4047.0
31,1997,3.16910260864961,2.6873312644461245,3.055870474877224,-1.2409712452143498,4087138.8723999998,4030.0
31,1998,3.1737628668436733,2.6591888005000754,3.0699829771314495,-1.254645839066048,3996340.1281000003,3969.0
31,1999,3.1936731984306337,2.65491176186041,3.0810960155370455,-1.2673088913084845,4127927.4935,4129.0
31,2000,3.2027469422503176,2.6351566814653693,3.0396129680107427,-1.2639123407648438,4325562.4441,4325.0
31,2001,3.177745845515418,2.642245537550272,3.030039314022324,-1.2504875895056307,4301634.3411,5204.0
31,2002,3.2059405887667483,2.6276406769841922,3.030120319807614,-1.2615060920164778,4232453.8839,5662.0
31,2003,3.2360269401753663,2.6504704945026636,3.064150569242877,-1.275819461393571,4118104.2805999997,5330.0
31,2004,3.2312789839365337,2.635096919232729,3.0626339535705114,-1.2818718910817335,4123196.8516,5245.0
31,2005,3.2065129533473478,2.6612874305638137,3.069613653195008,-1.2691807077419515,4161308.1173,5010.0
31,2006,3.219473700675244,2.6757129766369814,3.031713713383534,-1.254087048588104,4164275.7284,4755.0
31,2007,3.2114585508246587,2.6807588886445246,3.045410173871718,-1.2530269791976736,4054871.9122,4689.0
31,2008,3.2250508723450175,2.65829741288702,3.0342370013333277,-1.2603197761189298,4284661.9106,4991.0
31,2009,3.237137762783327,2.667502022606514,3.00378608102202,-1.2495264039784384,3940954.5567,4666.0
31,2010,3.2367862043237614,2.650725602764117,2.990799766322462,-1.2525412630190136,3763829.4148,4403.0
31,2011,3.240320846447307,2.620698187282383,3.0168013144468175,-1.2742512670407,3878033.9702,4465.0
31,2012,3.241382972993173,2.617791321895624,3.007325768818646,-1.2717581057206593,4193702.9897,4753.0
31,2013,3.222782090797459,2.6552832160272635,3.0360554544185496,-1.264748862780327,4251382.5714,4566.0
31,2014,3.2246146314905055,2.655793674001483,3.04259432278129,-1.2660647630994124,4151332.6339,4123.0
31,2015,3.2348685297423825,2.641642804112567,3.0373311418644815,-1.266300860885509,4329484.373500001,3812.0
31,2016,3.2394821455259457,2.6523584227415804,3.0817380412292144,-1.2819343057424446,4152016.2821,3575.0
31,2017,3.263988860649869,2.6218015567730655,3.0332415737505327,-1.2853437607270337,4238439.9381,3519.0
31,2018,3.2636875296568975,2.6217235034813036,3.0442969069066392,-1.288745329246552,4430075.3202,3583.0
31,2019,3.251436279421762,2.6258603075054285,3.0206631684323373,-1.2739121577846886,4508832.665,3550.0
31,2020,3.277185041708098,2.6243534469925867,3.003719421682139,-1.2783076280005883,4259889.1482,3055.0
31,2021,3.297592446519555,2.5948531841643683,2.9388058490696065,-1.2710650003005017,4500287.913000001,3276.0
31,2022,3.3182234904885606,2.5909747670800605,2.96266794380398,-1.2883804772084568,4580237.3285,3001.0
31,2023,3.307743807033726,2.628319791169467,2.955435914015416,-1.2717937788606872,4392201.02,2798.0
31,2024,3.3059557564093645,2.624755827697237,2.962834297261052,-1.2727379888233346,4553498.7005,2876.0
31,2025,3.328008164069184,2.594025595562994,2.9731682239165447,-1.2933458921267122,4287014.3103,2748.0
31,2026,3.2969860181228308,2.568876933872375,2.9126794418633772,-1.2749077897164947,795921.3289000001,498.0
32,1977,3.0342231809017304,2.625503544013096,3.058777154854091,-1.223054369678875,924675.16,1854.0
32,1978,3.0177551045407465,2.573812636177398,3.0478652736839993,-1.234822259321081,2030765.7,4175.0
32,1979,3.0289037622295307,2.59934572419498,3.082231579466333,-1.23841074168954,2147966.71,4261.0
32,1980,3.0363602956458653,2.573218762422203,3.0011797615301345,-1.2226559746709458,2321268.72,9042.0
32,1981,3.0478833127054425,2.5926133476742503,3.0211779541319053,-1.225659847509386,2452705.1,6466.0
32,1982,3.0308803543642875,2.5824019177493054,2.992685250125523,-1.2147601044084426,2823772.4400000004,4882.0
32,1983,3.058524856356366,2.5772162710681323,2.9793620426974345,-1.2234653584951751,2896330.76,4809.0
32,1984,3.049536280047113,2.613783122307254,3.0277981257265685,-1.2225287524882704,3004152.5700000003,4790.0
32,1985,3.0143158493666173,2.58509308095837,2.98641860283558,-1.2099080207020232,3034145.2,4363.0
32,1986,3.044855168356137,2.5890495169477914,2.968455052429295,-1.2116074029072208,3204770.85,4298.0
32,1987,3.0604208497677727,2.6099330150597693,2.9877266583755824,-1.214790353941135,3376918.86,4392.0
32,1988,3.0733468906433186,2.619311553055919,2.9946986077995525,-1.215707549001392,3664012.93,5052.0
32,1989,3.1038150776999367,2.608468720831526,3.0089627402208854,-1.2354367977183685,3906144.43,5196.0
32,1990,3.096410793923933,2.611567769004424,2.991096649338733,-1.2253050970371073,4195969.87,5441.0
32,1991,3.0906478303492677,2.5735744905500115,2.9737489030216624,-1.2322789753558794,4219226.75,5295.0
32,1992,3.0619589310828523,2.5791094847864815,2.969192931589738,-1.2200147249655677,4199833.05,4794.0
32,1993,3.094604201271744,2.594285272248698,2.9872893718310025,-1.2309030488627295,4410055.09,4762.0
32,1994,3.0710568494697807,2.6231156910077376,2.9848266285990093,-1.2132207713202134,4908647.603,4747.0
32,1995,3.099254437494704,2.5727560602906734,2.992401020616428,-1.2433476696274859,5124229.6141,4471.0
32,1996,3.1224505820691286,2.589905810276537,2.9848216646985546,-1.2398777231583016,5256837.7849,4495.0
32,1997,3.1052856747889903,2.607096358730502,3.0078156333025428,-1.2362438618228222,5504628.209199999,4809.0
32,1998,3.094619536450436,2.5809863915664413,3.0146037651285695,-1.245549229118444,5764325.0474,5045.0
32,1999,3.0654891441610292,2.587063875352499,3.013692498845623,-1.2335125659698871,5982961.5952,5467.0
32,2000,3.0783245744203405,2.589717673449561,2.9968333644126295,-1.2295729182908994,6864683.752299999,5893.0
32,2001,3.103976690450138,2.596917939133956,3.0113234350630687,-1.2400112547569127,6743546.3235,7397.0
32,2002,3.134858824072402,2.5882576420872976,3.008474406571723,-1.2508044973858934,6831068.696,8577.0
32,2003,3.089268839196092,2.6684767872697717,3.0045292034012427,-1.2071982627314506,6755270.4451,8487.0
32,2004,3.096980597465131,2.6648358386696556,3.01092394245674,-1.2144988950306879,7201743.3911,7401.0
32,2005,3.094968978840138,2.673430751624806,3.070013805973165,-1.2275862689882806,7502599.352899999,6465.0
32,2006,3.0940769988037675,2.670551894632431,3.072194383318337,-1.2284964879275007,7893810.3035,6738.0
32,2007,3.1235462782431074,2.6576488723823304,3.041876406534112,-1.231172408830011,8152620.8736000005,6637.0
32,2008,3.1322371340721054,2.666538974996301,3.0243256880262805,-1.2265546212230107,8000340.747699999,6173.0
32,2009,3.133342179664713,2.647322397003373,2.9879675699789123,-1.2205008418116194,7149576.2769,5597.0
32,2010,3.103991400541282,2.6452931843374627,2.9739463949166987,-1.2083984013576916,6770064.5465,5366.0
32,2011,3.088357737493323,2.6448147009590466,2.976166778073842,-1.205657285672858,6750597.6283,5220.0
32,2012,3.0932612989343284,2.6585175895489317,2.9709133792605846,-1.2026328124342438,7046437.618799999,5180.0
32,2013,3.0955275804812623,2.6450137138064367,2.993079434153642,-1.2145705397547522,7171667.0016,4978.0
32,2014,3.1231868924701294,2.648629425970005,2.981223550261154,-1.2167726001681922,7525944.6732,4896.0
32,2015,3.153526934657947,2.648624342706844,2.982364491377954,-1.2276113190060596,7916407.8242999995,4461.0
32,2016,3.1437725846177904,2.6731694299996165,3.0221127272630266,-1.2295082647926234,7980783.857899999,4394.0
32,2017,3.1345336740942065,2.6813178168311547,3.0768778388630227,-1.2383794118139562,8030088.3396,4262.0
32,2018,3.107667532760432,2.70466430807766,3.0773776890853575,-1.2210712692885775,8806083.5691,4506.0
32,2019,3.14530676797646,2.6580654554117014,3.0154837609887397,-1.2311238315170452,9200024.0487,4649.0
32,2020,3.2314753095237476,2.6273606139150942,3.0696706583903506,-1.2849102513030835,7270161.762,3340.0
32,2021,3.202724426137413,2.650797835586243,3.09646984037265,-1.2746696861461397,7878488.5339,3584.0
32,2022,3.1665626319317735,2.655835266749032,3.039626305825016,-1.2452169895617655,8906997.5546,3787.0
32,2023,3.1992249053492543,2.644556895109586,3.0280331171302906,-1.255561414128129,9181840.9897,3647.0
32,2024,3.221878767010776,2.609416543140687,2.979051395766928,-1.2574088099047926,8962502.7295,3869.0
32,2025,3.201769248383989,2.6089193153034214,3.0068873014819077,-1.2593702737908667,8577680.128800001,3443.0
32,2026,3.2106722254146667,2.633446028728375,2.9941379040251848,-1.2470248246047848,1577485.4584,627.0
33,1977,3.134212776865596,2.796978955667423,3.1529090595524725,-1.224921910865833,1033897.8700000001,1557.0
33,1978,3.144889909872718,2.8029218109712417,3.1537403810362923,-1.2279378872465119,2015667.91,2959.0
33,1979,3.1348119356498394,2.8242410763314894,3.1540524603997806,-1.2190895639323323,2269447.5999999996,3098.0
33,1980,3.1654257189256816,2.7573087422243177,3.078153649362484,-1.2265061924023364,2410023.4,5375.0
33,1981,3.1618025630175683,2.8028491192697826,3.1053462108950574,-1.217930413590047,2560630.23,4664.0
33,1982,3.190167440962089,2.7462192173478246,3.0899441052749017,-1.2382291635000728,2477109.64,3984.0
33,1983,3.1986192824192807,2.729389225864667,3.059473592777546,-1.240610926523525,2573545.8600000003,4084.0
33,1984,3.1859856466436236,2.7303173425917593,3.063957317653654,-1.2398536994076124,2818631.7700000005,4035.0
33,1985,3.181626877058598,2.7347071134989402,3.092979099806101,-1.2456383944857998,3105860.23,3921.0
33,1986,3.208404299383119,2.719820974813497,3.091571392246514,-1.2566917482256403,3317765.7199999997,4013.0
33,1987,3.2242531818011955,2.7474171529774205,3.099191734893101,-1.2547746609249577,3433433.3,4168.0
33,1988,3.241039618206751,2.700497594081965,3.046683782728661,-1.2567898015664607,3443259.46,4090.0
33,1989,3.2413327163074257,2.6840047019383304,3.035309143867733,-1.2583850713189035,3466627.14,3952.0
33,1990,3.248006452050178,2.6816773373634035,3.003361592937154,-1.250871725879808,3364631.81,3771.0
33,1991,3.2337885400652775,2.6610917075519587,2.9727718608929465,-1.24427349089031,3215189.41,3366.0
33,1992,3.2201882227005356,2.6550869378622544,2.949760648930128,-1.2341868132865623,3202072.94,3286.0
33,1993,3.230664043119466,2.666494361082322,2.9873481066931538,-1.2478184615386878,3103580.84,3247.0
33,1994,3.2634916992179597,2.660036742024022,2.9895030617070724,-1.2594318195927243,3226991.0190999997,3122.0
33,1995,3.2318959235976847,2.664128020547093,2.9944656818805413,-1.2508619172511226,3363723.8554,3329.0
33,1996,3.2241777355100036,2.6803483282153566,2.9915477140834565,-1.241189524852773,3247649.6640999997,3305.0
33,1997,3.259639462593319,2.66535423604834,2.9720204721322965,-1.2514939186974738,3490066.9078,3515.0
33,1998,3.240230730022417,2.676630258059829,2.981619186765666,-1.2452386500590436,3427671.9232,3615.0
33,1999,3.2562154841762805,2.658882438259198,2.9800528208972183,-1.2527808565803717,3576960.3564999998,3792.0
33,2000,3.2697826502649328,2.6347866813467906,2.9335513394736634,-1.2502750448268694,3834262.3662,3915.0
33,2001,3.2758647069487066,2.6253198914626354,2.9402585731870388,-1.2584027035873444,3908266.1156,6328.0
33,2002,3.26907392354109,2.641265644266862,2.987847116934643,-1.2664543531944228,3765223.3838,6976.0
33,2003,3.2893860674222357,2.639573409564421,2.973125589739026,-1.2682218583460436,3537739.4350000005,6819.0
33,2004,3.273756346790973,2.645448024958649,2.982769396761708,-1.2653745529315596,3675077.441,7242.0
33,2005,3.2962465898223074,2.6384833852147005,2.9660319468169623,-1.268525057461567,3648621.2302,7633.0
33,2006,3.3135672573185304,2.620906010908088,2.9422671814781496,-1.2722076628530945,3725607.5460000006,8107.0
33,2007,3.299297862485343,2.630617514464432,2.9748421683500585,-1.274896093646406,3688854.9554000003,7825.0
33,2008,3.297835761295592,2.6282192069046886,2.9690923673547607,-1.2760238021417734,3619148.0068,7968.0
33,2009,3.310743013608081,2.5928978135770775,2.907485689252615,-1.2690874948865425,3328934.4837,7345.0
33,2010,3.3083543662182575,2.602697904762725,2.9204890486583195,-1.269582286912235,3377787.0796,7195.0
33,2011,3.3054477820962576,2.603261640567404,2.933595285052913,-1.2740514981307978,3386869.6473999997,7153.0
33,2012,3.3216202884451853,2.5907709075490524,2.931937355161294,-1.2815641504724962,3371164.3458,7012.0
33,2013,3.3383855389784745,2.600235445594376,2.929968092076301,-1.2824567378003997,3384493.8947,6906.0
33,2014,3.3191387738258267,2.5990868007915906,2.9400538703695673,-1.281979732012766,3543742.2238000003,6430.0
33,2015,3.3179472453092114,2.599569736532598,2.923014532791673,-1.2745870381152271,3538362.7377000004,4908.0
33,2016,3.3073294987736985,2.628726220995933,2.961346902927089,-1.2723330825693002,3472433.9026,4383.0
33,2017,3.2936876495318144,2.6211802675326097,2.9720048071052623,-1.2758400467641173,3620141.542,4543.0
33,2018,3.3338383067640587,2.625351786935873,2.957955956981013,-1.282041125603277,3812482.0771999997,4642.0
33,2019,3.3515384366056526,2.5944929139629807,2.9341461563858644,-1.2911735255119492,3799552.8290999997,4532.0
33,2020,3.3376146749374724,2.6081753026248156,2.9170044723954964,-1.275056154299629,3539523.435,3770.0
33,2021,3.3551417017211174,2.5951675369658362,2.8823329267626523,-1.2750561985550362,3418523.8504999997,3346.0
33,2022,3.35853651812612,2.580754137137777,2.8900118585449883,-1.282439185431464,3721939.6253,3384.0
33,2023,3.3649027395024302,2.5570152424548174,2.8669661526238115,-1.283102280690196,3904774.1468,3363.0
33,2024,3.3599334729919184,2.5665703682659617,2.884920501467086,-1.2825335241289697,3676716.892,3075.0
33,2025,3.340276732725482,2.5588693438104246,2.9471735684738545,-1.2998787201414996,3356418.5193,2658.0
33,2026,3.406228798871612,2.532204673816396,2.864816175257352,-1.3000788379860782,644318.1409,516.0
34,1976,3.140570859033673,2.7677212493329595,3.0913980930445093,-1.2149088978927705,14694677.850000001,8882.0
34,1977,3.1480393816376764,2.7629161287126847,3.0751502344008763,-1.2130676080681388,15206700.170000002,9054.0
34,1978,3.160905983861288,2.750349567709941,3.0646990980891036,-1.217906504958685,16081869.53,9430.0
34,1979,3.1738443801124956,2.7555086360185443,3.0847895842498767,-1.2255057010647756,16515706.010000002,9389.0
34,1980,3.201823319592474,2.7413772870340125,3.038940430080275,-1.2249084759672828,16934308.549999997,9672.0
34,1981,3.2019681003878744,2.7400181992043664,3.037266138181488,-1.2237370664047833,16791986.610000003,9564.0
34,1982,3.2005423768454517,2.719035743539353,3.0038176186141077,-1.2191366557654122,16320355.32,9240.0
34,1983,3.1934515771096006,2.7217651586410487,3.020907849982764,-1.2244183895771936,16890877.2,9164.0
34,1984,3.2120117955070895,2.700882050480686,2.9917807744664207,-1.22808485977713,17965947.189999998,11010.0
34,1985,3.2121096491551713,2.701652057183885,2.998677133938925,-1.22917331482523,18307007.85,13958.0
34,1986,3.224766397980141,2.683551448963307,2.986081983734944,-1.2345030934317591,19236972.79,15336.0
34,1987,3.22886073124597,2.6777010891614097,2.994718352978557,-1.2409406654128154,19361055.939999998,14858.0
34,1988,3.239253278333056,2.6685673022066303,2.9975239689302793,-1.2474871404108456,19843418.160000004,14902.0
34,1989,3.2440047782374233,2.657059179823579,2.964264061045234,-1.2413794500709652,19623169.71,14613.0
34,1990,3.2372259739292732,2.655142728695228,2.9775407944507637,-1.2441740456607857,19686233.85,15010.0
34,1991,3.2483933138609005,2.6467178429543265,2.953427076796471,-1.2426151634127331,18653424.090000004,14672.0
34,1992,3.246947110163225,2.634422902729871,2.9226428993592983,-1.2370368020648077,18394350.02,14551.0
34,1993,3.2584008103070072,2.619165096452699,2.9011532271397327,-1.238205739338763,18416851.37,14002.0
34,1994,3.264444854767094,2.6368114025685765,2.9265867953498526,-1.2433808894507137,19044530.586,13893.0
34,1995,3.261156597359437,2.623310235685506,2.9181934228376423,-1.2424428752465082,19259289.7524,13585.0
34,1996,3.256621910968814,2.633255208381156,2.934647918373701,-1.24533477073992,19221957.0115,8787.0
34,1997,3.2533101704454617,2.6352484355471644,2.924555197462839,-1.2420544973244891,19437223.947899997,8846.0
34,1998,3.2611184062739316,2.6326267876126965,2.930396968915036,-1.2466371596931307,20388985.886,9157.0
34,1999,3.2630176001068074,2.616732388239548,2.917678674979971,-1.2463785370331235,20891716.8639,9319.0
34,2000,3.258523864432801,2.609901976972914,2.932669454101018,-1.2529241671123472,21492430.907,9290.0
34,2001,3.282296773640179,2.605975854336407,2.9258049021242316,-1.2584187867748704,21673164.3202,9139.0
34,2002,3.280684115334989,2.5865372654338947,2.9389858346749613,-1.2675578603181574,21329754.0525,8660.0
34,2003,3.2802640072357465,2.6108194039524606,2.907370616997584,-1.249505862908258,20701272.66,8544.0
34,2004,3.2580837178476894,2.6221964630639754,2.941192525285019,-1.2490116415408619,20566088.791,7874.0
34,2005,3.2788626359510946,2.6098686985744646,2.9561632860809617,-1.2650026160445185,20879968.849,6904.0
34,2006,3.277961188951465,2.626791613926495,2.941315283171794,-1.2556025507067645,20870697.8459,6751.0
34,2007,3.2919012623273796,2.63135141891261,2.957978335487659,-1.2624282737146104,20492298.0145,6476.0
34,2008,3.2977159927073796,2.6037223529013,2.901865066484798,-1.2571302086853253,20633833.4269,6696.0
34,2009,3.2819956770094993,2.6272094215930606,2.91539211514727,-1.2490827410024767,19444383.826,6349.0
34,2010,3.257736777790851,2.6212936852269144,2.9305534553454415,-1.248479809657451,19466321.781,6299.0
34,2011,3.2675079203667634,2.6073358508551423,2.9579559170500533,-1.2642227142142966,19176239.5084,5976.0
34,2012,3.290907869472539,2.5878536959120777,2.8844881406277025,-1.2543766094755293,19309192.4798,5915.0
34,2013,3.276601695711091,2.580824245201045,2.882818616992655,-1.251572296142424,19708716.1188,5721.0
34,2014,3.2798876301692124,2.5918471862852854,2.9488242362414683,-1.2688135206251476,20408625.1544,6149.0
34,2015,3.3210933337934714,2.579742347856678,2.888968550276135,-1.2652405460951486,20564418.7655,6300.0
34,2016,3.3274306499398363,2.538158557382312,2.849743328789589,-1.2700237766002076,20215992.2387,5977.0
34,2017,3.320090648838674,2.5516757312482468,2.869932525245672,-1.2702056956913363,20328088.070499998,5686.0
34,2018,3.3070100332114496,2.562268990831511,2.899223573881218,-1.2709862438885033,20955042.313100003,5596.0
34,2019,3.3174627197831676,2.550380889795175,2.9076940989612616,-1.2821860461917405,20811052.295599997,5451.0
34,2020,3.3447891967391232,2.5649551676567417,2.8842969642594256,-1.2779396316026708,19281321.285200004,4398.0
34,2021,3.356084889286064,2.5513848260727583,2.8727325492832803,-1.2800283521975349,20127454.6639,4452.0
34,2022,3.3355996686311995,2.5571145043410013,2.8925693881288717,-1.2779399619807847,22066802.9426,4347.0
34,2023,3.3482242114184673,2.5570957527033142,2.8976477144532233,-1.2859273487383756,22176721.0859,4386.0
34,2024,3.3708052664594756,2.539994289962863,2.857006370757706,-1.2834184006899445,22584415.7038,4442.0
34,2025,3.368039537076329,2.5209007441522657,2.8064331192078034,-1.2735957862404779,20336292.450400002,3859.0
34,2026,3.3311122052438167,2.549918356873092,2.8778884670476303,-1.2744889753911537,3438364.5305000003,634.0
35,1977,3.176688018939713,2.6815723115588774,3.169119726459325,-1.280794454143375,1050118.6400000001,1662.0
35,1978,3.2073873840115024,2.689822697088364,3.1365124506944086,-1.2768068802098236,2219765.8600000003,3159.0
35,1979,3.2047249056024114,2.679043567785873,3.1227825407248635,-1.2726563151031338,2382812.05,3319.0
35,1980,3.211550946580056,2.7005343065753835,3.1099836723999266,-1.264374255189819,2444236.93,4835.0
35,1981,3.1955950187716016,2.7129774925901904,3.118544558643911,-1.2568914049399709,2589291.28,4121.0
35,1982,3.214270559070998,2.6664952523532492,3.025919579041234,-1.248059781604615,2503210.58,3602.0
35,1983,3.1860629479437974,2.6624326441644186,3.1133388746451205,-1.2726707353952613,2664754.55,3893.0
35,1984,3.187098815968482,2.6581438990050907,3.1188296287859085,-1.2773039371579569,2785260.8,3889.0
35,1985,3.2104098855749985,2.6557101840747994,3.1640741914510144,-1.2983823153385876,2798830.7399999998,3659.0
35,1986,3.2128764767915508,2.627317600913555,3.0877569131482607,-1.2854061581706244,2892975.91,3535.0
35,1987,3.218801798168763,2.6169076864778082,3.067322814727159,-1.284523502145959,3033431.3300000005,3703.0
35,1988,3.198878478835455,2.6283083751614016,3.084845724663734,-1.281548931883965,3277252.4,3855.0
35,1989,3.182467266865304,2.665421068681236,3.1016847570187056,-1.2686758409688057,3242398.84,3917.0
35,1990,3.183655528785989,2.670479053195912,3.120267062951897,-1.2728145718677393,3388692.67,3961.0
35,1991,3.202630131501205,2.637214867607769,3.09737266913443,-1.2827636805880795,3409954.79,3722.0
35,1992,3.189821339585835,2.6476643651146152,3.0720786992195146,-1.2649529360612204,3540648.0300000003,3605.0
35,1993,3.2343786017612217,2.6042144557054105,2.9998512215330626,-1.271461014717492,3575057.3499999996,3450.0
35,1994,3.2039807905704785,2.62989175979147,3.0341625951227913,-1.2641280596207058,3738071.7561,3587.0
35,1995,3.220391308744892,2.6456569124014013,3.072368261135865,-1.2763951958245332,3743046.1100000003,3736.0
35,1996,3.2446743303921637,2.6304733968584584,3.0846768134154043,-1.293003750519343,3792965.4284999995,3834.0
35,1997,3.245027368975972,2.5926224343748587,3.0424644728756403,-1.292628135989712,3805291.0984000005,3858.0
35,1998,3.242965209228605,2.6297488308242456,3.0588885479265806,-1.2834377161772754,4072685.0942,4081.0
35,1999,3.2609101037954447,2.6340914885814035,3.0359070128709553,-1.2806041901059768,3839713.1655,3920.0
35,2000,3.2317509788391607,2.6364682307288865,3.062777029112089,-1.2794663713862853,3877206.2381999996,3700.0
35,2001,3.250480520525909,2.61948118622522,3.056083268969397,-1.290703143112524,4155001.2794999997,3749.0
35,2002,3.232709280864182,2.595979661822024,3.0610362753931275,-1.2942205908156275,4118511.8236,3693.0
35,2003,3.207592891896127,2.644096169476956,3.0920475716109714,-1.2791608076859118,3973580.666,3450.0
35,2004,3.2539703824804875,2.626026392718369,3.0617244886635158,-1.2898964898200098,4241971.0472,3445.0
35,2005,3.282787885452984,2.6537987040481754,3.069576058127131,-1.2879635385862624,4532091.1311,3146.0
35,2006,3.2751313287780492,2.648190484935248,3.0791577403149577,-1.2928030566931563,4588050.2374,3156.0
35,2007,3.284134444027411,2.6350395419954737,3.024542500739175,-1.2838742496044635,4874973.8083,3220.0
35,2008,3.2512123730675695,2.6429362357657626,3.021618022454923,-1.2695246017997868,4675989.1774,2868.0
35,2009,3.2239012019368243,2.648064082753805,3.039514216932246,-1.2681136572775022,4346586.7687,2592.0
35,2010,3.263836523876182,2.651359177049984,3.022187301706035,-1.2718606631255212,4095997.0663,2348.0
35,2011,3.3365030275808163,2.5964025474964822,2.984401316361679,-1.3012704419314818,4028687.4092000006,2230.0
35,2012,3.3483598472791436,2.562764769507154,2.9233276342307097,-1.2949936153390516,4108565.5755000003,2202.0
35,2013,3.307305846572316,2.5759033708452055,2.8972322578958667,-1.267380918389398,3932684.8106,2129.0
35,2014,3.265002321616614,2.632225524134077,2.9715316591068124,-1.2585121270237867,3952667.9884,2858.0
35,2015,3.258647397027349,2.608327517123617,3.004140956402938,-1.2784253506500278,3895286.5507000005,4198.0
35,2016,3.2765108970358976,2.584569721003713,3.026594254815426,-1.3009065125174488,3977729.627,4634.0
35,2017,3.2819699681002223,2.5926222341247898,3.033545989987004,-1.3015094216615999,4065027.9051,4456.0
35,2018,3.2673392339252327,2.6192135977906417,3.052835082313922,-1.29314162718726,4166803.2534,4122.0
35,2019,3.2604397086822114,2.6112700458317017,3.023819605956934,-1.28530627609228,4337439.0051,4183.0
35,2020,3.312086796173762,2.599111430997034,3.0156697564147725,-1.2979742120229834,3836636.0656000003,3271.0
35,2021,3.2921112688639873,2.60964730048184,3.0456527910817317,-1.3011505193237944,3910793.3328000004,3298.0
35,2022,3.3228296845302387,2.5922314619670503,3.0270669928286855,-1.3093336075293818,4395276.881200001,3527.0
35,2023,3.3451747346453535,2.5675891007267615,2.950622107874259,-1.3014215635780433,4168366.3804,3125.0
35,2024,3.3298233596905775,2.5828073034566343,2.9556067323649384,-1.2922894983211777,4293670.686000001,3146.0
35,2025,3.316374317354403,2.598582693998721,3.0169889210561127,-1.300469362337841,3852015.9529999997,3014.0
35,2026,3.3574092189815126,2.5853580900574946,2.9589557652889833,-1.3006472740089539,650616.648,587.0
36,1976,3.142342459308438,2.7307042425954067,3.0349112897183237,-1.211032108859686,32438154.169999998,19620.0
36,1977,3.146412858925547,2.736231501824064,3.0241401558227476,-1.2055342611091773,34269889.37,20295.0
36,1978,3.1514076490429503,2.7374503157944194,3.0340151042554186,-1.210011881212674,36809797.5,20009.0
36,1979,3.1547022006994005,2.7377783445278037,3.033944595462689,-1.2101364878250613,37299975.550000004,20662.0
36,1980,3.151303255406464,2.74314033857926,3.0207745260081036,-1.2033093819840586,37155699.68,20451.0
36,1981,3.1694631944477925,2.7282667563926255,3.012848538176069,-1.2116804232300022,37119449.510000005,20031.0
36,1982,3.18509586667117,2.7013055784694484,2.998778456960741,-1.2207818682977205,36114451.2,19307.0
36,1983,3.179348950256996,2.694689904642982,3.0076712312870146,-1.2251418063262278,36285301.81,18866.0
36,1984,3.1946942612840643,2.6860062233481043,3.002823032904005,-1.2314732263748271,37033495.64,19718.0
36,1985,3.202449366182922,2.6757422128304555,2.988675920668576,-1.2328975153617563,38674397.56,22496.0
36,1986,3.2012143398307606,2.6702185429996743,2.990314929176046,-1.235014232152236,39330526.61,22763.0
36,1987,3.2074388005422065,2.6714621945461507,2.9906470858567573,-1.2359769306680533,40028873.18,22520.0
36,1988,3.223128125550754,2.6521650115666247,2.993805637131993,-1.2477940048037008,40539470.730000004,16664.0
36,1989,3.2236978948223434,2.6498633290776046,2.9935073199568216,-1.2495334036081487,40231365.89,18721.0
36,1990,3.2155463164219222,2.6567348352590514,2.9996157245569415,-1.246207786318579,40368001.879999995,23123.0
36,1991,3.2239755837559563,2.646170439366931,2.9963323924716097,-1.2504714248589501,38854466.73,21940.0
36,1992,3.21431861236468,2.6438057318679355,2.9777218252456135,-1.2431425086543832,38024664.75,21077.0
36,1993,3.2073652205098293,2.646068963524831,2.972269647070654,-1.2385743821823494,37713803.849999994,20479.0
36,1994,3.208147960102294,2.640398087248679,2.961190299228832,-1.2382029046538336,38065205.607200004,19760.0
36,1995,3.2253036079254507,2.6282212805607816,2.947284069110173,-1.2427697637583834,37495650.540699996,18578.0
36,1996,3.227675129162062,2.622168947915459,2.942118365168935,-1.2438890473369417,38326211.0958,16171.0
36,1997,3.2214290663735734,2.6278178990422805,2.974214993172426,-1.2498518111130967,39087487.00389999,16536.0
36,1998,3.2231207138705855,2.6222262451566527,2.976435560556491,-1.2529883938224735,40042772.1933,16911.0
36,1999,3.2325595026391754,2.621012610745299,2.9669593650106263,-1.254125762799402,40756576.46880001,16849.0
36,2000,3.238988941116715,2.621189289680065,2.9790769370870116,-1.2603133043340733,43609790.8064,17477.0
36,2001,3.240170431775934,2.608734033765171,2.988628439086673,-1.2685304474911119,43260473.358500004,16926.0
36,2002,3.2326750688501016,2.6184241164706634,2.9833710101947117,-1.2602049650212508,42350444.7772,16119.0
36,2003,3.254888674092503,2.6061074431109,2.9456974742462356,-1.2598520215977886,42634435.107099995,15012.0
36,2004,3.236678393069308,2.6152123658049984,2.9721783074693446,-1.2593349888827894,41628951.9338,13666.0
36,2005,3.2220065270032494,2.6175164217781535,3.0165845250678767,-1.2689288715256943,40579071.137099996,12673.0
36,2006,3.2509927643265435,2.6094286411046923,2.9890569977888206,-1.2713739313743468,42250271.49170001,12791.0
36,2007,3.238825667480847,2.6043407827366645,2.9994324313548164,-1.2730617785279985,43080756.0352,12509.0
36,2008,3.2475793198856953,2.5993537061105485,2.9696470059259448,-1.2677731407394794,43552033.458399996,12708.0
36,2009,3.24542404350063,2.584090258528657,2.989951012213383,-1.2777620086157087,42012304.54979999,12377.0
36,2010,3.254118906768224,2.5724582214222367,2.933170688149314,-1.267040842084409,40076180.1881,11810.0
36,2011,3.2667894471939523,2.551947727532465,2.9168784538281605,-1.2707616935802795,39672590.486,11729.0
36,2012,3.2745424495922744,2.567109433843799,2.9165703890108303,-1.269007289953578,40808814.4891,11898.0
36,2013,3.279876975073691,2.5569870910663117,2.912488891499723,-1.270803125944477,40781298.1857,11326.0
36,2014,3.2967227030491064,2.560753157705111,2.9070420954057363,-1.2748823077992468,41892771.551599994,11552.0
36,2015,3.283071781954788,2.561660300948181,2.9277410197876512,-1.2761531313065653,43297074.36579999,11563.0
36,2016,3.2970800803332825,2.563877074875766,2.9098846846058843,-1.2751112070091843,42624251.312199995,11156.0
36,2017,3.2999171318638156,2.5536086765439467,2.926446350841977,-1.2854422081999743,43209731.3965,11155.0
36,2018,3.3024371688805276,2.5400646268510467,2.9256092725763443,-1.2885678376560685,43800563.9585,10791.0
36,2019,3.3115287307761165,2.5523300782971843,2.9113453580224498,-1.2794240419041407,43412789.552499995,10697.0
36,2020,3.3537167963824563,2.536045203445015,2.881264859684297,-1.2906786649392303,37936756.8614,8142.0
36,2021,3.3240886698108634,2.5226679085683537,2.8808940753977796,-1.2861697100499148,39415688.0161,7854.0
36,2022,3.3446740005784945,2.5263445904747837,2.892703923261161,-1.294920607542599,42937605.5942,8266.0
36,2023,3.3305160353729026,2.5318469841176134,2.8919614102577773,-1.28808996481842,43718933.0093,8123.0
36,2024,3.3290365062117333,2.5261932425369027,2.9060173159192257,-1.2935344928327286,42877049.2585,7962.0
36,2025,3.3539447754620864,2.531393684159822,2.871575656783731,-1.2881104341273513,41793123.4986,7279.0
36,2026,3.336834110322143,2.554953279766812,2.8946599009757907,-1.2870921591295084,7419939.1896,1220.0
37,1976,3.1204778478943203,2.7685703465376816,3.205369670458204,-1.2456361393487343,26419481.970000003,16050.0
37,1977,3.1084758216345327,2.780627319710169,3.2295756276223666,-1.2458104851898288,18835733.67,11142.0
37,1978,3.0786228188026326,2.8085140869398435,3.2820761214655736,-1.2437741105511964,11237264.620000003,6254.0
37,1979,3.069839656485876,2.8252377503350217,3.250443480847664,-1.2269789582150337,11587840.0,6462.0
37,1980,3.097737169194837,2.7893033454491545,3.1916594970886134,-1.2297640660465596,11376016.52,6202.0
37,1981,3.10574261645381,2.791086275160385,3.1822874500252305,-1.226101056890222,11459987.860000001,5846.0
37,1982,3.1079317787127025,2.7756270684689044,3.163053458645568,-1.2255337023028723,11687185.450000001,5605.0
37,1983,3.0777340056870512,2.766792403678341,3.18328326213327,-1.2310373063155762,12054101.719999999,5891.0
37,1984,3.091221736772098,2.7770421384516784,3.2070303606827593,-1.2391320660632152,13103855.39,7097.0
37,1985,3.114184347931324,2.7322712390690658,3.1525233010448472,-1.243189481304687,14136952.750000002,12429.0
37,1986,3.126255737797923,2.7287084230723893,3.157689357158699,-1.2493720127584906,14610619.0,13910.0
37,1987,3.118384814233526,2.7423108878828173,3.174739257522604,-1.2481353259072445,15245253.47,14389.0
37,1988,3.12374569919166,2.737743387775462,3.182811659904473,-1.2535349952788053,15419620.200000001,14483.0
37,1989,3.1365840166536763,2.726700765274084,3.16324478796824,-1.254716450676107,15857994.089999998,14884.0
37,1990,3.1294568038394104,2.7250375522436907,3.1848462784485148,-1.2602855157676789,15996110.07,14770.0
37,1991,3.1315746678912557,2.716308813578245,3.147573411072693,-1.252179812702161,15888621.120000001,14214.0
37,1992,3.1276729567170545,2.725176631934221,3.140695697474621,-1.245546849377627,15761047.620000001,13806.0
37,1993,3.136322733768256,2.7189389216182023,3.1417976372742853,-1.250525238205013,15892901.76,13533.0
37,1994,3.157978982671194,2.7178385955095106,3.1229632230783686,-1.250967286245352,16744249.415200002,13442.0
37,1995,3.1635026989129678,2.7210465127018373,3.121071619935973,-1.25158195657881,17175301.1,12923.0
37,1996,3.1453217407918697,2.7338769192177725,3.176924672612833,-1.2581939351919722,18008759.0759,7778.0
37,1997,3.1482865360098136,2.725996486946527,3.1689706606171058,-1.2586641813279749,18555038.0942,7945.0
37,1998,3.1717101161515737,2.7049337434622927,3.1173622533165197,-1.257385644918781,17745252.8624,7489.0
37,1999,3.1687637323802953,2.6881876239676155,3.11015389318764,-1.2607305631189436,18836843.5837,7828.0
37,2000,3.183913404475636,2.6757731858203693,3.13042220540476,-1.2746673727472273,20838123.4019,8078.0
37,2001,3.172125133614922,2.6833870166101557,3.159154811431122,-1.2773352410223577,19923010.7812,7377.0
37,2002,3.1847530916260163,2.670595264497526,3.1264291112518516,-1.2769998323275893,19078797.6946,6902.0
37,2003,3.1902962284181626,2.674826514477242,3.1262151111635594,-1.276679249352708,19507843.5067,6918.0
37,2004,3.2070533822303218,2.6813219830504447,3.1245029403791924,-1.2768552123309944,19390248.474600002,6760.0
37,2005,3.2243582643151387,2.6672472833077605,3.134540492714032,-1.2902002350266273,20600335.7567,6622.0
37,2006,3.216294338380281,2.6779298065239114,3.1545702578418773,-1.2918558191003933,21198582.779099997,6442.0
37,2007,3.2375201224862593,2.643495570715702,3.0770782846668396,-1.2868388879609731,21273391.9086,6276.0
37,2008,3.2397618939989594,2.6474848399476985,3.097252514110354,-1.2889299731242905,20707067.2248,6127.0
37,2009,3.2552045518917208,2.635166857526499,3.051319584228533,-1.2811315164935337,18427134.846499998,5396.0
37,2010,3.242206599501013,2.626786636923488,3.040301751872,-1.2806090722411148,18349653.8046,5287.0
37,2011,3.255712142593384,2.6140349012954247,3.0539392053281254,-1.2932082211317901,18879831.3194,5223.0
37,2012,3.259876927174001,2.6361813461819126,3.0036103861480323,-1.2707113735347506,20485631.205399998,5627.0
37,2013,3.249530359545425,2.6439176783117095,3.0581017790594918,-1.2803022587964992,19330012.547700003,5358.0
37,2014,3.2341909362123995,2.6373213559106174,3.0568852302205896,-1.2782846610376264,20489441.595799997,5816.0
37,2015,3.2414102015754276,2.6266270036054444,3.0548891119303447,-1.2828550957043734,21305468.8268,6237.0
37,2016,3.273020856141234,2.615074980248118,3.029747495190562,-1.2897078238078625,21644731.4703,6212.0
37,2017,3.2757857327892914,2.6044985760229697,3.0165493637145477,-1.289910479626236,21749323.649,6122.0
37,2018,3.2917782533674385,2.6050423986442204,3.020235521540384,-1.2968136568155175,23322069.8856,6230.0
37,2019,3.2608552232418093,2.6229420798531984,3.075442457435009,-1.2970565258714144,22799605.7347,5891.0
37,2020,3.2793743140906706,2.609024416578103,3.0543343507661755,-1.2991982409050982,21449424.059299998,4723.0
37,2021,3.295952906926612,2.6110990408416574,3.0331412692909785,-1.296855320707328,23227002.1775,5623.0
37,2022,3.2882055235262855,2.606292268636409,3.0120520140869558,-1.28952859416844,24689809.610299997,5737.0
37,2023,3.3065279131886514,2.6227447105220576,3.0356797071105905,-1.2978155179651634,24761133.3893,5682.0
37,2024,3.319551333575785,2.606280693686064,2.9976346387497936,-1.2907746660269857,26461316.174000002,5680.0
37,2025,3.3405286611349094,2.592704526893676,2.975353594296503,-1.2966797840924393,23468572.723300003,4512.0
37,2026,3.317961020212973,2.603822573261053,3.0039105224027707,-1.294711674895628,4086304.2015999993,755.0
38,1977,3.1533396098473947,2.6736534322726637,3.2036376028222926,-1.2844736464778872,545139.48,1543.0
38,1978,3.1436158123882483,2.681636268848201,3.1920568032166,-1.276070010768404,1086088.8399999999,3023.0
38,1979,3.137876643358989,2.6545580100808457,3.181306810779856,-1.2795397535109998,1086427.27,3034.0
38,1980,3.1291517566419813,2.6689609295232524,3.2174639453838734,-1.2825334080459585,1121298.54,4568.0
38,1981,3.144595805411029,2.6690400367229627,3.1885042555373055,-1.2781563320544056,1105426.05,3854.0
38,1982,3.131856940102359,2.65519129207869,3.1229172648479726,-1.259534403213179,1023998.9,3395.0
38,1983,3.1152849552934816,2.6290039690404474,3.1287874739921344,-1.2681374475350997,1114673.19,3505.0
38,1984,3.09229962394624,2.6317938770354425,3.157145088077682,-1.2709660562416998,1229447.56,3649.0
38,1985,3.100252115772939,2.6230843091980933,3.154302849410714,-1.2762460417154482,1272569.72,3908.0
38,1986,3.1032139967321855,2.60038439193079,3.095400055100897,-1.267831380260085,1187719.81,3620.0
38,1987,3.1096280549416973,2.5876645071977866,3.07570708586423,-1.2666281669779458,1204328.93,3817.0
38,1988,3.130985332685669,2.5934580204046007,3.066975368569961,-1.2649631368430512,1201770.0699999998,3796.0
38,1989,3.1097769772896378,2.614260069024434,3.0884676429861013,-1.2598379336076273,1157839.45,3612.0
38,1990,3.123144745462683,2.605223968833679,3.0745585214587283,-1.2634397368266075,1181360.19,3709.0
38,1991,3.151002270796973,2.6210468762099874,3.086771452483153,-1.2706806114116225,1149889.76,3656.0
38,1992,3.1345058044375986,2.609162824676162,3.0494022336396878,-1.2570777820468133,1171079.08,3630.0
38,1993,3.1078953480990723,2.6148978269092837,3.03613613101602,-1.243459561313639,1160602.63,3566.0
38,1994,3.1219562399138394,2.619590981248291,3.088378870172816,-1.2621482322102764,1276068.7144999998,3722.0
38,1995,3.1315056732626427,2.621041623759563,3.0816884646769136,-1.2621094714505492,1369438.391,3601.0
38,1996,3.14674050792145,2.6244274262810596,3.0846291831742123,-1.2641071631353784,1382240.4501,3470.0
38,1997,3.1443047215404425,2.6334321824105382,3.085229311495172,-1.2610158922664978,1420363.083,3489.0
38,1998,3.1498796684366677,2.6466859849092454,3.108002941396285,-1.266352494642575,1408704.4519,3529.0
38,1999,3.1592114874205532,2.6334770864137718,3.1249666520819925,-1.2774439450401949,1438471.5098,3648.0
38,2000,3.1657850109289494,2.6588798552609814,3.0955326647890087,-1.2626755628450155,1507614.4824,3756.0
38,2001,3.1619305225964336,2.6501586511020765,3.0855750170170535,-1.2622887878461588,1532906.4786999999,4515.0
38,2002,3.1640430532207957,2.6425150198717704,3.081763498994893,-1.2659971789580189,1529657.66,4599.0
38,2003,3.1740216646249277,2.6648691581300286,3.11007545714051,-1.270140686274475,1415985.7529,4215.0
38,2004,3.173071391234664,2.6590992019622917,3.122745644803318,-1.2759162060076763,1516692.8882,4442.0
38,2005,3.2017623959539776,2.6471571795003848,3.0605835150103085,-1.2650109639659373,1529781.5614999998,4050.0
38,2006,3.206934182316195,2.6630435180994825,3.0582437610622004,-1.2601596954274912,1561462.1272999998,4153.0
38,2007,3.200088614437362,2.682196653971059,3.0747941964791914,-1.2584556094206547,1602914.0611,4177.0
38,2008,3.1907606452886816,2.6727286658569938,3.096588639804244,-1.2646307152582572,1537230.2458,3932.0
38,2009,3.186729198042579,2.6543402123100046,3.0812915661967177,-1.2669733980049032,1524401.5886000001,3890.0
38,2010,3.1930873145676446,2.6777657155423245,3.1200461002125777,-1.2715594701734496,1599757.3989,4176.0
38,2011,3.2244339513868026,2.6588791477036535,3.0497928739436904,-1.2678583968668535,1640374.9508,4097.0
38,2012,3.225503046119292,2.659505574378229,3.067673099414064,-1.2731409912478662,1711173.4567,4137.0
38,2013,3.2175483702572465,2.657097683323356,3.0718663409925138,-1.2728302874754722,1769766.6766000001,4212.0
38,2014,3.223550122252112,2.644938117864758,3.0771151412212565,-1.2793659900925338,1846515.8113000002,4523.0
38,2015,3.1940836949134956,2.6458559546470455,3.102204043308808,-1.277332514080762,1898670.6671,4822.0
38,2016,3.2077024621707912,2.637298485872093,3.1025861441081575,-1.2840855656584058,1966057.3353,4911.0
38,2017,3.2185231809190062,2.6543570389479725,3.1104125114717323,-1.2825276691881922,1960586.4441,4805.0
38,2018,3.232715075065081,2.642416536704825,3.049647748087626,-1.2735832199622314,1877624.6420999998,4447.0
38,2019,3.232284383186527,2.6438667973176804,3.0509649215923655,-1.2747753368025643,1915596.5384,4500.0
38,2020,3.245197076370044,2.6498633411420784,3.0577267586348267,-1.2759299144903251,1791439.0771999997,4069.0
38,2021,3.217269260815377,2.6694693342219127,3.1235613092530436,-1.2842078387640135,1745152.2079,3936.0
38,2022,3.2531110651034663,2.6579864256026062,3.0715843054444045,-1.2799206263154705,1786413.6763,3632.0
38,2023,3.2635671657887615,2.642279837638036,3.096082708393908,-1.2979133901808397,1888477.2733,3411.0
38,2024,3.249451770513202,2.647284220781854,3.0873556638484523,-1.2879015076374074,1905832.0622,3359.0
38,2025,3.2772212855049245,2.6329355294007106,3.059539984218083,-1.2909336241507505,1785041.0237999998,3106.0
38,2026,3.2589183933537136,2.5773394928000233,3.005228022203473,-1.2882117190955902,305152.598,510.0
39,1976,3.081215628432613,2.8862554571833368,3.208215913374282,-1.1991372478988058,24880687.01,15422.0
39,1977,3.083330137937076,2.863546560514768,3.196875404815575,-1.2047630520595358,25741142.509999998,15716.0
39,1978,3.085887128654292,2.868927847490494,3.2078319002755027,-1.2070046283531368,25669384.44,15287.0
39,1979,3.0906022646869458,2.8659197300741264,3.2046671294973734,-1.2074269819615024,26518744.26,15423.0
39,1980,3.1169362204984283,2.8415786113298998,3.163331063364596,-1.209492447801894,25818274.410000004,14627.0
39,1981,3.125642433126882,2.843784319962197,3.1541699326108303,-1.209471120060219,25318982.92,14107.0
39,1982,3.1438335886689166,2.8040557921320532,3.097808604402444,-1.2086559026617387,23709056.34,13255.0
39,1983,3.1372241871058515,2.798741251907954,3.1217849077885393,-1.2193206811822441,23360840.950000003,12889.0
39,1984,3.1125380425491387,2.8277447994498734,3.1476379013561835,-1.2096971538895547,24368621.04,13694.0
39,1985,3.1212895024832896,2.7994714321469107,3.1356634256245925,-1.2192648577726122,24490541.36,14440.0
39,1986,3.1252914479665965,2.7963716699569523,3.133521267321444,-1.220620401706638,24802298.5,14810.0
39,1987,3.121086188218536,2.801563255154713,3.1484577505139657,-1.2216065758443162,25417957.049999997,15236.0
39,1988,3.1353839892329676,2.778412264511234,3.133106245545775,-1.2274808100406471,26669032.42,15792.0
39,1989,3.145239494414685,2.7827539811893063,3.1307490908852165,-1.2280781626254411,27187523.92,16233.0
39,1990,3.1454862825306553,2.7713226602197376,3.1332270596209355,-1.2322273725555912,27243809.300000004,16544.0
39,1991,3.151195573605069,2.759665332234301,3.0944300607960695,-1.224805679782573,26461648.970000003,15841.0
39,1992,3.1432395313234633,2.7686973332601017,3.110239236574411,-1.2253858260431496,27053367.36,16314.0
39,1993,3.14811928409034,2.778515433219975,3.1330045181540984,-1.2308501239358303,27337032.96,16070.0
39,1994,3.160655045525243,2.779793300341578,3.1102582801116254,-1.2273956468098077,27296425.9247,15084.0
39,1995,3.157168315928371,2.756217060759044,3.0937033498991133,-1.2289723489579105,28110485.4147,15065.0
39,1996,3.157661729688575,2.7412939907305174,3.095218867874163,-1.235500768491045,27956170.402599998,11579.0
39,1997,3.1758542184358483,2.7393383079509013,3.075236610479193,-1.2337702829520258,28962460.5106,11833.0
39,1998,3.165113456427994,2.7472143861422,3.096331072283215,-1.233920118049728,28695647.1324,11648.0
39,1999,3.1938436469462133,2.7326858604411477,3.0859320563445714,-1.2445218342118665,29772344.433,12274.0
39,2000,3.2004480367971113,2.7129889165228462,3.0610850226877444,-1.2455936764634328,29936539.209700003,12318.0
39,2001,3.2027264037684087,2.710115280830345,3.0588064739661647,-1.2450999597101955,29559056.137500003,11872.0
39,2002,3.1975340044019656,2.7068343616211665,3.0711761943561893,-1.2488406809767287,28648519.585,11173.0
39,2003,3.1920276617103167,2.7153808575242917,3.061314902812637,-1.2428851379440993,27009227.274400003,10402.0
39,2004,3.1841105668172727,2.7142622314065936,3.0764386750962216,-1.2469280653241448,27422245.534499995,9911.0
39,2005,3.1763837991087347,2.7494592759403176,3.1181653969722682,-1.2440013984894747,27204611.5322,9450.0
39,2006,3.1872898996044365,2.7549702373894367,3.1270323835914495,-1.2478309775138317,28019576.760999996,9287.0
39,2007,3.1973265072498442,2.7257759101965586,3.1014285968826965,-1.2536488121955207,27922136.159999996,9099.0
39,2008,3.2066397120355954,2.7233030171998154,3.0764855750650137,-1.2473186544086925,26787362.876100004,8698.0
39,2009,3.2243146389489947,2.681970617191068,3.0261717789467055,-1.2513185150759083,24509923.534,8171.0
39,2010,3.2066183497699643,2.6939458996996555,3.058554575870717,-1.253965183905535,24622742.8439,8095.0
39,2011,3.208089711082107,2.715243390875766,3.065097663859378,-1.2507529386292158,24763261.4173,7850.0
39,2012,3.240942518126896,2.7092211318322796,3.0573785514824845,-1.2595406177587993,24734392.306199998,7675.0
39,2013,3.2272328135109416,2.709675993500855,3.0748816419659657,-1.2588377954702246,24955352.7253,7853.0
39,2014,3.2241183848078747,2.698559433123387,3.0589418268625153,-1.2552414358239865,25567215.975199997,7967.0
39,2015,3.226674479952895,2.696198219290328,3.0444127269571775,-1.2522269696869968,25410199.2464,7483.0
39,2016,3.2474862846905093,2.7018476148429964,3.039457982674047,-1.255957998956473,25915979.9521,7626.0
39,2017,3.249030791580623,2.688287593156239,3.03576069398873,-1.2607687322812193,26028521.079399996,7416.0
39,2018,3.2761005148809135,2.6740226141079213,2.9939416898553914,-1.2593447228333638,26045626.559100002,6983.0
39,2019,3.26247639843334,2.685553220370338,2.9788498927709086,-1.2436235411789534,27054522.915299997,6768.0
39,2020,3.2762583872707935,2.665084524919801,2.9819169240623546,-1.2570272290293782,24363725.585600004,5534.0
39,2021,3.2752360478042037,2.6617410760458644,2.998730394109037,-1.262911851317221,25936097.279600002,5790.0
39,2022,3.271714645118621,2.660528472379922,2.9971538126556463,-1.2648910199183747,27474500.500099998,5604.0
39,2023,3.2884743539526546,2.6425309889802646,2.971190461048973,-1.2640309127120777,27765722.2086,5603.0
39,2024,3.292567326755379,2.625362916229358,2.9908129103176297,-1.2756033114212357,27430216.3604,5764.0
39,2025,3.296025710566587,2.622418787289419,2.9670344622990394,-1.2706276642162413,25539174.1489,5010.0
39,2026,3.279365581117838,2.6370683106750206,2.959596884589103,-1.2600427810226564,4958140.6244,907.0
40,1976,3.0933419503598363,2.8063844370300206,3.266036303416784,-1.2445901348810227,8864011.079999998,5375.0
40,1977,3.1229794649790437,2.772569411528484,3.1677799743491026,-1.2332997669729824,7785886.1899999995,4522.0
40,1978,3.181549414157623,2.752830930354583,3.126044461180172,-1.2440135210646603,6281365.12,3349.0
40,1979,3.1877558789015317,2.7452788786154705,3.1092732396464626,-1.2414234316256076,6456731.29,3289.0
40,1980,3.154958332914596,2.7678821815742225,3.1416696086893863,-1.2330112498511108,6315989.01,5678.0
40,1981,3.15562571103786,2.775914013077745,3.1329979524672993,-1.2267880565666844,7295444.03,5694.0
40,1982,3.182084902836508,2.749770212857932,3.098096549558715,-1.2311842345708535,7012597.399999999,4991.0
40,1983,3.1593062430577916,2.7376446715991576,3.1105647558746035,-1.2351131470532812,7089000.29,5203.0
40,1984,3.1644123866048157,2.7252901086276733,3.09574411022029,-1.2383964153443359,7652581.33,5337.0
40,1985,3.1829814848284697,2.6937575100684024,3.060703107863917,-1.2421115352562206,7534959.49,4834.0
40,1986,3.1664274734235285,2.686882732219882,3.064920364348564,-1.2403780789647942,7435314.390000001,4319.0
40,1987,3.162639720354482,2.7044945470856057,3.0633546876169193,-1.2329807709037275,7663684.590000001,4083.0
40,1988,3.172014585230446,2.7150452864363688,3.0909824202948335,-1.242531233899712,7118893.53,3865.0
40,1989,3.1868953259824893,2.6720303282077373,3.0397188297863678,-1.2464823548183641,7304937.959999999,4004.0
40,1990,3.1776090745497942,2.6834377462869248,3.055380269758858,-1.2440901218773637,7401185.539999999,4222.0
40,1991,3.1787380204409534,2.6938062884795295,3.0750886349414377,-1.2464849144841579,6931671.25,3857.0
40,1992,3.163320335419803,2.708115066156552,3.112110134845139,-1.249915171550918,7182736.0,4011.0
40,1993,3.1765928295352532,2.6863427984170616,3.11025540176123,-1.2600072703730556,7381799.209999999,4245.0
40,1994,3.157399482941533,2.6906570088125967,3.0382101860462707,-1.2291949236034136,7411857.504899999,4241.0
40,1995,3.192587039265205,2.6683082829074642,3.0289598795302815,-1.2472663688232943,7314636.7248,4211.0
40,1996,3.19509511570749,2.673888089628906,3.081648976652604,-1.2624817514176878,7427936.368100001,4207.0
40,1997,3.198111595667004,2.701194199967018,3.0965392878939246,-1.2573834174783416,7862393.533,4427.0
40,1998,3.166097940543837,2.7162372838375966,3.115111949484315,-1.2471435675914149,8022493.1998,4471.0
40,1999,3.1905785007766916,2.6986614364991772,3.075087401577377,-1.2473928672871823,7881861.7153,4259.0
40,2000,3.1830197701671317,2.6909380470522035,3.0983801478819655,-1.2564035603135573,8103366.9245,4342.0
40,2001,3.20077882313569,2.6817103586270963,3.1023606901178558,-1.2669021181927513,8321440.363399999,4515.0
40,2002,3.2004344820900115,2.6875014357799594,3.0960423276120523,-1.2619025632166774,7947203.2639999995,4320.0
40,2003,3.211242283350177,2.679085578393289,3.073171371851041,-1.2636286487760418,7870237.8817,3978.0
40,2004,3.1976066165038506,2.6757823670204033,3.108721481828783,-1.2706800207385551,7935923.5679,3667.0
40,2005,3.220200331244732,2.692920088835976,3.1068437852169883,-1.269765758924001,8046120.824100001,3681.0
40,2006,3.2053916841796144,2.679801427194694,3.115763049072101,-1.2733993013053762,8198023.8913,3805.0
40,2007,3.2111013505725223,2.706053444936361,3.115701804413831,-1.267256319454211,7802208.7406,3611.0
40,2008,3.2258662300600465,2.694565451145879,3.134569886281661,-1.281601626040703,8227751.079500001,3642.0
40,2009,3.225869882628757,2.670212240279381,3.0475868542484172,-1.2610125000488688,8455592.5521,3831.0
40,2010,3.2295762387181095,2.663829320747459,3.0616686006733276,-1.2695647235768548,7675257.852300001,3495.0
40,2011,3.239192530072734,2.70059884201221,3.0961146813045377,-1.2704663610360507,8092290.3013,3460.0
40,2012,3.2362119226815094,2.682081349529069,3.0766342066901147,-1.270444263708826,8316941.386399999,3359.0
40,2013,3.211825208204387,2.6907569855871,3.098017401790896,-1.2653286237849124,8379411.2027,3351.0
40,2014,3.2056869690011087,2.714297544619085,3.1534923988168764,-1.2727165399190743,8415281.3012,3695.0
40,2015,3.2332007432065546,2.681619330603527,3.1141197286868136,-1.2781253259938805,8435184.8146,4142.0
40,2016,3.249828421511526,2.6663170632051516,3.0685308745810542,-1.273069623238911,8386837.2631,4155.0
40,2017,3.256164073465755,2.6842386697211955,3.0984840555275106,-1.2801612188236855,8429194.099399999,4031.0
40,2018,3.2638707392313346,2.6647128221041254,3.1002676176974013,-1.2905589167474898,8800676.4933,4140.0
40,2019,3.2431241036505813,2.6581477361937096,3.0752738961485284,-1.279880962917094,8704457.8057,3953.0
40,2020,3.2477524447429342,2.6492505123723187,3.0675954267531584,-1.2806435940503553,8260530.9628,3371.0
40,2021,3.2577105253446406,2.650844979768567,3.104065046536249,-1.2942213675717524,8513793.073,3378.0
40,2022,3.2449734803801626,2.670871652390184,3.10808174485077,-1.2829363573799597,8206984.070800001,3035.0
40,2023,3.2828315749070454,2.636125815345711,3.0741797389194763,-1.2978735249786573,8331768.619099999,3174.0
40,2024,3.2559612683607004,2.649894255578542,3.083715302131942,-1.2849158490132213,8675667.1205,3124.0
40,2025,3.242813555045016,2.6206768109187855,3.0623799687269746,-1.2856025942162637,8447185.144,2965.0
40,2026,3.2726612712123324,2.6606486288301214,3.070270817214094,-1.2839089910233037,1556857.4769000001,547.0
41,1977,3.0589442104588866,2.7886185153720136,3.2450167450278005,-1.2325343876632497,2832975.4,1972.0
41,1978,3.08671210568253,2.785881840921534,3.2289750085822337,-1.2362033323500576,5886758.46,4044.0
41,1979,3.0866991335321545,2.8046313086239296,3.255018065847176,-1.2390407974067845,5909601.109999999,4117.0
41,1980,3.1285446124605785,2.774318805924451,3.1663652180032065,-1.2313088996409884,6254151.97,6460.0
41,1981,3.157685451767135,2.7287631970323654,3.100431141381493,-1.2342858689512641,6186462.0600000005,5179.0
41,1982,3.145559946122267,2.748774551181835,3.0570959432574676,-1.2120906214869673,5869212.34,4251.0
41,1983,3.1157262107645955,2.7409870290830183,3.0834661714021996,-1.2152465638575858,5842035.69,4285.0
41,1984,3.1019232105391104,2.7353033040869255,3.1511901127636017,-1.2358731858555962,6049605.69,4303.0
41,1985,3.134555504185775,2.718849184215889,3.088729169615924,-1.2306305123012502,6092133.85,3415.0
41,1986,3.1288560322158903,2.695306912889619,3.0603985575429418,-1.2288541060202072,6582604.1,3458.0
41,1987,3.122191308079863,2.721215674865171,3.1222372445370214,-1.2390166357544126,6682804.140000001,3582.0
41,1988,3.112133325269737,2.7390303625634074,3.118193486179541,-1.2270535411601193,6893767.41,3577.0
41,1989,3.155561393482638,2.719429945731173,3.0869794022077275,-1.2353648069010497,6879360.16,3662.0
41,1990,3.147854354377617,2.709625286406229,3.084887392344693,-1.2368522551866705,7328392.33,3914.0
41,1991,3.1843710420190305,2.6699935048961727,3.059574024688073,-1.2522742068803245,7474468.3,3955.0
41,1992,3.183825213027905,2.6519936586169366,3.031128938495678,-1.2487717301932677,7370906.71,3759.0
41,1993,3.1675853817318838,2.647924715921473,3.0049119380375964,-1.2362653277220639,7276491.88,3572.0
41,1994,3.1751377043305964,2.6562191544578186,2.9907034003985298,-1.2326115620010152,7926132.4506,3779.0
41,1995,3.1802325762476644,2.6931622743029244,3.06032280436681,-1.2420482415686978,8229384.4081,3774.0
41,1996,3.186346987784561,2.688288426501654,3.0764822593111787,-1.251814219942142,8849300.2736,3938.0
41,1997,3.1712238388749565,2.673448802374352,3.0628364293756776,-1.2511076829559968,9015452.631299999,4027.0
41,1998,3.196129978721925,2.647670131995242,3.0134208935947098,-1.249410104180096,9253137.316,4174.0
41,1999,3.226922849618577,2.637370230459953,2.9873357388535196,-1.2556809835248086,9358600.931200001,4244.0
41,2000,3.2398605747556313,2.630042694669689,2.9797787098036035,-1.2580658386490462,9920563.6778,4306.0
41,2001,3.2588577872896916,2.6015408980485994,2.923719233819239,-1.2546407756815352,9423551.9232,5462.0
41,2002,3.252253904784893,2.622991688142688,2.9673850854977957,-1.2616297254647686,9135530.6983,5764.0
41,2003,3.2139758676282635,2.652001628951809,2.982199970297408,-1.2454688125416111,8770289.6261,5540.0
41,2004,3.2416486751834497,2.6287123253883924,2.9806733963139274,-1.2612642500069138,8908310.8296,5033.0
41,2005,3.261454561855304,2.6467759464491167,2.9906093609324222,-1.2648631313824859,9049887.952599999,4639.0
41,2006,3.2578907058479714,2.636643483669653,2.998421451512669,-1.2697863858264322,9357496.029,4662.0
41,2007,3.253046376794864,2.656098402702256,3.026034309967699,-1.2706192130694787,9460791.458700001,4636.0
41,2008,3.2716187123766316,2.621597576138032,2.9574112465096376,-1.2646974189215727,9515211.089200001,4770.0
41,2009,3.3057867729505914,2.603838595487135,2.90098875641716,-1.261757639389673,8594511.2148,4451.0
41,2010,3.289295319182091,2.589185533429265,2.880130431712855,-1.2556562946742171,8481393.6813,4232.0
41,2011,3.2969470996421424,2.5812755020759437,2.8659344364328017,-1.256108836455027,8596763.8052,4321.0
41,2012,3.3073383776618392,2.5896192489980217,2.8749811307883566,-1.26005367066593,8457585.695700001,4155.0
41,2013,3.281065087568558,2.615165286565798,2.9533275782493105,-1.266213936958289,8877566.9404,4257.0
41,2014,3.2667024579565966,2.586640687531118,2.9380940497765486,-1.267123254901114,8780248.1666,4230.0
41,2015,3.298662222483802,2.5803924305194745,2.8746483731193844,-1.2609143123974467,8915066.151500002,4339.0
41,2016,3.3001356517585174,2.5590013363672464,2.8878523902618625,-1.2712453343008563,9445215.824700002,4498.0
41,2017,3.309543261781221,2.58282416373698,2.9057461651799805,-1.2700362209003326,10208678.366799999,4604.0
41,2018,3.3131216223058506,2.609552644073109,2.9305882893654376,-1.271664077833335,9984784.911000002,4288.0
41,2019,3.284723750443597,2.5947456736217047,2.925269075362151,-1.2650644202089576,10156895.602599999,4421.0
41,2020,3.34274040405553,2.5791293687491788,2.9095046950299706,-1.2825477390332916,9885803.7906,3982.0
41,2021,3.297279071985977,2.5929590280632304,2.9916735828432457,-1.2937521553314382,10160380.9791,4152.0
41,2022,3.342832128070481,2.580224729835885,2.9745028647740153,-1.303773970098491,10496995.8614,4088.0
41,2023,3.3359756618977903,2.5560360409898464,2.936143844392049,-1.297938014383862,10819791.399,4010.0
41,2024,3.3464172203520004,2.5288451233476548,2.8585580678079414,-1.285344335061509,10509476.466699999,3743.0
41,2025,3.3353033977755473,2.543385479939872,2.8781889932947387,-1.2858182722677451,9547751.1053,3389.0
41,2026,3.294965851221751,2.573229546911126,2.9133496559252277,-1.2714993275806925,1563563.2549,568.0
42,1976,3.0960680927632356,2.8632551109536237,3.2380604588271558,-1.2201628338893653,25024754.040000003,15265.0
42,1977,3.089860301653203,2.8588334808138662,3.2477605189253813,-1.2224444509805006,25433531.009999998,15390.0
42,1978,3.109312768836875,2.8374311972926747,3.213384973472815,-1.22303697416128,25923196.810000002,15292.0
42,1979,3.1050465404398917,2.851712930304586,3.218410710833808,-1.2184953887780938,26472230.15,15130.0
42,1980,3.1207751053727737,2.838774619225989,3.193718569339156,-1.2194481960426016,26563822.370000005,14923.0
42,1981,3.1219939759049313,2.8101904500884936,3.1541341084588166,-1.215912835236097,25615598.340000004,13956.0
42,1982,3.1310678019426192,2.787435300286915,3.1295103032973444,-1.217467227015105,23587269.939999998,12635.0
42,1983,3.1411280184647525,2.778870410359268,3.136190229392564,-1.2283120120773645,23806612.64,12261.0
42,1984,3.1477196870253144,2.767475597380142,3.1162703730435113,-1.2278698387185019,25193489.270000003,12973.0
42,1985,3.1540195609541044,2.7435706072272965,3.1219359355122345,-1.2399300192303344,25584726.03,13933.0
42,1986,3.1584682195196008,2.7408763191187084,3.135262887729009,-1.2457903765034144,25982135.04,14079.0
42,1987,3.1532498635366437,2.7408463073065117,3.1413615332087153,-1.2457154588713495,27155363.770000003,14285.0
42,1988,3.156173409067572,2.7521641219097766,3.134410031022891,-1.2397318352058282,27661282.08,14442.0
42,1989,3.1622505887152705,2.743525662473921,3.12277428176676,-1.2416527300495372,28644413.439999998,14870.0
42,1990,3.163449849905358,2.7372499305477316,3.1117127398652586,-1.2406464541940474,28087476.47,15112.0
42,1991,3.178402407206374,2.7138963027108813,3.089225921005895,-1.2457291994009823,26659296.709999997,14414.0
42,1992,3.1581679621557077,2.742510227529213,3.107416004916508,-1.2365833645420141,26712313.06,14550.0
42,1993,3.160453438583266,2.734853504251947,3.1117285115450732,-1.2404472338411936,26910033.549999997,14160.0
42,1994,3.173716387368153,2.7172245892674245,3.105065414723177,-1.2471796388513792,26914223.496299997,13842.0
42,1995,3.1837385902562914,2.71614793431473,3.093122441237358,-1.249193770800066,27744864.4663,14161.0
42,1996,3.1872468802623777,2.715941588800363,3.055881411750627,-1.2365390725830356,27875091.053900003,12215.0
42,1997,3.191125688703726,2.695291143323134,3.041911936630495,-1.2390097960120152,28356519.8153,12155.0
42,1998,3.1969679034715917,2.704069468118874,3.045118235791462,-1.2403135246058974,28689190.9993,12402.0
42,1999,3.2051346592863146,2.689893630667942,3.0270783018889724,-1.241264814893512,28499656.913599998,12275.0
42,2000,3.224334729067837,2.676994123908549,3.035675507625225,-1.2534644950951987,29658514.000299994,12305.0
42,2001,3.2322507156378126,2.6801464680843963,3.0312533288701387,-1.2535411773355871,30070758.327800002,12428.0
42,2002,3.225074736190377,2.6607121007232384,3.037436033499979,-1.259783031535574,29738209.297199998,12349.0
42,2003,3.2239852708729986,2.6930094501048103,3.0423925928295685,-1.2498258845023258,28106372.759,11712.0
42,2004,3.220805730946034,2.6901044619706704,3.067271516675262,-1.2599398064076959,29111025.3024,11477.0
42,2005,3.228985517159951,2.691005719717786,3.08386844649649,-1.2672180221079925,29194558.294800002,10314.0
42,2006,3.2455988055001526,2.673465007222401,3.0494590685747336,-1.266765411269496,29061533.3906,9653.0
42,2007,3.2355403291456026,2.6740850547111563,3.0481809689927006,-1.2625949049546439,28964266.2787,9530.0
42,2008,3.222899584543975,2.680579330138306,3.0461276700275284,-1.255565805806254,29221540.512499996,9793.0
42,2009,3.2257814234683297,2.6695419644042633,3.0418433533497815,-1.2592204737145933,27641362.246400002,9217.0
42,2010,3.2402168604934594,2.660433509113395,3.0213242827117344,-1.2583553739180258,26804051.8769,8640.0
42,2011,3.2370035843928373,2.6679607701220416,3.032861237900924,-1.2606589788375453,27044588.4169,8582.0
42,2012,3.2348464497375007,2.673005075937722,3.053712256915347,-1.2650155033706938,27796441.1068,8759.0
42,2013,3.252768924824282,2.6517441623550044,3.0157242757085,-1.26618858275899,28213294.054,8839.0
42,2014,3.254902174952403,2.639300870683159,2.9778642637128283,-1.2581611573570761,27979801.880000003,8632.0
42,2015,3.2619892275011124,2.6416056291344883,2.990176221873407,-1.260885036336199,28266737.976999998,8261.0
42,2016,3.2578621600949513,2.63766929647327,2.99623633357081,-1.264499615502057,28499640.098699998,8332.0
42,2017,3.2679421735698453,2.637532586147023,3.0009402662940152,-1.2714437902579079,28570890.8105,7865.0
42,2018,3.2699325437142415,2.631454060241979,2.9968676200508026,-1.2696177985322803,29532888.230499998,7749.0
42,2019,3.2604251357495118,2.6359970840563527,2.9981244830054545,-1.2655645656855081,30854285.6225,7538.0
42,2020,3.288863480906598,2.62949863350773,2.9990793360378944,-1.2753670728992823,27286099.782500003,5990.0
42,2021,3.304605290816416,2.62155208533774,3.0049068586903402,-1.2831274578433496,27883293.7599,6209.0
42,2022,3.3074636991812536,2.608668061181103,2.998950670874045,-1.2899806836806598,28515433.0281,6156.0
42,2023,3.288376200875511,2.600789514862563,2.9611296278597643,-1.2726426648667664,29152401.4853,6045.0
42,2024,3.3099353227750816,2.5746891563147343,2.9016040502355103,-1.2688865688794235,30061362.9326,6183.0
42,2025,3.3165890461972434,2.5744206586655376,2.924971033997716,-1.2765443710887614,28653143.3218,5447.0
42,2026,3.2881702997221587,2.59650741715208,2.9625754575383287,-1.270120390615023,5235366.3838,938.0
44,1977,3.084798233794715,2.93923753942034,3.2486416892709142,-1.1983336217454557,1103215.31,1204.0
44,1978,3.0898517507695917,2.934763320047049,3.2129662233554983,-1.1913168403690306,2171229.7399999998,2412.0
44,1979,3.0901166162539306,2.8692665828629464,3.156413557410629,-1.192313991424435,2234616.99,2358.0
44,1980,3.081842338019925,2.919326098861789,3.186361962602392,-1.1843459637904035,2255904.25,4920.0
44,1981,3.1062169304905383,2.9018832070616893,3.1500033914185703,-1.187071900658406,2290932.18,4134.0
44,1982,3.1147440778871833,2.8683488934632417,3.1434327476168944,-1.1958697743645623,2252404.67,3549.0
44,1983,3.1171514524895274,2.8680098281573843,3.1655494141600413,-1.2053325805641275,2307927.8,3664.0
44,1984,3.1292581347844597,2.8712911517605524,3.1393263839736405,-1.2003900432921741,2381590.0300000003,3645.0
44,1985,3.1365204614993023,2.822161613531297,3.134047179032978,-1.2165996060027822,2444629.6,3436.0
44,1986,3.1485106772149334,2.8102885476002775,3.145736554707468,-1.2269193124595055,2483386.34,3473.0
44,1987,3.1495492249061545,2.8123219254119842,3.1699562985730996,-1.2341362721705487,2627641.5500000003,3496.0
44,1988,3.1713815363720004,2.7574532122622877,3.085894772550711,-1.228329653431911,2614649.06,3493.0
44,1989,3.175808497721481,2.7651814248896787,3.0813236188194844,-1.2266938598456782,2618108.6399999997,3478.0
44,1990,3.2064750873295345,2.750485579774255,3.0199999687699934,-1.2237206717195435,2468797.21,3338.0
44,1991,3.1925614172971746,2.7501495749289884,2.9989794034038177,-1.2118430519463734,2271555.21,2903.0
44,1992,3.1710248492426203,2.75882105739544,3.0499745458336425,-1.2180223773073202,2299487.66,2935.0
44,1993,3.170769548088254,2.7634249647664078,3.096690928755951,-1.2344446039306183,2442750.96,3133.0
44,1994,3.2078353699234574,2.706710848156705,2.9917861380175252,-1.2320409824990342,2485046.9797,3122.0
44,1995,3.2063947022330823,2.7113528593797365,2.9870558315034685,-1.225581297813833,2255306.7260999996,2862.0
44,1996,3.1895731989069196,2.7457386594048057,3.0608558669928994,-1.2341363881708676,2290138.9977,2952.0
44,1997,3.2137833745281084,2.686710179590365,2.995047755569617,-1.237918791990637,2384914.9582,3030.0
44,1998,3.19603970204209,2.72006456358994,3.035057801801479,-1.2360076688841097,2403945.0518,3066.0
44,1999,3.201009853073506,2.698558931015895,3.017630459407874,-1.2372938364664792,2388177.887,3152.0
44,2000,3.254720385633864,2.6662321856481377,2.964231913029628,-1.2478354959841156,2649394.5025,3168.0
44,2001,3.2357964313443603,2.665512371690941,2.9788841414998357,-1.2468121344847711,2563804.4642000003,5087.0
44,2002,3.2295325439449325,2.6636118595747953,2.9979544698272558,-1.2516193181699862,2536851.0098,5946.0
44,2003,3.1971730283028394,2.671371717203687,3.002206041304654,-1.2429743480629942,2521120.3006,5852.0
44,2004,3.218409979827064,2.666956748469953,2.998172782660847,-1.2493101247349367,2464151.1197,5638.0
44,2005,3.2396969082620886,2.6615486048083854,3.0050992844341633,-1.2582327196630407,2594103.9875,5618.0
44,2006,3.235857346389862,2.6837281143673226,3.0495395112609422,-1.2644185446991365,2538382.8646,5397.0
44,2007,3.2463579105733515,2.6538494118282907,2.9973305798365097,-1.2600479554358845,2554908.2051,5360.0
44,2008,3.2559656627158167,2.652413886070486,3.0127533327357185,-1.2685150698349514,2446126.1593000004,5143.0
44,2009,3.2450941779855382,2.6449748188279725,2.9838725036200793,-1.2580122641957094,2256825.1635,4842.0
44,2010,3.2653349722570786,2.6266355522016194,2.9607816562118674,-1.2634798567378294,2257161.705,4878.0
44,2011,3.2752439220341043,2.6156530691813695,2.9518642703161193,-1.2670111870129817,2236537.0806,4655.0
44,2012,3.2712398207351954,2.6143353307434873,2.9410271935517436,-1.2621605004867649,2179053.3151000002,4544.0
44,2013,3.2723119357223855,2.6165991579061454,2.943901403710369,-1.263081532164424,2282461.2353999997,4592.0
44,2014,3.2788110052078316,2.5931896257156275,2.920094848088462,-1.2633825465726574,2336889.0306,4032.0
44,2015,3.269873171516644,2.602092111847211,2.944673377040653,-1.2669836381658532,2276835.7843000004,2895.0
44,2016,3.254464203391503,2.613043135056312,2.9689419455942025,-1.2654820176807826,2296836.6223999998,2516.0
44,2017,3.2767342568065314,2.5760010101350383,2.9334120679098783,-1.2730263172681402,2414947.0620999997,2576.0
44,2018,3.2807284404124557,2.606110603200623,2.9646460180031604,-1.275250506129173,2487101.0656,2633.0
44,2019,3.2928626876673417,2.6002074780293403,2.928889467021799,-1.2666112922083763,2445229.0743,2420.0
44,2020,3.299449119878411,2.6193083927831546,2.976237694122832,-1.2787533717893356,2244292.1771,2021.0
44,2021,3.312045120419206,2.5733910481868403,2.8910551702274403,-1.275241332680171,2273946.0998,1959.0
44,2022,3.3276790937072778,2.5511167889727293,2.8842867700751764,-1.2844757508446198,2403343.2976,1873.0
44,2023,3.2965843950103464,2.6242669756378967,2.9997990514005743,-1.2852048386372095,2574635.3729999997,1989.0
44,2024,3.3067730388028744,2.5981070163698963,2.93481888197112,-1.273986662607727,2595429.6771,1930.0
44,2025,3.326029785375686,2.5843826591137247,2.9654859841636987,-1.2952264088973615,2235610.2004,1811.0
44,2026,3.291793509797481,2.5726900194274207,3.039109402960556,-1.3148709280989739,449947.4165,337.0
45,1977,3.0545894146006582,2.804225393275103,3.3170046392816808,-1.2506339897024639,2516711.73,1343.0
45,1978,3.0633760197547555,2.7971293570333247,3.30553887574834,-1.25108324914126,5465521.88,2820.0
45,1979,3.0914561471249997,2.7754210462486264,3.2179906024800884,-1.236522968506369,5458099.41,2812.0
45,1980,3.0975300372734345,2.7593058697800616,3.256314282419177,-1.2585850492508868,5423771.27,3871.0
45,1981,3.079723654281618,2.814912175449745,3.2970043526088015,-1.2481139134601114,5472534.24,3491.0
45,1982,3.096063800125415,2.7725321929798157,3.2653444771882434,-1.2580902871996529,5750688.35,3264.0
45,1983,3.0953932811779565,2.7531311936973557,3.28673216674425,-1.274826629720943,5957121.74,3291.0
45,1984,3.0709688370952635,2.757099811773018,3.273232085700318,-1.26063822563099,6482756.399999999,3385.0
45,1985,3.133575967173516,2.7222911481044907,3.1873138985055096,-1.2611290222160583,6599224.51,3870.0
45,1986,3.127221988384106,2.7239416622359323,3.2069795259250418,-1.2633866501684843,6745356.88,3994.0
45,1987,3.1192159927226886,2.713887672423494,3.1563837142696625,-1.2512813994378538,7030041.17,4307.0
45,1988,3.132574781157635,2.7515306584358754,3.190369441545592,-1.2539517213752915,7117562.51,4244.0
45,1989,3.1443886325062653,2.7301379523894966,3.2093247424972873,-1.2690844728406063,7488950.99,4469.0
45,1990,3.1431310082117903,2.7324178542773705,3.2038425590899964,-1.2686496958440037,7344423.16,4410.0
45,1991,3.1538430811848346,2.7124556436640788,3.142175534567559,-1.2555248945442699,7007213.33,3927.0
45,1992,3.128795402342825,2.74175585631028,3.1809358408509034,-1.2522718785246825,7274625.41,3912.0
45,1993,3.1095231400025543,2.752404336931394,3.2038386569870214,-1.2512224619956853,7582897.699999999,3845.0
45,1994,3.1397768829649246,2.745870052161001,3.1700840282975675,-1.2486182013267253,7726682.6069,3366.0
45,1995,3.135374816766041,2.7218943884839413,3.174159263185542,-1.258879298256098,8393610.3812,3034.0
45,1996,3.1501799309336174,2.7406751026197806,3.2290554239123757,-1.274229284845689,8391070.3272,2946.0
45,1997,3.126360948410192,2.7509832729100796,3.204525730533195,-1.2546929500831807,9042954.4478,3239.0
45,1998,3.12483844337503,2.742180462600751,3.1976566434562876,-1.256699938501531,8912287.1041,3159.0
45,1999,3.1498487374733117,2.7087589482852725,3.139934049971614,-1.2568566582299852,9080486.7214,3106.0
45,2000,3.1859982998869545,2.6969900891678975,3.1046330172547267,-1.2598760838259448,9558264.3414,3175.0
45,2001,3.2070259823632226,2.6993374485607937,3.1094183918928597,-1.2682885208727923,9340033.4624,3646.0
45,2002,3.2089247012931956,2.6784553232644677,3.11908078016266,-1.2749668834428165,9101407.9022,3992.0
45,2003,3.1864048938156424,2.68891729008606,3.1196635989486152,-1.2695250981118988,9004314.242800001,3818.0
45,2004,3.1864803146337137,2.720735274438459,3.1200425584841507,-1.2571700209348915,9041935.4026,3864.0
45,2005,3.1669779271905787,2.732503404384435,3.163121484624196,-1.2626120390297033,9369363.427199999,3898.0
45,2006,3.208105127617932,2.700083706841248,3.12270008150636,-1.2732689638935932,9983477.392199999,4148.0
45,2007,3.1860270345754773,2.712839432100275,3.1392736911379027,-1.2670702624920216,10088926.2815,4159.0
45,2008,3.2303100502060595,2.7131736096300463,3.126023599625094,-1.2757179071352296,9702145.89,3901.0
45,2009,3.2071560914135144,2.703350852241928,3.101653644183676,-1.2649402035719468,8572098.388,3514.0
45,2010,3.194447082715782,2.6770198603049216,3.1060297498158627,-1.2705364332636533,8616763.9024,3400.0
45,2011,3.2057823977706335,2.675137047501761,3.092691024439851,-1.2683450544327621,8740505.7197,3290.0
45,2012,3.2119278008927634,2.693781842617606,3.092686702414527,-1.2628414899787603,9084555.6646,3412.0
45,2013,3.2295598873190046,2.6834698846988325,3.0527685376310583,-1.2604704857302944,9353572.0973,3416.0
45,2014,3.2230714179331006,2.648845039868872,3.0383276649766393,-1.2667148081138737,9602386.226599999,3551.0
45,2015,3.2214062578097034,2.6442278020710943,3.0713111808048783,-1.2757178501461037,10363319.7881,4198.0
45,2016,3.243489723462236,2.6601799395868695,3.0661555985419437,-1.27482434153832,10754919.6285,4307.0
45,2017,3.2720084618143552,2.6443334139766455,3.0614280778372995,-1.288687003580391,10561679.383,4148.0
45,2018,3.2521709128994956,2.6611487472010986,3.086515199454204,-1.2840083075772717,10586283.4352,4082.0
45,2019,3.276073967177933,2.6512688403602986,3.031355675349091,-1.2784726866256795,11010535.8843,4164.0
45,2020,3.2979521393210103,2.638033836354948,3.010394919199497,-1.2819716232490161,10326081.5158,3425.0
45,2021,3.2571597542698085,2.6582413415670714,3.0767060072781875,-1.2867519063562862,10735835.174899999,3668.0
45,2022,3.2545957457570363,2.639302097756699,3.0574311019794953,-1.2861385066732645,11069453.352400001,3562.0
45,2023,3.267906853290833,2.6851804883959676,3.084527507550035,-1.2802226695793628,11785326.0689,3798.0
45,2024,3.2988261718782907,2.658269992644674,3.056962968359558,-1.2890574299060593,11765718.2321,3664.0
45,2025,3.278071834970265,2.6335880040740496,3.037791206532579,-1.282656790550802,11525629.0197,3359.0
45,2026,3.2849439303959262,2.621885098633531,2.985317433489491,-1.270572028268516,2184453.4156,606.0
46,1977,3.11405671603118,2.6716891959603024,3.2148415618781017,-1.2795493047927298,641180.1000000001,1823.0
46,1978,3.1121276438217627,2.693581628904699,3.221538534268979,-1.274490520326933,1245894.0599999998,3533.0
46,1979,3.0913222638722266,2.700682027492074,3.2065951284447354,-1.2613609703743514,1288018.9000000001,3408.0
46,1980,3.1144601202699764,2.6850114184060705,3.1876761245075045,-1.2636664765178218,1178851.08,4533.0
46,1981,3.1194393024577014,2.664076272460516,3.162549132894953,-1.2687880400480027,1213667.4799999997,4288.0
46,1982,3.0978598837400617,2.653124781962285,3.174442259880196,-1.2714319375828589,1140169.85,4092.0
46,1983,3.0858727627981453,2.6545981690127767,3.166446885272212,-1.2648677581834966,1216908.7999999998,4219.0
46,1984,3.0832744573728452,2.665472782884965,3.156298482445277,-1.2574012554439886,1297079.0300000003,4403.0
46,1985,3.0650160658901826,2.6370446183468776,3.1599485299320818,-1.2635179996055201,1300814.5,4154.0
46,1986,3.076518548440926,2.656923269140221,3.150739652126768,-1.25481142307203,1324435.27,4180.0
46,1987,3.0680001995149055,2.6622081203350847,3.175058667775101,-1.2581074376628496,1347499.34,4343.0
46,1988,3.077663570885831,2.6588509058728484,3.1406271660615466,-1.251726519564068,1368616.47,4314.0
46,1989,3.0944569525704146,2.667293286569071,3.1195334096118494,-1.2454948381095245,1390758.06,4297.0
46,1990,3.0933274417009904,2.6889986080673487,3.1552352782763657,-1.2492975859114208,1317467.8900000001,4218.0
46,1991,3.098690457812769,2.687819000656799,3.1318695864869843,-1.2459383006453812,1369811.9,4206.0
46,1992,3.092200709484722,2.7160779637512205,3.1547713897118097,-1.2424227765653029,1436295.54,4355.0
46,1993,3.0901564947357634,2.7058324236058207,3.183383537832825,-1.2539863682110657,1505318.94,4772.0
46,1994,3.094619490762677,2.696985967362484,3.1413784556149307,-1.244548356011886,1595170.4555,4595.0
46,1995,3.1279389501181605,2.694536601749635,3.0948541209670477,-1.243058725181997,1576912.8519,3860.0
46,1996,3.1271159914061486,2.692557915126832,3.1135382374983136,-1.2480845056170116,1641605.6158,3900.0
46,1997,3.118818119920192,2.687809080894707,3.1257017096339523,-1.2509831299228478,1702888.7744,3960.0
46,1998,3.101414339575687,2.6511307930017947,3.109402053482412,-1.2524241259681608,1862874.9598,4006.0
46,1999,3.120642087882139,2.6780704788367617,3.1003415465838393,-1.2441928864882013,1728634.8634,3760.0
46,2000,3.134437484781587,2.6547980443058177,3.080199429240858,-1.2495071226065109,1773468.8376,3922.0
46,2001,3.1693277482680924,2.6306161589293464,3.0201675162271195,-1.2503156557549013,1735134.2965000002,4693.0
46,2002,3.1490405354447097,2.6719293241701068,3.0955077264762574,-1.2541914928223308,1886314.2801,5456.0
46,2003,3.158055020382502,2.7216357790213563,3.1014163049506296,-1.242155165185528,1779280.6938,5011.0
46,2004,3.1294800133859493,2.692662650407466,3.0927125533805757,-1.2399696091722494,1771951.1236,4907.0
46,2005,3.1443101598159227,2.684452037699948,3.1602494762912756,-1.268647947511648,1729763.8487,4791.0
46,2006,3.1527820717010036,2.6846814419993703,3.1712557924598,-1.2738415843478885,1886611.8782000004,5084.0
46,2007,3.1637876595186194,2.6930430544553916,3.111765317119864,-1.2546591616865455,1916368.9827999999,5026.0
46,2008,3.14552971438872,2.707475399399022,3.160852808043546,-1.2619908568183176,1850534.4505,4725.0
46,2009,3.152569983269118,2.6880277598211744,3.1218119934669755,-1.256265038875015,1748064.8344,4559.0
46,2010,3.165738776848443,2.6895665105516895,3.134623217670517,-1.2643294311814373,1756287.0749,4742.0
46,2011,3.1484162011807273,2.703269261953121,3.120374574232097,-1.2512726904584281,1869386.6774,4869.0
46,2012,3.1467733322571516,2.702935885173042,3.1540518278043272,-1.2585973549565386,1822417.0469999998,4578.0
46,2013,3.1701730935370023,2.6892047923355875,3.132783547479794,-1.2649034819507516,1868275.2479000003,4512.0
46,2014,3.175756362590266,2.7188179804659875,3.162230803313888,-1.2665871831849231,1950989.0202000001,4446.0
46,2015,3.176313181637045,2.675316079001379,3.0992626164945545,-1.2638572159218324,1943494.2040999997,3304.0
46,2016,3.1844571316076644,2.6538891241299742,3.083865368097594,-1.2675333725762359,1848227.7598,3190.0
46,2017,3.1721776700986752,2.697938275354509,3.166247786592673,-1.2747234848424498,1836929.6231,3133.0
46,2018,3.172664785368955,2.6690235562165827,3.1353083571206395,-1.2724237193195997,1932038.8533,3251.0
46,2019,3.1802838780669993,2.660131593153159,3.1055635721866617,-1.2672070543488498,2086914.5505000001,3162.0
46,2020,3.2030765187489307,2.664927088502609,3.1166735147057265,-1.2763840206727044,2093483.4801,2928.0
46,2021,3.206804891766073,2.691743427006047,3.1086996641091873,-1.268893743568547,2122923.2273,2978.0
46,2022,3.221953296928952,2.6778744061996522,3.1252468583393176,-1.2836076469140885,2152392.2313,2805.0
46,2023,3.216435597093806,2.6532064221557805,3.0597111553155707,-1.2705510417261052,2228080.4285999998,2739.0
46,2024,3.216027170936608,2.6469297592919103,3.0204074703740442,-1.2559112058047408,2194873.6206,2780.0
46,2025,3.247542334800494,2.622157495961368,3.0282954363093126,-1.2774513836942896,1850075.8527000002,2218.0
46,2026,3.237834874323046,2.652895618276081,3.011359227210783,-1.2596593060799688,297015.07889999996,365.0
47,1976,3.079312963944781,2.831015746473088,3.3057374320251234,-1.2454459633321684,20393375.490000002,12079.0
47,1977,3.079156063798982,2.823960990503537,3.303388599648053,-1.246921469330013,14661108.57,8557.0
47,1978,3.078501401773607,2.8336315844579807,3.2713563865991153,-1.2351205532719443,8745629.549999999,4874.0
47,1979,3.085137988018585,2.8156099734491686,3.27800527510453,-1.2454031492200948,8876122.89,4949.0
47,1980,3.094316685902932,2.8221482484738956,3.2932198332041427,-1.2503835544531847,9019885.56,4764.0
47,1981,3.0944176059874087,2.801175748022304,3.238088801830594,-1.238674879886402,8889532.94,4499.0
47,1982,3.1052239792109355,2.7803125142168477,3.2071535214914424,-1.2407574676686917,8611678.48,4393.0
47,1983,3.0874849962421007,2.779498711914112,3.2453732603488934,-1.250168459093986,9315386.92,4496.0
47,1984,3.0938929434042803,2.7613306318332533,3.1757140906050596,-1.2343455768785818,9774174.46,4323.0
47,1985,3.0752932776953927,2.7853559456147465,3.251114816219325,-1.2429135606452666,9687213.31,3935.0
47,1986,3.071155879356582,2.788446959165114,3.266996906446718,-1.2481168662592617,9961502.409999998,3765.0
47,1987,3.118351778845516,2.784351090585959,3.2340106717015735,-1.253939454451387,10952681.290000001,4118.0
47,1988,3.1005590518686055,2.788297636374481,3.244696251478716,-1.248892233554071,11119441.93,4077.0
47,1989,3.1055217683681846,2.8060025062998166,3.236603845560241,-1.2428552289041,11596435.79,4194.0
47,1990,3.097294326158547,2.8022600293834348,3.2269975839147897,-1.2358561636859136,11102431.81,4088.0
47,1991,3.1056967972858343,2.769997042725169,3.218386410901237,-1.2467514001479403,11266913.75,4141.0
47,1992,3.1159118223742244,2.758710008989028,3.1969902684152394,-1.2488564265460784,11185794.96,4225.0
47,1993,3.1046396925174267,2.7958677273641657,3.2075255188383522,-1.2352835490176133,11732299.47,4214.0
47,1994,3.1300127158154565,2.777007687962611,3.1515571994534537,-1.231932557396688,13010423.3633,4112.0
47,1995,3.1496569605095157,2.761675381372109,3.1428438974085915,-1.24010077664165,13685739.0433,3889.0
47,1996,3.1449706752416904,2.730645739921681,3.132010987547973,-1.247479661863853,13339746.5379,3782.0
47,1997,3.166595407576742,2.726219200039638,3.153229569877517,-1.2583688058531168,13507360.0273,3831.0
47,1998,3.1702159498528757,2.7289050806140427,3.1294625941533982,-1.2530794744738842,14408457.8399,4049.0
47,1999,3.177953695983939,2.7242357756240434,3.102697101837024,-1.2464472623826612,14687978.841400001,4364.0
47,2000,3.1964574911189767,2.7128580186228115,3.098271557277659,-1.2544329246365458,15120003.0176,4376.0
47,2001,3.1871296443733246,2.721218474632857,3.1304821527294187,-1.2597369961596452,15461503.9479,4524.0
47,2002,3.180753760970612,2.7200375749946697,3.1356867345259793,-1.25892231535074,14511119.8178,4455.0
47,2003,3.2065441869138236,2.721201794605385,3.1220205283713867,-1.2654166341908986,13620133.538999999,4068.0
47,2004,3.167274166602713,2.7203924468217173,3.1583804438539067,-1.264505267568406,13422944.206,4118.0
47,2005,3.1749505899197965,2.7289274381868753,3.142987501550482,-1.2603726878809351,13986283.6702,4549.0
47,2006,3.177122801327921,2.7425672862868757,3.166531221923271,-1.2632843815602806,14615853.254299998,4535.0
47,2007,3.190135933801029,2.727481902351216,3.194924357850642,-1.2790624984023249,15223472.2371,4654.0
47,2008,3.177040090407779,2.7265212568426325,3.2057585057335523,-1.2785881516253284,14009101.8734,4057.0
47,2009,3.224462356248551,2.6782821257566147,3.097186576550925,-1.2732850132470166,13118073.2805,3883.0
47,2010,3.1779434537322007,2.6943438813375438,3.1018915079207003,-1.256012390442021,13695492.7594,4054.0
47,2011,3.1815534119434234,2.690086513050747,3.0740033434578056,-1.2517488765259996,13573214.2213,3723.0
47,2012,3.2032170935256445,2.715674663469191,3.132083455722883,-1.2663877901311889,13402738.801999997,3680.0
47,2013,3.2232136464790524,2.6972105075298796,3.1140859419962257,-1.272102046111338,13942335.973899998,3855.0
47,2014,3.213053945121451,2.673278612537433,3.056098402111304,-1.2599850123234129,13817882.7271,4265.0
47,2015,3.2044465629775045,2.6853924061119394,3.0665665093518855,-1.2553887012893759,14156650.934700001,4984.0
47,2016,3.195434917058723,2.6850629107320367,3.1145295702408466,-1.2689139802186373,14671970.097399998,5332.0
47,2017,3.225247212755463,2.6719387644085613,3.084821354843795,-1.2723679589439671,15718346.6266,5650.0
47,2018,3.242502371802058,2.6569460625139762,3.081302093904062,-1.284798360359157,15543304.9807,5394.0
47,2019,3.245280683439409,2.685413698849265,3.094811702607093,-1.2771132691816596,16320317.800800001,5564.0
47,2020,3.275793074939272,2.637107719781963,3.0349869440956376,-1.2848723685473076,15362360.506099997,4518.0
47,2021,3.2536050928904423,2.6517742247336433,3.0734344086119734,-1.2870406382908537,16071217.073800001,4625.0
47,2022,3.25962578702,2.6492393608794167,3.017030179598663,-1.268120055957971,16942674.1355,4434.0
47,2023,3.2713991603335724,2.6479718056192323,3.0548771887550936,-1.2850982399187665,16544520.673600001,4111.0
47,2024,3.2924491411697745,2.656420211787196,3.049884249102644,-1.2865091946923106,16854896.3193,4316.0
47,2025,3.3283310023833734,2.6353184323248717,3.003736276731081,-1.2912119121080026,15705866.927000001,3755.0
47,2026,3.344278376094209,2.616376107081984,3.055647169298827,-1.3211563217096727,2881180.4685000004,638.0
48,1976,3.1550761442127775,2.72114298903024,3.1353749318935873,-1.2487533528798611,27117418.199999996,16132.0
48,1977,3.155303557379684,2.7109518168541267,3.1333093898406017,-1.251363171346084,27416904.0,16446.0
48,1978,3.1573938306059572,2.7283710228183677,3.147291116387639,-1.2497015582853392,30092317.57,16730.0
48,1979,3.166828398923318,2.733823427142076,3.1442121392444693,-1.2503968404310042,31514446.939999998,17507.0
48,1980,3.1662321904812445,2.738561077554438,3.1366670018155296,-1.2451897591742591,32832471.21,17970.0
48,1981,3.165183969240383,2.7465930608656874,3.1271826707081836,-1.2388995514174825,34947074.559999995,18919.0
48,1982,3.185736718432321,2.711352376578462,3.093968511916584,-1.2461920027053712,37115284.66,18560.0
48,1983,3.180760285256924,2.672943752975137,3.087069282815697,-1.2592365968897044,37795299.129999995,18126.0
48,1984,3.1941460883634263,2.664065462892398,3.062981264923255,-1.2591244016709564,40483150.14,18559.0
48,1985,3.1881299270538124,2.6788426942999353,3.0768452671961137,-1.2553794012983928,41444585.44,18408.0
48,1986,3.186512847781166,2.672817249650009,3.0433561118048074,-1.2457070813889484,40291070.029999994,16812.0
48,1987,3.185869477602912,2.6660152291430936,3.010125573802214,-1.2368668826271842,41127594.31999999,16290.0
48,1988,3.1905037044999336,2.6710459362363963,3.0155103822661187,-1.2390101089437957,40798456.33,16614.0
48,1989,3.1956719650749106,2.6687544538678303,3.0201063688924985,-1.242850145911227,40171166.160000004,16792.0
48,1990,3.1895291399924144,2.6653762922079003,3.0370770217087637,-1.2484654386432792,42565089.190000005,16963.0
48,1991,3.1951034619226593,2.6578179973509006,3.016373699511363,-1.2454260427768884,42867125.910000004,16188.0
48,1992,3.1829206539249353,2.6731431326853174,3.026143192452249,-1.2400714814539577,43711974.769999996,15782.0
48,1993,3.19416470425323,2.6602037886913004,3.033457960441075,-1.249586985959429,44723422.56,15633.0
48,1994,3.2022202150390715,2.648384991038508,3.0245227688655207,-1.2533641578830206,46414797.234799996,15364.0
48,1995,3.2070577378441576,2.660694112095175,3.02671545339017,-1.251153608479783,46357342.3854,14462.0
48,1996,3.212932960746628,2.660381706521188,3.029264631649256,-1.2537795565497727,47836378.8804,14717.0
48,1997,3.2108308628047375,2.6578483131960104,3.0374188142278986,-1.256723672863772,50162850.5844,15146.0
48,1998,3.230389804617392,2.6584440200819275,3.0154384257480285,-1.255137980005584,52420428.871199995,15615.0
48,1999,3.23818214665943,2.6441307505827902,3.0204501754705766,-1.2642616135499736,53229291.5544,16074.0
48,2000,3.2344407905548143,2.644058185308487,3.03054197855954,-1.2663080252463785,54534266.4106,16409.0
48,2001,3.2476588420783807,2.6345553931566976,3.0085196761957773,-1.2658944067549966,53780604.61,15332.0
48,2002,3.2409319121693563,2.6225522416057867,3.025363783074902,-1.273947779654692,53003595.8358,14886.0
48,2003,3.2235013057485573,2.6548148341744637,3.039872822165751,-1.2630990856182307,53138535.4416,14702.0
48,2004,3.23229222525221,2.655014094586597,3.0535762731044485,-1.2691621834202067,52929073.2482,14798.0
48,2005,3.2323030248599984,2.6556738176934918,3.0970579221952512,-1.283485550712033,53103757.1681,15635.0
48,2006,3.2338921178889213,2.669112123789346,3.097178491351892,-1.2790148144636118,56574424.601799995,16809.0
48,2007,3.238755941912634,2.6737240021297475,3.100475559895112,-1.2804043812238821,58576526.006000005,16604.0
48,2008,3.231735629763078,2.66991664337856,3.0928850338021086,-1.276954710699398,57971220.805099994,16259.0
48,2009,3.2645523651547537,2.642517648753175,3.052459986111513,-1.2833645757773557,55361465.1176,15915.0
48,2010,3.245694886511247,2.6599465189201394,3.0969031338980617,-1.286973123502746,55284346.1048,15878.0
48,2011,3.2428389133758695,2.6425367822952475,3.0638130497546987,-1.2805352566629922,56277723.4945,16014.0
48,2012,3.2385140679975764,2.6498773434833773,3.046842538287917,-1.270310772809304,60439520.7494,16816.0
48,2013,3.2568898430788753,2.6542266040943394,3.0560574636437736,-1.2771704808625295,60702677.6641,16657.0
48,2014,3.2502980551231584,2.6435461716263227,3.058333004223096,-1.2792901420285725,63057885.599700004,17034.0
48,2015,3.271125104897043,2.62771676966625,3.0309934799113774,-1.2826598546939194,64126204.1422,16786.0
48,2016,3.271735529560194,2.6177626496476947,3.03135790492586,-1.2857579940045263,65978390.245400004,17414.0
48,2017,3.275636798831556,2.6333389167675882,3.058888863619654,-1.2904623513220843,66812255.958,17403.0
48,2018,3.270465022313043,2.6359099285706273,3.08068470605995,-1.2957132156880027,69338129.33320001,17344.0
48,2019,3.279797356371995,2.6251934704850384,3.0408047532497866,-1.288575746185015,70403898.2595,16258.0
48,2020,3.3128241927645887,2.611276540749561,2.9966670229883,-1.2876703756458006,65144647.6078,13116.0
48,2021,3.3124113868965686,2.609217929819667,3.0157836653280112,-1.295433408217127,69217479.1594,14391.0
48,2022,3.2947869458004444,2.6169512973923195,3.0473511308185994,-1.2971178975827602,73845827.1282,14421.0
48,2023,3.3078936585852268,2.6048137698145615,3.019565704378882,-1.2972259023212394,75501164.0389,14218.0
48,2024,3.3143471236225093,2.6047587940932737,3.0149757690536765,-1.2977572899772276,77930497.9174,15066.0
48,2025,3.31687168361997,2.602947657356719,3.0094737162607377,-1.2963593126017599,72708125.7422,13270.0
48,2026,3.3236899881131214,2.5959940541022846,3.0004479907954633,-1.296718418037824,13212157.1703,2248.0
49,1977,3.1241883185810497,2.7359575954303814,3.208675241473873,-1.2569482557670555,1247988.56,2119.0
49,1978,3.1386862729442395,2.7349631655535136,3.235497390873307,-1.2719243988181732,2447636.0700000003,4278.0
49,1979,3.1662436500297635,2.7383144963211046,3.1950991585392177,-1.2649006770654674,2750219.94,4394.0
49,1980,3.168721554529947,2.7280946295164052,3.1375147265671153,-1.25067198705534,2937326.9800000004,6850.0
49,1981,3.1821374213554865,2.724266290318746,3.1062027332207287,-1.2483941732797705,2938149.06,5633.0
49,1982,3.1826499241261788,2.688684571780913,3.0733580955341115,-1.2510598154101935,3132787.42,5036.0
49,1983,3.1605647481660943,2.672324872753969,3.103067498886397,-1.2602064987716992,3211067.12,5179.0
49,1984,3.156291069722984,2.6733641885259134,3.076817916808629,-1.2523108356026378,3399655.93,4928.0
49,1985,3.1784708161528226,2.6372396533711475,3.031376982403744,-1.2551302698719264,3560918.71,4014.0
49,1986,3.1659976472310496,2.6448689472964455,3.0497483925896054,-1.2534791368271794,3607328.6900000004,3849.0
49,1987,3.172951872784713,2.6403288427612144,3.0388070208231333,-1.2559619305887062,3428949.9000000004,3652.0
49,1988,3.170705518742262,2.658822126410167,3.045184213392735,-1.2503012270348037,3384450.94,3682.0
49,1989,3.1771619112136733,2.665354353049335,3.0040365665828728,-1.236440561855135,3708554.9399999995,3940.0
49,1990,3.176669205690769,2.658835206782812,3.0327422735703164,-1.2492581155638265,3896885.0300000003,4118.0
49,1991,3.1876174722822186,2.6525097577857975,3.024939753571127,-1.2516090625037388,3923311.5800000005,4052.0
49,1992,3.192684845248135,2.6668012143973527,3.03552511062035,-1.2492777170739449,3959510.95,3849.0
49,1993,3.190006910526926,2.680146487540584,3.0049462898409627,-1.2338584244180328,4316566.4399999995,3875.0
49,1994,3.1889559728390044,2.64541961122944,2.9975793519653653,-1.2447937560053401,4760279.3173,4175.0
49,1995,3.1844258133759134,2.6860770597925683,3.0875348425592817,-1.2586109808317738,4875826.5484,4344.0
49,1996,3.220593977642714,2.666181221099738,3.0367396117064778,-1.2568549074047146,4870795.2773,4359.0
49,1997,3.226217481403458,2.6676552656664207,3.0347335712398373,-1.2592780774062209,5151137.9290000005,4547.0
49,1998,3.231185913798535,2.66663570836567,3.025752166515931,-1.2594221671825239,5555811.055399999,4676.0
49,1999,3.21031881892256,2.6778557829286256,3.0283304320226554,-1.2506449129498571,5736649.1800999995,4874.0
49,2000,3.22224157294444,2.6529095465519714,3.0339113563535993,-1.2612935135189018,6089138.0448,4755.0
49,2001,3.241312058852457,2.627433332710787,3.0160378531086782,-1.2693139259284607,6106246.0833,5169.0
49,2002,3.2252203180255212,2.6459776447607077,3.033592240835989,-1.2642402206896364,5798404.3054,5429.0
49,2003,3.229741770567862,2.6944385016641075,3.022587156697833,-1.2475887282379583,5875950.870800001,5078.0
49,2004,3.2230031552820138,2.6793018931564925,3.054019277928234,-1.2621080868372416,5932588.3645,4920.0
49,2005,3.2143760915377406,2.6857085770145845,3.0770372110588613,-1.2636687912529536,6583303.5014,5325.0
49,2006,3.218841243339082,2.7209700295897323,3.1010219043923195,-1.2598950136201381,6957133.301700001,5067.0
49,2007,3.243688586880454,2.7105409211278135,3.118609478975671,-1.2752781630026127,7133588.7595,4746.0
49,2008,3.2623825510912723,2.664493635061081,3.0663087635806967,-1.2791817936557244,6812996.472599999,4287.0
49,2009,3.2722963600776804,2.63603028339382,2.9825981059785103,-1.2680841203036157,6587857.1985,3890.0
49,2010,3.2501701826290206,2.6754109218889215,3.037370040464841,-1.2647728134046985,6445598.0633,3810.0
49,2011,3.256154392719843,2.671729186298204,3.0435730694832173,-1.2691899911877593,6573927.217999999,3838.0
49,2012,3.2430651883479915,2.689661418952859,3.0374906716692536,-1.255695276833694,6581266.683700001,3998.0
49,2013,3.3016275822381287,2.638307879376017,2.990286925516123,-1.2749865721256182,6700833.702500001,4008.0
49,2014,3.296977490084395,2.663528999513937,3.0355243440354682,-1.2803606103452325,7175824.4757,4335.0
49,2015,3.282293255999345,2.650604305246591,2.989188581786099,-1.2682412572403112,7130686.7678000005,4740.0
49,2016,3.2880672006722884,2.623027748164125,2.983371219638587,-1.2767340323190877,7445918.140000001,4932.0
49,2017,3.30013839615634,2.614611369939758,2.9592361677967682,-1.2760869756582942,7900917.1375,5046.0
49,2018,3.308986326401983,2.6306848305181623,3.0173056008686596,-1.2893286392278938,7854654.1608,4973.0
49,2019,3.304122969563083,2.640933955771688,2.9423139236720566,-1.2623422808196332,8113788.879000001,5133.0
49,2020,3.324313289028481,2.61978031676087,2.9430255879756677,-1.2770963351387388,7554396.4939,4268.0
49,2021,3.3071116702085543,2.6104190336395763,2.9579396530821027,-1.279285762342476,8190142.8712,4636.0
49,2022,3.338798602971952,2.6137222980397667,2.961748177709099,-1.2865338029508078,8829528.738,4632.0
49,2023,3.338054352182076,2.5875020547565315,2.9367406032553176,-1.2868814744286956,8934916.4867,4455.0
49,2024,3.354414866272576,2.566551372449577,2.920014241114316,-1.2929396795563965,9219509.474399999,4517.0
49,2025,3.318923918044521,2.586265902934764,2.973062489913066,-1.2938424253631873,8178481.7049,3869.0
49,2026,3.3406322002048165,2.561657156999242,2.913068818685289,-1.2874574764692026,1560128.3096,729.0
50,1976,3.075939385859414,2.8340733416646375,3.2547874057338637,-1.2311074225824143,7725878.99,4721.0
50,1977,3.072660678321998,2.8408120824943874,3.241911580416947,-1.2250196825689958,4533908.1,3909.0
50,1978,3.13655397682129,2.7528843746726204,3.1681603424744442,-1.2482752889543178,1094980.55,2863.0
50,1979,3.1378004224851264,2.774366660994773,3.1856572414696043,-1.247008335446475,1125174.46,2841.0
50,1980,3.130979445184601,2.7807771028339943,3.175997599733304,-1.2398769220115131,1145139.25,4720.0
50,1981,3.121523582101238,2.766160759386902,3.1759673543919633,-1.2405125493438964,1317388.45,4251.0
50,1982,3.102690926464463,2.748407894416518,3.1625382847322814,-1.2367468686342644,1310003.9300000002,3820.0
50,1983,3.1384246504521274,2.724639350152609,3.1502552348951,-1.2529757316846906,1248009.25,3785.0
50,1984,3.1344114668216925,2.7396054411156534,3.1763289200133804,-1.2549045777158212,1291993.1600000001,3626.0
50,1985,3.15734752071714,2.719093629930135,3.122285920807634,-1.2505979879427487,1365573.71,3484.0
50,1986,3.172351268183599,2.706711239242783,3.1092287152984457,-1.2548534144456083,1482397.78,3704.0
50,1987,3.1605588360969783,2.698857324049211,3.1234891620735588,-1.2588238028792187,1607523.49,3981.0
50,1988,3.1555472290316344,2.7112217159532417,3.129175601965843,-1.2548703073423193,1638640.79,3924.0
50,1989,3.1747496559059916,2.725874345266657,3.148431036817308,-1.2626112610481592,1591384.87,3662.0
50,1990,3.195848532984049,2.671143687877083,3.1034301393727235,-1.2713252137775746,1557132.56,3482.0
50,1991,3.192233247124202,2.656488016846636,3.08281227619091,-1.269806692279905,1453036.4600000002,3168.0
50,1992,3.191708960659808,2.675475803186339,3.0670930208070617,-1.2578450929313159,1475178.33,3038.0
50,1993,3.1930513848152975,2.654456903547334,3.0562250821772214,-1.262670112092805,1541860.27,2908.0
50,1994,3.2140968601612374,2.625148925691872,2.968322330855144,-1.249803030020632,1582635.1438,3081.0
50,1995,3.2085428342452973,2.6616919345610914,3.0147785613433804,-1.2518833596340766,1572829.3883999998,3317.0
50,1996,3.208450474742697,2.669136474126202,3.0495049382241395,-1.2608276441237067,1574731.1787,3310.0
50,1997,3.1940790393976557,2.665753641050844,3.0463480137172714,-1.2551271376861348,1647825.0535,3320.0
50,1998,3.188262225723467,2.6620818064023766,3.051608119140562,-1.254219433915737,1647741.3672000002,3340.0
50,1999,3.2087579527980306,2.6560494099974608,3.065448040612165,-1.2665799156398085,1684955.6101000002,3331.0
50,2000,3.1961874227239297,2.682506580545957,3.0663574528886977,-1.2549618560863711,1692537.7972000001,3253.0
50,2001,3.217157572509383,2.6651422033413987,3.051680167997136,-1.2633666910296029,1731034.9154,5019.0
50,2002,3.2403961443636624,2.6386918847972103,3.017273571277587,-1.269806113558726,1810644.1505,5877.0
50,2003,3.2947651518904997,2.6138037595329027,2.992674823959695,-1.2856683620581326,1677415.3211000003,5585.0
50,2004,3.279000767745806,2.6140189551786626,3.002830672007006,-1.2865064382092315,1618336.8898,5311.0
50,2005,3.243868934009297,2.639434310606833,3.055786092594774,-1.2843851248822238,1662462.2576000001,5181.0
50,2006,3.258767846669011,2.6530125782475062,3.073699964146776,-1.2868723911638522,1712339.2378,5195.0
50,2007,3.2683847424008468,2.6135414058987285,3.016052067248162,-1.2871728521918369,1642018.192,4984.0
50,2008,3.2618392404809495,2.6210803807333134,3.016472775292693,-1.2848290505398894,1593944.5508,4923.0
50,2009,3.2706414107239734,2.6250197896783054,3.009215512352544,-1.2809960074660618,1513170.1827,4834.0
50,2010,3.266614382430216,2.6152871883295203,3.004159145572797,-1.281030677240374,1557462.0456000003,4894.0
50,2011,3.2330288103183227,2.607783082559461,2.99940949963636,-1.2710046968703927,1609015.7453,4889.0
50,2012,3.2416877011704988,2.592695400490354,2.989448639365053,-1.2763051832596668,1576135.5345,4803.0
50,2013,3.261999935017299,2.6096922378486687,2.992438526974505,-1.278622114803073,1523251.1569,4503.0
50,2014,3.271534651424267,2.610470449872462,3.000134570164385,-1.2830145169614442,1540756.5896,4404.0
50,2015,3.2751032643612756,2.5788903311519316,2.9932323257450886,-1.2932437369623642,1519244.5849,4135.0
50,2016,3.2788320150167802,2.6135126633360017,3.010790441663087,-1.2883737025915432,1464969.3565,3979.0
50,2017,3.288552211623313,2.597327870884694,2.992491326280018,-1.2886769828206992,1493131.9238,3830.0
50,2018,3.324204149106453,2.5742406588309996,2.953862692131171,-1.2968887968213767,1585435.8401,4072.0
50,2019,3.3233825018715666,2.571813888937519,2.9455824970760784,-1.291804593859953,1576116.4521,3922.0
50,2020,3.3215490888776085,2.5888964311168725,3.012936661384611,-1.3081208119776135,1403548.9044,3166.0
50,2021,3.3273916820424483,2.5710328042566295,2.9864409678366464,-1.3084045829031161,1362374.8351,3120.0
50,2022,3.3244536912366742,2.5512392964019863,2.9657216405837388,-1.305772059943732,1482062.2591000001,3016.0
50,2023,3.3402718206030886,2.52014467602606,2.8943820005084273,-1.299382564209794,1595330.4773,3175.0
50,2024,3.3147278281969994,2.535453699353403,2.9080643738787293,-1.2888104104078226,1601771.7511,3288.0
50,2025,3.311521916982687,2.5626907427976007,2.925404020491829,-1.28396695092165,1338693.183,2539.0
50,2026,3.3037198733353406,2.5390866705738135,2.920658110027587,-1.2914467604332351,229062.99300000002,400.0
51,1976,3.138598047038169,2.7452702169279553,3.1928827792489893,-1.2550138333486143,9897459.78,5922.0
51,1977,3.146598926581975,2.7304549576091444,3.195760409637922,-1.2648177672450112,10560118.0,6232.0
51,1978,3.1683271871323324,2.7274575365894713,3.1729565893015415,-1.264718744992296,10667748.65,6332.0
51,1979,3.16235383717801,2.7211033761106216,3.1066286890537276,-1.2420211401009924,11087078.969999999,6298.0
51,1980,3.14675860991573,2.7148484166685187,3.092952330015556,-1.2337127640304202,11431728.250000002,6298.0
51,1981,3.1563487269271535,2.7067281323248165,3.082528932886463,-1.237206729628417,11421152.37,6259.0
51,1982,3.170786306202116,2.6888697774889017,3.070729087358672,-1.2446763752518542,11259165.89,6100.0
51,1983,3.18266398795185,2.672203663838927,3.0639210960067627,-1.2522416887978276,12569812.219999999,6653.0
51,1984,3.171620885126628,2.6726225980704945,3.0679768753394683,-1.2494503808583701,13151561.91,6192.0
51,1985,3.1849405263165536,2.6685080021779153,3.073034068388757,-1.257316264677937,13259562.69,5314.0
51,1986,3.1862715316216175,2.690312584690239,3.0849956530946065,-1.2532567049972425,13600933.879999999,5127.0
51,1987,3.2088317809560363,2.649582883636561,3.027745239423169,-1.255966288776519,14084654.679999998,5340.0
51,1988,3.226576397547593,2.6256216276803013,3.009947730936539,-1.2629918202166415,14681578.29,5434.0
51,1989,3.226466404726533,2.6373661742191032,3.0155406692606452,-1.2607896741477962,14662914.57,5363.0
51,1990,3.2015898249956103,2.661338603164055,3.053773870525192,-1.259656000785503,15238271.849999998,5451.0
51,1991,3.20396757882095,2.639575240062398,3.0448314013330546,-1.2634212311045374,15589027.61,5284.0
51,1992,3.2101637313263467,2.6398362442589653,3.022390175178422,-1.2582789690256317,15948485.27,5058.0
51,1993,3.2212439879588657,2.6276303597444794,3.0159192875180794,-1.265157030668677,16031095.71,4878.0
51,1994,3.239602470786904,2.6299298782912004,2.9948360453621095,-1.2632245540633371,16674060.295,5421.0
51,1995,3.232686672242055,2.6520986620800975,3.0133192152356223,-1.2583576798348075,16451241.1434,7348.0
51,1996,3.2363988257967677,2.6468794263949684,2.967905755044519,-1.2457467567443314,15785078.994400002,4373.0
51,1997,3.2724832963970365,2.6304666440639597,2.9597715593749423,-1.2579697081239984,16881566.3884,4632.0
51,1998,3.2874478887833827,2.60982133901793,2.9232676660201333,-1.259516245795884,17964190.3215,4929.0
51,1999,3.2858394413910226,2.5949467666743127,2.8975112410680355,-1.2522036411814503,18171458.5828,4987.0
51,2000,3.288819566377162,2.5839653540607626,2.9162346625428057,-1.263819648545347,18643177.2754,5032.0
51,2001,3.2874834492218885,2.5945381833191936,2.9477750320299534,-1.2696211583009325,18462623.090099998,5907.0
51,2002,3.3124184323279895,2.574385465087501,2.9101470556885953,-1.2720372107290507,18126859.588200003,6176.0
51,2003,3.3104790889677966,2.5896797242249288,2.9115928395175903,-1.268479039369361,18164152.3475,5850.0
51,2004,3.2984946638937602,2.5906643242406124,2.9562494604639786,-1.279278392777512,18561011.8231,6213.0
51,2005,3.3212361688039125,2.582739350507819,2.9758606698598755,-1.2965343405276752,19234884.4317,7366.0
51,2006,3.324689444896033,2.572181319453558,2.967841446927478,-1.296793035849303,19340666.2993,7551.0
51,2007,3.3051898550334546,2.5817508925218937,2.9708935711643223,-1.287637298533771,20054475.600100003,7519.0
51,2008,3.326081007919583,2.5758624130223655,2.908564558470204,-1.2749648588332168,19860772.6927,7197.0
51,2009,3.340600681970936,2.547650551194729,2.8830830449362606,-1.282220459149548,18181141.350199997,6635.0
51,2010,3.327176884055993,2.572697859365827,2.8872454321480316,-1.2714255950733204,18023817.2824,6573.0
51,2011,3.3316855095087483,2.5829307315191725,2.9071984710258403,-1.274319344907831,18917597.5389,6822.0
51,2012,3.3390146608796902,2.5644846407414583,2.8693709893713186,-1.2700723342612528,19943681.6391,7042.0
51,2013,3.3662837861742907,2.552243793389563,2.8841550261666677,-1.2887811495775603,20048062.853299998,6986.0
51,2014,3.3752787613241004,2.553882717790247,2.8827756236347257,-1.288629658840318,19892866.4566,6660.0
51,2015,3.3536530678481795,2.530366402302222,2.863753538730899,-1.2849799219542961,18959502.603400003,5790.0
51,2016,3.3422097805587097,2.5328915887220442,2.8711081250520074,-1.2834400664233592,19730197.587700002,5550.0
51,2017,3.366912650425055,2.5325890147184085,2.851448148338288,-1.2829845711457941,19434094.4115,5431.0
51,2018,3.3494304225768516,2.5445310926090445,2.9035382270777377,-1.293167529441512,21421802.210500002,5734.0
51,2019,3.3723240894275297,2.5282386290818337,2.856551780665661,-1.2887036287823512,21874483.6097,5523.0
51,2020,3.4135857674250745,2.5173448075709355,2.791229304297613,-1.2833970024215011,19695983.3905,4419.0
51,2021,3.3821778975787185,2.5271626055937633,2.841616589913985,-1.2881543411453085,20049776.0514,4513.0
51,2022,3.4081247224307814,2.55299243205655,2.877556542824214,-1.296648804379896,20676146.0253,4422.0
51,2023,3.4079606938239047,2.53426885802789,2.8437572542892666,-1.2933146724629556,21581025.4834,4483.0
51,2024,3.402163504756701,2.536918645680612,2.826696820557505,-1.2868056531428147,21920802.4777,4583.0
51,2025,3.412571940093012,2.5260565672580113,2.8456164566019186,-1.295897437724696,19419126.5234,3545.0
51,2026,3.419427864043327,2.514747308989932,2.7660268527183525,-1.2756972783345977,3363131.5701,592.0
53,1977,3.1185777515862485,2.736943664412067,3.1969641571940732,-1.2534991649724452,3971984.4400000004,2356.0
53,1978,3.1542089073012285,2.737861797111522,3.1689767846154266,-1.2530761421027072,8780600.459999999,5167.0
53,1979,3.1397781418178634,2.754064193226558,3.15067573099509,-1.2353890500102869,9602921.75,5390.0
53,1980,3.1682097920552774,2.736112051909291,3.088768439170721,-1.2326073209706876,9790393.33,6400.0
53,1981,3.1905540543153306,2.7029747906447135,3.0751087881450014,-1.2458734637440343,9250104.37,5373.0
53,1982,3.1872610817641314,2.7039960615645655,3.0912040505451737,-1.2497891986197158,9075465.26,4847.0
53,1983,3.187225532578299,2.6457583260387016,3.024795040848272,-1.2500753213412374,9366473.690000001,5021.0
53,1984,3.187272601285666,2.651196318454435,3.0639316126765688,-1.2612483537682984,9237361.59,4504.0
53,1985,3.197002252364036,2.6807310755517832,3.065740974128605,-1.2546209450114953,9742248.7,3791.0
53,1986,3.1895479684314014,2.657666159865221,3.0535244924134077,-1.2557483574524235,10657690.859999998,3877.0
53,1987,3.192292783089803,2.671593015020808,3.0383018483359656,-1.2467682571704783,10633066.16,3963.0
53,1988,3.1809353579688087,2.6818104675920296,3.0658393898051353,-1.2489538488962555,11226961.190000001,4090.0
53,1989,3.1967634767945237,2.6715767132403943,3.0001119744492217,-1.2372531773520123,12380861.36,4560.0
53,1990,3.215872903714485,2.6554401070555826,2.9818786794019294,-1.2412414521599966,12882698.64,4714.0
53,1991,3.2239460727864695,2.649854878061541,3.003615419682528,-1.2529878264556407,12693258.200000001,4296.0
53,1992,3.243436141500311,2.63378947476744,2.9580992652333356,-1.2493617446742962,12793829.72,3954.0
53,1993,3.2336284640719892,2.628241266283168,2.976095553630071,-1.2522113861507522,12599633.11,3700.0
53,1994,3.2020571159106908,2.631002447128347,2.9751055133157887,-1.2455225262637202,12852148.873100001,3691.0
53,1995,3.2123476634186594,2.651843284595564,3.008706610421878,-1.25114776160402,13833613.1599,3853.0
53,1996,3.223224968937346,2.652652945569844,3.02645264089548,-1.2582512104299026,14473961.7317,4059.0
53,1997,3.260310510424492,2.630291893564364,2.9996967926527027,-1.2672464428755692,15517537.2865,4323.0
53,1998,3.266402328329538,2.606762737522909,2.9569271742099423,-1.2656340244709734,16180946.5631,4538.0
53,1999,3.273960323937078,2.617318583912728,2.9708016214145423,-1.2693985402207282,16185495.9245,4527.0
53,2000,3.267006252222097,2.593390938540564,2.9353261680849614,-1.263368204887318,16196181.524899999,4347.0
53,2001,3.2806908731244624,2.624948910638301,2.974033348166501,-1.2674026376188623,15438609.7017,5562.0
53,2002,3.2673856400457884,2.6190480664312257,2.9702591694402676,-1.2650305980544572,15569533.8339,6494.0
53,2003,3.2791785584980944,2.634869282186408,2.992960299837299,-1.2727964060200025,14840311.539900001,6125.0
53,2004,3.2682854396960606,2.6217979244198966,2.980980135337452,-1.2698579297826942,15469380.0403,6137.0
53,2005,3.2853990378463327,2.5953944930883805,2.952070193280318,-1.2724016770863027,15734281.4536,6005.0
53,2006,3.2709501298647523,2.609758068194676,2.955311621826881,-1.2646437707224139,16859965.171099998,6206.0
53,2007,3.2823152768926107,2.6164977171930732,2.9821022554175514,-1.2764578928953125,17563467.8041,6374.0
53,2008,3.290267284596755,2.605288104150067,2.976169413469004,-1.2796043276028166,17913926.916699998,6396.0
53,2009,3.294021759037417,2.580323518046718,2.9179297828408886,-1.2708092647598417,16664775.0092,5868.0
53,2010,3.312530007997897,2.5871429528513104,2.9102161533126427,-1.2704454880556424,15495787.580500001,5360.0
53,2011,3.3192733962834606,2.5574009555401678,2.8819037256442352,-1.27530744835871,15862585.2841,5442.0
53,2012,3.3057031250129705,2.5716762806942497,2.899786710588085,-1.2714389383402498,16321786.980600001,5546.0
53,2013,3.298695904218927,2.6046959891683636,2.9352240814864103,-1.2688546433724457,16454087.8079,5558.0
53,2014,3.298323228951898,2.5865192665149057,2.932252183990565,-1.2735631531314526,15787675.999499999,5271.0
53,2015,3.3227480175297948,2.578296419826937,2.917492211050159,-1.2807209677096953,16403337.4975,5272.0
53,2016,3.3068130786139562,2.580953080419065,2.9067319519439785,-1.2697742164273864,17323848.3067,5393.0
53,2017,3.317851897256253,2.574162085641105,2.9138919318469503,-1.2773354971986215,17927302.674000002,5668.0
53,2018,3.3003278498820574,2.596267551041078,2.9187127947392937,-1.2678343163555026,18300033.5712,5561.0
53,2019,3.3289491879821957,2.6014128501040847,2.9263389782928986,-1.277098523685504,19333206.209700003,5761.0
53,2020,3.3861322228134263,2.5473847068359583,2.862212912801125,-1.291957268046159,17996945.2539,4929.0
53,2021,3.334345538087217,2.564058867199438,2.9243827791721935,-1.2881190079541498,18723492.9674,4885.0
53,2022,3.3514437391414096,2.5590217825399675,2.9339853698066474,-1.3010726358282623,18697733.587899998,4558.0
53,2023,3.385959459741899,2.541601848973388,2.852806095777222,-1.2890579117780705,19312110.0734,4687.0
53,2024,3.4012907556560372,2.524893963830404,2.859317018095771,-1.301090118801037,19140502.9247,4532.0
53,2025,3.386895041082906,2.544308889732434,2.864666565630104,-1.2908289288414907,17116596.336600002,3812.0
53,2026,3.369769388973551,2.5151392871155345,2.853291386063299,-1.2888845042402182,3092561.5053000003,669.0
54,1977,3.0999660638219626,2.9195141091248877,3.3894303110056954,-1.2495355002783326,1713229.3900000001,1511.0
54,1978,3.0902305823007477,2.895533301951635,3.4228962079191936,-1.2626558280420508,3726811.14,3156.0
54,1979,3.080817156241946,2.8905278095804237,3.4065659980594973,-1.25759539440011,3631038.09,3147.0
54,1980,3.120728144749253,2.883541510579127,3.399702091597403,-1.2680610743931926,3637853.25,4948.0
54,1981,3.1184230237496515,2.8640393327142566,3.3454923076823806,-1.2575181181500243,3487277.52,4123.0
54,1982,3.104244025319483,2.8324464245396603,3.2842701175139646,-1.2448198887222348,3135962.28,3287.0
54,1983,3.1038266235487715,2.8240078324413176,3.3422374096944134,-1.2661856001057714,3090862.62,3188.0
54,1984,3.0850087610928787,2.850293589160199,3.3586920015875594,-1.257066441940942,3244053.24,3232.0
54,1985,3.103077293750776,2.812696185820153,3.3698777351418747,-1.277563925627204,3169998.17,3155.0
54,1986,3.0953776729589357,2.8290316619678535,3.403177228945163,-1.2795227579857236,3152015.0900000003,3078.0
54,1987,3.0847337450191743,2.838103999475478,3.38642870611353,-1.267852677070081,3112011.2600000002,3051.0
54,1988,3.086919607957882,2.7879353109519163,3.3482871205033984,-1.2715600057839973,3213413.19,3166.0
54,1989,3.0981948100497876,2.8064637172622775,3.390365103551377,-1.2826789659681734,3475325.7700000005,3434.0
54,1990,3.127167208309444,2.806612273564823,3.3577272857542786,-1.2811376551721996,3408287.9899999998,3429.0
54,1991,3.1263374602797898,2.828246897341503,3.321769881636304,-1.2636606592957929,3414266.4,3374.0
54,1992,3.1126671019964824,2.812886123369204,3.3012434782004774,-1.2582789376999282,3355669.2,3234.0
54,1993,3.088102045743707,2.839063806302363,3.3608658666594704,-1.259763388301128,3122096.8499999996,2897.0
54,1994,3.11090343232227,2.784125772947703,3.3219869250605996,-1.2732701541926457,3405550.1281000003,3099.0
54,1995,3.1173911390668514,2.7774078374868827,3.3368160164828278,-1.2818715069677955,3483257.5142,3222.0
54,1996,3.1272562752357502,2.777016196567234,3.301151391054582,-1.2733724733455603,3522704.8396,3333.0
54,1997,3.151753642574494,2.734695915717807,3.244526782279768,-1.2780573350999107,3519793.8850999996,3232.0
54,1998,3.1536465281169637,2.7360612677016865,3.1820286780691514,-1.2594226123041559,3453782.3466,3077.0
54,1999,3.116989793294455,2.7544521174625194,3.258307262451323,-1.263735744488295,3622491.8868000004,3256.0
54,2000,3.1200665425135825,2.7427977975639206,3.251457397739943,-1.2691342616999097,3725667.9605000005,3375.0
54,2001,3.1626480380655404,2.7467840917638098,3.245428821624742,-1.2767425015423068,3990822.7616999997,4235.0
54,2002,3.146505177354705,2.7257659123408606,3.24084828184195,-1.276751026727051,3684769.7504,4287.0
54,2003,3.146029956820726,2.737801181838144,3.2474019688243354,-1.2757048082520164,3440292.1206,3824.0
54,2004,3.169954603235585,2.7597884363733494,3.258169057930416,-1.2799820220342295,3436937.9111,3561.0
54,2005,3.1523842515785954,2.7594788466681472,3.281402712364916,-1.2793176823861439,3509839.7953000003,3228.0
54,2006,3.1549477932003627,2.7649947709421543,3.2504943708342355,-1.2722699569794673,3817688.37,3363.0
54,2007,3.149233771283786,2.793754911819664,3.351221465684524,-1.2913201834081847,3692163.5667,3244.0
54,2008,3.1784423034377873,2.7786734910359336,3.285576889734867,-1.2837362515220396,3690740.928,3146.0
54,2009,3.196412353156118,2.7438440686693277,3.200556241727274,-1.2740400082388812,3293966.825,2765.0
54,2010,3.21351798655357,2.7111369684096505,3.122749383668211,-1.2628611787448403,3309996.7531,2679.0
54,2011,3.1912688700688254,2.7150392130709085,3.1957568595079198,-1.2776552389775844,3425494.0811,2733.0
54,2012,3.2040809316674053,2.7529835784842085,3.207281151889169,-1.2733948470122183,3319326.3227000004,2562.0
54,2013,3.254599246207726,2.711940830016252,3.153758517240302,-1.285373003754281,3391374.5639000004,2588.0
54,2014,3.186249855561659,2.7133220662465236,3.2179082013552573,-1.2874996304748325,3135585.1454999996,3341.0
54,2015,3.175283981802082,2.7251088471805542,3.2132345828772833,-1.2780206170175807,3170061.7922,4603.0
54,2016,3.1975928157061184,2.7232380613186393,3.192111958501221,-1.2785904382416406,3214662.0996000003,4818.0
54,2017,3.1826237247567017,2.7465358148196017,3.227491351727658,-1.2771676797809062,3334567.7957999995,5092.0
54,2018,3.192191575019666,2.7062167410363,3.186547372026603,-1.2836252183217902,3354496.4764,4954.0
54,2019,3.1991338027926175,2.7345242842097637,3.211821641196433,-1.280668096699385,3394380.2570999996,4731.0
54,2020,3.1959770329694512,2.727646256221258,3.2049205962232614,-1.2790944335699845,3122520.9302999997,3667.0
54,2021,3.2281309244074325,2.6698688574536633,3.1369254527105035,-1.2858161773154555,3269446.1078000003,3668.0
54,2022,3.2702761839882477,2.685422631107659,3.188795198838538,-1.3106347131473426,3199618.4974999996,3541.0
54,2023,3.2141257969599066,2.69734448317096,3.194099569475266,-1.2910061792740992,3335642.7229999998,3684.0
54,2024,3.2205834732420278,2.701545764366534,3.20709055646141,-1.2979138411943558,3329135.6834,3883.0
54,2025,3.2257532586806774,2.699131748493214,3.19755316089086,-1.298956544448803,2982940.3574,3351.0
54,2026,3.271187689439196,2.6197148263499215,3.0469635539512816,-1.2904566656746381,508379.4297,515.0
55,1976,3.0876156944931754,2.811028377242399,3.1675623381156894,-1.2156981867929322,10029844.02,6209.0
55,1977,3.069800223844718,2.8038524471223534,3.1713197306927747,-1.211094819761412,10075218.43,6116.0
55,1978,3.0844778093254033,2.7868465679077628,3.1925128890489076,-1.2283124051115013,10639492.46,5857.0
55,1979,3.0944593228552146,2.824537545969276,3.1993636678639787,-1.2221918723629406,10930576.54,5980.0
55,1980,3.0821850964098636,2.817898703601219,3.1547625508456782,-1.207705272616155,11326750.52,6206.0
55,1981,3.097526605114116,2.810243807652994,3.141951678602563,-1.2107700445591756,11514892.49,6100.0
55,1982,3.1173595222114026,2.770515498886122,3.1066116965211874,-1.2193785813693954,10661249.009999998,5696.0
55,1983,3.1127249457900326,2.753530947987908,3.1342492753929925,-1.2324730334117464,10467754.5,5501.0
55,1984,3.1091560813897843,2.7516229283746148,3.147696479990666,-1.2336221739339384,10911557.629999999,5444.0
55,1985,3.109641250085787,2.7439647838035124,3.148478454343993,-1.2386893079093548,10918377.29,4884.0
55,1986,3.115495824281,2.7573367905913098,3.145070821216397,-1.2343758851911162,11024667.97,4740.0
55,1987,3.1154160307070637,2.7452409695200948,3.1225135415391607,-1.2306659232019825,11473406.040000001,4958.0
55,1988,3.1149186896935066,2.7597880387305755,3.1259184733854766,-1.22846927119949,11934488.71,5068.0
55,1989,3.1358164942006734,2.7392595160987714,3.0932736681343624,-1.2281765810825898,12011790.5,5083.0
55,1990,3.149907649382081,2.7501998680766424,3.093238641553763,-1.2283535131250425,11908750.260000002,5221.0
55,1991,3.136163201589418,2.759042200940408,3.118293900831478,-1.2279587257823412,11883075.860000001,5193.0
55,1992,3.12239951853314,2.7551860297917665,3.1487031474531753,-1.2354431803373231,12665682.08,5414.0
55,1993,3.1543287714874593,2.7375040973032676,3.0969512759409494,-1.2356775799385766,12659366.19,5277.0
55,1994,3.1431725846359573,2.777128900863857,3.116244041000265,-1.2273303544236076,13113090.420999998,4950.0
55,1995,3.1438764350720074,2.7620709199255877,3.118533831611745,-1.2320405064102684,13924475.4642,4863.0
55,1996,3.144802662311211,2.753407687283391,3.0964750172124087,-1.227553251509913,14557775.8774,4998.0
55,1997,3.1668120787194547,2.7413929337251948,3.103820956221268,-1.2394801361472458,14844669.8356,4957.0
55,1998,3.1773292748418602,2.7451792842664253,3.1002394219445653,-1.2400798132083926,14971497.5068,4948.0
55,1999,3.183206292345256,2.7265050678628993,3.0894607783054493,-1.2458434545912038,14546530.6245,4743.0
55,2000,3.151883519336395,2.7599719277588277,3.1205946944532603,-1.2339010710927076,15209902.676199997,4935.0
55,2001,3.1924500642041402,2.7282484152694892,3.0908175701238663,-1.246714531122623,15280991.7736,6941.0
55,2002,3.1923718329700432,2.7093498475056057,3.079288992531174,-1.2492386951022365,15338156.6823,7782.0
55,2003,3.201147390804005,2.718814663671968,3.06166566951794,-1.2435514352062191,14243349.1256,7342.0
55,2004,3.198000753281047,2.7140644080984146,3.1065954680341803,-1.2590969830780998,14224350.058699999,7032.0
55,2005,3.185988316672911,2.7090263599940076,3.106917340679078,-1.2557968569330917,14491927.8327,6797.0
55,2006,3.1902440077576864,2.7106496584043556,3.0897557440676233,-1.2534114949215225,14915822.7911,6750.0
55,2007,3.197063390461311,2.717092932681529,3.102760693617264,-1.2560033165562077,14491374.876600001,6549.0
55,2008,3.2119217054722533,2.699137488340021,3.06632425181002,-1.2547647556551154,14430643.4636,6556.0
55,2009,3.221284248614713,2.672256688386247,3.0391405560398725,-1.2607135913720953,12957706.0631,5980.0
55,2010,3.20001229437589,2.7044576660549264,3.039454213428727,-1.2420640171115904,13325959.985399999,6215.0
55,2011,3.2192146268049155,2.6920140609427006,2.9962662045105346,-1.2370472200269902,13289892.063299999,6156.0
55,2012,3.233235801022146,2.687125363949806,2.9956768019518227,-1.2415929786438538,12939627.1148,5893.0
55,2013,3.2402421416645573,2.6808928726619428,3.0145948010677355,-1.2554905099721614,13630711.542400002,6300.0
55,2014,3.2335140796504294,2.714247655644972,3.039660594626069,-1.2480662616005753,13973761.331500001,5841.0
55,2015,3.2307260073171395,2.675775037749614,3.032242567958767,-1.2562236267757445,13995861.4572,4754.0
55,2016,3.23551662047629,2.6822017342544107,3.046304699920161,-1.2603199162688055,14602788.0995,4554.0
55,2017,3.226905169768086,2.6865806182609995,3.060016829871256,-1.2598875722842056,14396196.853300001,4363.0
55,2018,3.253291099222637,2.679093001765465,3.023231035924012,-1.2599966232609514,14234872.678,4131.0
55,2019,3.2475193303952947,2.687187655524997,3.0300302501059617,-1.2564286972880978,14109886.9794,3956.0
55,2020,3.2648047238001063,2.68430746772429,3.014333174324064,-1.2603473498650652,13774285.291900003,3550.0
55,2021,3.279919283574873,2.661790923646303,3.016718172713328,-1.2738971128300207,14797567.237499999,3750.0
55,2022,3.260142267852372,2.6512423337554742,3.0134833138849886,-1.2684995021930578,14230495.9979,3421.0
55,2023,3.273083366962355,2.67900830476344,3.0083563317289967,-1.260616133983625,14666790.186999999,3558.0
55,2024,3.281586043240513,2.658945965854487,2.9933545245858526,-1.2646279447783288,14804856.7847,3552.0
55,2025,3.287115516840252,2.6322384596137245,2.9918765351227354,-1.273582895957743,13333677.6547,2873.0
55,2026,3.258439306559284,2.6526524046833413,3.018732534519953,-1.2693211177258388,2330358.0864000004,485.0
56,1977,3.1655441935727606,2.704108247257328,3.2439637972147666,-1.2908868078229212,477956.08999999997,1823.0
56,1978,3.172842861172557,2.739772438956695,3.2232723936487893,-1.274235621233505,1013110.6400000001,3877.0
56,1979,3.1738212858317025,2.7560177531106365,3.258413279591214,-1.2800124223184604,1092502.5500000003,3849.0
56,1980,3.1818197323680297,2.7401725730013373,3.243695073484673,-1.2816353060836763,1094455.79,5110.0
56,1981,3.1921758817041277,2.7407983255730564,3.213335934485112,-1.2779308869815107,1192977.2799999998,4186.0
56,1982,3.2144654665359975,2.6758426615347095,3.1373690301265698,-1.2805499723891265,1178419.06,3647.0
56,1983,3.1503449714300715,2.6816435127485625,3.176910147441721,-1.276447030215961,1272401.65,3792.0
56,1984,3.1603162401716514,2.6947499216058133,3.2048799966541903,-1.2815178472545243,1313171.24,3673.0
56,1985,3.138462909121283,2.7429668486092553,3.272558774270115,-1.2820632462654613,1245359.9,3569.0
56,1986,3.118203239236932,2.732801650493972,3.282558362109276,-1.280038524126023,1181559.74,3106.0
56,1987,3.1312060099865375,2.7099790433399567,3.220241309447376,-1.2711914774399953,1114628.4799999997,2822.0
56,1988,3.163503390341357,2.6881766229894306,3.212364716560093,-1.2881147523562881,1042847.36,2831.0
56,1989,3.125305280424197,2.705913477855228,3.243210608681966,-1.2761151809376905,996230.87,2861.0
56,1990,3.151831094889042,2.686604647907319,3.227780513319714,-1.2873839401823277,1052333.8900000001,3001.0
56,1991,3.1712239527081345,2.7001100188688865,3.184944814360374,-1.2761389420347584,1040485.26,2927.0
56,1992,3.1559700314700594,2.6981087250701243,3.1837623134278115,-1.2719814993761505,1046443.8600000001,3069.0
56,1993,3.150158335465943,2.70132401002685,3.2382985076338757,-1.2861403847788964,1023064.01,2817.0
56,1994,3.1400022285829903,2.687903863219181,3.2160739857744223,-1.2821912937973683,1110460.4949999999,3163.0
56,1995,3.170471572277219,2.6817069533342783,3.2191743204626118,-1.2949550890369,1148621.6952,3774.0
56,1996,3.1788213405479397,2.6679908063570603,3.2007131371278597,-1.2949901237542607,1137194.4130000002,3614.0
56,1997,3.164408442244368,2.7046470943184815,3.215106701498362,-1.2833607819986712,1120892.9479,3489.0
56,1998,3.1633255096925748,2.6966225199073732,3.2554181347667512,-1.2968666530259494,1174029.4826,3913.0
56,1999,3.165662386683298,2.7116477467632967,3.2854935758857353,-1.3016773279989946,1204935.7258000001,3868.0
56,2000,3.186245547331388,2.695657902211458,3.246461192942215,-1.3010109516808908,1248780.1387,4100.0
56,2001,3.202581592091407,2.6978821194245564,3.2280251138174627,-1.2993411413914802,1265298.5472,4658.0
56,2002,3.2038900871513762,2.699209924062027,3.221624128391696,-1.297190193184912,1315436.9265,5067.0
56,2003,3.192548780439683,2.7252346986713474,3.2726983389132482,-1.2993058092264183,1320964.8361999998,4860.0
56,2004,3.1916145600448593,2.703452996060927,3.237752735635334,-1.2959740782654015,1341721.6541,4970.0
56,2005,3.17920289309146,2.734540678873819,3.3069471418248,-1.3037848380186003,1385500.8532999998,4671.0
56,2006,3.1806004161364907,2.7482036754606014,3.32864136523855,-1.3077008358953583,1477014.8503,4917.0
56,2007,3.200329582993757,2.7576507106185772,3.308041893303164,-1.3059043493998521,1496637.9085,4985.0
56,2008,3.2108604630711843,2.75727005183318,3.2791937751095377,-1.2968190170435745,1483217.7228,4855.0
56,2009,3.1961882566049757,2.7413274917381014,3.3129597730339633,-1.3082812029677715,1410702.9362,4658.0
56,2010,3.1863439665263655,2.726710329905033,3.2730312284184495,-1.2987766482424723,1410379.8232,4613.0
56,2011,3.1682107848037795,2.7614596826696154,3.3023263640674054,-1.2903163983331163,1456236.3975999998,4695.0
56,2012,3.2029563715208083,2.732753831090132,3.2587086480447724,-1.296551447755926,1528050.894,4596.0
56,2013,3.2085830437763265,2.7513202774982566,3.2560001183509417,-1.2915200060617131,1528830.0415999999,4259.0
56,2014,3.200623065038797,2.750950409061139,3.2417419541147905,-1.2835408718241013,1523036.7785,4603.0
56,2015,3.2234305228667472,2.7095228641230125,3.260039559855916,-1.3113124699709264,1451716.6599,4552.0
56,2016,3.209387983584175,2.7044463402190697,3.254553721000116,-1.3094899182178006,1405836.1064,4565.0
56,2017,3.1947314961828814,2.723135585987257,3.293651285806996,-1.308579953655568,1328117.5159,4338.0
56,2018,3.190376671181662,2.7265180516801544,3.251952472190174,-1.294228600772706,1350303.3390000002,4178.0
56,2019,3.221071112390666,2.7036905560131905,3.2118992420827728,-1.2988340157236336,1326867.1323,3899.0
56,2020,3.2372042314044274,2.700583043009383,3.2186253571868546,-1.3051271931519748,1238675.6191,3419.0
56,2021,3.233407886346411,2.670043970113051,3.1764679085991765,-1.3030954148708618,1314605.6506,3469.0
56,2022,3.2418154232311567,2.6710704422076037,3.209273922627398,-1.311907728868484,1275349.9797,3147.0
56,2023,3.2395487128015863,2.670034877040472,3.1500599868452825,-1.295032032485543,1414737.6724,3416.0
56,2024,3.277469656856785,2.6321677376770496,3.122477946546205,-1.3117897951464317,1375595.8077000002,3240.0
56,2025,3.2838988809450727,2.6577972812456525,3.1813106116245455,-1.322718595529649,1193313.6526,2601.0
56,2026,3.3170361952602785,2.674039580048073,3.1288461938485055,-1.3086379684292206,220332.5809,489.0
