STATEFIP,YEAR,mean_routine,total_emp
1,1977,2.7590960740098613,3137913.48
1,1978,2.768996132869296,6153616.489999999
1,1979,2.7679611437148464,6051210.66
1,1980,2.7862326690838803,5701107.040000001
1,1981,2.7635537689719745,5832726.04
1,1982,2.731457108442581,5952801.53
1,1983,2.785248672999553,5826801.33
1,1984,2.809623484094646,5794016.23
1,1985,2.756652539037714,6092146.77
1,1986,2.766590448212593,6230360.36
1,1987,2.769526091182144,6594653.18
1,1988,2.743825666528289,6423886.890000001
1,1989,2.772454021075225,6388222.33
1,1990,2.774646444632054,6450065.340000001
1,1991,2.7577142487719515,6368523.7299999995
1,1992,2.776367121320771,6343579.0
1,1993,2.7718981404535206,6404473.4799999995
1,1994,2.7265837203397427,6474402.5627
1,1995,2.7388426861221484,6571268.7068
1,1996,2.7577974328273696,6384840.7249
1,1997,2.7016846218257786,6810033.2008
1,1998,2.715429355615114,6612759.347700001
1,1999,2.7319731386659947,6353255.704
1,2000,2.7180789593623875,5894904.833
1,2001,2.691813601952104,6111158.8178
1,2002,2.6740101089251556,5625445.3493
1,2003,2.6687493360945465,5609674.025
1,2004,2.668805124517299,5702381.7829
1,2005,2.6941400951650882,5849496.559800001
1,2006,2.6669339515595665,6699264.8598
1,2007,2.712267232718035,6549289.1298
1,2008,2.7114083489190994,6158469.8781
1,2009,2.6481090003011123,5319546.2005
1,2010,2.6863787504558796,5070586.93
1,2011,2.6774349900156595,5269873.592600001
1,2012,2.6442069851065013,4988050.251
1,2013,2.672485587743499,5569915.4586
1,2014,2.686597285262178,5597881.4161
1,2015,2.653717874680104,5507288.0269
1,2016,2.662751906694596,6017069.2475000005
1,2017,2.693957838187762,6134926.5171
1,2018,2.6664784774528125,6384447.2421
1,2019,2.6536287004520553,6351128.3464
1,2020,2.672869744317179,5752191.1329
1,2021,2.6619562630297295,5556547.6221
1,2022,2.6743584137756335,5686416.795700001
1,2023,2.670815417921643,6508683.092499999
1,2024,2.656784427334298,6535681.8686
1,2025,2.6169680519424676,5797194.4241
1,2026,2.574229934983122,976737.5857999999
2,1977,2.617378215859596,322104.88
2,1978,2.619746764756817,781867.31
2,1979,2.6206364467915386,755939.7200000001
2,1980,2.631433083660751,808824.4199999999
2,1981,2.667967481348109,891083.8700000001
2,1982,2.6260695222500083,861529.06
2,1983,2.643744866521341,886402.53
2,1984,2.621410918205594,943366.36
2,1985,2.636295968243547,887484.53
2,1986,2.6290723357468,884794.74
2,1987,2.6009264738202407,784557.4299999999
2,1988,2.6100387104608553,687431.98
2,1989,2.6345212494086185,669731.49
2,1990,2.638877438827224,801168.69
2,1991,2.616286071360485,788251.55
2,1992,2.615310931063532,836472.8899999999
2,1993,2.6166672729583857,890882.78
2,1994,2.608550992452215,843829.0390999999
2,1995,2.617759196174882,773991.1007000001
2,1996,2.619380907824883,722060.3259999999
2,1997,2.6346660749711677,796328.4229
2,1998,2.642052234057018,844534.8201
2,1999,2.626107356655475,803901.309
2,2000,2.627595307526368,814071.6132000001
2,2001,2.6116423379455287,845769.9417999999
2,2002,2.6347672543304954,811045.2141
2,2003,2.6536353451135914,782015.7174
2,2004,2.656072017489492,842078.8478000001
2,2005,2.6091069475725392,934707.8004000001
2,2006,2.6421798284330045,965558.8665
2,2007,2.6018202173797227,951438.3430000001
2,2008,2.642184979789576,1005466.8703
2,2009,2.640814440364096,1016831.7785
2,2010,2.6321006784099326,1033322.1203999999
2,2011,2.61133732481995,1032854.3324999999
2,2012,2.6008488919945205,981805.9234
2,2013,2.5929942318424475,1010276.8573
2,2014,2.582282889464261,1048501.2744999999
2,2015,2.633552128757533,1032158.4891
2,2016,2.6066855618422955,953756.7789
2,2017,2.603109544646764,954134.9078
2,2018,2.6183747906672865,958026.6542000002
2,2019,2.6015326416849307,991826.4585
2,2020,2.627380185277296,829369.4665999999
2,2021,2.6283324594524307,869425.4849
2,2022,2.5853830922036725,847330.2107000002
2,2023,2.62497488962835,955699.0433999998
2,2024,2.6238083196171247,875939.9546
2,2025,2.6558191066440298,817760.665
2,2026,2.6711324029752364,179276.09660000002
4,1977,2.6455041481731136,1967395.83
4,1978,2.6717547212358004,4051909.0700000003
4,1979,2.656298153824658,4426455.0
4,1980,2.651739720635035,5000621.42
4,1981,2.64815806097527,5092177.77
4,1982,2.6338037793625797,5587011.96
4,1983,2.6614299876951297,5950192.76
4,1984,2.6647914343805463,6271092.4
4,1985,2.6539473087321666,6036130.1
4,1986,2.6465978838583415,6602403.44
4,1987,2.6532031334974944,6483563.54
4,1988,2.6568851834921468,6104804.92
4,1989,2.6441385131200534,6092022.61
4,1990,2.6287398443888272,6509939.78
4,1991,2.6400584759537136,5666250.899999999
4,1992,2.5996348307209023,5379184.29
4,1993,2.6139712299190707,5242430.6
4,1994,2.605002943890412,6047421.0435
4,1995,2.6203539832384513,6965837.4325
4,1996,2.6472418554645865,7468042.314300001
4,1997,2.6308784707971222,7981444.3116999995
4,1998,2.630365172265208,7735801.7497
4,1999,2.611081001414871,7990231.7268
4,2000,2.63151502088453,8374752.152300001
4,2001,2.630567088852157,8374685.735400001
4,2002,2.596608806064632,7833762.9498
4,2003,2.5842054123702116,7863273.451900001
4,2004,2.5918785317099853,8087712.7622
4,2005,2.5966162608186174,8363234.1306
4,2006,2.605488901765293,9013627.0987
4,2007,2.5837937408832863,9151320.4541
4,2008,2.5907304210282733,8835385.5261
4,2009,2.5490567126696235,7864561.467300001
4,2010,2.548131948247407,7795501.9528
4,2011,2.56649102780899,7657713.2475000005
4,2012,2.560850513615627,7720680.6778
4,2013,2.565923425137338,7422626.2171
4,2014,2.5560124492260816,8091692.5583999995
4,2015,2.5966103166052217,8724302.4185
4,2016,2.6133531028763386,8803119.9754
4,2017,2.5521252660797193,9170318.703000002
4,2018,2.5546000879873754,9494190.075800002
4,2019,2.5884482088000453,10210942.444899999
4,2020,2.6170676719083366,9702206.8624
4,2021,2.6089994215670975,10586155.9532
4,2022,2.6271404585506293,9389547.0842
4,2023,2.5814593417345275,10940852.566300001
4,2024,2.578799509849819,10112977.128800001
4,2025,2.5775187367579413,9626524.7441
4,2026,2.578793195540815,1693788.8708000001
5,1977,2.7513186685704367,1762923.9300000002
5,1978,2.7792179632390077,3503383.2199999997
5,1979,2.762451699188967,3914105.4099999997
5,1980,2.756419937696776,3769073.0999999996
5,1981,2.7288848681399394,3731524.76
5,1982,2.731374403992394,3789460.3499999996
5,1983,2.7155657063729866,3827710.86
5,1984,2.772463756904587,3689514.85
5,1985,2.7384704183056665,3683973.24
5,1986,2.7424565416876114,3711945.8
5,1987,2.759260892245821,3617676.8300000005
5,1988,2.7962480413567,3912305.2800000003
5,1989,2.748818892722538,4206335.09
5,1990,2.748935350889149,3871241.28
5,1991,2.7596289622590504,3656791.4800000004
5,1992,2.7517090054596594,3663412.0999999996
5,1993,2.7843498289130917,3402683.59
5,1994,2.797914382024681,3922854.0535999998
5,1995,2.7496746553489824,3764431.5291999998
5,1996,2.7705669750974864,3894525.684
5,1997,2.742785310227107,3821505.9311999995
5,1998,2.6890250014568418,3930019.3604
5,1999,2.700487231865638,3946644.3384999996
5,2000,2.7239561126309964,3912818.1067
5,2001,2.724361796902699,3620493.8474
5,2002,2.6927992643658567,3533625.3882999998
5,2003,2.697948463167175,3500755.2207
5,2004,2.6782727119175584,3707054.7656999994
5,2005,2.6967889470370943,3697260.1736000003
5,2006,2.687587705633871,3869617.9511999995
5,2007,2.69306473964564,4205187.8625
5,2008,2.679764340323779,4029120.3079999997
5,2009,2.6469110495143937,3941082.1289
5,2010,2.647235206653251,3848612.4438
5,2011,2.6438870845449705,3929806.7193
5,2012,2.6381751021087276,3696531.3573000003
5,2013,2.650643851518185,3446230.9398
5,2014,2.67480998343663,3584958.2673
5,2015,2.626749177169285,3523989.4471000005
5,2016,2.6130641726967325,3741029.958
5,2017,2.6244048355556844,4061552.6415
5,2018,2.6602636022068875,4003653.6687000003
5,2019,2.661576905811452,4141781.7254
5,2020,2.6680928542195974,3656819.8537
5,2021,2.6635143882903867,4054789.9477999997
5,2022,2.63193655191042,4055811.3571
5,2023,2.6255820665499594,4179209.33
5,2024,2.622123862402873,4254182.6108
5,2025,2.681070851578767,3989327.5944
5,2026,2.586330904423963,741042.4327
6,1976,2.6747639778479093,50754796.339999996
6,1977,2.6722948896477976,48029688.53
6,1978,2.6860985049001624,43917878.440000005
6,1979,2.6847869561841877,45011668.879999995
6,1980,2.6899645831158097,47734529.910000004
6,1981,2.6823046736845475,47004845.95
6,1982,2.675061421161365,45663441.14
6,1983,2.678564020398967,45965580.57000001
6,1984,2.680651436438143,47656969.72
6,1985,2.676214604144071,48892845.54000001
6,1986,2.689540571662495,49878140.379999995
6,1987,2.6751581389884094,51368656.93
6,1988,2.664788425744437,51639161.0
6,1989,2.65715967382712,51409685.27
6,1990,2.6687257258145936,54976743.230000004
6,1991,2.6621512048204345,51694730.66
6,1992,2.6750298717957164,48914033.66
6,1993,2.670603010738069,46564123.73
6,1994,2.6587405852080184,45627873.479100004
6,1995,2.653402471023185,44323470.946
6,1996,2.632609608171209,45345562.7849
6,1997,2.632367134968239,46284902.8162
6,1998,2.6249530890789683,48200903.2261
6,1999,2.626170671195815,48971096.5294
6,2000,2.6269639637985613,51610619.282800004
6,2001,2.6279951713053955,50125782.2923
6,2002,2.612069050706985,48690476.79970001
6,2003,2.6147355819784512,47604331.287300006
6,2004,2.6229123439989452,48100226.7693
6,2005,2.603215897999991,50913809.619
6,2006,2.6007975008478583,50232887.5478
6,2007,2.608824259118525,51016469.695999995
6,2008,2.5942422799659104,49872891.3635
6,2009,2.5869601933339275,45834633.932
6,2010,2.58724451799495,44334703.9715
6,2011,2.615718598544332,43934826.9272
6,2012,2.59429947066664,45757173.613
6,2013,2.5885507534103693,47044513.665199995
6,2014,2.593738601853457,47826481.5938
6,2015,2.5937794273442467,48056641.620400004
6,2016,2.5909761332940953,50007713.42559999
6,2017,2.595798062005907,50218074.9177
6,2018,2.587882188885819,50294024.44110001
6,2019,2.571862985697218,51147845.7492
6,2020,2.5772303331745574,44126847.0369
6,2021,2.5921724882534773,45382844.3952
6,2022,2.5716376197659603,47409451.7156
6,2023,2.5700940848619904,46698887.6942
6,2024,2.551007431218468,44667396.3301
6,2025,2.5427699198361964,42002733.1549
6,2026,2.5273950087544073,7314154.8881
8,1977,2.6315007880612287,3064870.09
8,1978,2.656630478868357,5575798.220000001
8,1979,2.645316626518447,5917925.92
8,1980,2.645007752176362,6095931.5600000005
8,1981,2.6416577254670304,6171350.39
8,1982,2.626843924098854,6118898.39
8,1983,2.6253808811898818,6431500.850000001
8,1984,2.6357540482402424,6603525.78
8,1985,2.6196648693511353,6490571.54
8,1986,2.603458398483976,5726010.850000001
8,1987,2.5974377100354697,5553499.68
8,1988,2.6141158815535417,5744161.3100000005
8,1989,2.6629604498460133,5503599.720000001
8,1990,2.6169797219931743,5768363.2700000005
8,1991,2.5858947635670435,5769364.43
8,1992,2.6403602791167273,5564579.43
8,1993,2.5941498133881944,6139554.4799999995
8,1994,2.635424110529106,6368339.407899999
8,1995,2.5998998459806333,6675017.429099999
8,1996,2.5993933684492214,6443755.8684
8,1997,2.5989260230867894,6786091.278899999
8,1998,2.5962760687674935,7313871.7974000005
8,1999,2.5665368020773625,7153456.3514
8,2000,2.590900011751198,7526348.856699999
8,2001,2.578179595903621,7558042.974199999
8,2002,2.5544945752717667,7770154.017499999
8,2003,2.5773253121975874,6882977.0778
8,2004,2.555143895750965,7369533.2687
8,2005,2.5713991017013056,7349100.1832
8,2006,2.581150639674421,7229259.3061
8,2007,2.561706977406002,7429733.6379
8,2008,2.5629149548748837,7353451.297499999
8,2009,2.538354486629358,7073072.928599999
8,2010,2.5615053073512777,6658944.998000001
8,2011,2.5749935275382976,6825182.2541
8,2012,2.5749697439112076,6864844.4185999995
8,2013,2.569965317965243,7183590.7693
8,2014,2.5414420806932303,7192271.748000001
8,2015,2.5950247218471088,7070280.0503
8,2016,2.55957810065697,8103192.6992999995
8,2017,2.5363270734291405,8622940.196600001
8,2018,2.540377026746,8792629.3037
8,2019,2.5024487571985756,9331270.2801
8,2020,2.5516017650882628,8416864.9387
8,2021,2.5173140818147206,8377212.6459
8,2022,2.5172860242548314,8495288.7486
8,2023,2.5237237723603285,8677006.5486
8,2024,2.546149655430353,8556780.1369
8,2025,2.5615749157420615,8276108.73
8,2026,2.54426894518164,1437103.9490999999
9,1976,2.7040151282687295,5310069.46
9,1977,2.7107601049640575,5320089.39
9,1978,2.71009355957702,5747698.54
9,1979,2.7045692249763107,5930574.12
9,1980,2.6997066245808847,5967336.02
9,1981,2.7252117576650554,6118643.43
9,1982,2.682466322890586,5766472.71
9,1983,2.6769907144959504,5847092.13
9,1984,2.717286339199203,5960546.449999999
9,1985,2.734667185937255,6335244.029999999
9,1986,2.683263996836252,6193124.5600000005
9,1987,2.6915742061433705,6239362.2
9,1988,2.69981401747034,6115870.76
9,1989,2.6698610803274363,5980402.96
9,1990,2.669113637061353,5579429.0200000005
9,1991,2.623924923872754,5506261.31
9,1992,2.6233784027537754,5362964.0600000005
9,1993,2.6416376096377707,5012053.5600000005
9,1994,2.644587614545963,4676867.4043000005
9,1995,2.6309202347017315,4373590.101400001
9,1996,2.6022020330461606,4316770.6248
9,1997,2.586248291282185,4160078.7201000005
9,1998,2.5964119787740043,3864837.7932999996
9,1999,2.591495862873487,3854063.3282
9,2000,2.59740139807126,4025390.2684000004
9,2001,2.5617486633713096,3805515.022
9,2002,2.5693170253629374,3991351.2293000007
9,2003,2.578746697230122,3999307.1095000003
9,2004,2.5689434094339973,4126378.884
9,2005,2.578981420868499,4023658.5357999997
9,2006,2.570850451086686,4224625.4825
9,2007,2.560557970277747,4520625.6529
9,2008,2.5821960706579095,4214519.975000001
9,2009,2.5561656455705157,4264158.051999999
9,2010,2.5622465882016145,4107127.1837999998
9,2011,2.5634947049369643,4250148.722
9,2012,2.555387820562884,4097972.1066
9,2013,2.547563085608263,4333259.072799999
9,2014,2.553976881508146,4462933.9989
9,2015,2.5646443271275077,4433956.7612
9,2016,2.5549133712830088,4364664.9695
9,2017,2.54941844948836,4532878.0179
9,2018,2.5321971048304337,4693362.2209
9,2019,2.582948126374949,4644713.7820999995
9,2020,2.6105960722796095,4159458.3779999996
9,2021,2.5663007198951897,3931543.5333000002
9,2022,2.5445390031368387,4229116.6461
9,2023,2.57609883871478,4405438.5755
9,2024,2.5591582364155228,4613349.7656
9,2025,2.549580472629652,4456300.0666000005
9,2026,2.515085924370055,801560.0473
10,1977,2.6425098908812523,516598.06
10,1978,2.6597871985978814,1142348.39
10,1979,2.669570404287093,1042263.97
10,1980,2.668687327342164,1117144.04
10,1981,2.6425166053801292,1149279.0699999998
10,1982,2.6760551191941455,1135641.52
10,1983,2.6806122645214483,1082394.53
10,1984,2.677066356915585,1231110.16
10,1985,2.686672117365245,1278945.6
10,1986,2.6933631871657866,1319699.74
10,1987,2.6723926874843102,1325307.04
10,1988,2.6746258682621815,1344070.1400000001
10,1989,2.7023355457504383,1388770.7
10,1990,2.663775030430114,1332811.2
10,1991,2.622662724193469,1136123.1099999999
10,1992,2.615488353537509,1128498.8199999998
10,1993,2.6414766206011873,1124599.2799999998
10,1994,2.616737424325729,1217807.4836000002
10,1995,2.654905797301598,1210105.7835
10,1996,2.610694098278477,1151846.05
10,1997,2.633360170284733,1118245.2611
10,1998,2.6082335542204715,1214519.5737
10,1999,2.614551688953998,1172587.9469
10,2000,2.6127432972726186,1120684.2836000002
10,2001,2.5969170516473166,1148337.2301
10,2002,2.5689988565782276,1187347.8832
10,2003,2.5975538638510867,1194559.8998999998
10,2004,2.594408785149072,1173198.9371000002
10,2005,2.5907303366512324,1226956.2332
10,2006,2.6148761074373246,1251209.7088000001
10,2007,2.6181374090371126,1270532.8705
10,2008,2.5977588440884007,1194122.1096
10,2009,2.6109819577569446,1119010.9009
10,2010,2.6169020636390474,1026893.2523
10,2011,2.615668172074257,1002648.3236
10,2012,2.62094046256237,1028124.4199000001
10,2013,2.6064874610506803,1093204.7437
10,2014,2.5727007090951974,1203064.6328999999
10,2015,2.60172677873743,1064382.9756
10,2016,2.580662455465661,1160482.338
10,2017,2.6151023738510486,1339978.56
10,2018,2.5957375320590765,1271723.2278999998
10,2019,2.5536462866503924,1316413.1012000002
10,2020,2.601680181828036,1162334.3806
10,2021,2.6409137725760123,1150373.1941
10,2022,2.6192910941693355,1214448.5795
10,2023,2.59467929117241,1404999.7827
10,2024,2.5426459831687906,1266755.0835
10,2025,2.5570026720252157,1217342.9246
10,2026,2.5293320689424115,171626.38319999998
11,1976,2.6124774915548814,1336501.8699999999
11,1977,2.6153015069288648,1132547.58
11,1978,2.634116306278481,1142548.7200000002
11,1979,2.6387196925765974,1170986.51
11,1980,2.5916676293856513,1245396.2399999998
11,1981,2.5723989170122583,1038991.27
11,1982,2.5806282856036025,1079633.97
11,1983,2.5971851042859297,1105539.5899999999
11,1984,2.5857622182569258,1076687.17
11,1985,2.5945202656766964,1057159.2399999998
11,1986,2.5749854844429585,1093515.9300000002
11,1987,2.5866415076217093,1249973.0399999998
11,1988,2.5613152448844434,1184280.59
11,1989,2.5795205571563633,1053012.1500000001
11,1990,2.545722607452992,1109990.26
11,1991,2.5246959521568546,988816.11
11,1992,2.4866295085627277,870813.5
11,1993,2.4613797354226477,882661.5899999999
11,1994,2.464105111033016,935265.1276
11,1995,2.4690024784583344,802869.0166
11,1996,2.4734366284273164,784866.0796
11,1997,2.468628154997194,720147.2753
11,1998,2.4353675826000623,777411.2597
11,1999,2.4594105800122805,849389.9019
11,2000,2.467931452290677,934186.4559
11,2001,2.462302294488259,884486.818
11,2002,2.4165788183101093,852611.6915000001
11,2003,2.4322646988568195,860219.2348999999
11,2004,2.442945140796034,795716.6118000001
11,2005,2.4070819413876734,885402.4550000001
11,2006,2.416468502932011,874168.4218
11,2007,2.378064357326763,989811.5475999999
11,2008,2.402761290603974,1048244.5614
11,2009,2.3804500558222776,928630.0471999998
11,2010,2.336887713602033,1018161.6374000001
11,2011,2.3741624461043536,1053694.4428
11,2012,2.3921453690072325,1161124.8276
11,2013,2.364619370591071,1195941.549
11,2014,2.3153820238487626,1182221.5222
11,2015,2.358338040610381,1218350.6776
11,2016,2.3449517318597835,1248231.2593
11,2017,2.3523140195320256,1313713.6588
11,2018,2.3563807185883827,1312163.6158999999
11,2019,2.3188647499655204,1215404.7596
11,2020,2.3160232878062503,1049166.1736
11,2021,2.295310666952857,1117357.6819
11,2022,2.3054138084867626,1061339.5702
11,2023,2.294505853128992,1082565.7269000001
11,2024,2.2999863204165703,1146837.2106
11,2025,2.3176437244359915,1087282.2397
11,2026,2.320992427360329,179761.6105
12,1976,2.662391152570806,12311083.55
12,1977,2.672084225564325,12246459.76
12,1978,2.662087477182002,13816492.5
12,1979,2.6620448582236453,14350746.15
12,1980,2.6674900184015473,15964064.400000002
12,1981,2.6592045002776326,16243381.19
12,1982,2.653848540547312,17975882.3
12,1983,2.6668968000571933,18146640.200000003
12,1984,2.656069300758636,19428561.52
12,1985,2.649702248639892,19410072.84
12,1986,2.6457708045872232,20363193.16
12,1987,2.650660676027402,21708235.75
12,1988,2.650788609215018,21907907.55
12,1989,2.6410670858538055,21413456.97
12,1990,2.634413450729699,21868600.279999997
12,1991,2.637766523270103,20433554.39
12,1992,2.6629931623732106,19815454.509999998
12,1993,2.633130632660387,19502458.549999997
12,1994,2.626840159327536,19689346.6658
12,1995,2.617163321692467,19786520.371600002
12,1996,2.6207986974922197,18998291.2082
12,1997,2.615055799118431,20001102.9399
12,1998,2.6125528040500483,21017539.2655
12,1999,2.614772235312437,21569306.4428
12,2000,2.59942940761932,22112475.6901
12,2001,2.5945402433493268,21824291.3371
12,2002,2.586263092296686,21417553.1933
12,2003,2.6194582267417337,19502058.7784
12,2004,2.584957406410035,20994242.3393
12,2005,2.6106309198055277,22272070.108400002
12,2006,2.6059736103185656,23954573.953700002
12,2007,2.5963907170221727,24050582.7407
12,2008,2.5826099365377644,21917477.094899997
12,2009,2.5712610487318734,19520190.947399996
12,2010,2.5546264575760658,19599121.050800003
12,2011,2.5473117234506275,19528267.749700002
12,2012,2.571961699326114,20685408.2702
12,2013,2.5736575369111447,21566487.9903
12,2014,2.5642518586721836,21011707.9681
12,2015,2.5779766538886495,22916986.4338
12,2016,2.5698889725684864,23125856.7636
12,2017,2.5690397017711675,25074104.053099997
12,2018,2.566136037969771,24638725.888600003
12,2019,2.5721621584961305,24646440.535099998
12,2020,2.5881053658456548,21736301.9707
12,2021,2.5855351731123437,23826036.2341
12,2022,2.590036312698918,24041803.5036
12,2023,2.5838378030096543,25716484.2593
12,2024,2.5866094846470227,25247268.730400003
12,2025,2.5919481134138156,22500308.4793
12,2026,2.6058097815710957,4539498.3731
13,1976,2.7367353561466867,9506857.43
13,1977,2.7511498778554087,9828077.89
13,1978,2.733172151811961,9739968.149999999
13,1979,2.720328347840441,9881466.09
13,1980,2.723876616090363,9612453.43
13,1981,2.7287423543781917,9202083.01
13,1982,2.714227580949852,10333142.729999999
13,1983,2.7377026096439514,10336517.01
13,1984,2.7416800848876717,10348353.07
13,1985,2.7152406286373005,10128630.52
13,1986,2.729393028910741,10779766.700000001
13,1987,2.7225711803353096,11180904.5
13,1988,2.722208159745683,11082477.21
13,1989,2.712243489837386,11750781.440000001
13,1990,2.7039692548751297,11488293.07
13,1991,2.730441449675075,10189387.71
13,1992,2.716475212085671,10220336.399999999
13,1993,2.695953638911569,10358858.72
13,1994,2.7240982325729175,10519245.252499998
13,1995,2.7414216531540023,10751064.0883
13,1996,2.7100356766160787,10779075.447999999
13,1997,2.6822884085770378,12613546.920699999
13,1998,2.6874996987644937,12307046.9163
13,1999,2.6918784242367706,12403772.1911
13,2000,2.6658725657763367,13822647.6607
13,2001,2.6392189757960534,12167776.2669
13,2002,2.6621725666286715,11520136.535300002
13,2003,2.6511788272825614,11715505.9672
13,2004,2.6513622714260077,12127559.9685
13,2005,2.6418875455686934,12867272.9288
13,2006,2.641611797259241,13712000.6017
13,2007,2.6195797894360178,13527824.4287
13,2008,2.5978406856264993,12814057.4904
13,2009,2.5930249786125437,11513524.0035
13,2010,2.62277049090036,10695185.4401
13,2011,2.6132267998645013,10882883.420200001
13,2012,2.6100010484465983,11119459.0524
13,2013,2.6189928122057626,11084150.916499998
13,2014,2.635077430029661,10912432.125500001
13,2015,2.6326584145182435,11564987.7165
13,2016,2.6165131343311034,13113456.737599999
13,2017,2.601550921020837,13588666.601300001
13,2018,2.6456171539674567,13827538.277600002
13,2019,2.627655202866043,12656170.5143
13,2020,2.612437513017985,12917214.949099999
13,2021,2.6348349013902466,13407034.543100001
13,2022,2.6207726230134307,13102129.682699999
13,2023,2.6178591423553788,13927422.9949
13,2024,2.615325637585429,13520567.9308
13,2025,2.5928807984004596,11740097.2271
13,2026,2.604400225545775,2228115.5242
15,1976,2.6409696015681914,1566081.05
15,1977,2.6355188244751355,1493236.04
15,1978,2.647998910372418,1635148.12
15,1979,2.610793790814271,1488018.0499999998
15,1980,2.6135714472384395,1776154.68
15,1981,2.6159180800892354,1799555.9300000002
15,1982,2.6153811733682995,1563811.72
15,1983,2.6331047010961117,1579291.26
15,1984,2.6129086537712634,1679222.01
15,1985,2.6216819703804854,1668063.97
15,1986,2.6301722031969215,1583437.8800000001
15,1987,2.6151443347566996,1681777.0500000003
15,1988,2.625017605543658,1545850.25
15,1989,2.6425594036649915,1520619.53
15,1990,2.6231740159693913,1718986.73
15,1991,2.6398845882971815,1762758.8599999999
15,1992,2.638361293246633,1741091.08
15,1993,2.63264236049195,1685109.37
15,1994,2.634783861702238,1641425.9844
15,1995,2.591593423192787,1545375.0785000003
15,1996,2.5925173333783698,1737745.9452000002
15,1997,2.5936004123940326,1635655.7644000002
15,1998,2.610967148763836,1565021.8166999999
15,1999,2.5928339606644846,1608913.7900999999
15,2000,2.6282822691380354,1623512.5263
15,2001,2.6326163331104504,1490862.0352
15,2002,2.6229186305190124,1262581.8246
15,2003,2.6368080433573557,1454866.4763
15,2004,2.580956184772016,1584445.3381999999
15,2005,2.5795566049377516,1612182.4711000002
15,2006,2.5907002125766496,1600357.3416
15,2007,2.596711259983279,1636709.0296
15,2008,2.6057957262695433,1745200.0667
15,2009,2.602905080053023,1621879.5389999999
15,2010,2.5675504044889474,1618982.9619
15,2011,2.5674686839181673,1600330.2971
15,2012,2.5929448095617214,1606935.2437999998
15,2013,2.594349194734627,1542853.1574000001
15,2014,2.593768654584597,1703692.1665999999
15,2015,2.5918555135473427,1709435.7357
15,2016,2.5752799464361447,1763746.9116000002
15,2017,2.573881907512072,1743733.6497999998
15,2018,2.5661084719837586,1574375.3203
15,2019,2.581518305848194,1570019.6479
15,2020,2.558651607062344,1332906.9312999998
15,2021,2.596591179946138,1333632.7078
15,2022,2.5897325071778945,1390406.2446
15,2023,2.582774982392662,1711910.5247999998
15,2024,2.569912722174892,1612452.3137
15,2025,2.5990941744526586,1512087.0125000002
15,2026,2.6272666254604853,264553.85430000006
16,1977,2.684462790507465,873318.52
16,1978,2.6780833874755148,1823934.0999999999
16,1979,2.700375090614634,1829497.8900000001
16,1980,2.6651891102687197,1760389.18
16,1981,2.6524600128883615,1754866.1299999997
16,1982,2.649659309838173,1663391.06
16,1983,2.652841799041078,1690247.37
16,1984,2.647269706335912,1711172.13
16,1985,2.661630160937283,1684217.6099999999
16,1986,2.6503337614074325,1649456.1600000001
16,1987,2.6893369362905446,1601927.26
16,1988,2.6893035035368538,1596582.23
16,1989,2.6869577969709084,1666019.33
16,1990,2.6877756725357353,1683056.58
16,1991,2.677307788573537,1628610.5399999998
16,1992,2.697227564070025,1720112.47
16,1993,2.6818235066346627,1770757.3599999999
16,1994,2.654275297454814,1898369.3227000001
16,1995,2.6627729489530707,1887664.2502
16,1996,2.6883688042415703,2014646.3557000002
16,1997,2.6424751270542646,1986858.7045999998
16,1998,2.688924827393115,2036017.5129
16,1999,2.6657546684020432,2142832.8201
16,2000,2.639672697091713,2146253.9435
16,2001,2.641017323476819,2154483.893
16,2002,2.6323626674581235,2192602.9810999995
16,2003,2.604531012442554,2241344.2687
16,2004,2.6084460211881417,2244171.6676000003
16,2005,2.630842820636946,2309052.3005999997
16,2006,2.5835517460515427,2310099.0610999996
16,2007,2.614997850129184,2339547.4675000003
16,2008,2.6106143789375826,2217480.9491
16,2009,2.6146244775218976,1949336.5999000003
16,2010,2.606252906129462,1874024.4948999998
16,2011,2.6158105940938245,1837036.9808
16,2012,2.6262280899123107,1858059.5692
16,2013,2.6074316087357827,1952819.602
16,2014,2.604511148947849,2140827.0662000002
16,2015,2.6025710657250034,2219240.8255000003
16,2016,2.6296808372082716,2348760.9931
16,2017,2.6036705012181325,2395496.3867
16,2018,2.6243753513599755,2581954.7528000004
16,2019,2.6133284518390454,2670700.6067000004
16,2020,2.6359179679469245,2622821.9085
16,2021,2.6271963591200174,2799565.8412
16,2022,2.5950233254777793,3074499.7155
16,2023,2.587597818483511,3214124.8265
16,2024,2.609333531642944,2940967.5565
16,2025,2.5794010437501393,2866183.7604
16,2026,2.63853269538028,456869.3088
17,1976,2.721422279814025,19641266.080000002
17,1977,2.715416550276926,20965079.3
17,1978,2.734983764102394,21767638.520000003
17,1979,2.72620421373384,21379923.810000002
17,1980,2.719135019091292,21490379.3
17,1981,2.724905447582907,21441970.47
17,1982,2.6900987386231145,20441210.82
17,1983,2.7084134095184025,19455149.990000002
17,1984,2.700128219632848,20349810.03
17,1985,2.704984604175805,20502575.689999998
17,1986,2.697246569149788,20424440.66
17,1987,2.6787372234023175,20538800.509999998
17,1988,2.6827858317361066,20268068.94
17,1989,2.6925432849442936,20564569.73
17,1990,2.6815052453030765,19799001.009999998
17,1991,2.682396967656418,18708911.830000002
17,1992,2.678642645461329,18667586.59
17,1993,2.662705939749136,18676264.009999998
17,1994,2.6726914542981137,19106628.1828
17,1995,2.66457722580598,18942622.844499998
17,1996,2.662167685483695,19070922.2586
17,1997,2.6536146742536575,18666834.293700002
17,1998,2.636497216679963,18237699.9182
17,1999,2.6366744823770785,19570361.265100002
17,2000,2.662659148802461,20062507.6325
17,2001,2.6213763614673464,19079517.8833
17,2002,2.639972925331688,17280730.9459
17,2003,2.641902880590826,17076728.9006
17,2004,2.632495250873487,17924283.0378
17,2005,2.5970677747809985,18368853.7572
17,2006,2.6053115310013886,18200884.7012
17,2007,2.6239848371987824,19252662.6642
17,2008,2.611451023324246,18156084.3029
17,2009,2.5723799897984665,16813905.4127
17,2010,2.6147119349281494,17122489.047799997
17,2011,2.6049437066776897,16588923.968099998
17,2012,2.5693927731728685,17068764.7966
17,2013,2.5620869160512822,16560068.9694
17,2014,2.577534278302284,17136378.1147
17,2015,2.585849303262231,17810247.5522
17,2016,2.5897698120702928,16650929.242899999
17,2017,2.5881934229922994,16924225.1199
17,2018,2.5915534344346858,17110257.8724
17,2019,2.593564755244402,16691358.447500002
17,2020,2.595490458088583,13989923.8737
17,2021,2.5931336394282947,15069842.343899999
17,2022,2.577546880887994,16208274.741099998
17,2023,2.597003546972781,16382590.951000001
17,2024,2.581116402175198,15511282.0893
17,2025,2.5762217749183516,14652148.9522
17,2026,2.5558205024099774,2740121.3855000003
18,1976,2.755292496465365,10186592.57
18,1977,2.7526702308710367,10158295.46
18,1978,2.7728303130065877,10913199.34
18,1979,2.77279330604953,11045570.540000001
18,1980,2.742739313625027,10327084.21
18,1981,2.7437918256965452,10095826.309999999
18,1982,2.7127085099816943,9395130.09
18,1983,2.716776269791034,9242939.469999999
18,1984,2.754808410015464,9856130.19
18,1985,2.721667331767478,10172562.03
18,1986,2.715673623984893,10411410.81
18,1987,2.743927421973619,10034756.92
18,1988,2.712283797226777,10145082.23
18,1989,2.690780598653909,10617527.18
18,1990,2.7049004379796697,10236547.05
18,1991,2.7141747834889385,9270856.33
18,1992,2.7534758074656125,8878781.06
18,1993,2.7069075958294353,9995341.329999998
18,1994,2.7599647742879894,10190125.5577
18,1995,2.791044719895905,10280414.016999999
18,1996,2.7429754309817156,9282199.846
18,1997,2.7369025964418343,9358128.1471
18,1998,2.733571919457088,9242497.6497
18,1999,2.7005181051873692,8554443.178
18,2000,2.6811139336787404,8485168.3106
18,2001,2.698006762453432,8266747.3454
18,2002,2.695168637582789,8171282.090600001
18,2003,2.6835927471711707,7981471.5876
18,2004,2.6730184664111345,8256378.226100001
18,2005,2.703187566780831,8638395.9888
18,2006,2.67877576553505,8624486.2566
18,2007,2.6294358863058807,8288214.2071
18,2008,2.6499019576776073,7748525.892
18,2009,2.6431293710056467,7133221.4658
18,2010,2.6543723516447333,7227052.0522
18,2011,2.61466464153863,7673567.649
18,2012,2.6614965419335412,8062118.1432
18,2013,2.6550615520488376,8059710.244200001
18,2014,2.651902294231581,7704341.337199999
18,2015,2.6415749570035856,8545873.4605
18,2016,2.6669170520627454,9133052.677000001
18,2017,2.6304190991307457,9823756.8431
18,2018,2.667807142201663,9809315.197199998
18,2019,2.6707589654818418,9798457.0601
18,2020,2.639427744714036,9028375.4487
18,2021,2.6553793164226667,9617860.791499998
18,2022,2.644784355467088,9774377.5589
18,2023,2.6438130081265947,9482481.2992
18,2024,2.6430093566750497,9213103.146300001
18,2025,2.6542723140366316,9090622.586199999
18,2026,2.6902236063014158,1677793.2387
19,1976,2.6659683639587817,4530570.27
19,1977,2.6849806360886626,5501865.45
19,1978,2.703088055895251,6133698.39
19,1979,2.7106745179284255,6281934.8100000005
19,1980,2.694172981854778,6442440.93
19,1981,2.6717643456228717,6091406.0
19,1982,2.665785977448556,5851224.3100000005
19,1983,2.6866677522017044,5916941.23
19,1984,2.676987955403453,5321610.23
19,1985,2.675759516311942,5066368.899999999
19,1986,2.664526959935083,5341189.52
19,1987,2.6773548243531566,5351630.600000001
19,1988,2.673713687899163,5300746.630000001
19,1989,2.656796891732573,4988268.15
19,1990,2.6621447756220595,4742661.92
19,1991,2.6372895904636966,4861458.4
19,1992,2.6327579440518982,4913633.74
19,1993,2.6554530281127775,5231985.36
19,1994,2.649456764668552,5113087.978999999
19,1995,2.6549245767522307,5093627.346100001
19,1996,2.63743024317921,5254439.0767
19,1997,2.6543398189943237,5032170.5294
19,1998,2.6520259894448186,4895746.873
19,1999,2.664420019618359,4896789.960499999
19,2000,2.6846114710705264,4596331.4577
19,2001,2.6385660353236755,4845768.4714
19,2002,2.627055524439734,4775992.4693
19,2003,2.652459517973823,4530768.4405
19,2004,2.628931182195225,4936040.5367
19,2005,2.6205955516031447,4978958.8761
19,2006,2.6157378327231893,5239925.5937
19,2007,2.6210781873730915,5306180.4545
19,2008,2.6216443493434745,5102703.4628
19,2009,2.615532380600736,4704143.3321
19,2010,2.5993701765443724,4666367.9196
19,2011,2.6386321464318176,4453875.3316
19,2012,2.63549281593496,4478632.9951
19,2013,2.6336149141102982,4655433.8045
19,2014,2.6216972640145015,5171490.5156000005
19,2015,2.594064826663117,4892459.9248
19,2016,2.630177910288947,4919755.8244
19,2017,2.599126413929481,5067907.5673
19,2018,2.5775285637692718,5155167.082400001
19,2019,2.5971007129719954,4979855.6338
19,2020,2.626190819505549,4276578.5665
19,2021,2.610778762809435,4609083.5647
19,2022,2.662131469717617,4604932.2325
19,2023,2.617361571263011,4798955.4278
19,2024,2.6399378718836104,4913557.3405
19,2025,2.646396523930319,4484015.9328000005
19,2026,2.674809976950713,696133.9474
20,1977,2.685239399161064,2182325.03
20,1978,2.6943559704501134,4979551.08
20,1979,2.7068873644993903,5211156.21
20,1980,2.696318340568191,5072899.19
20,1981,2.73148190588376,5331263.380000001
20,1982,2.6753677930322293,4956761.100000001
20,1983,2.6566321992694277,4738467.67
20,1984,2.6868000635114675,4620314.82
20,1985,2.6818958735418486,5062437.75
20,1986,2.7005256248101355,4510140.3100000005
20,1987,2.6732138812155735,4416397.49
20,1988,2.673614003410359,4544123.42
20,1989,2.6600327774296795,4438246.89
20,1990,2.648318344936235,4525769.2
20,1991,2.6489397863777384,4225613.09
20,1992,2.6845235911566343,4148152.21
20,1993,2.6559911090500874,4037093.2
20,1994,2.6487338326023186,3874577.7208
20,1995,2.6297403435806688,4360846.1252999995
20,1996,2.612815529818479,4309823.5934
20,1997,2.6135276150031177,4581144.5104
20,1998,2.6238919631180297,4559799.9533
20,1999,2.6235346820752214,4461888.573799999
20,2000,2.602639233731312,4381660.1317
20,2001,2.6231857674330947,4250376.6284
20,2002,2.6223014091857006,4364996.3389
20,2003,2.602234633211577,4179598.4970999993
20,2004,2.6058858339679416,4149354.4823999996
20,2005,2.5893564173843813,4368952.6493
20,2006,2.605652818595666,4487468.2499
20,2007,2.6198536602448375,4521135.9559
20,2008,2.5821131366524193,4491642.4705
20,2009,2.579942226950436,4289973.2467
20,2010,2.5962773965969634,4098663.1105
20,2011,2.597820978064317,4319451.3302
20,2012,2.5572599667017606,4203343.5507
20,2013,2.5872688002721973,4454977.9022
20,2014,2.611869324461939,4568643.8801
20,2015,2.5959425268853744,4194926.465400001
20,2016,2.5911472972506444,4146859.6344000003
20,2017,2.6118048412346204,4234128.5745
20,2018,2.6275750186287117,4446084.550600001
20,2019,2.6273436498808724,4374507.8082
20,2020,2.644766729639588,4374886.5006
20,2021,2.6049079732809544,4227056.098
20,2022,2.6010616568803044,4330247.8052
20,2023,2.6007395652929546,4515522.207900001
20,2024,2.6397516906497454,4345668.8644
20,2025,2.617952168104498,4235229.555
20,2026,2.6345147858594413,742757.2187999999
21,1976,2.7169282588721346,6168016.07
21,1977,2.7110681866152566,6197583.39
21,1978,2.723694629109988,5965182.260000001
21,1979,2.7435661446709307,5891062.37
21,1980,2.7218700640717675,6182880.9
21,1981,2.7182005781534753,6004718.45
21,1982,2.663002523326752,5655944.62
21,1983,2.669579354971253,5684725.42
21,1984,2.6992853860132437,6084770.87
21,1985,2.699574676616542,5997321.75
21,1986,2.711791637492421,5925462.15
21,1987,2.719326871884268,5885497.899999999
21,1988,2.695246316253381,5822622.31
21,1989,2.719832615343447,6011831.989999999
21,1990,2.6671465399435257,6243409.350000001
21,1991,2.672480487575603,5579065.14
21,1992,2.694008883857507,5185055.66
21,1993,2.707245056487098,5401273.9
21,1994,2.6822646847827416,5501999.027799999
21,1995,2.7328561561100417,5508393.2644
21,1996,2.697304609009079,5279223.255799999
21,1997,2.6734329249656064,5801890.0017
21,1998,2.6516405930821514,6003694.694699999
21,1999,2.69964485330417,5951419.0348000005
21,2000,2.6627799319864516,6004314.3145
21,2001,2.6521048788314108,5494278.945
21,2002,2.669822201584576,5200620.987
21,2003,2.672101590228085,5421872.9163
21,2004,2.6616855912945585,5516280.8209999995
21,2005,2.661989263357327,5351956.2889
21,2006,2.7028985415833247,5634807.5811
21,2007,2.6777488412870065,5941036.708099999
21,2008,2.669736536336146,5229872.189199999
21,2009,2.639017740024164,5343326.347
21,2010,2.630823484582177,5327995.9185999995
21,2011,2.634332263947545,5444688.3924
21,2012,2.636623186997783,5801159.9823
21,2013,2.653965057969902,5579993.532
21,2014,2.6459831042746704,5634567.5699
21,2015,2.6040900839109953,5444400.356699999
21,2016,2.639181901541317,5402356.3931
21,2017,2.66095475666059,5887232.4453
21,2018,2.6562443483437597,6048958.688
21,2019,2.7089777859185724,6023263.658600001
21,2020,2.6980556063937806,4814802.9715
21,2021,2.6752218980834126,5622976.0663
21,2022,2.6594928250290546,5821133.1902
21,2023,2.69032714178999,5539207.5054
21,2024,2.638457169361972,5668957.463500001
21,2025,2.6569086588407753,5470090.622099999
21,2026,2.535648466297653,937750.7928
22,1976,2.706822717447286,6852467.73
22,1977,2.6943984771910987,6979671.930000001
22,1978,2.7150739650908005,6748632.130000001
22,1979,2.7202950171733704,6979984.029999999
22,1980,2.718106126952734,7329790.7299999995
22,1981,2.7379432593357222,7120958.03
22,1982,2.699813309672242,7065898.5600000005
22,1983,2.7037855402037674,7382776.99
22,1984,2.7146632195655265,7617500.32
22,1985,2.7188642353131067,7292047.12
22,1986,2.702853854515879,6733312.81
22,1987,2.664351886191277,6387577.28
22,1988,2.700652377995041,6496696.73
22,1989,2.6621162261995606,6488125.92
22,1990,2.675186873089494,6127267.67
22,1991,2.672311425563223,5991794.12
22,1992,2.645662410849863,5782540.140000001
22,1993,2.6680972553609723,5233414.1
22,1994,2.661800818133541,5645023.2104
22,1995,2.6463142469476564,6147150.3592
22,1996,2.6516831538819368,6469368.9882
22,1997,2.671761668997358,6627970.1699
22,1998,2.685637877769972,6809762.6921999995
22,1999,2.6804362373054276,6368211.939300001
22,2000,2.6586556047121337,6089832.3408
22,2001,2.6837327268231115,6229447.9888
22,2002,2.6500407613859194,5334133.8156
22,2003,2.6440266628721214,6092105.8675999995
22,2004,2.655782270461638,5975424.2123
22,2005,2.6800481478436833,6315313.238600001
22,2006,2.659366315101136,5514243.8722
22,2007,2.6561045728074193,5471542.6798
22,2008,2.611300207465647,5793334.7169
22,2009,2.6313523118501743,5479322.5246
22,2010,2.6285666002595915,5518266.5642
22,2011,2.6686609629303195,5608804.0287999995
22,2012,2.6640080364338115,5584051.4765
22,2013,2.6903586166685685,5523346.1325
22,2014,2.672494055653527,6194186.1253
22,2015,2.624326900026574,6090924.8751
22,2016,2.612885168620007,5692970.023
22,2017,2.6062570314066216,5588214.9599
22,2018,2.622798022571765,5381617.9357
22,2019,2.6192436864329305,5375762.053400001
22,2020,2.622073806453984,5119956.579999999
22,2021,2.6278016896862444,5157280.1864
22,2022,2.660554285788195,5676522.4611
22,2023,2.631895654102785,5550223.2284
22,2024,2.61875403698501,5229520.4019
22,2025,2.5786446558278513,4742923.7577
22,2026,2.551773393082509,909746.3709000001
23,1977,2.714435586441978,872228.8600000001
23,1978,2.696049936689614,1780634.4099999997
23,1979,2.7391370602436282,1913654.5500000003
23,1980,2.7363063562250427,2011107.17
23,1981,2.7332139083979583,1955886.3800000001
23,1982,2.7340364360869827,1914036.27
23,1983,2.768600192849544,1947764.27
23,1984,2.764233608457027,2018967.69
23,1985,2.7258238017702756,1938543.67
23,1986,2.7323865237932963,1886160.35
23,1987,2.719551736466377,2033432.83
23,1988,2.7203451533684353,1987501.2
23,1989,2.702855122837847,2024187.6099999999
23,1990,2.684746241918752,1997828.99
23,1991,2.6521056733926613,1868219.22
23,1992,2.691298168058741,1923582.88
23,1993,2.6615170141731794,1737272.54
23,1994,2.661011727719231,1588061.1074
23,1995,2.629001812717414,1736043.6467
23,1996,2.6263836304424677,1840920.3713
23,1997,2.6565337915833083,1744062.3375
23,1998,2.6576116454743213,1664749.5079
23,1999,2.610241744674343,1615498.2188000001
23,2000,2.649168916263751,1697260.1818
23,2001,2.6076335355737204,1768777.6494
23,2002,2.588753477933964,1750778.8148000003
23,2003,2.60245120333478,1763672.8012
23,2004,2.6204809209034714,1789603.7662
23,2005,2.6258443642308973,1857713.9812000003
23,2006,2.6164848998788015,1861469.8925000003
23,2007,2.6110676453223207,1775149.1894
23,2008,2.613329379011714,1722022.009
23,2009,2.5921908489306897,1565241.1331
23,2010,2.5932508082462777,1611657.3786
23,2011,2.5663349687555463,1591691.7831
23,2012,2.5710860322820697,1508435.2629999998
23,2013,2.605019945678345,1712767.6444
23,2014,2.611836069410097,1631029.7557
23,2015,2.6573210035868473,1344538.3584
23,2016,2.6597246598737843,1436251.357
23,2017,2.6041715840302433,1561604.461
23,2018,2.6160030773016363,1728398.9337
23,2019,2.6192521925552406,1836286.8777
23,2020,2.6328039193023347,1584465.876
23,2021,2.575871904516723,1645590.6154999998
23,2022,2.579243184657419,1507399.6979999999
23,2023,2.6062430346934593,1605729.2099
23,2024,2.5997674772022124,1641733.0196000002
23,2025,2.6025907230477756,1573144.1607000001
23,2026,2.632212994990876,268554.58609999996
24,1977,2.6475902363273045,3984678.21
24,1978,2.655772845726115,7886686.840000001
24,1979,2.6909446651623785,8209417.21
24,1980,2.668105670720775,8342323.45
24,1981,2.6843648946575365,8259651.430000001
24,1982,2.6589833866095343,7937531.78
24,1983,2.6584515283111503,7947812.64
24,1984,2.6365163786865398,8298331.699999999
24,1985,2.6395923187956414,8494331.760000002
24,1986,2.654643334684748,8820730.01
24,1987,2.6618883075963793,8917954.07
24,1988,2.6675314206294884,8745219.33
24,1989,2.6278615059344204,8871710.27
24,1990,2.628053301227367,8884049.18
24,1991,2.60847978420133,8976594.89
24,1992,2.6310697498436655,8641265.67
24,1993,2.6184824637127413,8031784.6899999995
24,1994,2.5916748025120713,7683570.4001
24,1995,2.5871777519417014,7412106.7042
24,1996,2.5741633435205706,7789224.449499999
24,1997,2.5597644313971792,7232759.552
24,1998,2.566074933733141,7464656.2759
24,1999,2.550265774665865,7471044.630799999
24,2000,2.554385325486052,7309761.5503
24,2001,2.5558315178032442,7182444.5589000005
24,2002,2.5814649123284927,6948651.6378999995
24,2003,2.5724432288249792,7090788.196699999
24,2004,2.582495367547041,7056593.159
24,2005,2.5863316328144315,7280134.7266
24,2006,2.589526760333868,7946161.697299999
24,2007,2.5506202218979093,7641249.3874
24,2008,2.553838486404,7771728.626300001
24,2009,2.5315378273289277,7416419.002999999
24,2010,2.5516375340794197,7848679.826300001
24,2011,2.5124222823238647,7888690.399600001
24,2012,2.5649164710467005,7504996.802
24,2013,2.5381681962534413,7353714.9938
24,2014,2.5414064977899242,7513283.066900001
24,2015,2.5418492911272557,7742797.619100001
24,2016,2.5235110004933405,7978546.460999999
24,2017,2.543612152342321,8035110.247
24,2018,2.557028701502962,8091043.908200001
24,2019,2.551936514932973,8553932.6396
24,2020,2.5625233918749926,6866560.4404
24,2021,2.560361586202873,6742698.1059
24,2022,2.555933639319601,7338492.9021000005
24,2023,2.565320116907309,6873409.606
24,2024,2.5544473595256405,7231635.758300001
24,2025,2.513787284230415,6067123.7525
24,2026,2.5083193861644224,852985.2024999999
25,1976,2.703862485028546,9639749.729999999
25,1977,2.724310955044469,9883859.16
25,1978,2.7028997806087105,11724840.48
25,1979,2.720177762933815,11692055.14
25,1980,2.72516595029695,11919595.3
25,1981,2.71537069528114,12592745.69
25,1982,2.704113143569686,11755640.71
25,1983,2.720611426978233,11735852.77
25,1984,2.727503460657363,12350754.08
25,1985,2.69893366077845,12245987.639999999
25,1986,2.6831627185141818,11732865.68
25,1987,2.675317270848772,11765480.76
25,1988,2.659870667065143,11855174.79
25,1989,2.6513207399080514,11397354.7
25,1990,2.637854903731708,11345710.459999999
25,1991,2.6075145643197595,10328346.39
25,1992,2.637061366483137,9712858.16
25,1993,2.606220387058041,9751419.97
25,1994,2.60545575768253,9478048.0598
25,1995,2.5972000879352755,9450193.589200001
25,1996,2.6274819239553318,8788643.9699
25,1997,2.615333688047317,9482317.4897
25,1998,2.5994205798992303,9529355.9106
25,1999,2.594445565811681,9421938.2498
25,2000,2.5800042563910597,9361463.0152
25,2001,2.5804517189687552,8991157.544400001
25,2002,2.559181128398693,9669650.1114
25,2003,2.5709748613951544,8942196.511500001
25,2004,2.5855853102872377,9371014.934
25,2005,2.565261464369047,8927364.752999999
25,2006,2.5669111206555555,8576073.2191
25,2007,2.551627752815626,8599238.5347
25,2008,2.5532205796954583,8555637.8969
25,2009,2.547834281015362,8333383.2289
25,2010,2.553363983128709,8319550.370899999
25,2011,2.5581168302591566,8405472.904
25,2012,2.5226053534886916,8312542.735099999
25,2013,2.541422467999805,7957058.427900001
25,2014,2.5231289698341115,8925099.216200002
25,2015,2.5293663103346407,9762103.6404
25,2016,2.491172296528208,9837515.2015
25,2017,2.485867530132906,9501810.0465
25,2018,2.5102172959655853,9923073.948900001
25,2019,2.50237185291496,10290963.607299998
25,2020,2.5060064897300425,8363433.888
25,2021,2.5015240260794256,8625098.5649
25,2022,2.477430793933999,9087092.337199999
25,2023,2.478235681148133,9574842.885699999
25,2024,2.489560324003718,9585881.0841
25,2025,2.5010349532894325,9115433.7269
25,2026,2.562341340422329,1543445.3782
26,1976,2.711849263016907,16370685.36
26,1977,2.745509519966801,16856957.02
26,1978,2.7511136783625054,17503251.229999997
26,1979,2.7655594991873182,17859974.9
26,1980,2.7160477979702544,16937699.9
26,1981,2.6988399158092276,16271947.8
26,1982,2.682942747047142,14578274.9
26,1983,2.702804899876569,14901905.87
26,1984,2.69581376898051,16043339.84
26,1985,2.709063976983237,16559685.419999998
26,1986,2.7090299986983295,16459725.849999998
26,1987,2.6965091877970444,17052762.96
26,1988,2.704820217694647,16844888.0
26,1989,2.6804495488893063,16338989.510000002
26,1990,2.700050079799371,15730770.650000002
26,1991,2.700879592629727,14675806.770000001
26,1992,2.6813060701227838,14953892.04
26,1993,2.6745945359759293,15000826.76
26,1994,2.6737398674787225,14992092.2841
26,1995,2.672617044645295,14653534.103699999
26,1996,2.6673852974196826,14924259.7141
26,1997,2.6867225563913104,15845731.844500002
26,1998,2.6825294510411792,16881174.7249
26,1999,2.670172393728712,15981894.8367
26,2000,2.6576877068743405,15687786.668699998
26,2001,2.6518282067574366,14741419.333099999
26,2002,2.6582339405423,14760555.012500001
26,2003,2.6487750456373713,14548454.9889
26,2004,2.628428229460793,14025483.0123
26,2005,2.6214453194486595,13751807.463599999
26,2006,2.620556935057057,12645664.9365
26,2007,2.6268989479489777,13330315.6092
26,2008,2.6042633026076247,12603157.7511
26,2009,2.586606359696601,11660068.595199998
26,2010,2.603036852083271,12270229.970700001
26,2011,2.592968643452132,11590345.9416
26,2012,2.615280400486482,11374863.6656
26,2013,2.6241428048388524,11162368.113
26,2014,2.6128256762002064,12171690.4749
26,2015,2.6284410792484834,12543945.8065
26,2016,2.65151200658679,13621655.8106
26,2017,2.6278723328601012,13535316.334600002
26,2018,2.5980220098841675,13523522.0077
26,2019,2.5961511654355336,14067839.067400001
26,2020,2.6082489622496476,11924005.2914
26,2021,2.609410497029821,12383439.9658
26,2022,2.6230401797233514,12765806.048799999
26,2023,2.591286063380732,14118432.878199998
26,2024,2.610558716917352,13975996.016
26,2025,2.6093115554696156,12073079.7244
26,2026,2.6075761320777042,2190658.6603
27,1977,2.6580009474362507,4213734.35
27,1978,2.6571489094443916,8802369.8
27,1979,2.6735117827269526,9355072.44
27,1980,2.662650966839187,9657748.24
27,1981,2.6345732074301846,9603202.45
27,1982,2.6309882381603513,9304621.739999998
27,1983,2.6541168196018132,9190331.54
27,1984,2.657503091169642,9182787.83
27,1985,2.6518064137122366,9087501.04
27,1986,2.6789255026572376,8927564.04
27,1987,2.6791736603622827,8327252.7
27,1988,2.676702942054897,8853511.22
27,1989,2.691758213871202,8832602.309999999
27,1990,2.6540157901971524,8676735.6
27,1991,2.616901971310096,7901525.54
27,1992,2.6585215085087306,8259885.25
27,1993,2.658360213830238,8654690.92
27,1994,2.645249189333226,8331914.328
27,1995,2.6390381103216685,8315897.316199999
27,1996,2.6428402305097327,8248731.572200001
27,1997,2.610019241215038,7936374.423699999
27,1998,2.6344211691221515,8073824.8036
27,1999,2.6282194893015984,7871170.058200001
27,2000,2.6225732926900536,8416982.1962
27,2001,2.637532708680061,8218025.638900001
27,2002,2.5938771021975007,9178331.5767
27,2003,2.5869898212849405,8610629.4991
27,2004,2.5921263535444323,8383653.3295
27,2005,2.5855755387365593,8745422.045899998
27,2006,2.5943061262473113,8985878.5799
27,2007,2.586275819609681,9075181.5676
27,2008,2.576358913237785,8756972.1457
27,2009,2.578529755677795,8142669.5502
27,2010,2.5747721427546226,8378934.2476
27,2011,2.595628694804536,8087625.2097000005
27,2012,2.60203690766507,7788719.067799999
27,2013,2.5682574852827447,7904966.961800001
27,2014,2.5799006534379254,8322650.8693
27,2015,2.5832076886477835,7986425.5554
27,2016,2.5462995479509702,7574223.031
27,2017,2.5888130245725334,7802683.5232
27,2018,2.6016965304030952,7798365.784
27,2019,2.575446766676741,8403740.2405
27,2020,2.5624854952573126,7674874.815400001
27,2021,2.548082073281978,7975121.2841
27,2022,2.5669177055509693,8608353.9994
27,2023,2.584105582448148,8558699.4545
27,2024,2.559444795664142,8559169.6549
27,2025,2.60031488071933,8016665.918799999
27,2026,2.580476021528593,1516107.6168
28,1977,2.7765949515876964,1869719.35
28,1978,2.794904724452259,3716358.6000000006
28,1979,2.771098253994116,3716512.18
28,1980,2.7625922118761923,3892521.09
28,1981,2.7748536372501293,3689020.7499999995
28,1982,2.7285902551395447,3487520.8899999997
28,1983,2.7663089545388844,3401147.84
28,1984,2.7832893333465627,4032283.9899999998
28,1985,2.782736235192265,4238160.41
28,1986,2.775154603233804,4039779.51
28,1987,2.7894366981576564,3734200.65
28,1988,2.7863626604822076,3835725.3799999994
28,1989,2.75232222185061,4061722.81
28,1990,2.809268018545505,4259153.850000001
28,1991,2.779399589494925,4008183.0500000007
28,1992,2.76745142733392,3832758.94
28,1993,2.7880404569316983,3888670.9799999995
28,1994,2.7466552156151276,3800165.5614
28,1995,2.746863968661644,4015893.8314000005
28,1996,2.742193489309154,3867703.5483000004
28,1997,2.7685462183436296,3785193.8202
28,1998,2.747489684449409,3676896.2521999995
28,1999,2.7051130786527056,3666680.5567
28,2000,2.6839457563287716,3913699.1208
28,2001,2.762694989449125,3530067.3625
28,2002,2.7530101998373415,3422440.8855
28,2003,2.6667353268809886,3688847.5547999996
28,2004,2.6986118044170566,3577757.2605999997
28,2005,2.6750401891618445,3486113.4666
28,2006,2.710794743716087,3432457.231
28,2007,2.689761088678426,3760609.4414
28,2008,2.6994021932541554,3793433.5434999997
28,2009,2.6770451450040627,3263862.0533999996
28,2010,2.671363635344488,3105532.981
28,2011,2.661990100236331,3148335.8101
28,2012,2.643636008829791,3171729.4276
28,2013,2.6866541955044947,2999292.2308
28,2014,2.694711130605694,2930893.9582
28,2015,2.7330528150135702,3218201.8895
28,2016,2.694289202664119,3155442.7217999995
28,2017,2.699789587547753,3299735.943
28,2018,2.687968242884735,3176964.3027999997
28,2019,2.6862979973945147,3258139.4699999997
28,2020,2.680910929330623,3117547.8946999996
28,2021,2.6848796133543797,2976787.6730000004
28,2022,2.660455863800289,3298635.5722000003
28,2023,2.676369437932655,3318459.9072
28,2024,2.6727789189656646,3306376.2554
28,2025,2.685184286955383,3061108.2199
28,2026,2.7267193571520982,532063.4083
29,1976,2.6636844351977342,28074948.089999996
29,1977,2.6667169953703085,18947509.58
29,1978,2.6822179665260886,9290153.33
29,1979,2.6875769362591617,9493790.16
29,1980,2.688522455986142,9377785.72
29,1981,2.6832288855744895,8921192.01
29,1982,2.6754561820663967,8055103.91
29,1983,2.6985720741232537,8158944.73
29,1984,2.703653609501044,8269857.49
29,1985,2.7041045748161325,8992802.649999999
29,1986,2.716578115204515,9688658.629999999
29,1987,2.6879686941421537,9803656.219999999
29,1988,2.6831083538332874,9589128.57
29,1989,2.6598780935425146,9372091.41
29,1990,2.6715840393566053,9506126.209999999
29,1991,2.658450827483221,9336889.55
29,1992,2.6783894882042962,9583604.68
29,1993,2.662570622434911,8997801.62
29,1994,2.6589419289964593,8703363.078799998
29,1995,2.6553536330523633,8854046.1294
29,1996,2.620754759186207,8938673.6801
29,1997,2.6389842325193476,8578870.0485
29,1998,2.6114195004206278,8802045.6464
29,1999,2.6102733468253962,8838990.1006
29,2000,2.6097824534353755,8530765.8838
29,2001,2.5996614851108806,8570738.2883
29,2002,2.6006706696954356,8212697.197799999
29,2003,2.617405309342406,8894057.7569
29,2004,2.6307355660981475,8433408.1351
29,2005,2.6326530776680506,8554741.4655
29,2006,2.610499014780372,9322098.8124
29,2007,2.614220302692424,9246223.169100001
29,2008,2.619357826465083,8935129.870800002
29,2009,2.589968661789193,8127709.4925999995
29,2010,2.604863133489676,8000325.797900001
29,2011,2.615462577631133,8092432.9123
29,2012,2.606555209817659,7641507.624000001
29,2013,2.613718497937696,7886238.2005
29,2014,2.5880442920873823,7743275.7746
29,2015,2.598767590583137,8494703.4056
29,2016,2.585760085557307,8437171.9309
29,2017,2.599765697111925,8232376.6461
29,2018,2.6237816599775736,8419241.646
29,2019,2.620537449322188,8552621.8761
29,2020,2.6036345763952973,7757947.2118
29,2021,2.6195263427956403,8222925.9581
29,2022,2.61873655760866,7800461.0282000005
29,2023,2.586146626711755,8670503.956500001
29,2024,2.6085899720181374,8374875.2486000005
29,2025,2.598928631719122,7703035.3619
29,2026,2.6127596023045196,1478575.8594
30,1976,2.6481883652924485,17808801.71
30,1977,2.6448350010183654,10065365.23
30,1978,2.6385669280513575,1558525.2999999998
30,1979,2.633402630552958,1625530.56
30,1980,2.631798803043411,1505906.29
30,1981,2.6342855946685217,1605333.65
30,1982,2.625193585917217,1512593.3
30,1983,2.6555834189383374,1522534.95
30,1984,2.669867978618134,1538185.7000000002
30,1985,2.6223045765509587,1329975.17
30,1986,2.6247004340496707,1339350.19
30,1987,2.6068597922977452,1256809.52
30,1988,2.642273407581865,1165295.5899999999
30,1989,2.6247090549872354,1115633.96
30,1990,2.6087316513777803,1134475.0399999998
30,1991,2.5829753647210603,1134995.1900000002
30,1992,2.5857549255975827,1144500.6300000001
30,1993,2.598961683901736,1138601.5500000003
30,1994,2.5960361415275806,1229533.6365
30,1995,2.6337175557531984,1148045.0359999998
30,1996,2.623284054773686,1232255.9608999998
30,1997,2.59786165970326,1271027.2846
30,1998,2.5867434855263496,1340040.0949000001
30,1999,2.6282326821132003,1363596.1719
30,2000,2.6199687222766896,1341660.7899
30,2001,2.613214081300194,1320527.3715
30,2002,2.608487535823592,1161388.244
30,2003,2.6044332574560913,1287974.6543
30,2004,2.5952907697870344,1267254.0467
30,2005,2.5999691002178418,1436890.0869999998
30,2006,2.605744053127841,1505050.2637000002
30,2007,2.6159684797870213,1477523.4904
30,2008,2.6433885082148403,1386388.9306
30,2009,2.5918772795397254,1331758.193
30,2010,2.563659240738382,1386028.5625
30,2011,2.556654007771421,1341408.3909
30,2012,2.6099822360994884,1267244.5687
30,2013,2.599551479588664,1279506.7324
30,2014,2.5980320960484424,1506191.0773
30,2015,2.557950157422406,1443994.5855
30,2016,2.5761693163735537,1427764.7440000002
30,2017,2.552439481435392,1434887.0694
30,2018,2.5764024633813998,1442418.1280999999
30,2019,2.6186890554823723,1438180.3445000001
30,2020,2.5714095150932716,1382494.1143999998
30,2021,2.576234256032102,1455431.9771
30,2022,2.6095292891375483,1665985.19
30,2023,2.5652957680621795,1667151.7521000002
30,2024,2.6067651972575288,1607664.8711
30,2025,2.585105094301595,1431647.3015
30,2026,2.564317515404787,258461.05579999997
31,1977,2.681754976614835,1681108.2399999998
31,1978,2.653976715158922,3460363.99
31,1979,2.67920891177189,3304226.62
31,1980,2.6844055615266087,3318421.0
31,1981,2.674576767285102,3295326.8800000004
31,1982,2.638487780876716,3189915.29
31,1983,2.6573948227742283,3249869.7
31,1984,2.676572642198644,3140438.4
31,1985,2.648289802352396,3040188.77
31,1986,2.660105951973596,2983583.3400000003
31,1987,2.6765818607899123,2923474.75
31,1988,2.6771303708458682,2817146.23
31,1989,2.6883465451260955,2923577.1399999997
31,1990,2.682867242189272,2925004.5100000002
31,1991,2.6364367555743375,2836546.28
31,1992,2.6427156313685845,2843593.1500000004
31,1993,2.6285183656387185,2977237.9000000004
31,1994,2.638830594775357,2879547.6904999996
31,1995,2.625927653659264,2898279.6051
31,1996,2.644277415693181,2916004.8949
31,1997,2.6538451218018895,3120682.7236
31,1998,2.653751235274287,3271295.8907
31,1999,2.6518273850706455,2996980.0262
31,2000,2.6400851730502173,3094671.4214000003
31,2001,2.6279667871245382,3081028.1882
31,2002,2.596156285003203,3031503.1572000002
31,2003,2.632621968586106,3035869.4058999997
31,2004,2.6342022158525373,2948919.9005
31,2005,2.64411419553101,2925647.7127
31,2006,2.6208193153978483,3199954.2860999997
31,2007,2.6270043773909197,3035326.5557999997
31,2008,2.6042905210665146,2965043.5564
31,2009,2.6617592087864845,2873035.548
31,2010,2.6662922283526855,2821085.4355000006
31,2011,2.624427521350482,2852827.4044000003
31,2012,2.6417163751658883,2776479.5004
31,2013,2.62219134886954,2824642.7653
31,2014,2.605477469386866,3090891.7784
31,2015,2.6122058031514332,2956368.5593
31,2016,2.597132912536977,2942202.1296
31,2017,2.604395321872578,2922919.7547999998
31,2018,2.606993161696564,3060515.5997
31,2019,2.642801580699052,2964971.4102999996
31,2020,2.6664672425047518,2767004.3279999997
31,2021,2.62115990864527,2986915.8295
31,2022,2.610653040644387,2844848.6979
31,2023,2.641987767981374,2884211.1194
31,2024,2.5737607123354005,2928291.0072999997
31,2025,2.5718166401959506,2894323.5346
31,2026,2.550784785240143,554787.5557
32,1977,2.586341660945835,641758.1799999999
32,1978,2.5666789570553488,1322253.8699999999
32,1979,2.560516634826227,1421960.3199999998
32,1980,2.565634131831956,1546275.96
32,1981,2.5929014803951547,1541491.5400000003
32,1982,2.602537997614686,1748249.21
32,1983,2.594275398910194,1744233.4400000002
32,1984,2.6100386127361697,1866108.9299999997
32,1985,2.5963200959727213,1932692.6600000001
32,1986,2.6275456694866763,1948835.8299999998
32,1987,2.631767695872508,2054067.0499999998
32,1988,2.6396836740414376,2025225.6099999999
32,1989,2.6196557592759935,2023001.9899999998
32,1990,2.623479207932928,2221372.9400000004
32,1991,2.592646554535426,2143710.96
32,1992,2.628245949569058,2159383.7399999998
32,1993,2.6279256506116995,2153594.67
32,1994,2.620309789188822,2309070.7086
32,1995,2.617694591310404,2185224.3552
32,1996,2.6275788387065124,2159550.2544
32,1997,2.610792333573604,2600531.9463
32,1998,2.6142434940836927,2714118.4751999998
32,1999,2.5909707444839536,2732690.8652
32,2000,2.6063103144366466,3097152.8982
32,2001,2.6194160399435833,3065995.0736999996
32,2002,2.596757617668417,3141110.0385
32,2003,2.618950453964838,2893285.9990000003
32,2004,2.606482386611543,3298972.1566
32,2005,2.6192219212096997,3775106.6644
32,2006,2.624590995385693,3907726.6589
32,2007,2.6040217484471504,4051178.6839000005
32,2008,2.6015115894098204,3911689.5547
32,2009,2.583655129702063,3248779.6753000002
32,2010,2.577055645985154,3164863.2992000002
32,2011,2.5977480498822576,3368556.5390999997
32,2012,2.607730076992274,3603584.1624
32,2013,2.5829179882038282,3613270.7772
32,2014,2.630608972985921,3503367.0816
32,2015,2.6324419284935936,3631385.4601000007
32,2016,2.6356484216690617,3624032.8268
32,2017,2.624777901809429,4063687.0014000004
32,2018,2.6353748468544165,4083141.4665
32,2019,2.6384690412534337,3988914.8225999996
32,2020,2.617169100390911,3455576.9717
32,2021,2.6095009318650484,4047198.7407000004
32,2022,2.6508381925909785,4075823.4549000002
32,2023,2.625924770824578,4002213.7179000005
32,2024,2.618335709739842,3663671.0678999997
32,2025,2.6051731730038052,3621681.9325
32,2026,2.643899893908614,722340.1505
33,1977,2.68712484332407,887883.6000000001
33,1978,2.7497504374407984,1794086.7300000002
33,1979,2.747526810658661,1955261.48
33,1980,2.728321959416998,1879312.1799999997
33,1981,2.754829158619791,1967391.0300000003
33,1982,2.7141086310497977,1959717.67
33,1983,2.7252050387225446,2050233.3699999999
33,1984,2.7339247035578365,2004513.9500000002
33,1985,2.7326852833851074,2199992.6300000004
33,1986,2.6947484975948965,2337360.28
33,1987,2.7007794536420238,2391216.78
33,1988,2.6901694814546953,2256938.09
33,1989,2.682434431253354,2345931.4400000004
33,1990,2.6926355151512866,2166853.7399999998
33,1991,2.657873508975353,1920835.1800000002
33,1992,2.630094924831048,1717547.96
33,1993,2.663109766920447,1840819.5000000002
33,1994,2.6465556665000896,1751955.7099
33,1995,2.6361112692091244,1702934.1361
33,1996,2.652143694441047,1677802.182
33,1997,2.683154091101316,1688878.8435
33,1998,2.675185375276016,1747065.6709999999
33,1999,2.671672717488119,1607738.6352000001
33,2000,2.6426130669628862,1784740.9014999997
33,2001,2.619877422071539,1853869.1817
33,2002,2.601442905761251,1847065.3761
33,2003,2.6033478217663824,1640534.4229000001
33,2004,2.567583730170716,1694573.8322
33,2005,2.572649800032351,1775576.4242000002
33,2006,2.586009429134573,1814186.4299
33,2007,2.600632859744791,1921120.4594999999
33,2008,2.611215472078197,1928427.7128
33,2009,2.576590099697888,1670817.0208
33,2010,2.5577177914249654,1757373.7319
33,2011,2.5703373773483484,1720827.7096
33,2012,2.6016236199863436,1707917.1231
33,2013,2.592147900717914,1740335.0210000002
33,2014,2.5862804050313772,1841918.084
33,2015,2.583819148983944,1907240.5386
33,2016,2.6034159938096066,1941613.1032999998
33,2017,2.582520061664828,1953196.1338
33,2018,2.598188808657155,1857300.8180000004
33,2019,2.5902710428864273,2048974.9825
33,2020,2.59011867597514,1744731.5614000002
33,2021,2.579770791384522,1744885.6202
33,2022,2.5868128060890974,1832510.7062
33,2023,2.5557867873704474,1927594.898
33,2024,2.560111446299706,1799780.0278999999
33,2025,2.561863766380644,1667831.2817999998
33,2026,2.5544142981646005,276056.9968
34,1976,2.657380236580502,11321039.48
34,1977,2.685905503751981,11428046.84
34,1978,2.70515187893209,12229768.03
34,1979,2.709924233949798,13029648.02
34,1980,2.702607590965102,13155069.370000001
34,1981,2.713869492780357,13059738.39
34,1982,2.670157176490867,12776273.23
34,1983,2.721218794227675,12778562.32
34,1984,2.699965714619099,13684258.619999997
34,1985,2.68864281140377,13832102.93
34,1986,2.67857562767239,14087486.139999999
34,1987,2.6623896304299954,14116622.929999998
34,1988,2.6608415716831155,13793964.87
34,1989,2.6457383833594235,13019596.659999998
34,1990,2.65718704359391,12884823.75
34,1991,2.654866059746135,12296228.339999998
34,1992,2.6584009481226274,11612520.55
34,1993,2.6230874730752083,11000101.830000002
34,1994,2.6436491936075077,10915871.265
34,1995,2.6360565627817385,10669423.622000001
34,1996,2.6477020093635333,10830134.3268
34,1997,2.6126463408830802,11194633.217999998
34,1998,2.618393018170288,11144842.5324
34,1999,2.6185648064178677,11332542.5825
34,2000,2.615229972756572,10984075.8073
34,2001,2.6048027434432206,11172048.8405
34,2002,2.6009161319677094,11034978.162
34,2003,2.5993155651132995,10494465.579300001
34,2004,2.6042553083893845,11032663.191300001
34,2005,2.5828391091820113,10322466.456
34,2006,2.5656983746699624,10481772.2832
34,2007,2.5655606010917733,10207002.5909
34,2008,2.578320091254691,10996536.6926
34,2009,2.604775783591957,9965953.0943
34,2010,2.6066322160633884,9543238.4322
34,2011,2.6121401077504567,9739437.922
34,2012,2.551394566087776,9986610.7528
34,2013,2.56647074855366,10337503.039099999
34,2014,2.554238498807072,10752418.121900002
34,2015,2.5467173446135263,10769435.0849
34,2016,2.543165220975798,10545317.8696
34,2017,2.558386819859529,10357039.6527
34,2018,2.5181355922990623,11092744.02
34,2019,2.5398637200125314,10822446.8252
34,2020,2.567761994805745,9111302.9559
34,2021,2.563210106297963,9326038.0922
34,2022,2.557565440957854,10182516.9881
34,2023,2.546972574410373,10638166.158799998
34,2024,2.564961746765651,10427994.7082
34,2025,2.534762080165517,9482589.4065
34,2026,2.538346540764476,1579882.3269
35,1977,2.6417045907848857,1021937.3199999998
35,1978,2.6541417939104948,2117567.9999999995
35,1979,2.633796975914601,2014755.3099999998
35,1980,2.652741751031543,2105403.86
35,1981,2.675740794583131,2117875.27
35,1982,2.657671404685716,2045687.28
35,1983,2.6705274360644475,2143669.19
35,1984,2.666231390116239,2391933.95
35,1985,2.6676574838409617,2281150.5
35,1986,2.6428496379058823,2422660.43
35,1987,2.608939490353592,2458882.2600000002
35,1988,2.6249244490331534,2327548.94
35,1989,2.649244272358969,2416881.01
35,1990,2.6809069229435756,2290586.8
35,1991,2.65456931348813,2122371.1399999997
35,1992,2.6625374211463506,2009443.01
35,1993,2.6441840794938787,2000273.62
35,1994,2.6202350642609864,2145437.9887
35,1995,2.635896357058186,2271326.4167
35,1996,2.636350139025848,2265423.4519
35,1997,2.6013621879621063,2298993.6008
35,1998,2.632074795715532,2351568.9753000005
35,1999,2.62421540673532,2315048.3388
35,2000,2.6441545973769327,2462767.3174
35,2001,2.635328512063049,2499629.8975
35,2002,2.6276618889645604,2767347.6734
35,2003,2.5995959820645202,2573188.8867
35,2004,2.588298894982645,2484774.6183
35,2005,2.6061858204146726,2651132.9717
35,2006,2.6198764658588183,2597012.6182000004
35,2007,2.644588622028525,2521691.9843
35,2008,2.6185838705272455,2566420.7593
35,2009,2.6299992835203585,2399821.5446
35,2010,2.594865310629334,2405130.9346
35,2011,2.5703204083687314,2475878.2303
35,2012,2.5456593989283824,2461288.9999
35,2013,2.53908894302218,2201216.4712
35,2014,2.617232433465333,2221074.041
35,2015,2.5818496821614434,2453210.0256000003
35,2016,2.5718465747226626,2495566.6255
35,2017,2.5860846732034344,2482708.4991
35,2018,2.603343373894622,2666029.8835000005
35,2019,2.6066231357693654,2665599.8202
35,2020,2.613425533629991,2139028.2629
35,2021,2.589791908602798,2487550.6503
35,2022,2.6217478102440923,2327948.7
35,2023,2.611079843969552,2422471.7829
35,2024,2.5960171556271576,2488100.3414
35,2025,2.5776171631637474,2380328.4170000004
35,2026,2.55694367646186,443659.03559999994
36,1976,2.6773028348880845,24256288.8
36,1977,2.6805985875662,25484415.66
36,1978,2.6932246266396382,27394715.580000002
36,1979,2.6989832990410787,28504088.370000005
36,1980,2.697530351003983,28908533.09
36,1981,2.684326251742358,28550064.63
36,1982,2.668766738809958,27060780.61
36,1983,2.6725197023953755,27262096.799999997
36,1984,2.6755216911039508,28121173.17
36,1985,2.66774760032004,28543109.25
36,1986,2.6585461979401392,28769599.56
36,1987,2.6535051635129094,29868909.62
36,1988,2.6438749047016383,29956670.700000003
36,1989,2.643763003177326,28082117.4
36,1990,2.647715058817153,28413814.1
36,1991,2.6435895529124087,25810668.17
36,1992,2.635356361649319,23642275.31
36,1993,2.6348130091272965,24255754.03
36,1994,2.633077449244829,24466120.887700003
36,1995,2.615457766571575,23788654.993
36,1996,2.597720469712173,22814981.2484
36,1997,2.6230251982493566,22848902.9439
36,1998,2.6154966270587887,23725715.9631
36,1999,2.5977510439168663,23375808.8851
36,2000,2.5877466149514063,24936926.5204
36,2001,2.581192313707693,23401276.3811
36,2002,2.587949077706987,23401709.1457
36,2003,2.568941333418476,24117039.002699997
36,2004,2.5849162962050745,24793792.5631
36,2005,2.567302128277582,24066961.243300002
36,2006,2.553808152531715,23432413.1064
36,2007,2.5473587452783746,24341805.942199998
36,2008,2.5375413680506433,24702581.642500002
36,2009,2.5352466491659174,23752543.629100002
36,2010,2.5347563045746115,23926681.288300004
36,2011,2.518375833053338,23222757.976500005
36,2012,2.5272927414709594,23286723.4966
36,2013,2.5440607568988325,24092758.663000003
36,2014,2.519945696700581,23594003.4474
36,2015,2.5247287686954207,24378485.376100004
36,2016,2.526974494426077,24425125.191200003
36,2017,2.5375581498840205,23488574.1517
36,2018,2.5198976210776514,25244604.0983
36,2019,2.526283679633789,24207879.669
36,2020,2.5304280646324626,21497100.6901
36,2021,2.535626457439282,22447149.459400002
36,2022,2.5341088732667205,22858032.5127
36,2023,2.516050880680298,23133408.8797
36,2024,2.478821900918575,23103629.052
36,2025,2.502645862931158,21580886.0273
36,2026,2.5249104511771177,3790679.2042
37,1976,2.736018907431024,24307745.96
37,1977,2.7622141664832327,17751050.23
37,1978,2.780926623147073,10300316.639999999
37,1979,2.7954914289844455,10591890.99
37,1980,2.764626424002574,10509561.4
37,1981,2.769591569613424,10241904.590000002
37,1982,2.752397730452622,9699086.850000001
37,1983,2.7915740894151764,9931628.67
37,1984,2.7890982313635755,10947853.7
37,1985,2.7709912853178533,11456676.85
37,1986,2.753969986515171,11746390.22
37,1987,2.771016594645226,12184195.26
37,1988,2.7692586318983836,11923039.77
37,1989,2.7513666746501175,11808765.54
37,1990,2.7521333600626336,11693455.520000001
37,1991,2.742664625130892,11215675.02
37,1992,2.755709685125091,10892312.43
37,1993,2.7411485113109797,10667895.57
37,1994,2.7243697877102346,11118788.4114
37,1995,2.744124957234637,11046490.320700001
37,1996,2.7095272414734195,11252953.603300001
37,1997,2.7022350050913513,11757193.4833
37,1998,2.683734398493356,11468555.7565
37,1999,2.6937392649421503,11619442.114999998
37,2000,2.6751794329709653,11701126.9439
37,2001,2.65860269412222,11357416.991799999
37,2002,2.636191620147783,11227841.0119
37,2003,2.6446159546007206,11348373.6526
37,2004,2.664160888697408,12050498.4583
37,2005,2.6357356408822383,11928631.8126
37,2006,2.6566515656654475,12630702.8798
37,2007,2.6089787032574416,12302542.7699
37,2008,2.569440102768919,11660706.889899999
37,2009,2.591721837223078,11156822.413800001
37,2010,2.6043416676073776,10718047.3535
37,2011,2.6186401399542647,10383344.5567
37,2012,2.596639118574274,11029437.1351
37,2013,2.5730191674537846,10764082.6757
37,2014,2.5951240728821308,11552636.900600001
37,2015,2.6386410417149144,11759085.804000001
37,2016,2.5816828507923253,12858578.0548
37,2017,2.577080706898827,13258762.1262
37,2018,2.6054012050924427,14032486.3429
37,2019,2.612228224921226,13555025.6254
37,2020,2.608617574560221,11934846.8794
37,2021,2.621205380289581,12783959.2625
37,2022,2.601434343501449,13021731.652400002
37,2023,2.6427876533215873,14686809.216400001
37,2024,2.6330186884159703,14057339.1382
37,2025,2.6131470106312618,13557687.3983
37,2026,2.5897549329025074,2437763.9354
38,1977,2.6108742872546378,665804.69
38,1978,2.610167079339435,1324845.6199999999
38,1979,2.594034989756475,1380427.8900000001
38,1980,2.608009579806114,1368339.71
38,1981,2.6135498153766714,1390202.9
38,1982,2.587571926198224,1322970.46
38,1983,2.6025776361594777,1286328.4100000001
38,1984,2.628053106244049,1324877.45
38,1985,2.633138247347817,1312390.0699999998
38,1986,2.6322975996213493,1320123.25
38,1987,2.605390103918496,1263072.24
38,1988,2.6051039648905245,1216177.4700000002
38,1989,2.589350289350886,1069661.4700000002
38,1990,2.5877692457693273,1042728.39
38,1991,2.606935890985134,1074249.72
38,1992,2.5923313059472584,1052579.43
38,1993,2.597532967894024,1077313.96
38,1994,2.58240753022604,1113796.619
38,1995,2.5851998108263583,992128.6116000001
38,1996,2.5954183291651334,1086821.3739999998
38,1997,2.583155201205151,1130599.3519
38,1998,2.606873441138236,1123026.5450999998
38,1999,2.595189709249906,1027095.4769
38,2000,2.6159829501649803,1030235.7884
38,2001,2.6090833406313125,1091326.0126999998
38,2002,2.598523115221693,1122199.9295
38,2003,2.576771355949152,1068752.1771
38,2004,2.599318624937334,1040385.339
38,2005,2.6104455134381053,1078106.7412999999
38,2006,2.6065728213882773,1159671.9507
38,2007,2.615846025717957,1180392.7317
38,2008,2.595310607996372,1157841.8917
38,2009,2.6042271102338264,1075309.6617
38,2010,2.6389890248466004,1141093.835
38,2011,2.608291804407729,1164981.3962
38,2012,2.6007284509048145,1143342.0115
38,2013,2.602557192639469,1266626.8706999999
38,2014,2.592182853012059,1333001.4495
38,2015,2.575337747371542,1323020.5077
38,2016,2.590927034433993,1349971.9929999998
38,2017,2.6121241387141385,1174542.1418
38,2018,2.598734727858642,1212474.8921
38,2019,2.593332928774059,1300276.9483
38,2020,2.5942736907716855,1193293.8402
38,2021,2.605161627894024,1252049.4593
38,2022,2.599909720958103,1171189.6487999998
38,2023,2.600044717316809,1160553.6805999998
38,2024,2.6266215110357836,1234343.1458
38,2025,2.588317084947244,1177959.392
38,2026,2.532894009976389,211552.35470000003
39,1976,2.742394397751511,19057649.849999998
39,1977,2.729600057768358,19622857.259999998
39,1978,2.749032061829613,20453833.69
39,1979,2.7476827935517028,20322461.9
39,1980,2.7153186565037424,19352218.44
39,1981,2.708649585159335,19289667.719999995
39,1982,2.697275202537567,18265499.369999997
39,1983,2.707536094394289,18035465.78
39,1984,2.73604498417176,18731283.25
39,1985,2.711417329791533,18148411.41
39,1986,2.717200776577359,18720482.85
39,1987,2.7088208605811426,18616117.35
39,1988,2.697349614812583,19213493.86
39,1989,2.701442113253112,18683715.450000003
39,1990,2.70455710644922,18299222.84
39,1991,2.702345920305099,17383303.689999998
39,1992,2.6903432284413666,16722962.56
39,1993,2.6963126878780335,17353168.630000003
39,1994,2.699712273258367,17490504.6242
39,1995,2.679996383856409,17265498.426
39,1996,2.665271254476969,17236001.3213
39,1997,2.65532232556384,17478416.502
39,1998,2.660536374989423,17266065.5885
39,1999,2.6798199608195894,18081098.870699998
39,2000,2.6716879474769395,16875321.9332
39,2001,2.6295833202842362,16998791.4838
39,2002,2.621075157127949,16625831.821199998
39,2003,2.644068167868702,16261831.813600002
39,2004,2.6159281235469405,15989728.546100002
39,2005,2.6534304972567084,16312776.579799999
39,2006,2.6534789230599336,17188310.714
39,2007,2.6359616365979646,16690752.6816
39,2008,2.632989947462451,15798841.920200001
39,2009,2.6093091779075386,14587324.337599998
39,2010,2.6251940807204646,14301722.775
39,2011,2.623873478681838,15552248.063399998
39,2012,2.6430052056559763,15626880.222
39,2013,2.6449411834455363,14991554.6847
39,2014,2.6269139712845173,15367670.350100001
39,2015,2.6308197487380185,14889614.915800001
39,2016,2.6275441549684264,16103503.358800001
39,2017,2.6300680600284156,16858306.6335
39,2018,2.603754769510944,15826824.3534
39,2019,2.621578449782614,15767541.166800002
39,2020,2.6304143893636973,14517003.5304
39,2021,2.6241670102036885,16446592.4287
39,2022,2.6145227277945464,16847920.0377
39,2023,2.6124177838323526,16227474.4047
39,2024,2.5822795358399766,15891021.198900001
39,2025,2.5945488547658044,15907673.731
39,2026,2.602706642573899,2899099.2946999995
40,1976,2.714645038015181,7795545.619999999
40,1977,2.7216998906753602,6952988.9399999995
40,1978,2.7265424097111186,5004784.1
40,1979,2.684627824464067,4740018.2
40,1980,2.7309465848256798,5471814.529999999
40,1981,2.7360564617941487,5792705.59
40,1982,2.6882604326586477,5853558.210000001
40,1983,2.7005353440274953,5842768.99
40,1984,2.7164590972037383,5967031.199999999
40,1985,2.6856125538886406,5637751.4799999995
40,1986,2.659867950804568,5585852.4799999995
40,1987,2.710796578987021,5502104.1
40,1988,2.7010042116707287,5155164.6
40,1989,2.6752857827570016,4894227.66
40,1990,2.6896588697623827,4616433.34
40,1991,2.6764639910025942,4483838.170000001
40,1992,2.6542238247381165,4590165.18
40,1993,2.6518267440819567,4493510.4
40,1994,2.639860812661942,4456796.7726
40,1995,2.6742772520797566,4363503.1742
40,1996,2.6359081027486524,4660818.564300001
40,1997,2.653744832991951,4672557.1712
40,1998,2.669686556007794,4449294.1181
40,1999,2.659142489035591,4565841.7193
40,2000,2.6675422715738857,4928497.6186
40,2001,2.6290035665423632,4909614.83
40,2002,2.6423979946436225,4917107.2224
40,2003,2.6414434398021696,5201979.8922
40,2004,2.629151587909663,5182448.2477
40,2005,2.638495392823086,4870403.4897
40,2006,2.6453895954871203,5085546.634099999
40,2007,2.6142009966999162,5252147.1625
40,2008,2.6614204371573758,5309900.709899999
40,2009,2.626548922420803,5238499.225
40,2010,2.6197887988002724,4761561.381899999
40,2011,2.6355932202305845,4633365.3947
40,2012,2.625780289552631,4855487.4248
40,2013,2.607513480348698,4980657.9065
40,2014,2.6707365112392645,5114827.1378
40,2015,2.630701396137528,5266931.2622
40,2016,2.60502847583259,4886535.921399999
40,2017,2.6493499004062886,4834402.9256
40,2018,2.6430232091458414,4947102.8284
40,2019,2.6397272853947618,4982242.1531
40,2020,2.613961950698591,4635307.556
40,2021,2.6399939480314285,5428194.479400001
40,2022,2.6432048725781168,5616067.283600001
40,2023,2.647297046520524,5364790.2987
40,2024,2.630080264956469,5314122.1072
40,2025,2.5996415542631226,5198029.564300001
40,2026,2.6171820494248434,1047827.3139
41,1977,2.7015927676391622,2520413.76
41,1978,2.7071302224471503,5018502.8
41,1979,2.7084286718456765,5076517.390000001
41,1980,2.674609679601244,4959418.66
41,1981,2.6596647212090185,4919211.38
41,1982,2.6506147822102784,4425803.84
41,1983,2.6889708007584088,4578497.6
41,1984,2.6861460352126643,4320120.5
41,1985,2.6852062188176853,4422072.02
41,1986,2.697958912578776,4452224.14
41,1987,2.6865580974438372,4392348.4799999995
41,1988,2.702419439204872,4485882.449999999
41,1989,2.6768584188755855,4391612.87
41,1990,2.702365507384901,4209193.800000001
41,1991,2.6752061934645375,4383279.029999999
41,1992,2.674570313040579,4307298.48
41,1993,2.6316559991079784,4155911.9099999997
41,1994,2.6786557039651937,4363474.4419
41,1995,2.6810192095715393,4891443.1789
41,1996,2.699208538678202,5310517.0115
41,1997,2.6788895477222683,5095268.870999999
41,1998,2.643916710032932,5148396.4057
41,1999,2.659910545616986,5164378.101
41,2000,2.6335021763142312,5258523.3284
41,2001,2.625125193432382,5194780.866
41,2002,2.614360442194164,5047462.4987
41,2003,2.6227209183181186,4671402.3409
41,2004,2.629318672793631,4676186.2927
41,2005,2.6461435423099458,5075863.190300001
41,2006,2.607431387220642,5378391.5059
41,2007,2.617097317410991,5253140.1208999995
41,2008,2.5866209663286726,5234714.808
41,2009,2.585534861738036,4653399.5741
41,2010,2.5627509699082673,4600133.6763
41,2011,2.5652661187333945,4600191.141899999
41,2012,2.545416338841042,4709018.8568
41,2013,2.581577100490499,4577878.548800001
41,2014,2.597567255179197,4567548.9175
41,2015,2.5985065768260607,5089896.1307
41,2016,2.581941633236503,4929525.8804
41,2017,2.5672177725321172,5238119.511299999
41,2018,2.585535304603732,5416546.838
41,2019,2.6072128111299495,5620315.5067
41,2020,2.5928569468882943,5448085.0169
41,2021,2.60732553498944,5532889.0262
41,2022,2.5760114837950914,4899132.1828000005
41,2023,2.57704019202359,5360494.4468
41,2024,2.5819431759547204,5377157.2575
41,2025,2.585489289457453,4731360.1381
41,2026,2.625651110988709,796215.4386
42,1976,2.7240981517620133,18891812.55
42,1977,2.735737019664197,19213921.71
42,1978,2.736171999590407,19447425.86
42,1979,2.755544499728349,20039193.15
42,1980,2.722131292163461,20858845.63
42,1981,2.7148513338417177,20744099.580000002
42,1982,2.7007124662968858,19437057.82
42,1983,2.720442819249028,18614287.299999997
42,1984,2.714655176206523,19279890.94
42,1985,2.7044091709998503,19276655.53
42,1986,2.7084673400611825,19719430.11
42,1987,2.7020475791997995,19206311.990000002
42,1988,2.7153394067938863,19147035.799999997
42,1989,2.7225532550475147,19418567.200000003
42,1990,2.712520418082588,18418748.44
42,1991,2.670646358151335,17611180.65
42,1992,2.6842129207263783,17783222.87
42,1993,2.6853001635116445,17246017.16
42,1994,2.6912304989977804,16692263.0148
42,1995,2.6671484149747453,16815415.6056
42,1996,2.660445187538155,16230304.947999999
42,1997,2.6402958026564405,15909784.3779
42,1998,2.657650943605899,16755733.3538
42,1999,2.6428378284337146,16587779.7204
42,2000,2.6427680066899346,16167296.1435
42,2001,2.6428982290551177,15799093.979899999
42,2002,2.617941258879954,16221632.7602
42,2003,2.626009555722892,15887199.542800002
42,2004,2.6119087477270075,15994480.9357
42,2005,2.6273584768640488,16356012.432599999
42,2006,2.609024763536048,16908433.7419
42,2007,2.5900114521677913,17302616.7645
42,2008,2.6160969865308106,17031530.5212
42,2009,2.573211171558558,16144561.8732
42,2010,2.5970294196482224,16166613.477599999
42,2011,2.6086660854913735,16510920.1059
42,2012,2.606011162949133,16805393.8438
42,2013,2.598480463067944,16142167.060800001
42,2014,2.6026810846526574,16274784.013
42,2015,2.608150629867148,17245205.8426
42,2016,2.604106720311533,17759149.9187
42,2017,2.589235754752102,16932097.036000002
42,2018,2.6045878010142274,16389179.2099
42,2019,2.583763402081791,16935789.7024
42,2020,2.6098918020738706,16065550.414
42,2021,2.6163255067129354,16279426.7254
42,2022,2.6025706210962043,16508591.1437
42,2023,2.5826556651793506,17210367.5898
42,2024,2.589919251764604,16311556.7113
42,2025,2.5834086872332174,14635686.4754
42,2026,2.595338413442922,2934316.2283
44,1977,2.7943632375407144,930962.49
44,1978,2.748384903008305,1690084.84
44,1979,2.758499261054238,1762124.0799999998
44,1980,2.8069786673992123,1874025.83
44,1981,2.7653361134188947,1833508.37
44,1982,2.7289085949020855,1814622.2000000002
44,1983,2.771710771296402,1879397.3900000001
44,1984,2.7958862814283694,1996731.5299999998
44,1985,2.7473453170119364,1977133.5499999998
44,1986,2.7192740527562913,2045676.39
44,1987,2.7291925998205593,1916695.8599999999
44,1988,2.6882508031049785,1936747.5899999999
44,1989,2.7031452672887744,1826270.7399999998
44,1990,2.6838051372144496,1835362.0
44,1991,2.6870253951351732,1679376.64
44,1992,2.686592347447856,1617036.6100000003
44,1993,2.67908580877757,1663194.46
44,1994,2.6505660271893685,1509650.4414000001
44,1995,2.6497073945290137,1367448.5309000001
44,1996,2.678548308541122,1471427.5446000001
44,1997,2.7155316745216265,1458034.0813000002
44,1998,2.7170791462118733,1370644.6489
44,1999,2.655114874375679,1392872.6664
44,2000,2.5864049809176493,1482446.4714
44,2001,2.628566840551287,1455518.6954
44,2002,2.622592014645976,1527408.5095000002
44,2003,2.594736541481544,1646607.0022
44,2004,2.590746494129941,1544873.9529999997
44,2005,2.609486627382319,1651127.9301
44,2006,2.5895179020865724,1573443.5033
44,2007,2.5697038162953403,1604524.9277000001
44,2008,2.585996938808348,1489959.961
44,2009,2.6096073393903336,1377941.8912999998
44,2010,2.5689933570184182,1420471.4468
44,2011,2.5608615493499434,1329671.2795
44,2012,2.585895506162241,1351148.4462000001
44,2013,2.556124427570674,1329957.0819
44,2014,2.5694380267724752,1421127.9625999997
44,2015,2.5948611876541787,1461270.8937
44,2016,2.59528236013595,1448847.7303
44,2017,2.5382585034784917,1473559.9997
44,2018,2.6119218660277976,1515820.455
44,2019,2.569903911625332,1492839.5913
44,2020,2.5876516756440804,1281340.7249
44,2021,2.57445533110294,1438655.6213000002
44,2022,2.5301822817264448,1538064.0404
44,2023,2.599356835822637,1578632.6707
44,2024,2.543185753079142,1454705.2445
44,2025,2.533664679566784,1318102.5197
44,2026,2.5873433670585793,242944.74430000002
45,1977,2.7573901035432904,2609256.69
45,1978,2.766777754125734,5252763.149999999
45,1979,2.7733107384448,5543868.9
45,1980,2.746051067431282,5637428.21
45,1981,2.7635492666629737,5316064.16
45,1982,2.7182043400175266,5684170.9
45,1983,2.7333854335187824,5757381.1899999995
45,1984,2.7821879867845833,6119763.21
45,1985,2.782478511527084,5293512.31
45,1986,2.7917832771744364,5279482.98
45,1987,2.763231742333446,5330480.51
45,1988,2.740675045520522,5466722.1
45,1989,2.738389686126293,5760932.32
45,1990,2.7599931845615155,5665254.35
45,1991,2.7409048638944693,5399701.41
45,1992,2.753930477174733,5281507.0
45,1993,2.734259209405984,5269940.67
45,1994,2.7668292541328054,5325549.7849
45,1995,2.7442285850146613,5752729.415899999
45,1996,2.7095861135722763,5628141.0391
45,1997,2.7093549647704993,5527476.360400001
45,1998,2.713265144642457,5476188.733399999
45,1999,2.6938207449869433,4976760.0359000005
45,2000,2.6759950686157383,4957635.5005
45,2001,2.6723635204854452,4749859.3256
45,2002,2.642554571700586,5025338.534600001
45,2003,2.623903062370692,5357003.4243
45,2004,2.657880423846335,5366520.223099999
45,2005,2.6791017206399883,5430298.3714
45,2006,2.654998909320464,5782620.9493
45,2007,2.6519247731137106,5987987.7555
45,2008,2.615889956060035,5459872.4979
45,2009,2.5994517867956892,4968250.308799999
45,2010,2.6129189186333255,4789946.200099999
45,2011,2.6223563754074966,5106829.4505
45,2012,2.602642204668188,4869410.142
45,2013,2.6553676650108597,5125751.675799999
45,2014,2.6425956821239507,5395942.764199999
45,2015,2.630861768267644,5641617.797499999
45,2016,2.605263949821316,6226644.0479
45,2017,2.62430586899887,6069035.6609000005
45,2018,2.659312080387848,6359596.6288
45,2019,2.6341750494942926,6019235.2384
45,2020,2.583195364823982,5391738.1539
45,2021,2.6139944166936666,6270731.0961
45,2022,2.638684663335701,6339581.4441
45,2023,2.646208149554816,6919802.988000001
45,2024,2.5965689005374664,6718365.0637
45,2025,2.610039562889327,5940304.7535999995
45,2026,2.660222857006248,1103670.0140999998
46,1977,2.6422143259435007,720756.48
46,1978,2.662330306115256,1468447.18
46,1979,2.660651503533469,1482025.4300000002
46,1980,2.6391293923156796,1488072.5
46,1981,2.62425318796056,1471614.5299999998
46,1982,2.625488583545426,1316585.43
46,1983,2.634604602453611,1314180.79
46,1984,2.649739606987681,1405506.13
46,1985,2.657021294322783,1375036.16
46,1986,2.6438963747067485,1343269.23
46,1987,2.6624685467819273,1302386.42
46,1988,2.6548214162529575,1239599.94
46,1989,2.6403707694934377,1252066.12
46,1990,2.6474771675875384,1146896.9
46,1991,2.644502031683021,1165362.79
46,1992,2.6427768835211674,1156495.36
46,1993,2.6389641489339715,1146643.43
46,1994,2.665151530324638,1231308.1152
46,1995,2.681665154973561,1253188.3414
46,1996,2.649768857701523,1241162.0508
46,1997,2.654776160866311,1221071.3494
46,1998,2.6490223792456202,1403414.9693
46,1999,2.654668375156999,1306627.5606999998
46,2000,2.6277265759318618,1270141.4805
46,2001,2.6266989419670432,1244251.7684
46,2002,2.6077572067413666,1304268.2178
46,2003,2.6448139594543805,1262127.1341
46,2004,2.610174736173414,1398758.8372
46,2005,2.6322788979609157,1385414.9186
46,2006,2.623329416014693,1413578.2667999999
46,2007,2.6214396282944596,1378438.2994000001
46,2008,2.6220059043007518,1340213.5625
46,2009,2.6057199060797887,1224948.097
46,2010,2.5849805939431314,1211229.7646
46,2011,2.612275526560135,1210724.4167
46,2012,2.6087971636658853,1222479.5701000001
46,2013,2.6142542016326415,1282387.3054
46,2014,2.610599701251863,1295568.2763
46,2015,2.608783196129542,1279092.3876
46,2016,2.623588811372185,1266923.6310999999
46,2017,2.6483113948006514,1314285.7179
46,2018,2.629755967882179,1276016.6586
46,2019,2.5796465355086813,1187107.1581000001
46,2020,2.6042615467667,1189843.8801
46,2021,2.661735679924291,1321082.021
46,2022,2.6328948482380126,1356857.0929
46,2023,2.679391170751284,1394081.28
46,2024,2.5992785779293093,1308138.2652
46,2025,2.544883628889438,1149919.9454
46,2026,2.551799769456378,218079.4448
47,1976,2.7559260672448884,17327778.889999997
47,1977,2.7742554292752524,12581861.99
47,1978,2.783500950372355,7557310.19
47,1979,2.7687695450381935,7871818.25
47,1980,2.7552256595733438,7935797.84
47,1981,2.756827804289522,7749459.8500000015
47,1982,2.726722407675736,7408426.1
47,1983,2.76598575930216,7751784.72
47,1984,2.7445629292223974,7927964.34
47,1985,2.7817863407088983,7620162.02
47,1986,2.776835467881219,8148919.859999999
47,1987,2.753035750285209,8183815.5600000005
47,1988,2.7487030036417495,8222182.62
47,1989,2.759748876335875,8198381.73
47,1990,2.7701880246236668,7696481.7
47,1991,2.7498567768020172,7900367.27
47,1992,2.7292352826385797,7964753.84
47,1993,2.7710292792755875,8242593.51
47,1994,2.7518787295705804,8595559.1367
47,1995,2.720508195155957,8872137.3608
47,1996,2.6882638480832095,8477401.8583
47,1997,2.7041384219323588,8212911.8405
47,1998,2.7242289119156267,8053407.7596
47,1999,2.6876645055194808,8248388.9827
47,2000,2.6805545149711714,8885652.6278
47,2001,2.662168346459294,8691094.9208
47,2002,2.6911533767989573,8257788.4486
47,2003,2.684464454487627,7864241.2596
47,2004,2.6505817656183166,8308396.944499999
47,2005,2.654674244078916,8214288.669799999
47,2006,2.662423775872174,8911693.338
47,2007,2.6607462705544878,8024336.0771
47,2008,2.6169457536171845,7626581.004199999
47,2009,2.592720362231841,7567515.8018
47,2010,2.6103244174453284,7433412.304900001
47,2011,2.622672692796271,7284138.8247
47,2012,2.6286755004747335,8097623.763600001
47,2013,2.6104735236329133,7461806.869
47,2014,2.6368938270999007,7757759.0505
47,2015,2.6384833803253698,8674462.1624
47,2016,2.598423052499809,8842674.8608
47,2017,2.6083126651241737,8827532.4516
47,2018,2.6047244356999713,9640211.595300002
47,2019,2.624285897799049,9607276.894900002
47,2020,2.620237042755185,8751344.0786
47,2021,2.664809102195057,8944655.6261
47,2022,2.6229308182164885,8884401.8545
47,2023,2.60547587595983,8888074.4782
47,2024,2.587548340761963,8600887.9618
47,2025,2.6154945679587462,8936129.1894
47,2026,2.626488211977013,1509209.8667000001
48,1976,2.6966834873901893,22385946.09
48,1977,2.6899395664119314,22416228.310000002
48,1978,2.716616628636269,24898694.65
48,1979,2.7207360890856807,25826713.28
48,1980,2.717707200682645,27035811.729999997
48,1981,2.7203504398282528,28805575.0
48,1982,2.690236400696116,30307070.490000002
48,1983,2.676736034402307,30898428.85
48,1984,2.6797418274641336,32694792.02
48,1985,2.6908278717639815,32558718.67
48,1986,2.6785223304847805,31944864.78
48,1987,2.6900910750260087,31029571.97
48,1988,2.677624086157595,30150202.19
48,1989,2.683093874309077,29484622.060000002
48,1990,2.686866171376851,30750726.349999998
48,1991,2.6680244808128366,30744393.66
48,1992,2.672843412667658,30056063.549999997
48,1993,2.656390587004056,29836235.46
48,1994,2.6601481651577785,30015636.705700003
48,1995,2.667244098808357,29504824.596800003
48,1996,2.6615323878532466,29946642.7486
48,1997,2.6422343922855314,29631092.4961
48,1998,2.64414337804666,31134124.249699995
48,1999,2.624883431113134,32280240.2438
48,2000,2.6470413972630173,33642781.6172
48,2001,2.6357541719944644,32979867.255400002
48,2002,2.627203940740996,31958641.1563
48,2003,2.6280210291031096,31806239.7431
48,2004,2.639367697227698,31164892.7678
48,2005,2.646616645933368,32460655.4913
48,2006,2.640843907787605,33754698.0721
48,2007,2.634682196649764,34335009.46429999
48,2008,2.6314999072812206,34024826.4887
48,2009,2.6141615750638554,31903039.580400005
48,2010,2.6209793765952827,33389936.485799998
48,2011,2.6083382606202328,32983524.492
48,2012,2.6227012767220983,33214626.4145
48,2013,2.6226116104501447,35384170.837400004
48,2014,2.609072636773575,36387719.029199995
48,2015,2.5941793744623953,36096061.696499996
48,2016,2.5970243185762834,36865357.6705
48,2017,2.594003883132854,38173660.0448
48,2018,2.6052806824140426,40089526.9013
48,2019,2.6038357121753766,39887285.7101
48,2020,2.5916669388958566,36295261.43
48,2021,2.5955858075562253,37873164.9877
48,2022,2.5958484342150334,39456599.207499996
48,2023,2.5842995414439685,42327551.6927
48,2024,2.58632630685721,41486970.4828
48,2025,2.5638381182381864,38971273.7674
48,2026,2.5510391635746417,7181986.525
49,1977,2.6781423461942606,1255941.63
49,1978,2.676129840325934,2585218.7299999995
49,1979,2.6841820170321666,2747107.1500000004
49,1980,2.6885550840922683,2959766.65
49,1981,2.6890413211809716,2934503.79
49,1982,2.657952379489163,3033645.11
49,1983,2.6622132072032008,2887414.84
49,1984,2.6776757922992056,3152744.2100000004
49,1985,2.6610040443711123,3267252.51
49,1986,2.6685813355105164,3260329.4099999997
49,1987,2.673667158444489,3230979.7800000003
49,1988,2.6862378549564436,3020258.33
49,1989,2.679691406376919,3171507.56
49,1990,2.6852117986487896,3436461.37
49,1991,2.650265350026516,3499656.95
49,1992,2.688021486366145,3554630.29
49,1993,2.690596996867148,3710994.0100000002
49,1994,2.6557518000689866,4018187.6654000003
49,1995,2.6842622616545224,4005404.3166
49,1996,2.6739904911597847,4103122.8890000004
49,1997,2.637114447562546,4474086.5349
49,1998,2.646153446251702,4489299.4263
49,1999,2.64339434394755,4690417.970799999
49,2000,2.6716046955521704,4631339.1146
49,2001,2.65548721210068,4576852.9394000005
49,2002,2.651869933179992,4707583.556
49,2003,2.661182820155987,4809348.9046
49,2004,2.6116050211719064,4809710.6389
49,2005,2.6229785805791845,5067669.757999999
49,2006,2.6680660206425255,5511671.704000001
49,2007,2.6812951837347554,5180272.2312
49,2008,2.6373310999165462,5137497.832400001
49,2009,2.616005541461196,4705521.0561
49,2010,2.6547639232736513,4418279.7466
49,2011,2.6403676134605933,4683650.7949
49,2012,2.6735763014339438,4499023.2625
49,2013,2.6336740058819146,4708004.808999999
49,2014,2.6372975265944416,4418771.0208
49,2015,2.6364108528287478,5001023.288900001
49,2016,2.6180677856473715,5291427.750499999
49,2017,2.6234188997659493,5559087.9861
49,2018,2.6433216059465066,5376890.296100001
49,2019,2.616153339539352,5957942.2994
49,2020,2.6301917172618907,5683105.823
49,2021,2.6160623617902443,6074529.1897
49,2022,2.601087330620259,6351250.197
49,2023,2.5971055955761324,6329353.349199999
49,2024,2.585523383536437,6333599.389699999
49,2025,2.5753785427910745,6070385.2563000005
49,2026,2.540514322983693,1106902.0036
50,1976,2.724530206983628,6156442.0200000005
50,1977,2.7198983798101457,3779265.94
50,1978,2.648856853305011,975948.3399999999
50,1979,2.659551911374444,913820.8500000001
50,1980,2.6747547512728813,1010190.67
50,1981,2.66024503478925,1076122.92
50,1982,2.6658922388104296,1044084.5700000001
50,1983,2.673247505422655,1019527.97
50,1984,2.64949717942821,1094889.46
50,1985,2.6692526093823483,1006671.08
50,1986,2.70598408908467,1101186.1
50,1987,2.6851733310438206,1056078.3499999999
50,1988,2.685030655037078,1043199.98
50,1989,2.696908633640731,1030910.06
50,1990,2.674279218833176,947319.13
50,1991,2.639469650945297,891989.1299999999
50,1992,2.6472488568500636,922770.34
50,1993,2.628552687649738,912211.03
50,1994,2.6417229080533247,904549.0508
50,1995,2.5783344773868975,806637.1905
50,1996,2.633415080893669,820081.9118
50,1997,2.6195957129518774,869841.7313
50,1998,2.6135490272298063,858713.8414
50,1999,2.5832963459719354,881267.5788
50,2000,2.6381407558026204,921411.953
50,2001,2.6574355645086283,836897.8940000001
50,2002,2.6187322883947743,924963.9757000001
50,2003,2.595887779375758,874605.8928999999
50,2004,2.6028609550225577,989552.6833
50,2005,2.5875185563090684,932231.5765
50,2006,2.5926096159180836,956669.9038999999
50,2007,2.5550873960442764,875355.6185
50,2008,2.603988401892975,893429.5382999999
50,2009,2.56229825812846,808980.4234000001
50,2010,2.5743872910961607,798817.7309
50,2011,2.597837130570416,807199.1009
50,2012,2.5662633895732303,792259.0418
50,2013,2.5884977765941857,792753.4694
50,2014,2.5838084760621873,805603.9997999999
50,2015,2.5961089985047754,807721.8017
50,2016,2.6121174865946264,849762.1974
50,2017,2.611580872687128,872683.2635
50,2018,2.5777895792735768,818338.3033
50,2019,2.5887609589566574,844181.4662
50,2020,2.5777454702707336,705822.2098999999
50,2021,2.601990687994958,668953.7520000001
50,2022,2.580264645848474,715676.747
50,2023,2.5450479176705723,747890.0956
50,2024,2.548865934750881,696795.4702999999
50,2025,2.5620088663097116,711475.6775
50,2026,2.5520191581967713,122239.9049
51,1976,2.69989899360821,9182065.61
51,1977,2.6963330124243576,9574954.12
51,1978,2.694745231719057,10052311.620000001
51,1979,2.6865812043695216,9805824.83
51,1980,2.6963152366955234,9723397.98
51,1981,2.696426653677891,9985078.21
51,1982,2.678174916491967,9586959.48
51,1983,2.6814656602015328,10002041.010000002
51,1984,2.6841345736000273,10223817.66
51,1985,2.701138297456316,10198496.190000001
51,1986,2.726146962279694,10696896.64
51,1987,2.6925806186739987,10480355.000000002
51,1988,2.667164432244812,10785487.530000001
51,1989,2.677550587126432,10224715.9
51,1990,2.6897511633591917,10186043.69
51,1991,2.642208308652166,10041779.059999999
51,1992,2.6414227889982467,10788631.56
51,1993,2.6320418026235104,10715532.96
51,1994,2.668263229115355,10283808.4219
51,1995,2.657635445563691,9923686.079200001
51,1996,2.6519571040709438,10326077.6772
51,1997,2.6620519276610453,9774365.6716
51,1998,2.653879062450637,9676663.4848
51,1999,2.6141216362068658,9655357.385200001
51,2000,2.6161454510261497,9740692.637
51,2001,2.5907972341199246,9496787.9927
51,2002,2.5528885370415493,9187520.768
51,2003,2.5648687467603084,9329673.8464
51,2004,2.6151000955903547,9345474.1166
51,2005,2.597012869366685,10655011.2011
51,2006,2.5962026547664183,10814502.346699998
51,2007,2.5941903088966263,10740593.99
51,2008,2.5773132771426153,10916609.032700002
51,2009,2.5830533941877785,10237117.756
51,2010,2.563093679712664,10155552.858000001
51,2011,2.5626782101971375,10502731.221099999
51,2012,2.5839411195897037,9975005.2386
51,2013,2.5785083725688716,9848578.709
51,2014,2.528955595535451,10080093.911500001
51,2015,2.56092634774092,10529857.293200001
51,2016,2.5358793140493465,10359895.6604
51,2017,2.5447357417163325,10932793.4431
51,2018,2.5551583413309094,10728446.267900001
51,2019,2.5482433372722473,11006228.6303
51,2020,2.5386222361601005,9853630.1497
51,2021,2.5543444343188937,11033285.8807
51,2022,2.5222251110787135,11440038.7584
51,2023,2.551487114928921,11627973.9373
51,2024,2.542927766521053,10958936.3076
51,2025,2.5448768214706865,8954756.5118
51,2026,2.4763504612966045,1815040.7401
53,1977,2.6591419035234134,3467408.51
53,1978,2.6735106034465526,7010474.09
53,1979,2.684023273176546,7620368.279999999
53,1980,2.6723373074331493,7670278.98
53,1981,2.668732394472919,7579401.69
53,1982,2.6508067885851068,7015194.29
53,1983,2.6475086486274053,7167567.92
53,1984,2.654821998890676,7008460.82
53,1985,2.6418506746867836,7116685.41
53,1986,2.6421064717718354,6943145.379999999
53,1987,2.647114508958559,6927837.7
53,1988,2.655248340241375,7281200.65
53,1989,2.679457711868375,7428753.31
53,1990,2.67095099823171,8446413.309999999
53,1991,2.653387943887644,8064427.6899999995
53,1992,2.6375247451686143,8105660.79
53,1993,2.6369346309075787,7677131.6499999985
53,1994,2.5978621457854927,8317425.0759000005
53,1995,2.601882867368001,9221922.1009
53,1996,2.6248949622422537,8674055.431300001
53,1997,2.6266573888216085,8665176.1726
53,1998,2.623389473743404,9131091.0253
53,1999,2.634580900569597,9043872.5631
53,2000,2.6282665295381915,9003070.9069
53,2001,2.6084423022516265,9003928.1933
53,2002,2.603472545837991,8379831.083800001
53,2003,2.6442353838374264,8474460.9597
53,2004,2.6250033510290636,8491786.4534
53,2005,2.6101892596077096,8108664.859299999
53,2006,2.619482555031098,8649888.9988
53,2007,2.6259421730810795,9655052.0568
53,2008,2.6342494159132794,9231848.3274
53,2009,2.605744706535986,8311641.1094
53,2010,2.602699880350241,8315484.3273
53,2011,2.57639348185642,7749168.408500001
53,2012,2.5826897037640943,8119988.258400001
53,2013,2.5686866503515837,7963030.5827
53,2014,2.5855490572756423,8269241.6291
53,2015,2.6024100833255295,8918164.5288
53,2016,2.60468818605562,9396721.469500002
53,2017,2.6066438319933565,9739240.844899999
53,2018,2.60648410309022,9107758.703499999
53,2019,2.5948900749284527,9544847.2143
53,2020,2.569205862801779,8920037.3281
53,2021,2.6063213281557065,9526652.9133
53,2022,2.602020526551258,8752393.382100001
53,2023,2.5786025169349203,9832388.531000001
53,2024,2.59468326796056,9509982.2392
53,2025,2.557557898264703,9029724.6615
53,2026,2.537382040735013,1763631.6142000002
54,1977,2.76687874279028,1236112.28
54,1978,2.7238012875905984,2781145.6799999997
54,1979,2.72169613305586,2809008.38
54,1980,2.7668294982437796,2682707.9299999997
54,1981,2.756655484248377,2639560.26
54,1982,2.7110178013798762,2492975.88
54,1983,2.7384217268077533,2310151.15
54,1984,2.7020259370446986,2432809.86
54,1985,2.6972993919237416,2237546.27
54,1986,2.6976474133924455,2155695.54
54,1987,2.6969262291274343,2149380.46
54,1988,2.7100031896951355,2117169.75
54,1989,2.73678961692996,2148049.56
54,1990,2.7032476786091673,2216582.95
54,1991,2.7119392303096905,2311742.6799999997
54,1992,2.7206739196034766,2113233.7299999995
54,1993,2.7175761273136128,2168063.06
54,1994,2.6578385017407746,2106526.3476
54,1995,2.688988729464137,2237218.9583
54,1996,2.6558503699759193,2212448.3682
54,1997,2.6464574947832977,2180400.4099000003
54,1998,2.6562688770172715,2162311.5057
54,1999,2.678930999318504,2329651.5944
54,2000,2.671035986319618,2405085.5797
54,2001,2.658437146124064,2288466.2446
54,2002,2.637097568023367,1943257.5606
54,2003,2.7002599153876785,1949709.6855000001
54,2004,2.7139948596933485,2056590.1391999999
54,2005,2.6720214741691213,1956924.2684
54,2006,2.6717454669353193,1988156.7026
54,2007,2.676860499590499,1964490.5152
54,2008,2.688018509257408,2125926.6377
54,2009,2.674203405994782,2004711.0255
54,2010,2.6322551351720733,1624444.4335
54,2011,2.639360233929311,1707263.5531
54,2012,2.65856465218335,1889741.5400999999
54,2013,2.6259330696361007,1773484.9211
54,2014,2.5810358480236872,1813144.1092000003
54,2015,2.6716383274932882,1933779.6688
54,2016,2.66472578335787,1835306.1739
54,2017,2.6832570702868344,1990827.9359
54,2018,2.658123574301803,1978338.2862
54,2019,2.656821975503986,2024050.6989000002
54,2020,2.6689577564013924,1851813.787
54,2021,2.635213241113164,1961991.5721999998
54,2022,2.6483230214035767,1977604.1865
54,2023,2.6711376983980872,2067340.2805
54,2024,2.682386667245049,2095975.3043000002
54,2025,2.675999826751496,1904943.0348999999
54,2026,2.6046685406271415,300296.9483
55,1976,2.702583044578659,9003422.76
55,1977,2.719695718091308,9164599.99
55,1978,2.715017908481843,9843872.72
55,1979,2.735831007920869,10843389.51
55,1980,2.7406074972182646,10875690.8
55,1981,2.735128998800709,10314741.91
55,1982,2.7004460378044324,9176056.25
55,1983,2.6908310629381327,9424866.8
55,1984,2.7124090440314372,9762547.35
55,1985,2.7001045198753277,8777193.77
55,1986,2.7060814386739223,8668904.97
55,1987,2.717801421649892,8979787.98
55,1988,2.719143727472494,9263861.52
55,1989,2.7220398266176833,9062708.12
55,1990,2.700927121571353,9212583.89
55,1991,2.730208055069488,8645809.32
55,1992,2.7115708938027336,8440706.530000001
55,1993,2.710828052612656,9125548.96
55,1994,2.7324655003726246,9083246.6578
55,1995,2.6984031839311027,9104399.4173
55,1996,2.698612246726507,8890614.9328
55,1997,2.7023335247031253,8939535.1552
55,1998,2.6907666521410554,8513400.633499999
55,1999,2.6816961907768304,8676918.1741
55,2000,2.723946284468127,8751199.3136
55,2001,2.692598648173008,8683240.3792
55,2002,2.6733248166839108,8344528.0158
55,2003,2.697180497310098,8603231.268299999
55,2004,2.6770097897066845,8987749.9542
55,2005,2.6828920239503256,8701571.8891
55,2006,2.668199018504307,9061822.6731
55,2007,2.6686945742369215,8820420.1171
55,2008,2.657845377420986,9055809.336099999
55,2009,2.6200377471398966,8383393.395900002
55,2010,2.623212992049284,7951298.714199999
55,2011,2.644697741259675,8048309.7408
55,2012,2.6453149617731064,7831117.987299999
55,2013,2.6251434152583304,7937838.0889
55,2014,2.6491593156701154,7966946.897
55,2015,2.6284878720318763,8739149.590400001
55,2016,2.655652414378681,8920761.3681
55,2017,2.6550310571469584,8907333.1821
55,2018,2.667817439812682,8529715.240699999
55,2019,2.647324006803452,8537400.270599999
55,2020,2.6495466349795755,7961512.5451
55,2021,2.632465675273134,8420452.5879
55,2022,2.6464725897949783,8786941.8933
55,2023,2.636231422546051,8567457.0649
55,2024,2.6263272254713677,8645924.7854
55,2025,2.611802706108216,7214625.661900001
55,2026,2.6339115804111928,1325723.9563000002
56,1977,2.6360076402064467,436316.01
56,1978,2.6786603808283234,838834.4099999999
56,1979,2.6812506332584407,912256.55
56,1980,2.6500110066735862,1026389.4400000001
56,1981,2.632547878470792,1103024.97
56,1982,2.624690523896964,998597.1599999999
56,1983,2.639774329543101,971676.24
56,1984,2.647332228746524,908067.01
56,1985,2.6922323779344053,889743.9
56,1986,2.673693059240503,855993.03
56,1987,2.62760820224276,730666.22
56,1988,2.6271241676666484,725457.39
56,1989,2.643389640824082,655247.4700000001
56,1990,2.6175580430809133,717049.1000000001
56,1991,2.6457695587015944,601152.26
56,1992,2.6149724517978585,590061.4199999999
56,1993,2.5927402203039396,655294.4299999999
56,1994,2.605411695778844,706223.6483
56,1995,2.599052656938886,699183.5197
56,1996,2.5474292731876256,721973.9216
56,1997,2.5968358884806353,711640.3221
56,1998,2.610622415686366,738385.8867000001
56,1999,2.630313914759056,768491.1612
56,2000,2.649621106590729,717885.7487
56,2001,2.647966357136396,688333.1586
56,2002,2.6496348769764366,709878.9537
56,2003,2.654003419897461,755232.1135999999
56,2004,2.635694101496968,832192.5889000001
56,2005,2.668926587895157,809194.4436
56,2006,2.690218829734267,794831.9473
56,2007,2.690940271057636,852210.0704999999
56,2008,2.678517645221076,865902.6109
56,2009,2.654533705407028,818897.0379
56,2010,2.617084463022477,794305.7102999999
56,2011,2.675108665741854,782167.9587000001
56,2012,2.6177112603925683,780571.4268
56,2013,2.645802204382786,827518.4333
56,2014,2.626552494809067,799334.4468
56,2015,2.5920043115989375,820820.2470000001
56,2016,2.6149151166206304,813303.6231
56,2017,2.6207538271954625,739436.9696
56,2018,2.640509588130452,769159.6314000001
56,2019,2.6342984284781106,796599.6339
56,2020,2.6004018784103278,743881.7119000001
56,2021,2.5975190304269278,737383.2259
56,2022,2.6162329314358983,713044.0086
56,2023,2.622119104829255,787588.5815999999
56,2024,2.5894807231628416,762969.8129
56,2025,2.62697925311409,679932.1837
56,2026,2.604434652239454,117166.0986
